sheet,group,site,year,doy_range,fill_rgb,colour_meaning,colour_exact,site_fill_rgb,site_colour_meaning,status,time_series,year_processed,staff,remarks
Continuous,NCKU LEYTE,ABUY,2017,271---365,,,,FFFF0000,Old site/pulled out/decommissioned,,,2013-2026,RAEN,
Continuous,NCKU LEYTE,ABUY,2018,"1-37, 141-365",,,,FFFF0000,Old site/pulled out/decommissioned,,,2013-2026,RAEN,
Continuous,NCKU LEYTE,ABUY,2019,1---365,,,,FFFF0000,Old site/pulled out/decommissioned,,,2013-2026,RAEN,
Continuous,NCKU LEYTE,ABUY,2020,"1-200, 251, 263",,,,FFFF0000,Old site/pulled out/decommissioned,,,2013-2026,RAEN,
Continuous,NCKU LEYTE,ABUY,2021,200---271,,,,FFFF0000,Old site/pulled out/decommissioned,,,2013-2026,RAEN,
Continuous,NCKU LEYTE,ALBU,2014,148---365,,,,FFFFFF00,Downloaded data this year,,,,,
Continuous,NCKU LEYTE,ALBU,2015,1---365,,,,FFFFFF00,Downloaded data this year,,,,,
Continuous,NCKU LEYTE,ALBU,2016,1---366,,,,FFFFFF00,Downloaded data this year,,,,,
Continuous,NCKU LEYTE,ALBU,2017,"1-83, 115-330",,,,FFFFFF00,Downloaded data this year,,,,,
Continuous,NCKU LEYTE,ALBU,2018,142---365,,,,FFFFFF00,Downloaded data this year,,,,,
Continuous,NCKU LEYTE,ALBU,2019,"1-83, 219-220",,,,FFFFFF00,Downloaded data this year,,,,,
Continuous,NCKU LEYTE,ALBU,2021,328---365,,,,FFFFFF00,Downloaded data this year,,,,,
Continuous,NCKU LEYTE,ALBU,2022,1---365,,,,FFFFFF00,Downloaded data this year,,,,,
Continuous,NCKU LEYTE,ALBU,2023,1---365,,,,FFFFFF00,Downloaded data this year,,,,,
Continuous,NCKU LEYTE,ALBU,2024,1---366,,,,FFFFFF00,Downloaded data this year,,,,,
Continuous,NCKU LEYTE,ALBU,2025,1---365,,,,FFFFFF00,Downloaded data this year,,,,,
Continuous,NCKU LEYTE,ALBU,2026,1---34,,,,FFFFFF00,Downloaded data this year,,,,,
Continuous,NCKU LEYTE,BATO,2017,269---365,,,,FFFF9900,Not operational,,,,,
Continuous,NCKU LEYTE,BATO,2018,"1-37,142-365",,,,FFFF9900,Not operational,,,,,
Continuous,NCKU LEYTE,BATO,2019,1---365,,,,FFFF9900,Not operational,,,,,
Continuous,NCKU LEYTE,BATO,2020,1---251,,,,FFFF9900,Not operational,,,,,
Continuous,NCKU LEYTE,BATO,2021,328---350,,,,FFFF9900,Not operational,,,,,
Continuous,NCKU LEYTE,BATO,2022,27---365,,,,FFFF9900,Not operational,,,,,
Continuous,NCKU LEYTE,BATO,2023,1---245,,,,FFFF9900,Not operational,,,,,
Continuous,NCKU LEYTE,BAYB,2014,147---365,,,,FFFF0000,Old site/pulled out/decommissioned,False,False,,,False
Continuous,NCKU LEYTE,BAYB,2015,1---47,,,,FFFF0000,Old site/pulled out/decommissioned,False,False,,,False
Continuous,NCKU LEYTE,BILI,2017,268---365,,,,FFFFFF00,Downloaded data this year,Pending,Pending,,,To convert
Continuous,NCKU LEYTE,BILI,2018,"1-92, 344-365",,,,FFFFFF00,Downloaded data this year,Pending,Pending,,,To convert
Continuous,NCKU LEYTE,BILI,2019,1---365,,,,FFFFFF00,Downloaded data this year,Pending,Pending,,,To convert
Continuous,NCKU LEYTE,BILI,2020,"1---208, 256",,,,FFFFFF00,Downloaded data this year,Pending,Pending,,,To convert
Continuous,NCKU LEYTE,BILI,2021,326---365,,,,FFFFFF00,Downloaded data this year,Pending,Pending,,,To convert
Continuous,NCKU LEYTE,BILI,2022,1---365,,,,FFFFFF00,Downloaded data this year,Pending,Pending,,,To convert
Continuous,NCKU LEYTE,BILI,2023,"1-47, 121-122, 131, 177-365",,,,FFFFFF00,Downloaded data this year,Pending,Pending,,,To convert
Continuous,NCKU LEYTE,BILI,2024,1---211,,,,FFFFFF00,Downloaded data this year,Pending,Pending,,,To convert
Continuous,NCKU LEYTE,BILI,2025,35---365,,,,FFFFFF00,Downloaded data this year,Pending,Pending,,,To convert
Continuous,NCKU LEYTE,BILI,2026,1---33,,,,FFFFFF00,Downloaded data this year,Pending,Pending,,,To convert
Continuous,NCKU LEYTE,BYBY,2017,269.0,,,,FFFFFF00,Downloaded data this year,,,,,
Continuous,NCKU LEYTE,BYBY,2018,142---365,,,,FFFFFF00,Downloaded data this year,,,,,
Continuous,NCKU LEYTE,BYBY,2019,1---365,,,,FFFFFF00,Downloaded data this year,,,,,
Continuous,NCKU LEYTE,BYBY,2020,1---77,,,,FFFFFF00,Downloaded data this year,,,,,
Continuous,NCKU LEYTE,BYBY,2024,16---366,,,,FFFFFF00,Downloaded data this year,,,,,
Continuous,NCKU LEYTE,BYBY,2025,1---365,,,,FFFFFF00,Downloaded data this year,,,,,
Continuous,NCKU LEYTE,BYBY,2026,1---34,,,,FFFFFF00,Downloaded data this year,,,,,
Continuous,NCKU LEYTE,CALU,2018,143---365,,,,FFFF0000,Old site/pulled out/decommissioned,,,,,
Continuous,NCKU LEYTE,CALU,2019,"1-58, 137-365",,,,FFFF0000,Old site/pulled out/decommissioned,,,,,
Continuous,NCKU LEYTE,CALU,2020,1---285,,,,FFFF0000,Old site/pulled out/decommissioned,,,,,
Continuous,NCKU LEYTE,CALU,2021,328---350,,,,FFFF0000,Old site/pulled out/decommissioned,,,,,
Continuous,NCKU LEYTE,HINU,2017,270---365,,,,FFFFFF00,Downloaded data this year,,,,,
Continuous,NCKU LEYTE,HINU,2018,"1-37, 141-365",,,,FFFFFF00,Downloaded data this year,,,,,
Continuous,NCKU LEYTE,HINU,2019,1---358,,,,FFFFFF00,Downloaded data this year,,,,,
Continuous,NCKU LEYTE,HINU,2021,327---350,,,,FFFFFF00,Downloaded data this year,,,,,
Continuous,NCKU LEYTE,HINU,2022,"24-119, 284-365",,,,FFFFFF00,Downloaded data this year,,,,,
Continuous,NCKU LEYTE,HINU,2023,1---365,,,,FFFFFF00,Downloaded data this year,,,,,
Continuous,NCKU LEYTE,HINU,2024,1---204,,,,FFFFFF00,Downloaded data this year,,,,,
Continuous,NCKU LEYTE,HINU,2025,"29-307, 309-365",,,,FFFFFF00,Downloaded data this year,,,,,
Continuous,NCKU LEYTE,HINU,2026,1---35,,,,FFFFFF00,Downloaded data this year,,,,,
Continuous,NCKU LEYTE,INOP,2018,142---363,,,,FFFF9900,Not operational,False,False,,,True
Continuous,NCKU LEYTE,INOP,2019,219---365,,,,FFFF9900,Not operational,False,False,,,True
Continuous,NCKU LEYTE,INOP,2020,1---366,,,,FFFF9900,Not operational,False,False,,,True
Continuous,NCKU LEYTE,INOP,2021,1---365,,,,FFFF9900,Not operational,False,False,,,True
Continuous,NCKU LEYTE,INOP,2022,1---365,,,,FFFF9900,Not operational,False,False,,,True
Continuous,NCKU LEYTE,INOP,2023,1---365,,,,FFFF9900,Not operational,False,False,,,True
Continuous,NCKU LEYTE,INOP,2024,1---204,,,,FFFF9900,Not operational,False,False,,,True
Continuous,NCKU LEYTE,ISAB,2014,149---196,,,,FFFFFF00,Downloaded data this year,Processing,Processing,,,To retrieve
Continuous,NCKU LEYTE,ISAB,2015,48---365,,,,FFFFFF00,Downloaded data this year,Processing,Processing,,,To retrieve
Continuous,NCKU LEYTE,ISAB,2016,"1-213, 346-366",,,,FFFFFF00,Downloaded data this year,Processing,Processing,,,To retrieve
Continuous,NCKU LEYTE,ISAB,2017,1---239,,,,FFFFFF00,Downloaded data this year,Processing,Processing,,,To retrieve
Continuous,NCKU LEYTE,ISAB,2019,208---220,,,,FFFFFF00,Downloaded data this year,Processing,Processing,,,To retrieve
Continuous,NCKU LEYTE,ISAB,2021,329---342,,,,FFFFFF00,Downloaded data this year,Processing,Processing,,,To retrieve
Continuous,NCKU LEYTE,ISAB,2022,286---365,,,,FFFFFF00,Downloaded data this year,Processing,Processing,,,To retrieve
Continuous,NCKU LEYTE,ISAB,2023,"1-77, 348-365",,,,FFFFFF00,Downloaded data this year,Processing,Processing,,,To retrieve
Continuous,NCKU LEYTE,ISAB,2024,1---366,,,,FFFFFF00,Downloaded data this year,Processing,Processing,,,To retrieve
Continuous,NCKU LEYTE,ISAB,2025,1---365,,,,FFFFFF00,Downloaded data this year,Processing,Processing,,,To retrieve
Continuous,NCKU LEYTE,ISAB,2026,1---33,,,,FFFFFF00,Downloaded data this year,Processing,Processing,,,To retrieve
Continuous,NCKU LEYTE,JARO,2013,308---312,,,,FFFFFF00,Downloaded data this year,,,,,
Continuous,NCKU LEYTE,JARO,2014,4---324,,,,FFFFFF00,Downloaded data this year,,,,,
Continuous,NCKU LEYTE,JARO,2017,190---198,,,,FFFFFF00,Downloaded data this year,,,,,
Continuous,NCKU LEYTE,JARO,2018,"1-36, 143-365",,,,FFFFFF00,Downloaded data this year,,,,,
Continuous,NCKU LEYTE,JARO,2019,1---365,,,,FFFFFF00,Downloaded data this year,,,,,
Continuous,NCKU LEYTE,JARO,2020,1---366,,,,FFFFFF00,Downloaded data this year,,,,,
Continuous,NCKU LEYTE,JARO,2021,"1-117,136",,,,FFFFFF00,Downloaded data this year,,,,,
Continuous,NCKU LEYTE,JARO,2022,278---365,,,,FFFFFF00,Downloaded data this year,,,,,
Continuous,NCKU LEYTE,JARO,2023,1---365,,,,FFFFFF00,Downloaded data this year,,,,,
Continuous,NCKU LEYTE,JARO,2024,1---366,,,,FFFFFF00,Downloaded data this year,,,,,
Continuous,NCKU LEYTE,JARO,2025,1---51,,,,FFFFFF00,Downloaded data this year,,,,,
Continuous,NCKU LEYTE,ORMO,2017,269---308,,,,FFFFFF00,Downloaded data this year,,,,,
Continuous,NCKU LEYTE,ORMO,2018,"38, 143, 311-365",,,,FFFFFF00,Downloaded data this year,,,,,
Continuous,NCKU LEYTE,ORMO,2019,1---228,,,,FFFFFF00,Downloaded data this year,,,,,
Continuous,NCKU LEYTE,ORMO,2021,329---365,,,,FFFFFF00,Downloaded data this year,,,,,
Continuous,NCKU LEYTE,ORMO,2022,1---365,,,,FFFFFF00,Downloaded data this year,,,,,
Continuous,NCKU LEYTE,ORMO,2023,1---365,,,,FFFFFF00,Downloaded data this year,,,,,
Continuous,NCKU LEYTE,ORMO,2024,1---366,,,,FFFFFF00,Downloaded data this year,,,,,
Continuous,NCKU LEYTE,ORMO,2025,"1-37, 79-84, 88, 115-318",,,,FFFFFF00,Downloaded data this year,,,,,
Continuous,NCKU LEYTE,PALM,2014,"149-179, 205-328",,,,FFFFFF00,Downloaded data this year,,,,,
Continuous,NCKU LEYTE,PALM,2015,48---365,,,,FFFFFF00,Downloaded data this year,,,,,
Continuous,NCKU LEYTE,PALM,2016,1---53,,,,FFFFFF00,Downloaded data this year,,,,,
Continuous,NCKU LEYTE,PALM,2017,"14-15, 137-365",,,,FFFFFF00,Downloaded data this year,,,,,
Continuous,NCKU LEYTE,PALM,2018,"1-39, 143-365",,,,FFFFFF00,Downloaded data this year,,,,,
Continuous,NCKU LEYTE,PALM,2019,1---365,,,,FFFFFF00,Downloaded data this year,,,,,
Continuous,NCKU LEYTE,PALM,2020,1---251,,,,FFFFFF00,Downloaded data this year,,,,,
Continuous,NCKU LEYTE,PALM,2021,327---329,,,,FFFFFF00,Downloaded data this year,,,,,
Continuous,NCKU LEYTE,PALM,2022,283---288,,,,FFFFFF00,Downloaded data this year,,,,,
Continuous,NCKU LEYTE,PALM,2023,347---365,,,,FFFFFF00,Downloaded data this year,,,,,
Continuous,NCKU LEYTE,PALM,2024,1---366,,,,FFFFFF00,Downloaded data this year,,,,,
Continuous,NCKU LEYTE,PALM,2025,"1-195, 277-365",,,,FFFFFF00,Downloaded data this year,,,,,
Continuous,NCKU LEYTE,PALM,2026,1---33,,,,FFFFFF00,Downloaded data this year,,,,,
Continuous,NCKU LEYTE,PALO,2018,"36-40, 143-351",,,,FFFFFF00,Downloaded data this year,True,True,,,False
Continuous,NCKU LEYTE,PALO,2019,"9-18, 79-239, 271-284",,,,FFFFFF00,Downloaded data this year,True,True,,,False
Continuous,NCKU LEYTE,PALO,2021,326---353,,,,FFFFFF00,Downloaded data this year,True,True,,,False
Continuous,NCKU LEYTE,PALO,2022,283---285,,,,FFFFFF00,Downloaded data this year,True,True,,,False
Continuous,NCKU LEYTE,PALO,2023,156---365,,,,FFFFFF00,Downloaded data this year,True,True,,,False
Continuous,NCKU LEYTE,PALO,2024,"1-18, 109-366",,,,FFFFFF00,Downloaded data this year,True,True,,,False
Continuous,NCKU LEYTE,PALO,2025,1---365,,,,FFFFFF00,Downloaded data this year,True,True,,,False
Continuous,NCKU LEYTE,PALO,2026,1---36,,,,FFFFFF00,Downloaded data this year,True,True,,,False
Continuous,NCKU LEYTE,SNFO,2018,141---365,,,,FFFFFF00,Downloaded data this year,Finished,Finished,,,Data complete
Continuous,NCKU LEYTE,SNFO,2019,"1-42, 219-365",,,,FFFFFF00,Downloaded data this year,Finished,Finished,,,Data complete
Continuous,NCKU LEYTE,SNFO,2020,1---366,,,,FFFFFF00,Downloaded data this year,Finished,Finished,,,Data complete
Continuous,NCKU LEYTE,SNFO,2021,"1-170, 222, 226, 328-350",,,,FFFFFF00,Downloaded data this year,Finished,Finished,,,Data complete
Continuous,NCKU LEYTE,SNFO,2022,"48, 284-287",,,,FFFFFF00,Downloaded data this year,Finished,Finished,,,Data complete
Continuous,NCKU LEYTE,SNFO,2023,201---365,,,,FFFFFF00,Downloaded data this year,Finished,Finished,,,Data complete
Continuous,NCKU LEYTE,SNFO,2024,1---366,,,,FFFFFF00,Downloaded data this year,Finished,Finished,,,Data complete
Continuous,NCKU LEYTE,SNFO,2025,"1-303, 315-365",,,,FFFFFF00,Downloaded data this year,Finished,Finished,,,Data complete
Continuous,NCKU LEYTE,SNFO,2026,1---35,,,,FFFFFF00,Downloaded data this year,Finished,Finished,,,Data complete
Continuous,NCKU LEYTE,SOGO,2017,270---365,,,,,,,,,,
Continuous,NCKU LEYTE,SOGO,2018,"1-37, 142-365",,,,,,,,,,
Continuous,NCKU LEYTE,SOGO,2019,1---365,,,,,,,,,,
Continuous,NCKU LEYTE,SOGO,2020,1---301,,,,,,,,,,
Continuous,NCKU LEYTE,SOGO,2024,"16-36, 204-366",,,,,,,,,,
Continuous,NCKU LEYTE,SOGO,2025,1---220,,,,,,,,,,
Continuous,NCKU LEYTE,TACB,2014,152---365,,,,FFFF0000,Old site/pulled out/decommissioned,,,,,
Continuous,NCKU LEYTE,TACB,2015,1---365,,,,FFFF0000,Old site/pulled out/decommissioned,,,,,
Continuous,NCKU LEYTE,TACB,2016,1---366,,,,FFFF0000,Old site/pulled out/decommissioned,,,,,
Continuous,NCKU LEYTE,TACB,2017,1---365,,,,FFFF0000,Old site/pulled out/decommissioned,,,,,
Continuous,NCKU LEYTE,TACB,2018,"1-35, 121-365",,,,FFFF0000,Old site/pulled out/decommissioned,,,,,
Continuous,NCKU LEYTE,TACB,2019,1---221,,,,FFFF0000,Old site/pulled out/decommissioned,,,,,
Continuous,NCKU LEYTE,LAPS,2014,146---365,,,,FFFF0000,Old site/pulled out/decommissioned,,,,,
Continuous,NCKU LEYTE,LAPS,2015,1---70,,,,FFFF0000,Old site/pulled out/decommissioned,,,,,
Continuous,NCKU LEYTE,BURN,2014,146---357,FF5B9BD5,Data available,yes,FFFF0000,Old site/pulled out/decommissioned,,,,,
Continuous,NCKU LEYTE,BURN,2015,6---46,FF5B9BD5,Data available,yes,FFFF0000,Old site/pulled out/decommissioned,,,,,
Continuous,NCKU LEYTE,BURN,2016,348---366,FF5B9BD5,Data available,yes,FFFF0000,Old site/pulled out/decommissioned,,,,,
Continuous,NCKU LEYTE,BURN,2017,1---135,FF5B9BD5,Data available,yes,FFFF0000,Old site/pulled out/decommissioned,,,,,
Continuous,NCKU LEYTE,BURA,2016,348.0,,,,FFFF0000,Old site/pulled out/decommissioned,,,,,
Continuous,NCKU LEYTE,BURA,2017,1---136,,,,FFFF0000,Old site/pulled out/decommissioned,,,,,
Continuous,NCKU LEYTE,TCDR,2019,246---365,,,,FFFFFF00,Downloaded data this year,,,,,
Continuous,NCKU LEYTE,TCDR,2020,1---366,,,,FFFFFF00,Downloaded data this year,,,,,
Continuous,NCKU LEYTE,TCDR,2021,1---365,,,,FFFFFF00,Downloaded data this year,,,,,
Continuous,NCKU LEYTE,TCDR,2022,1---365,,,,FFFFFF00,Downloaded data this year,,,,,
Continuous,NCKU LEYTE,TCDR,2023,1---365,,,,FFFFFF00,Downloaded data this year,,,,,
Continuous,NCKU LEYTE,TCDR,2024,1---366,,,,FFFFFF00,Downloaded data this year,,,,,
Continuous,NCKU LEYTE,TCDR,2025,1---356,,,,FFFFFF00,Downloaded data this year,,,,,
Continuous,NCKU LEYTE,TCDR,2026,36--183,,,,FFFFFF00,Downloaded data this year,,,,,
Continuous,NCKU MARINDUQUE,BOAC,2018,130---365,,,,,,True,True,2018-2026,RAEN,True
Continuous,NCKU MARINDUQUE,BOAC,2019,1---365,,,,,,True,True,2018-2026,RAEN,True
Continuous,NCKU MARINDUQUE,BOAC,2020,1---330,,,,,,True,True,2018-2026,RAEN,True
Continuous,NCKU MARINDUQUE,BOAC,2022,124---365,,,,,,True,True,2018-2026,RAEN,True
Continuous,NCKU MARINDUQUE,BOAC,2023,1---365,,,,,,True,True,2018-2026,RAEN,True
Continuous,NCKU MARINDUQUE,BOAC,2024,1---287,,,,,,True,True,2018-2026,RAEN,True
Continuous,NCKU MARINDUQUE,BOAC,2025,35-46,,,,,,True,True,2018-2026,RAEN,True
Continuous,NCKU MINDORO,BULA,2010,,FF1E4E79,Data to be retrieved,no,FFFFFF00,Downloaded data this year,,,2014-2026,RAEN,
Continuous,NCKU MINDORO,BULA,2012,,FF1E4E79,Data to be retrieved,no,FFFFFF00,Downloaded data this year,,,2014-2026,RAEN,
Continuous,NCKU MINDORO,BULA,2013,,FF1E4E79,Data to be retrieved,no,FFFFFF00,Downloaded data this year,,,2014-2026,RAEN,
Continuous,NCKU MINDORO,BULA,2014,182---365,,,,FFFFFF00,Downloaded data this year,,,2014-2026,RAEN,
Continuous,NCKU MINDORO,BULA,2015,"1-83, 180-365",,,,FFFFFF00,Downloaded data this year,,,2014-2026,RAEN,
Continuous,NCKU MINDORO,BULA,2016,1---366,,,,FFFFFF00,Downloaded data this year,,,2014-2026,RAEN,
Continuous,NCKU MINDORO,BULA,2017,1---365,,,,FFFFFF00,Downloaded data this year,,,2014-2026,RAEN,
Continuous,NCKU MINDORO,BULA,2018,"1-25, 261-365",,,,FFFFFF00,Downloaded data this year,,,2014-2026,RAEN,
Continuous,NCKU MINDORO,BULA,2019,1---139,,,,FFFFFF00,Downloaded data this year,,,2014-2026,RAEN,
Continuous,NCKU MINDORO,BULA,2021,279---282,,,,FFFFFF00,Downloaded data this year,,,2014-2026,RAEN,
Continuous,NCKU MINDORO,BULA,2022,224.0,,,,FFFFFF00,Downloaded data this year,,,2014-2026,RAEN,
Continuous,NCKU MINDORO,BULA,2024,227---366,,,,FFFFFF00,Downloaded data this year,,,2014-2026,RAEN,
Continuous,NCKU MINDORO,BULA,2025,1---74,,,,FFFFFF00,Downloaded data this year,,,2014-2026,RAEN,
Continuous,NCKU MINDORO,NAUJ,2010,,FF1E4E79,Data to be retrieved,no,FFFFFF00,Downloaded data this year,False,False,,,False
Continuous,NCKU MINDORO,NAUJ,2012,,FF1E4E79,Data to be retrieved,no,FFFFFF00,Downloaded data this year,False,False,,,False
Continuous,NCKU MINDORO,NAUJ,2013,,FF1E4E79,Data to be retrieved,no,FFFFFF00,Downloaded data this year,False,False,,,False
Continuous,NCKU MINDORO,NAUJ,2014,182---365,,,,FFFFFF00,Downloaded data this year,False,False,,,False
Continuous,NCKU MINDORO,NAUJ,2015,1---365,,,,FFFFFF00,Downloaded data this year,False,False,,,False
Continuous,NCKU MINDORO,NAUJ,2016,"1-286, 327-328",,,,FFFFFF00,Downloaded data this year,False,False,,,False
Continuous,NCKU MINDORO,NAUJ,2017,52---265,,,,FFFFFF00,Downloaded data this year,False,False,,,False
Continuous,NCKU MINDORO,NAUJ,2018,12---163,,,,FFFFFF00,Downloaded data this year,False,False,,,False
Continuous,NCKU MINDORO,NAUJ,2019,2---29,,,,FFFFFF00,Downloaded data this year,False,False,,,False
Continuous,NCKU MINDORO,NAUJ,2024,227---355,,,,FFFFFF00,Downloaded data this year,False,False,,,False
Continuous,NCKU MINDORO,NAUJ,2025,"64-345, 349-365",,,,FFFFFF00,Downloaded data this year,False,False,,,False
Continuous,NCKU MINDORO,NAUJ,2026,1---28,,,,FFFFFF00,Downloaded data this year,False,False,,,False
Continuous,NCKU MINDORO,SABL,2010,,FF1E4E79,Data to be retrieved,no,FFFFFF00,Downloaded data this year,Pending,Pending,,,To convert
Continuous,NCKU MINDORO,SABL,2012,,FF1E4E79,Data to be retrieved,no,FFFFFF00,Downloaded data this year,Pending,Pending,,,To convert
Continuous,NCKU MINDORO,SABL,2013,,FF1E4E79,Data to be retrieved,no,FFFFFF00,Downloaded data this year,Pending,Pending,,,To convert
Continuous,NCKU MINDORO,SABL,2014,202---365,,,,FFFFFF00,Downloaded data this year,Pending,Pending,,,To convert
Continuous,NCKU MINDORO,SABL,2015,"1-43, 232-365",,,,FFFFFF00,Downloaded data this year,Pending,Pending,,,To convert
Continuous,NCKU MINDORO,SABL,2016,"1-244, 366",,,,FFFFFF00,Downloaded data this year,Pending,Pending,,,To convert
Continuous,NCKU MINDORO,SABL,2017,1---365,,,,FFFFFF00,Downloaded data this year,Pending,Pending,,,To convert
Continuous,NCKU MINDORO,SABL,2018,1---365,,,,FFFFFF00,Downloaded data this year,Pending,Pending,,,To convert
Continuous,NCKU MINDORO,SABL,2019,"1-180, 241-365",,,,FFFFFF00,Downloaded data this year,Pending,Pending,,,To convert
Continuous,NCKU MINDORO,SABL,2020,1---366,,,,FFFFFF00,Downloaded data this year,Pending,Pending,,,To convert
Continuous,NCKU MINDORO,SABL,2021,1---365,,,,FFFFFF00,Downloaded data this year,Pending,Pending,,,To convert
Continuous,NCKU MINDORO,SABL,2022,1---172,,,,FFFFFF00,Downloaded data this year,Pending,Pending,,,To convert
Continuous,NCKU MINDORO,SABL,2023,227---365,,,,FFFFFF00,Downloaded data this year,Pending,Pending,,,To convert
Continuous,NCKU MINDORO,SABL,2024,1---366,,,,FFFFFF00,Downloaded data this year,Pending,Pending,,,To convert
Continuous,NCKU MINDORO,SABL,2025,1---365,,,,FFFFFF00,Downloaded data this year,Pending,Pending,,,To convert
Continuous,NCKU MINDORO,SABL,2026,1---26,,,,FFFFFF00,Downloaded data this year,Pending,Pending,,,To convert
Continuous,NCKU MINDORO,BACO,2010,147---204,,,,FFFF0000,Old site/pulled out/decommissioned,False,False,,,True
Continuous,NCKU MINDORO,BACO,2012,,FF1E4E79,Data to be retrieved,no,FFFF0000,Old site/pulled out/decommissioned,False,False,,,True
Continuous,NCKU MINDORO,BACO,2013,,FF1E4E79,Data to be retrieved,no,FFFF0000,Old site/pulled out/decommissioned,False,False,,,True
Continuous,NCKU MINDORO,BACO,2014,182---365,,,,FFFF0000,Old site/pulled out/decommissioned,False,False,,,True
Continuous,NCKU MINDORO,BACO,2015,1---41,,,,FFFF0000,Old site/pulled out/decommissioned,False,False,,,True
Continuous,NCKU MINDORO,BACO,2017,236---365,,,,FFFF0000,Old site/pulled out/decommissioned,False,False,,,True
Continuous,NCKU MINDORO,BACO,2018,1---365,,,,FFFF0000,Old site/pulled out/decommissioned,False,False,,,True
Continuous,NCKU MINDORO,BACO,2019,"1-175, 214, 240-365",,,,FFFF0000,Old site/pulled out/decommissioned,False,False,,,True
Continuous,NCKU MINDORO,BACO,2020,1---157,,,,FFFF0000,Old site/pulled out/decommissioned,False,False,,,True
Continuous,NCKU MINDORO,BACO,2021,280.0,,,,FFFF0000,Old site/pulled out/decommissioned,False,False,,,True
Continuous,NCKU MINDORO,BACO,2022,265---300,,,,FFFF0000,Old site/pulled out/decommissioned,False,False,,,True
Continuous,NCKU MINDORO,JOSE,2010,,FF1E4E79,Data to be retrieved,no,FFFF0000,Old site/pulled out/decommissioned,Processing,Processing,,,To retrieve
Continuous,NCKU MINDORO,JOSE,2012,,FF1E4E79,Data to be retrieved,no,FFFF0000,Old site/pulled out/decommissioned,Processing,Processing,,,To retrieve
Continuous,NCKU MINDORO,JOSE,2013,,FF1E4E79,Data to be retrieved,no,FFFF0000,Old site/pulled out/decommissioned,Processing,Processing,,,To retrieve
Continuous,NCKU MINDORO,JOSE,2014,202---365,,,,FFFF0000,Old site/pulled out/decommissioned,Processing,Processing,,,To retrieve
Continuous,NCKU MINDORO,JOSE,2015,1---365,,,,FFFF0000,Old site/pulled out/decommissioned,Processing,Processing,,,To retrieve
Continuous,NCKU MINDORO,JOSE,2016,1---366,,,,FFFF0000,Old site/pulled out/decommissioned,Processing,Processing,,,To retrieve
Continuous,NCKU MINDORO,JOSE,2017,1---365,,,,FFFF0000,Old site/pulled out/decommissioned,Processing,Processing,,,To retrieve
Continuous,NCKU MINDORO,JOSE,2018,1---365,,,,FFFF0000,Old site/pulled out/decommissioned,Processing,Processing,,,To retrieve
Continuous,NCKU MINDORO,JOSE,2019,"1-240, 244-365",,,,FFFF0000,Old site/pulled out/decommissioned,Processing,Processing,,,To retrieve
Continuous,NCKU MINDORO,JOSE,2020,1---366,,,,FFFF0000,Old site/pulled out/decommissioned,Processing,Processing,,,To retrieve
Continuous,NCKU MINDORO,JOSE,2021,"1-95, 349-365",,,,FFFF0000,Old site/pulled out/decommissioned,Processing,Processing,,,To retrieve
Continuous,NCKU MINDORO,JOSE,2022,1---193,,,,FFFF0000,Old site/pulled out/decommissioned,Processing,Processing,,,To retrieve
Continuous,NCKU MINDORO,MAMB,2010,,FF1E4E79,Data to be retrieved,no,FFFFFF00,Downloaded data this year,Finished,Finished,,,Data complete
Continuous,NCKU MINDORO,MAMB,2012,,FF1E4E79,Data to be retrieved,no,FFFFFF00,Downloaded data this year,Finished,Finished,,,Data complete
Continuous,NCKU MINDORO,MAMB,2013,,FF1E4E79,Data to be retrieved,no,FFFFFF00,Downloaded data this year,Finished,Finished,,,Data complete
Continuous,NCKU MINDORO,MAMB,2014,202---365,,,,FFFFFF00,Downloaded data this year,Finished,Finished,,,Data complete
Continuous,NCKU MINDORO,MAMB,2015,"1-178, 232-365",,,,FFFFFF00,Downloaded data this year,Finished,Finished,,,Data complete
Continuous,NCKU MINDORO,MAMB,2016,1---333,,,,FFFFFF00,Downloaded data this year,Finished,Finished,,,Data complete
Continuous,NCKU MINDORO,MAMB,2017,44---365,,,,FFFFFF00,Downloaded data this year,Finished,Finished,,,Data complete
Continuous,NCKU MINDORO,MAMB,2018,1---365,,,,FFFFFF00,Downloaded data this year,Finished,Finished,,,Data complete
Continuous,NCKU MINDORO,MAMB,2019,"1-240, 244-365",,,,FFFFFF00,Downloaded data this year,Finished,Finished,,,Data complete
Continuous,NCKU MINDORO,MAMB,2020,1---366,,,,FFFFFF00,Downloaded data this year,Finished,Finished,,,Data complete
Continuous,NCKU MINDORO,MAMB,2021,1---365,,,,FFFFFF00,Downloaded data this year,Finished,Finished,,,Data complete
Continuous,NCKU MINDORO,MAMB,2022,1---365,,,,FFFFFF00,Downloaded data this year,Finished,Finished,,,Data complete
Continuous,NCKU MINDORO,MAMB,2023,1---365,,,,FFFFFF00,Downloaded data this year,Finished,Finished,,,Data complete
Continuous,NCKU MINDORO,MAMB,2024,1---366,,,,FFFFFF00,Downloaded data this year,Finished,Finished,,,Data complete
Continuous,NCKU MINDORO,MAMB,2025,"1-12, 14-270, 277-365",,,,FFFFFF00,Downloaded data this year,Finished,Finished,,,Data complete
Continuous,NCKU MINDORO,MAMB,2026,1---26,,,,FFFFFF00,Downloaded data this year,Finished,Finished,,,Data complete
Continuous,NCKU MINDORO,PUER,2010,,FF1E4E79,Data to be retrieved,no,FFFF0000,Old site/pulled out/decommissioned,,,,,
Continuous,NCKU MINDORO,PUER,2012,,FF1E4E79,Data to be retrieved,no,FFFF0000,Old site/pulled out/decommissioned,,,,,
Continuous,NCKU MINDORO,PUER,2013,,FF1E4E79,Data to be retrieved,no,FFFF0000,Old site/pulled out/decommissioned,,,,,
Continuous,NCKU MINDORO,PUER,2014,181---326,,,,FFFF0000,Old site/pulled out/decommissioned,,,,,
Continuous,NCKU MINDORO,PUER,2015,43---258,,,,FFFF0000,Old site/pulled out/decommissioned,,,,,
Continuous,NCKU MINDORO,PUER,2017,"102-127, 236-365",,,,FFFF0000,Old site/pulled out/decommissioned,,,,,
Continuous,NCKU MINDORO,PUER,2018,1---365,,,,FFFF0000,Old site/pulled out/decommissioned,,,,,
Continuous,NCKU MINDORO,PUER,2019,1---32,,,,FFFF0000,Old site/pulled out/decommissioned,,,,,
Continuous,NCKU MINDORO,PUER,2021,280---283,,,,FFFF0000,Old site/pulled out/decommissioned,,,,,
Continuous,NCKU MINDORO,PUER,2022,265---365,,,,FFFF0000,Old site/pulled out/decommissioned,,,,,
Continuous,NCKU MINDORO,PUER,2023,"1---45, 159",,,,FFFF0000,Old site/pulled out/decommissioned,,,,,
Continuous,NCKU MINDORO,PUER,2024,10---227,,,,FFFF0000,Old site/pulled out/decommissioned,,,,,
Continuous,NCKU MINDORO,ROXA,2010,,FF1E4E79,Data to be retrieved,no,FFFF0000,Old site/pulled out/decommissioned,,,,,
Continuous,NCKU MINDORO,ROXA,2012,,FF1E4E79,Data to be retrieved,no,FFFF0000,Old site/pulled out/decommissioned,,,,,
Continuous,NCKU MINDORO,ROXA,2013,,FF1E4E79,Data to be retrieved,no,FFFF0000,Old site/pulled out/decommissioned,,,,,
Continuous,NCKU MINDORO,ROXA,2014,182---365,,,,FFFF0000,Old site/pulled out/decommissioned,,,,,
Continuous,NCKU MINDORO,ROXA,2015,1---42,,,,FFFF0000,Old site/pulled out/decommissioned,,,,,
Continuous,NCKU MINDORO,ROXA,2017,"52-61, 101-365",,,,FFFF0000,Old site/pulled out/decommissioned,,,,,
Continuous,NCKU MINDORO,ROXA,2018,1---365,,,,FFFF0000,Old site/pulled out/decommissioned,,,,,
Continuous,NCKU MINDORO,ROXA,2019,1---184,,,,FFFF0000,Old site/pulled out/decommissioned,,,,,
Continuous,NCKU ROMBLON,AGUS,2018,"131-190, 324-365",,,,FFFFFF00,Downloaded data this year,True,True,2018-2026,RAEN,True
Continuous,NCKU ROMBLON,AGUS,2019,1---365,,,,FFFFFF00,Downloaded data this year,True,True,2018-2026,RAEN,True
Continuous,NCKU ROMBLON,AGUS,2020,1---366,,,,FFFFFF00,Downloaded data this year,True,True,2018-2026,RAEN,True
Continuous,NCKU ROMBLON,AGUS,2021,1---214,,,,FFFFFF00,Downloaded data this year,True,True,2018-2026,RAEN,True
Continuous,NCKU ROMBLON,AGUS,2022,167---274,,,,FFFFFF00,Downloaded data this year,True,True,2018-2026,RAEN,True
Continuous,NCKU ROMBLON,AGUS,2023,158---262,,,,FFFFFF00,Downloaded data this year,True,True,2018-2026,RAEN,True
Continuous,NCKU ROMBLON,AGUS,2024,31---366,,,,FFFFFF00,Downloaded data this year,True,True,2018-2026,RAEN,True
Continuous,NCKU ROMBLON,AGUS,2025,1---365,,,,FFFFFF00,Downloaded data this year,True,True,2018-2026,RAEN,True
Continuous,NCKU ROMBLON,AGUS,2026,1-63,,,,FFFFFF00,Downloaded data this year,True,True,2018-2026,RAEN,True
Continuous,NCKU ROMBLON,ALCA,2018,131---365,,,,FFFFFF00,Downloaded data this year,Pending,Pending,,,Data complete
Continuous,NCKU ROMBLON,ALCA,2019,"1---306, 329",,,,FFFFFF00,Downloaded data this year,Pending,Pending,,,Data complete
Continuous,NCKU ROMBLON,ALCA,2020,6---316,,,,FFFFFF00,Downloaded data this year,Pending,Pending,,,Data complete
Continuous,NCKU ROMBLON,ALCA,2021,14---233,,,,FFFFFF00,Downloaded data this year,Pending,Pending,,,Data complete
Continuous,NCKU ROMBLON,ALCA,2022,167---365,,,,FFFFFF00,Downloaded data this year,Pending,Pending,,,Data complete
Continuous,NCKU ROMBLON,ALCA,2023,"1---12, 159---318",,,,FFFFFF00,Downloaded data this year,Pending,Pending,,,Data complete
Continuous,NCKU ROMBLON,ALCA,2024,32---366,,,,FFFFFF00,Downloaded data this year,Pending,Pending,,,Data complete
Continuous,NCKU ROMBLON,ALCA,2025,"1---42, 64-365",,,,FFFFFF00,Downloaded data this year,Pending,Pending,,,Data complete
Continuous,NCKU ROMBLON,ALCA,2026,1-62,,,,FFFFFF00,Downloaded data this year,Pending,Pending,,,Data complete
Continuous,NCKU MASBATE,MSBT,2016,"300-307, 319",,,,FFFFFF00,Downloaded data this year,,,2015-2026 Excluded: MASB,RAEN,
Continuous,NCKU MASBATE,MSBT,2017,3---365,,,,FFFFFF00,Downloaded data this year,,,2015-2026 Excluded: MASB,RAEN,
Continuous,NCKU MASBATE,MSBT,2018,"1-12, 127-365",,,,FFFFFF00,Downloaded data this year,,,2015-2026 Excluded: MASB,RAEN,
Continuous,NCKU MASBATE,MSBT,2019,1---365,,,,FFFFFF00,Downloaded data this year,,,2015-2026 Excluded: MASB,RAEN,
Continuous,NCKU MASBATE,MSBT,2020,1---262,,,,FFFFFF00,Downloaded data this year,,,2015-2026 Excluded: MASB,RAEN,
Continuous,NCKU MASBATE,MSBT,2022,259---264,,,,FFFFFF00,Downloaded data this year,,,2015-2026 Excluded: MASB,RAEN,
Continuous,NCKU MASBATE,MSBT,2023,"65-102, 207-211",,,,FFFFFF00,Downloaded data this year,,,2015-2026 Excluded: MASB,RAEN,
Continuous,NCKU MASBATE,MSBT,2024,55---59,,,,FFFFFF00,Downloaded data this year,,,2015-2026 Excluded: MASB,RAEN,
Continuous,NCKU MASBATE,MSBT,2025,99-365,,,,FFFFFF00,Downloaded data this year,,,2015-2026 Excluded: MASB,RAEN,
Continuous,NCKU MASBATE,MSBT,2026,2026-01-29 00:00:00,,,,FFFFFF00,Downloaded data this year,,,2015-2026 Excluded: MASB,RAEN,
Continuous,NCKU MASBATE,MILA,2018,248---317,,,,FFFFFF00,Downloaded data this year,False,False,,,False
Continuous,NCKU MASBATE,MILA,2019,225---365,,,,FFFFFF00,Downloaded data this year,False,False,,,False
Continuous,NCKU MASBATE,MILA,2020,1---257,,,,FFFFFF00,Downloaded data this year,False,False,,,False
Continuous,NCKU MASBATE,MILA,2023,"68-193, 205-323",,,,FFFFFF00,Downloaded data this year,False,False,,,False
Continuous,NCKU MASBATE,MILA,2024,51---366,,,,FFFFFF00,Downloaded data this year,False,False,,,False
Continuous,NCKU MASBATE,MILA,2025,"1-268, 317-322, 342-365",,,,FFFFFF00,Downloaded data this year,False,False,,,False
Continuous,NCKU MASBATE,MILA,2026,2026-01-27 00:00:00,,,,FFFFFF00,Downloaded data this year,False,False,,,False
Continuous,NCKU MASBATE,CATA,2012,,FF1E4E79,Data to be retrieved,no,FFFFFF00,Downloaded data this year,Pending,Pending,,,To convert
Continuous,NCKU MASBATE,CATA,2013,,FF1E4E79,Data to be retrieved,no,FFFFFF00,Downloaded data this year,Pending,Pending,,,To convert
Continuous,NCKU MASBATE,CATA,2015,327---365,,,,FFFFFF00,Downloaded data this year,Pending,Pending,,,To convert
Continuous,NCKU MASBATE,CATA,2016,1---366,,,,FFFFFF00,Downloaded data this year,Pending,Pending,,,To convert
Continuous,NCKU MASBATE,CATA,2017,1---365,,,,FFFFFF00,Downloaded data this year,Pending,Pending,,,To convert
Continuous,NCKU MASBATE,CATA,2018,1---365,,,,FFFFFF00,Downloaded data this year,Pending,Pending,,,To convert
Continuous,NCKU MASBATE,CATA,2019,1---365,,,,FFFFFF00,Downloaded data this year,Pending,Pending,,,To convert
Continuous,NCKU MASBATE,CATA,2020,1---258,,,,FFFFFF00,Downloaded data this year,Pending,Pending,,,To convert
Continuous,NCKU MASBATE,CATA,2021,194---365,,,,FFFFFF00,Downloaded data this year,Pending,Pending,,,To convert
Continuous,NCKU MASBATE,CATA,2022,1---364,,,,FFFFFF00,Downloaded data this year,Pending,Pending,,,To convert
Continuous,NCKU MASBATE,CATA,2023,"62-107, 208-256",,,,FFFFFF00,Downloaded data this year,Pending,Pending,,,To convert
Continuous,NCKU MASBATE,CATA,2024,66---366,,,,FFFFFF00,Downloaded data this year,Pending,Pending,,,To convert
Continuous,NCKU MASBATE,CATA,2025,1---365,,,,FFFFFF00,Downloaded data this year,Pending,Pending,,,To convert
Continuous,NCKU MASBATE,CATA,2026,2026-01-26 00:00:00,,,,FFFFFF00,Downloaded data this year,Pending,Pending,,,To convert
Continuous,NCKU MASBATE,AROY,2015,328---365,,,,FFFFFF00,Downloaded data this year,False,False,,,True
Continuous,NCKU MASBATE,AROY,2016,1---366,,,,FFFFFF00,Downloaded data this year,False,False,,,True
Continuous,NCKU MASBATE,AROY,2017,"1-172, 209-365",,,,FFFFFF00,Downloaded data this year,False,False,,,True
Continuous,NCKU MASBATE,AROY,2018,1---365,,,,FFFFFF00,Downloaded data this year,False,False,,,True
Continuous,NCKU MASBATE,AROY,2019,"1-73, 225-336",,,,FFFFFF00,Downloaded data this year,False,False,,,True
Continuous,NCKU MASBATE,AROY,2023,63---306,,,,FFFFFF00,Downloaded data this year,False,False,,,True
Continuous,NCKU MASBATE,AROY,2024,51---234,,,,FFFFFF00,Downloaded data this year,False,False,,,True
Continuous,NCKU MASBATE,AROY,2025,"99-220, 222-365",,,,FFFFFF00,Downloaded data this year,False,False,,,True
Continuous,NCKU MASBATE,AROY,2026,2026-01-27 00:00:00,,,,FFFFFF00,Downloaded data this year,False,False,,,True
Continuous,NCKU MASBATE,DIMA,2015,"327, 348-349",,,,FFFFFF00,Downloaded data this year,Processing,Processing,,,To retrieve
Continuous,NCKU MASBATE,DIMA,2016,4---366,,,,FFFFFF00,Downloaded data this year,Processing,Processing,,,To retrieve
Continuous,NCKU MASBATE,DIMA,2017,1---365,,,,FFFFFF00,Downloaded data this year,Processing,Processing,,,To retrieve
Continuous,NCKU MASBATE,DIMA,2018,1---365,,,,FFFFFF00,Downloaded data this year,Processing,Processing,,,To retrieve
Continuous,NCKU MASBATE,DIMA,2019,"1-121, 226-365",,,,FFFFFF00,Downloaded data this year,Processing,Processing,,,To retrieve
Continuous,NCKU MASBATE,DIMA,2020,"1, 144",,,,FFFFFF00,Downloaded data this year,Processing,Processing,,,To retrieve
Continuous,NCKU MASBATE,DIMA,2024,"53, 54, 224",,,,FFFFFF00,Downloaded data this year,Processing,Processing,,,To retrieve
Continuous,NCKU MASBATE,DIMA,2025,98-289,,,,FFFFFF00,Downloaded data this year,Processing,Processing,,,To retrieve
Continuous,NCKU MASBATE,DIMA,2026,27.0,,,,FFFFFF00,Downloaded data this year,Processing,Processing,,,To retrieve
Continuous,NCKU MASBATE,MASB,2016,"300-307, 319",,,,FFFF0000,Old site/pulled out/decommissioned,True,True,,,False
Continuous,NCKU MASBATE,MASB,2017,3---164,,,,FFFF0000,Old site/pulled out/decommissioned,True,True,,,False
Continuous,NCKU MASBATE,PALA,2016,183---366,,,,FFFFFF00,Downloaded data this year,Finished,Finished,,,Data complete
Continuous,NCKU MASBATE,PALA,2017,1---365,,,,FFFFFF00,Downloaded data this year,Finished,Finished,,,Data complete
Continuous,NCKU MASBATE,PALA,2018,1---365,,,,FFFFFF00,Downloaded data this year,Finished,Finished,,,Data complete
Continuous,NCKU MASBATE,PALA,2019,1---365,,,,FFFFFF00,Downloaded data this year,Finished,Finished,,,Data complete
Continuous,NCKU MASBATE,PALA,2020,"1-171, 237-349",,,,FFFFFF00,Downloaded data this year,Finished,Finished,,,Data complete
Continuous,NCKU MASBATE,PALA,2023,"75, 206, 213-216",,,,FFFFFF00,Downloaded data this year,Finished,Finished,,,Data complete
Continuous,NCKU MASBATE,PALA,2024,"52-54, 233-234",,,,FFFFFF00,Downloaded data this year,Finished,Finished,,,Data complete
Continuous,NCKU MASBATE,PALA,2025,91---96,,,,FFFFFF00,Downloaded data this year,Finished,Finished,,,Data complete
Continuous,NCKU MASBATE,PALA,2026,2026-01-26 00:00:00,,,,FFFFFF00,Downloaded data this year,Finished,Finished,,,Data complete
Continuous,NCKU MASBATE,BALU,2015,333---365,,,,FFFF0000,Old site/pulled out/decommissioned,,,,,
Continuous,NCKU MASBATE,BALU,2016,1---366,,,,FFFF0000,Old site/pulled out/decommissioned,,,,,
Continuous,NCKU MASBATE,BALU,2017,1---365,,,,FFFF0000,Old site/pulled out/decommissioned,,,,,
Continuous,NCKU MASBATE,BALU,2018,1---365,,,,FFFF0000,Old site/pulled out/decommissioned,,,,,
Continuous,NCKU MASBATE,BALU,2019,"1-224, 316-365",,,,FFFF0000,Old site/pulled out/decommissioned,,,,,
Continuous,NCKU MASBATE,BALU,2020,1--265,,,,FFFF0000,Old site/pulled out/decommissioned,,,,,
Continuous,NCKU MASBATE,BALU,2021,122---365,,,,FFFF0000,Old site/pulled out/decommissioned,,,,,
Continuous,NCKU MASBATE,BALU,2022,1---106,,,,FFFF0000,Old site/pulled out/decommissioned,,,,,
Continuous,NCKU MASBATE,BATU,2018,"124, 128-132, 159",,,,,,,,,,
Continuous,NCKU MASBATE,BATU,2019,227---365,,,,,,,,,,
Continuous,NCKU MASBATE,BATU,2020,1---366,,,,,,,,,,
Continuous,NCKU MASBATE,BATU,2021,"1---4, 10",,,,,,,,,,
Continuous,NCKU MASBATE,BATU,2023,63---365,,,,,,,,,,
Continuous,NCKU MASBATE,BATU,2024,1---366,,,,,,,,,,
Continuous,NCKU MASBATE,BATU,2025,1---100,,,,,,,,,,
Continuous,NCKU & PHIVOLCS-OWNED SAMAR,VICT,2019,73---365,,,,,,,,2018-2026,RAEN,
Continuous,NCKU & PHIVOLCS-OWNED SAMAR,VICT,2020,1---366,,,,,,,,2018-2026,RAEN,
Continuous,NCKU & PHIVOLCS-OWNED SAMAR,VICT,2021,"1-111, 326-361",,,,,,,,2018-2026,RAEN,
Continuous,NCKU & PHIVOLCS-OWNED SAMAR,VICT,2022,"3, 5, 12, 14, 284-365",,,,,,,,2018-2026,RAEN,
Continuous,NCKU & PHIVOLCS-OWNED SAMAR,VICT,2023,1---365,,,,,,,,2018-2026,RAEN,
Continuous,NCKU & PHIVOLCS-OWNED SAMAR,VICT,2024,1---321,,,,,,,,2018-2026,RAEN,
Continuous,NCKU & PHIVOLCS-OWNED SAMAR,ORAS,2018,"17, 54, 121, 300",,,,FFFF9900,Not operational,,,,,
Continuous,NCKU & PHIVOLCS-OWNED SAMAR,ORAS,2019,"18-25, 71-159",,,,FFFF9900,Not operational,,,,,
Continuous,NCKU & PHIVOLCS-OWNED SAMAR,ORAS,2020,56---65,,,,FFFF9900,Not operational,,,,,
Continuous,NCKU & PHIVOLCS-OWNED SAMAR,ORAS,2021,328.0,,,,FFFF9900,Not operational,,,,,
Continuous,NCKU & PHIVOLCS-OWNED SAMAR,ORAS,2022,278---365,,,,FFFF9900,Not operational,,,,,
Continuous,NCKU & PHIVOLCS-OWNED SAMAR,ORAS,2023,"1-147, 175",,,,FFFF9900,Not operational,,,,,
Continuous,NCKU & PHIVOLCS-OWNED SAMAR,SULT,2019,"56, 71-365",,,,FFFF9900,Not operational,True,True,,,True
Continuous,NCKU & PHIVOLCS-OWNED SAMAR,SULT,2020,60---229,,,,FFFF9900,Not operational,True,True,,,True
Continuous,NCKU & PHIVOLCS-OWNED SAMAR,SULT,2022,"209, 279, 285,286, 291,298, 306",,,,FFFF9900,Not operational,True,True,,,True
Continuous,NCKU & PHIVOLCS-OWNED SAMAR,LLOR,2019,70---141,,,,FFFFFF00,Downloaded data this year,Finished,Finished,,,Data complete
Continuous,NCKU & PHIVOLCS-OWNED SAMAR,LLOR,2021,328---335,,,,FFFFFF00,Downloaded data this year,Finished,Finished,,,Data complete
Continuous,NCKU & PHIVOLCS-OWNED SAMAR,LLOR,2022,286---311,,,,FFFFFF00,Downloaded data this year,Finished,Finished,,,Data complete
Continuous,NCKU & PHIVOLCS-OWNED SAMAR,LLOR,2023,176---296,,,,FFFFFF00,Downloaded data this year,Finished,Finished,,,Data complete
Continuous,NCKU & PHIVOLCS-OWNED SAMAR,LLOR,2024,240---366,,,,FFFFFF00,Downloaded data this year,Finished,Finished,,,Data complete
Continuous,NCKU & PHIVOLCS-OWNED SAMAR,LLOR,2025,1---154,,,,FFFFFF00,Downloaded data this year,Finished,Finished,,,Data complete
Continuous,NCKU & PHIVOLCS-OWNED SAMAR,LLOR,2026,"35-36, 40-182",FF5B9BD5,Data available,yes,FFFFFF00,Downloaded data this year,Finished,Finished,,,Data complete
Continuous,NCKU & PHIVOLCS-OWNED SAMAR,GUES,2018,198---365,,,,FFFFFF00,Downloaded data this year,,,,,
Continuous,NCKU & PHIVOLCS-OWNED SAMAR,GUES,2019,"1-155, 221-363",,,,FFFFFF00,Downloaded data this year,,,,,
Continuous,NCKU & PHIVOLCS-OWNED SAMAR,GUES,2020,6---366,,,,FFFFFF00,Downloaded data this year,,,,,
Continuous,NCKU & PHIVOLCS-OWNED SAMAR,GUES,2021,"1-156, 326-360",,,,FFFFFF00,Downloaded data this year,,,,,
Continuous,NCKU & PHIVOLCS-OWNED SAMAR,GUES,2022,"41-45, 145-164, 183-184, 227, 286",,,,FFFFFF00,Downloaded data this year,,,,,
Continuous,NCKU & PHIVOLCS-OWNED SAMAR,GUES,2023,"158-159, 174-177, 295-365",,,,FFFFFF00,Downloaded data this year,,,,,
Continuous,NCKU & PHIVOLCS-OWNED SAMAR,GUES,2024,"1-166, 240-362",,,,FFFFFF00,Downloaded data this year,,,,,
Continuous,NCKU & PHIVOLCS-OWNED SAMAR,GUES,2025,36---365,FF5B9BD5,Data available,yes,FFFFFF00,Downloaded data this year,,,,,
Continuous,NCKU & PHIVOLCS-OWNED SAMAR,GUES,2026,1-181,,,,FFFFFF00,Downloaded data this year,,,,,
Continuous,NCKU MINDANAO,TCGN,2013,,FF1E4E79,Data to be retrieved,no,FFFFFF00,Downloaded data this year,,,2014-2026,ADSP,
Continuous,NCKU MINDANAO,TCGN,2014,266---365,,,,FFFFFF00,Downloaded data this year,,,2014-2026,ADSP,
Continuous,NCKU MINDANAO,TCGN,2015,1---365,,,,FFFFFF00,Downloaded data this year,,,2014-2026,ADSP,
Continuous,NCKU MINDANAO,TCGN,2016,"1-44, 239-242",,,,FFFFFF00,Downloaded data this year,,,2014-2026,ADSP,
Continuous,NCKU MINDANAO,TCGN,2017,108---365,,,,FFFFFF00,Downloaded data this year,,,2014-2026,ADSP,
Continuous,NCKU MINDANAO,TCGN,2018,"1-38, 220-365",,,,FFFFFF00,Downloaded data this year,,,2014-2026,ADSP,
Continuous,NCKU MINDANAO,TCGN,2019,"1-99, 346-365",,,,FFFFFF00,Downloaded data this year,,,2014-2026,ADSP,
Continuous,NCKU MINDANAO,TCGN,2020,1---11,,,,FFFFFF00,Downloaded data this year,,,2014-2026,ADSP,
Continuous,NCKU MINDANAO,TCGN,2022,111---365,,,,FFFFFF00,Downloaded data this year,,,2014-2026,ADSP,
Continuous,NCKU MINDANAO,TCGN,2023,1---345,,,,FFFFFF00,Downloaded data this year,,,2014-2026,ADSP,
Continuous,NCKU MINDANAO,TCGN,2024,"1-191, 193-227, 229-366",,,,FFFFFF00,Downloaded data this year,,,2014-2026,ADSP,
Continuous,NCKU MINDANAO,TCGN,2025,1---365,FF5B9BD5,Data available,yes,FFFFFF00,Downloaded data this year,,,2014-2026,ADSP,
Continuous,NCKU MINDANAO,TCGN,2026,"1-9, 53-76, 89-96",FF5B9BD5,Data available,yes,FFFFFF00,Downloaded data this year,,,2014-2026,ADSP,
Continuous,NCKU MINDANAO,BTUN,2013,,FF1E4E79,Data to be retrieved,no,FFFF0000,Old site/pulled out/decommissioned,True,True,,,True
Continuous,NCKU MINDANAO,BTUN,2014,"61-138, 168-365",FF5B9BD5,Data available,yes,FFFF0000,Old site/pulled out/decommissioned,True,True,,,True
Continuous,NCKU MINDANAO,BTUN,2015,1---233,FF5B9BD5,Data available,yes,FFFF0000,Old site/pulled out/decommissioned,True,True,,,True
Continuous,NCKU MINDANAO,BTUN,2016,239---242,FF5B9BD5,Data available,yes,FFFF0000,Old site/pulled out/decommissioned,True,True,,,True
Continuous,NCKU MINDANAO,BTUN,2017,108---365,FF5B9BD5,Data available,yes,FFFF0000,Old site/pulled out/decommissioned,True,True,,,True
Continuous,NCKU MINDANAO,BTUN,2018,1---177,FF5B9BD5,Data available,yes,FFFF0000,Old site/pulled out/decommissioned,True,True,,,True
Continuous,NCKU MINDANAO,BTUN,2019,232---365,FF5B9BD5,Data available,yes,FFFF0000,Old site/pulled out/decommissioned,True,True,,,True
Continuous,NCKU MINDANAO,BTUN,2020,1---366,,,,FFFF0000,Old site/pulled out/decommissioned,True,True,,,True
Continuous,NCKU MINDANAO,BTUN,2021,1---145,,,,FFFF0000,Old site/pulled out/decommissioned,True,True,,,True
Continuous,NCKU MINDANAO,TNDG,2013,,FF1E4E79,Data to be retrieved,no,FFFFFF00,Downloaded data this year,Finished,Finished,,,To retrieve
Continuous,NCKU MINDANAO,TNDG,2014,"32-212, 246-365",,,,FFFFFF00,Downloaded data this year,Finished,Finished,,,To retrieve
Continuous,NCKU MINDANAO,TNDG,2015,1---365,,,,FFFFFF00,Downloaded data this year,Finished,Finished,,,To retrieve
Continuous,NCKU MINDANAO,TNDG,2016,1---20,,,,FFFFFF00,Downloaded data this year,Finished,Finished,,,To retrieve
Continuous,NCKU MINDANAO,TNDG,2017,"109-290, 298-332",,,,FFFFFF00,Downloaded data this year,Finished,Finished,,,To retrieve
Continuous,NCKU MINDANAO,TNDG,2018,29---365,,,,FFFFFF00,Downloaded data this year,Finished,Finished,,,To retrieve
Continuous,NCKU MINDANAO,TNDG,2019,1---365,,,,FFFFFF00,Downloaded data this year,Finished,Finished,,,To retrieve
Continuous,NCKU MINDANAO,TNDG,2020,1---366,,,,FFFFFF00,Downloaded data this year,Finished,Finished,,,To retrieve
Continuous,NCKU MINDANAO,TNDG,2021,1---365,,,,FFFFFF00,Downloaded data this year,Finished,Finished,,,To retrieve
Continuous,NCKU MINDANAO,TNDG,2022,1---365,,,,FFFFFF00,Downloaded data this year,Finished,Finished,,,To retrieve
Continuous,NCKU MINDANAO,TNDG,2023,1---341,,,,FFFFFF00,Downloaded data this year,Finished,Finished,,,To retrieve
Continuous,NCKU MINDANAO,TNDG,2024,"1-197, 287-306, 325-366",,,,FFFFFF00,Downloaded data this year,Finished,Finished,,,To retrieve
Continuous,NCKU MINDANAO,TNDG,2025,"1-117, 185-365",FF5B9BD5,Data available,yes,FFFFFF00,Downloaded data this year,Finished,Finished,,,To retrieve
Continuous,NCKU MINDANAO,TNDG,2026,"1-78, 82-96",FF5B9BD5,Data available,yes,FFFFFF00,Downloaded data this year,Finished,Finished,,,To retrieve
Continuous,NCKU MINDANAO,CDOC,2017,110---365,FF5B9BD5,Data available,yes,FFFF0000,Old site/pulled out/decommissioned,,,,,
Continuous,NCKU MINDANAO,CDOC,2018,1---341,,,,FFFF0000,Old site/pulled out/decommissioned,,,,,
Continuous,NCKU MINDANAO,CDOC,2019,"4, 8-9, 20-365",,,,FFFF0000,Old site/pulled out/decommissioned,,,,,
Continuous,NCKU MINDANAO,CDOC,2020,1.0,,,,FFFF0000,Old site/pulled out/decommissioned,,,,,
Continuous,NCKU MINDANAO,CDOC,2021,237---336,,,,FFFF0000,Old site/pulled out/decommissioned,,,,,
Continuous,NCKU MINDANAO,CDOC,2022,131---365,,,,FFFF0000,Old site/pulled out/decommissioned,,,,,
Continuous,NCKU MINDANAO,CDOC,2023,1---365,FF5B9BD5,Data available,yes,FFFF0000,Old site/pulled out/decommissioned,,,,,
Continuous,NCKU MINDANAO,CDOC,2024,1---366,FF5B9BD5,Data available,yes,FFFF0000,Old site/pulled out/decommissioned,,,,,
Continuous,NCKU MINDANAO,CDOC,2025,1---28,,,,FFFF0000,Old site/pulled out/decommissioned,,,,,
Continuous,NCKU-PHIVOLCS PALAWAN,PLWN,2018,172---365,,,,FFFFFF00,Downloaded data this year,True,True,2018-2026,RAEN,True
Continuous,NCKU-PHIVOLCS PALAWAN,PLWN,2019,1---348,,,,FFFFFF00,Downloaded data this year,True,True,2018-2026,RAEN,True
Continuous,NCKU-PHIVOLCS PALAWAN,PLWN,2020,225.0,,,,FFFFFF00,Downloaded data this year,True,True,2018-2026,RAEN,True
Continuous,NCKU-PHIVOLCS PALAWAN,PLWN,2022,82---365,,,,FFFFFF00,Downloaded data this year,True,True,2018-2026,RAEN,True
Continuous,NCKU-PHIVOLCS PALAWAN,PLWN,2023,1---365,,,,FFFFFF00,Downloaded data this year,True,True,2018-2026,RAEN,True
Continuous,NCKU-PHIVOLCS PALAWAN,PLWN,2024,1---366,,,,FFFFFF00,Downloaded data this year,True,True,2018-2026,RAEN,True
Continuous,NCKU-PHIVOLCS PALAWAN,PLWN,2025,1---365,,,,FFFFFF00,Downloaded data this year,True,True,2018-2026,RAEN,True
Continuous,NCKU-PHIVOLCS PALAWAN,PLWN,2026,1---72,,,,FFFFFF00,Downloaded data this year,True,True,2018-2026,RAEN,True
Continuous,PHIVOLCS-OWNED PHILIPPINES,PIBU,2015,287---365,,,,FFFFFF00,Downloaded data this year,,,2014-2026,ADSP,
Continuous,PHIVOLCS-OWNED PHILIPPINES,PIBU,2016,1---366,,,,FFFFFF00,Downloaded data this year,,,2014-2026,ADSP,
Continuous,PHIVOLCS-OWNED PHILIPPINES,PIBU,2017,1---290,,,,FFFFFF00,Downloaded data this year,,,2014-2026,ADSP,
Continuous,PHIVOLCS-OWNED PHILIPPINES,PIBU,2018,182---342,,,,FFFFFF00,Downloaded data this year,,,2014-2026,ADSP,
Continuous,PHIVOLCS-OWNED PHILIPPINES,PIBU,2019,122---365,,,,FFFFFF00,Downloaded data this year,,,2014-2026,ADSP,
Continuous,PHIVOLCS-OWNED PHILIPPINES,PIBU,2020,1---366,FF5B9BD5,Data available,yes,FFFFFF00,Downloaded data this year,,,2014-2026,ADSP,
Continuous,PHIVOLCS-OWNED PHILIPPINES,PIBU,2021,1---365,FF5B9BD5,Data available,yes,FFFFFF00,Downloaded data this year,,,2014-2026,ADSP,
Continuous,PHIVOLCS-OWNED PHILIPPINES,PIBU,2022,1---365,FF5B9BD5,Data available,yes,FFFFFF00,Downloaded data this year,,,2014-2026,ADSP,
Continuous,PHIVOLCS-OWNED PHILIPPINES,PIBU,2023,1---365,FF5B9BD5,Data available,yes,FFFFFF00,Downloaded data this year,,,2014-2026,ADSP,
Continuous,PHIVOLCS-OWNED PHILIPPINES,PIBU,2024,1---366,FF5B9BD5,Data available,yes,FFFFFF00,Downloaded data this year,,,2014-2026,ADSP,
Continuous,PHIVOLCS-OWNED PHILIPPINES,PIBU,2025,1---365,,,,FFFFFF00,Downloaded data this year,,,2014-2026,ADSP,
Continuous,PHIVOLCS-OWNED PHILIPPINES,PIBU,2026,1---7,FF5B9BD5,Data available,yes,FFFFFF00,Downloaded data this year,,,2014-2026,ADSP,
Continuous,PHIVOLCS-OWNED PHILIPPINES,MAR2,2016,"42-137, 166-262",,,,,,,,,,
Continuous,PHIVOLCS-OWNED PHILIPPINES,MAR2,2017,"17-285, 305-365",,,,,,,,,,
Continuous,PHIVOLCS-OWNED PHILIPPINES,MAR2,2018,1---365,,,,,,,,,,
Continuous,PHIVOLCS-OWNED PHILIPPINES,MAR2,2019,1---365,FF5B9BD5,Data available,yes,,,,,,,
Continuous,PHIVOLCS-OWNED PHILIPPINES,MAR2,2020,1---366,FF5B9BD5,Data available,yes,,,,,,,
Continuous,PHIVOLCS-OWNED PHILIPPINES,MAR2,2021,1---365,FF5B9BD5,Data available,yes,,,,,,,
Continuous,PHIVOLCS-OWNED PHILIPPINES,MAR2,2022,1---365,FF5B9BD5,Data available,yes,,,,,,,
Continuous,PHIVOLCS-OWNED PHILIPPINES,MAR2,2023,"1-47, 152-211",FF5B9BD5,Data available,yes,,,,,,,
Continuous,PHIVOLCS-OWNED PHILIPPINES,MAR2,2024,78---366,FF5B9BD5,Data available,yes,,,,,,,
Continuous,PHIVOLCS-OWNED PHILIPPINES,MAR2,2025,1---7,,,,,,,,,,
Continuous,PHIVOLCS-OWNED PHILIPPINES,CNTA,2015,342---365,,,,FFFF0000,Old site/pulled out/decommissioned,,,,,
Continuous,PHIVOLCS-OWNED PHILIPPINES,CNTA,2016,1---366,,,,FFFF0000,Old site/pulled out/decommissioned,,,,,
Continuous,PHIVOLCS-OWNED PHILIPPINES,CNTA,2017,1----365,,,,FFFF0000,Old site/pulled out/decommissioned,,,,,
Continuous,PHIVOLCS-OWNED PHILIPPINES,CNTA,2018,"2-172, 350-365",,,,FFFF0000,Old site/pulled out/decommissioned,,,,,
Continuous,PHIVOLCS-OWNED PHILIPPINES,CNTA,2019,"1-140, 170",,,,FFFF0000,Old site/pulled out/decommissioned,,,,,
Continuous,PHIVOLCS-OWNED PHILIPPINES,CNTA,2020,36---360,FF5B9BD5,Data available,yes,FFFF0000,Old site/pulled out/decommissioned,,,,,
Continuous,PHIVOLCS-OWNED PHILIPPINES,CNTA,2021,1---365,FF5B9BD5,Data available,yes,FFFF0000,Old site/pulled out/decommissioned,,,,,
Continuous,PHIVOLCS-OWNED PHILIPPINES,CNTA,2022,1---365,FF5B9BD5,Data available,yes,FFFF0000,Old site/pulled out/decommissioned,,,,,
Continuous,PHIVOLCS-OWNED PHILIPPINES,CNTA,2023,1---94,FF5B9BD5,Data available,yes,FFFF0000,Old site/pulled out/decommissioned,,,,,
Continuous,PHIVOLCS-OWNED PHILIPPINES,MALY,2015,247---279,,,,FFFFFF00,Downloaded data this year,,,,,
Continuous,PHIVOLCS-OWNED PHILIPPINES,MALY,2016,"165-252, 316-340",,,,FFFFFF00,Downloaded data this year,,,,,
Continuous,PHIVOLCS-OWNED PHILIPPINES,MALY,2017,"21-94, 121-365",,,,FFFFFF00,Downloaded data this year,,,,,
Continuous,PHIVOLCS-OWNED PHILIPPINES,MALY,2018,1---273,,,,FFFFFF00,Downloaded data this year,,,,,
Continuous,PHIVOLCS-OWNED PHILIPPINES,MALY,2019,1---365,FF5B9BD5,Data available,yes,FFFFFF00,Downloaded data this year,,,,,
Continuous,PHIVOLCS-OWNED PHILIPPINES,MALY,2020,"1-97, 202-366",FF5B9BD5,Data available,yes,FFFFFF00,Downloaded data this year,,,,,
Continuous,PHIVOLCS-OWNED PHILIPPINES,MALY,2021,1---365,FF5B9BD5,Data available,yes,FFFFFF00,Downloaded data this year,,,,,
Continuous,PHIVOLCS-OWNED PHILIPPINES,MALY,2022,1---365,FF5B9BD5,Data available,yes,FFFFFF00,Downloaded data this year,,,,,
Continuous,PHIVOLCS-OWNED PHILIPPINES,MALY,2023,1---235,FF5B9BD5,Data available,yes,FFFFFF00,Downloaded data this year,,,,,
Continuous,PHIVOLCS-OWNED PHILIPPINES,MALY,2024,"78-108, 180, 187, 219, 227-366",,,,FFFFFF00,Downloaded data this year,,,,,
Continuous,PHIVOLCS-OWNED PHILIPPINES,MALY,2025,1---365,FF5B9BD5,Data available,yes,FFFFFF00,Downloaded data this year,,,,,
Continuous,PHIVOLCS-OWNED PHILIPPINES,MALY,2026,1---18,FF5B9BD5,Data available,yes,FFFFFF00,Downloaded data this year,,,,,
Continuous,PHIVOLCS-OWNED PHILIPPINES,TCSS,2014,246---365,,,,,,,,,,
Continuous,PHIVOLCS-OWNED PHILIPPINES,TCSS,2015,"1-204, 267---365",,,,,,,,,,
Continuous,PHIVOLCS-OWNED PHILIPPINES,TCSS,2016,1---128,,,,,,,,,,
Continuous,PHIVOLCS-OWNED PHILIPPINES,TCSS,2017,80---365,,,,,,,,,,
Continuous,PHIVOLCS-OWNED PHILIPPINES,TCSS,2018,"1-170, 240-365",,,,,,,,,,
Continuous,PHIVOLCS-OWNED PHILIPPINES,TCSS,2019,1---253,,,,,,,,,,
Continuous,PHIVOLCS-OWNED PHILIPPINES,TCSS,2020,1---134,,,,,,,,,,
Continuous,PHIVOLCS-OWNED PHILIPPINES,TCSS,2022,"53-57, 63, 69",,,,,,,,,,
Continuous,PHIVOLCS-OWNED PHILIPPINES,TCSS,2023,16---294,,,,,,,,,,
Continuous,PHIVOLCS-OWNED PHILIPPINES,TCSS,2024,"11-12, 58-366",FF5B9BD5,Data available,yes,,,,,,,
Continuous,PHIVOLCS-OWNED PHILIPPINES,TCSS,2025,"1-73, 347-384",,,,,,,,,,
Continuous,PHIVOLCS-OWNED PHILIPPINES,RCSS,2017,214---365,,,,FFFFFF00,Downloaded data this year,,,,,
Continuous,PHIVOLCS-OWNED PHILIPPINES,RCSS,2018,"1-213, 257-365",,,,FFFFFF00,Downloaded data this year,,,,,
Continuous,PHIVOLCS-OWNED PHILIPPINES,RCSS,2019,1---359,,,,FFFFFF00,Downloaded data this year,,,,,
Continuous,PHIVOLCS-OWNED PHILIPPINES,RCSS,2020,2---365,,,,FFFFFF00,Downloaded data this year,,,,,
Continuous,PHIVOLCS-OWNED PHILIPPINES,RCSS,2021,4---209,,,,FFFFFF00,Downloaded data this year,,,,,
Continuous,PHIVOLCS-OWNED PHILIPPINES,RCSS,2022,75---365,,,,FFFFFF00,Downloaded data this year,,,,,
Continuous,PHIVOLCS-OWNED PHILIPPINES,RCSS,2023,1---365,,,,FFFFFF00,Downloaded data this year,,,,,
Continuous,PHIVOLCS-OWNED PHILIPPINES,RCSS,2024,1---366,FF5B9BD5,Data available,yes,FFFFFF00,Downloaded data this year,,,,,
Continuous,PHIVOLCS-OWNED PHILIPPINES,RCSS,2025,1---365,,,,FFFFFF00,Downloaded data this year,,,,,
Continuous,PHIVOLCS-OWNED PHILIPPINES,RCSS,2026,"1-137, 141-223",FF5B9BD5,Data available,yes,FFFFFF00,Downloaded data this year,,,,,
Continuous,PHIVOLCS-OWNED PHILIPPINES,SPLY,2018,226---365,,,,FFFFFF00,Downloaded data this year,,,,,
Continuous,PHIVOLCS-OWNED PHILIPPINES,SPLY,2019,"1-17, 63-365",,,,FFFFFF00,Downloaded data this year,,,,,
Continuous,PHIVOLCS-OWNED PHILIPPINES,SPLY,2020,1---231,,,,FFFFFF00,Downloaded data this year,,,,,
Continuous,PHIVOLCS-OWNED PHILIPPINES,SPLY,2022,26---365,,,,FFFFFF00,Downloaded data this year,,,,,
Continuous,PHIVOLCS-OWNED PHILIPPINES,SPLY,2023,1---290,,,,FFFFFF00,Downloaded data this year,,,,,
Continuous,PHIVOLCS-OWNED PHILIPPINES,SPLY,2024,"37-199, 296-310",FF5B9BD5,Data available,yes,FFFFFF00,Downloaded data this year,,,,,
Continuous,PHIVOLCS-OWNED PHILIPPINES,SPLY,2025,85---365,,,,FFFFFF00,Downloaded data this year,,,,,
Continuous,PHIVOLCS-OWNED PHILIPPINES,SPLY,2026,"1-56, 83-188",FF5B9BD5,Data available,yes,FFFFFF00,Downloaded data this year,,,,,
Continuous,PHIVOLCS-OWNED PHILIPPINES,VNHS,2019,178---365,,,,FFFFFF00,Downloaded data this year,,,,,
Continuous,PHIVOLCS-OWNED PHILIPPINES,VNHS,2020,1---366,,,,FFFFFF00,Downloaded data this year,,,,,
Continuous,PHIVOLCS-OWNED PHILIPPINES,VNHS,2021,1---365,,,,FFFFFF00,Downloaded data this year,,,,,
Continuous,PHIVOLCS-OWNED PHILIPPINES,VNHS,2022,1---365,,,,FFFFFF00,Downloaded data this year,,,,,
Continuous,PHIVOLCS-OWNED PHILIPPINES,VNHS,2023,1---365,,,,FFFFFF00,Downloaded data this year,,,,,
Continuous,PHIVOLCS-OWNED PHILIPPINES,VNHS,2024,"1-9, 32-183, 198--353",,,,FFFFFF00,Downloaded data this year,,,,,
Continuous,PHIVOLCS-OWNED PHILIPPINES,VNHS,2025,20---366,FF5B9BD5,Data available,yes,FFFFFF00,Downloaded data this year,,,,,
Continuous,PHIVOLCS-OWNED PHILIPPINES,VNHS,2026,1---8,FF5B9BD5,Data available,yes,FFFFFF00,Downloaded data this year,,,,,
Continuous,PHIVOLCS-OWNED PHILIPPINES,POTR,2016,245---366,,,,FFFF0000,Old site/pulled out/decommissioned,,,,,
Continuous,PHIVOLCS-OWNED PHILIPPINES,POTR,2017,1---365,,,,FFFF0000,Old site/pulled out/decommissioned,,,,,
Continuous,PHIVOLCS-OWNED PHILIPPINES,POTR,2018,"1-100, 247-365",,,,FFFF0000,Old site/pulled out/decommissioned,,,,,
Continuous,PHIVOLCS-OWNED PHILIPPINES,POTR,2019,1---23,,,,FFFF0000,Old site/pulled out/decommissioned,,,,,
Continuous,PHIVOLCS-OWNED PHILIPPINES,LLPS,2014,310---365,,,,FFFFFF00,Downloaded data this year,,,,,
Continuous,PHIVOLCS-OWNED PHILIPPINES,LLPS,2015,"1-76, 269-316",,,,FFFFFF00,Downloaded data this year,,,,,
Continuous,PHIVOLCS-OWNED PHILIPPINES,LLPS,2017,"80-81, 305-365",,,,FFFFFF00,Downloaded data this year,,,,,
Continuous,PHIVOLCS-OWNED PHILIPPINES,LLPS,2018,1---349,,,,FFFFFF00,Downloaded data this year,,,,,
Continuous,PHIVOLCS-OWNED PHILIPPINES,LLPS,2019,61---254,,,,FFFFFF00,Downloaded data this year,,,,,
Continuous,PHIVOLCS-OWNED PHILIPPINES,LLPS,2020,1---366,,,,FFFFFF00,Downloaded data this year,,,,,
Continuous,PHIVOLCS-OWNED PHILIPPINES,LLPS,2021,1---330,,,,FFFFFF00,Downloaded data this year,,,,,
Continuous,PHIVOLCS-OWNED PHILIPPINES,LLPS,2022,39---365,,,,FFFFFF00,Downloaded data this year,,,,,
Continuous,PHIVOLCS-OWNED PHILIPPINES,LLPS,2023,1---365,,,,FFFFFF00,Downloaded data this year,,,,,
Continuous,PHIVOLCS-OWNED PHILIPPINES,LLPS,2024,1---365,,,,FFFFFF00,Downloaded data this year,,,,,
Continuous,PHIVOLCS-OWNED PHILIPPINES,LLPS,2025,"2-25, 37-57, 59-174, 177-307, 309-365",,,,FFFFFF00,Downloaded data this year,,,,,
Continuous,PHIVOLCS-OWNED PHILIPPINES,LLPS,2026,"1-22, 28-85",FF5B9BD5,Data available,yes,FFFFFF00,Downloaded data this year,,,,,
Continuous,PHIVOLCS-OWNED PHILIPPINES,MNAY,2013,78---365,,,,,,False,False,,,False
Continuous,PHIVOLCS-OWNED PHILIPPINES,MNAY,2014,1---301,,,,,,False,False,,,False
Continuous,PHIVOLCS-OWNED PHILIPPINES,MNAY,2015,201---365,,,,,,False,False,,,False
Continuous,PHIVOLCS-OWNED PHILIPPINES,MNAY,2016,"1-342, 349-366",,,,,,False,False,,,False
Continuous,PHIVOLCS-OWNED PHILIPPINES,MNAY,2017,"1-157, 283-365",,,,,,False,False,,,False
Continuous,PHIVOLCS-OWNED PHILIPPINES,MNAY,2018,1---297,,,,,,False,False,,,False
Continuous,PHIVOLCS-OWNED PHILIPPINES,MNAY,2019,205---365,,,,,,False,False,,,False
Continuous,PHIVOLCS-OWNED PHILIPPINES,MNAY,2020,1---203,,,,,,False,False,,,False
Continuous,PHIVOLCS-OWNED PHILIPPINES,MNAY,2023,93---95,FFFF9900,Not operational,yes,,,False,False,,,False
Continuous,PHIVOLCS-OWNED PHILIPPINES,MNAY,2025,289---294,FFFF9900,Not operational,yes,,,False,False,,,False
Continuous,PHIVOLCS-OWNED PHILIPPINES,TAWI,2012,,FF1E4E79,Data to be retrieved,no,FFFF0000,Old site/pulled out/decommissioned,Pending,Pending,,,To convert
Continuous,PHIVOLCS-OWNED PHILIPPINES,TAWI,2013,,FF1E4E79,Data to be retrieved,no,FFFF0000,Old site/pulled out/decommissioned,Pending,Pending,,,To convert
Continuous,PHIVOLCS-OWNED PHILIPPINES,TAWI,2015,55---365,,,,FFFF0000,Old site/pulled out/decommissioned,Pending,Pending,,,To convert
Continuous,PHIVOLCS-OWNED PHILIPPINES,TAWI,2016,1---366,,,,FFFF0000,Old site/pulled out/decommissioned,Pending,Pending,,,To convert
Continuous,PHIVOLCS-OWNED PHILIPPINES,TAWI,2017,1----117,,,,FFFF0000,Old site/pulled out/decommissioned,Pending,Pending,,,To convert
Continuous,PHIVOLCS-OWNED PHILIPPINES,TAWI,2018,102---333,,,,FFFF0000,Old site/pulled out/decommissioned,Pending,Pending,,,To convert
Continuous,PHIVOLCS-OWNED PHILIPPINES,TAWI,2019,115----365,,,,FFFF0000,Old site/pulled out/decommissioned,Pending,Pending,,,To convert
Continuous,PHIVOLCS-OWNED PHILIPPINES,TAWI,2020,1---22,,,,FFFF0000,Old site/pulled out/decommissioned,Pending,Pending,,,To convert
Continuous,PHIVOLCS-OWNED PHILIPPINES,TAW2,2021,314---365,,,,FFFFFF00,Downloaded data this year,,,,,
Continuous,PHIVOLCS-OWNED PHILIPPINES,TAW2,2022,1---365,,,,FFFFFF00,Downloaded data this year,,,,,
Continuous,PHIVOLCS-OWNED PHILIPPINES,TAW2,2023,1---365,,,,FFFFFF00,Downloaded data this year,,,,,
Continuous,PHIVOLCS-OWNED PHILIPPINES,TAW2,2024,"1-324, 331-347",,,,FFFFFF00,Downloaded data this year,,,,,
Continuous,PHIVOLCS-OWNED PHILIPPINES,TAW2,2026,"54-74, 202-212",FF5B9BD5,Data available,yes,FFFFFF00,Downloaded data this year,,,,,
Continuous,PHIVOLCS-OWNED PHILIPPINES,BSLN,2018,"176-235, 325, 331-365",,,,,,,,,,
Continuous,PHIVOLCS-OWNED PHILIPPINES,BSLN,2019,1---365,,,,,,,,,,
Continuous,PHIVOLCS-OWNED PHILIPPINES,BSLN,2020,1---40,,,,,,,,,,
Continuous,PHIVOLCS-OWNED PHILIPPINES,BSLN,2022,68.0,,,,,,,,,,
Continuous,PHIVOLCS-OWNED PHILIPPINES,BSLN,2024,332.0,FF5B9BD5,Data available,yes,,,,,,,
Continuous,PHIVOLCS-OWNED PHILIPPINES,PNBO,2013,,FF1E4E79,Data to be retrieved,no,FFFFFF00,Downloaded data this year,,,,,
Continuous,PHIVOLCS-OWNED PHILIPPINES,PNBO,2014,77---300,,,,FFFFFF00,Downloaded data this year,,,,,
Continuous,PHIVOLCS-OWNED PHILIPPINES,PNBO,2015,208---365,,,,FFFFFF00,Downloaded data this year,,,,,
Continuous,PHIVOLCS-OWNED PHILIPPINES,PNBO,2016,"1-162, 243-366",,,,FFFFFF00,Downloaded data this year,,,,,
Continuous,PHIVOLCS-OWNED PHILIPPINES,PNBO,2017,1----365,,,,FFFFFF00,Downloaded data this year,,,,,
Continuous,PHIVOLCS-OWNED PHILIPPINES,PNBO,2018,"1-90, 179-365",,,,FFFFFF00,Downloaded data this year,,,,,
Continuous,PHIVOLCS-OWNED PHILIPPINES,PNBO,2019,1---365,,,,FFFFFF00,Downloaded data this year,,,,,
Continuous,PHIVOLCS-OWNED PHILIPPINES,PNBO,2020,1---366,,,,FFFFFF00,Downloaded data this year,,,,,
Continuous,PHIVOLCS-OWNED PHILIPPINES,PNBO,2021,1---365,,,,FFFFFF00,Downloaded data this year,,,,,
Continuous,PHIVOLCS-OWNED PHILIPPINES,PNBO,2022,1---330,,,,FFFFFF00,Downloaded data this year,,,,,
Continuous,PHIVOLCS-OWNED PHILIPPINES,PNBO,2023,15---365,,,,FFFFFF00,Downloaded data this year,,,,,
Continuous,PHIVOLCS-OWNED PHILIPPINES,PNBO,2024,1---295,,,,FFFFFF00,Downloaded data this year,,,,,
Continuous,PHIVOLCS-OWNED PHILIPPINES,PNBO,2025,219---365,FF5B9BD5,Data available,yes,FFFFFF00,Downloaded data this year,,,,,
Continuous,PHIVOLCS-OWNED PHILIPPINES,PNBO,2026,1---168,FF5B9BD5,Data available,yes,FFFFFF00,Downloaded data this year,,,,,
Continuous,PHIVOLCS-OWNED PHILIPPINES,MASM,2019,352.0,,,,FFFFFF00,Downloaded data this year,,,,,
Continuous,PHIVOLCS-OWNED PHILIPPINES,MASM,2020,194---366,,,,FFFFFF00,Downloaded data this year,,,,,
Continuous,PHIVOLCS-OWNED PHILIPPINES,MASM,2021,1---193,,,,FFFFFF00,Downloaded data this year,,,,,
Continuous,PHIVOLCS-OWNED PHILIPPINES,MASM,2022,198---282,,,,FFFFFF00,Downloaded data this year,,,,,
Continuous,PHIVOLCS-OWNED PHILIPPINES,MASM,2023,23---365,,,,FFFFFF00,Downloaded data this year,,,,,
Continuous,PHIVOLCS-OWNED PHILIPPINES,MASM,2024,"1-57, 78-366",,,,FFFFFF00,Downloaded data this year,,,,,
Continuous,PHIVOLCS-OWNED PHILIPPINES,MASM,2025,1---303,,,,FFFFFF00,Downloaded data this year,,,,,
Continuous,PHIVOLCS-OWNED PHILIPPINES,MASM,2026,"118-136, 163-182",FF5B9BD5,Data available,yes,FFFFFF00,Downloaded data this year,,,,,
Continuous,PHIVOLCS-OWNED PHILIPPINES,MAGU,2020,29---366,,,,FFFFFF00,Downloaded data this year,,,,,
Continuous,PHIVOLCS-OWNED PHILIPPINES,MAGU,2021,"1-196, 236-365",,,,FFFFFF00,Downloaded data this year,,,,,
Continuous,PHIVOLCS-OWNED PHILIPPINES,MAGU,2022,1---365,,,,FFFFFF00,Downloaded data this year,,,,,
Continuous,PHIVOLCS-OWNED PHILIPPINES,MAGU,2023,1---365,,,,FFFFFF00,Downloaded data this year,,,,,
Continuous,PHIVOLCS-OWNED PHILIPPINES,MAGU,2024,1---366,,,,FFFFFF00,Downloaded data this year,,,,,
Continuous,PHIVOLCS-OWNED PHILIPPINES,MAGU,2025,1---365,,,,FFFFFF00,Downloaded data this year,,,,,
Continuous,PHIVOLCS-OWNED PHILIPPINES,MAGU,2026,1---212,FF5B9BD5,Data available,yes,FFFFFF00,Downloaded data this year,,,,,
Continuous,PHIVOLCS-OWNED PHILIPPINES,DNGT,2019,344.0,FF5B9BD5,Data available,yes,,,,,,,
Continuous,PHIVOLCS-OWNED PHILIPPINES,DNGT,2020,"1---21, 366",,,,,,,,,,
Continuous,PHIVOLCS-OWNED PHILIPPINES,DNGT,2021,13---353,FF5B9BD5,Data available,yes,,,,,,,
Continuous,PHIVOLCS-OWNED PHILIPPINES,DNGT,2022,"24, 109-365",FF5B9BD5,Data available,yes,,,,,,,
Continuous,PHIVOLCS-OWNED PHILIPPINES,DNGT,2023,1---365,FF5B9BD5,Data available,yes,,,,,,,
Continuous,PHIVOLCS-OWNED PHILIPPINES,DNGT,2024,1--353,FF5B9BD5,Data available,yes,,,,,,,
Continuous,PHIVOLCS-OWNED PHILIPPINES,DNGT,2026,48---212,FF5B9BD5,Data available,yes,,,,,,,
Continuous,PHIVOLCS-OWNED PHILIPPINES,VRAC,2019,331---365,,,,,,,,,,
Continuous,PHIVOLCS-OWNED PHILIPPINES,VRAC,2020,1---305,,,,,,,,,,
Continuous,PHIVOLCS-OWNED PHILIPPINES,SJDB,2020,"1-8, 366",,,,,,,,,,
Continuous,PHIVOLCS-OWNED PHILIPPINES,SJDB,2021,26---365,,,,,,,,,,
Continuous,PHIVOLCS-OWNED PHILIPPINES,SJDB,2022,1---365,,,,,,,,,,
Continuous,PHIVOLCS-OWNED PHILIPPINES,SJDB,2023,1---320,,,,,,,,,,
Continuous,PHIVOLCS-OWNED PHILIPPINES,SJDB,2024,"107-239, 260, 278, 282-322",,,,,,,,,,
Continuous,PHIVOLCS-OWNED PHILIPPINES,BOST,2021,66---74,,,,FFFFFF00,Downloaded data this year,,,,,
Continuous,PHIVOLCS-OWNED PHILIPPINES,BOST,2022,208---365,,,,FFFFFF00,Downloaded data this year,,,,,
Continuous,PHIVOLCS-OWNED PHILIPPINES,BOST,2023,1---365,,,,FFFFFF00,Downloaded data this year,,,,,
Continuous,PHIVOLCS-OWNED PHILIPPINES,BOST,2024,1---41,,,,FFFFFF00,Downloaded data this year,,,,,
Continuous,PHIVOLCS-OWNED PHILIPPINES,BOST,2025,214---365,,,,FFFFFF00,Downloaded data this year,,,,,
Continuous,PHIVOLCS-OWNED PHILIPPINES,BOST,2026,1---112,FF5B9BD5,Data available,yes,FFFFFF00,Downloaded data this year,,,,,
Continuous,PHIVOLCS-OWNED PHILIPPINES,BTU2,2021,147---365,,,,FFFFFF00,Downloaded data this year,False,False,,,True
Continuous,PHIVOLCS-OWNED PHILIPPINES,BTU2,2022,"1-205, 242-365",FF5B9BD5,Data available,yes,FFFFFF00,Downloaded data this year,False,False,,,True
Continuous,PHIVOLCS-OWNED PHILIPPINES,BTU2,2023,1---365,,,,FFFFFF00,Downloaded data this year,False,False,,,True
Continuous,PHIVOLCS-OWNED PHILIPPINES,BTU2,2024,1---366,,,,FFFFFF00,Downloaded data this year,False,False,,,True
Continuous,PHIVOLCS-OWNED PHILIPPINES,BTU2,2025,1---365,,,,FFFFFF00,Downloaded data this year,False,False,,,True
Continuous,PHIVOLCS-OWNED PHILIPPINES,BTU2,2026,"1-35, 37-212",FF5B9BD5,Data available,yes,FFFFFF00,Downloaded data this year,False,False,,,True
Continuous,PHIVOLCS-OWNED PHILIPPINES,DGOS,2021,324---365,,,,FFFFFF00,Downloaded data this year,Processing,Processing,,,To retrieve
Continuous,PHIVOLCS-OWNED PHILIPPINES,DGOS,2022,1---365,FF5B9BD5,Data available,yes,FFFFFF00,Downloaded data this year,Processing,Processing,,,To retrieve
Continuous,PHIVOLCS-OWNED PHILIPPINES,DGOS,2023,1---365,FF5B9BD5,Data available,yes,FFFFFF00,Downloaded data this year,Processing,Processing,,,To retrieve
Continuous,PHIVOLCS-OWNED PHILIPPINES,DGOS,2024,1---365,FF5B9BD5,Data available,yes,FFFFFF00,Downloaded data this year,Processing,Processing,,,To retrieve
Continuous,PHIVOLCS-OWNED PHILIPPINES,DGOS,2025,1---365,,,,FFFFFF00,Downloaded data this year,Processing,Processing,,,To retrieve
Continuous,PHIVOLCS-OWNED PHILIPPINES,DGOS,2026,1---212,FF5B9BD5,Data available,yes,FFFFFF00,Downloaded data this year,Processing,Processing,,,To retrieve
Continuous,PHIVOLCS-OWNED PHILIPPINES,LLOY,2021,293---365,,,,FFFFFF00,Downloaded data this year,,,,,
Continuous,PHIVOLCS-OWNED PHILIPPINES,LLOY,2022,1---365,FF5B9BD5,Data available,yes,FFFFFF00,Downloaded data this year,,,,,
Continuous,PHIVOLCS-OWNED PHILIPPINES,LLOY,2023,1---365,FF5B9BD5,Data available,yes,FFFFFF00,Downloaded data this year,,,,,
Continuous,PHIVOLCS-OWNED PHILIPPINES,LLOY,2024,"1-286, 323-366",FF5B9BD5,Data available,yes,FFFFFF00,Downloaded data this year,,,,,
Continuous,PHIVOLCS-OWNED PHILIPPINES,LLOY,2025,"1-160, 245-365",FF5B9BD5,Data available,yes,FFFFFF00,Downloaded data this year,,,,,
Continuous,PHIVOLCS-OWNED PHILIPPINES,LLOY,2026,"1-94, 96-212",FF5B9BD5,Data available,yes,FFFFFF00,Downloaded data this year,,,,,
Continuous,PHIVOLCS-OWNED PHILIPPINES,MLBY,2021,340---365,,,,,,,,,,
Continuous,PHIVOLCS-OWNED PHILIPPINES,MLBY,2022,1---365,FF5B9BD5,Data available,yes,,,,,,,
Continuous,PHIVOLCS-OWNED PHILIPPINES,MLBY,2023,1---365,FF5B9BD5,Data available,yes,,,,,,,
Continuous,PHIVOLCS-OWNED PHILIPPINES,MLBY,2024,"1-99, 268-366",FF5B9BD5,Data available,yes,,,,,,,
Continuous,PHIVOLCS-OWNED PHILIPPINES,MLBY,2025,1---365,,,,,,,,,,
Continuous,PHIVOLCS-OWNED PHILIPPINES,MLBY,2026,1---143,FF5B9BD5,Data available,yes,,,,,,,
Continuous,PHIVOLCS-OWNED PHILIPPINES,NCPC,2021,258---365,,,,FFFFFF00,Downloaded data this year,,,,,
Continuous,PHIVOLCS-OWNED PHILIPPINES,NCPC,2022,1---365,FF5B9BD5,Data available,yes,FFFFFF00,Downloaded data this year,,,,,
Continuous,PHIVOLCS-OWNED PHILIPPINES,NCPC,2023,"1-97, 182, 269-271, 318-365",FF5B9BD5,Data available,yes,FFFFFF00,Downloaded data this year,,,,,
Continuous,PHIVOLCS-OWNED PHILIPPINES,NCPC,2024,1---366,,,,FFFFFF00,Downloaded data this year,,,,,
Continuous,PHIVOLCS-OWNED PHILIPPINES,NCPC,2025,"1-14, 134-252, 295-365",,,,FFFFFF00,Downloaded data this year,,,,,
Continuous,PHIVOLCS-OWNED PHILIPPINES,NCPC,2026,1---212,FF5B9BD5,Data available,yes,FFFFFF00,Downloaded data this year,,,,,
Continuous,PHIVOLCS-OWNED PHILIPPINES,CDO2,2021,237---365,,,,FFFFFF00,Downloaded data this year,,,,,
Continuous,PHIVOLCS-OWNED PHILIPPINES,CDO2,2022,"1-118, 250-365",,,,FFFFFF00,Downloaded data this year,,,,,
Continuous,PHIVOLCS-OWNED PHILIPPINES,CDO2,2023,1---365,FF5B9BD5,Data available,yes,FFFFFF00,Downloaded data this year,,,,,
Continuous,PHIVOLCS-OWNED PHILIPPINES,CDO2,2024,1---366,,,,FFFFFF00,Downloaded data this year,,,,,
Continuous,PHIVOLCS-OWNED PHILIPPINES,CDO2,2025,1---365,,,,FFFFFF00,Downloaded data this year,,,,,
Continuous,PHIVOLCS-OWNED PHILIPPINES,CDO2,2026,"1-182, 208-212",FF5B9BD5,Data available,yes,FFFFFF00,Downloaded data this year,,,,,
Continuous,PHIVOLCS-OWNED PHILIPPINES,LORE,2021,61---340,,,,FFFFFF00,Downloaded data this year,,,,,
Continuous,PHIVOLCS-OWNED PHILIPPINES,LORE,2023,93---365,,,,FFFFFF00,Downloaded data this year,,,,,
Continuous,PHIVOLCS-OWNED PHILIPPINES,LORE,2024,1---366,FF5B9BD5,Data available,yes,FFFFFF00,Downloaded data this year,,,,,
Continuous,PHIVOLCS-OWNED PHILIPPINES,LORE,2025,1---365,,,,FFFFFF00,Downloaded data this year,,,,,
Continuous,PHIVOLCS-OWNED PHILIPPINES,LORE,2026,1---129,FF5B9BD5,Data available,yes,FFFFFF00,Downloaded data this year,,,,,
Continuous,PHIVOLCS-OWNED PHILIPPINES,MONT,2021,56---335,FF5B9BD5,Data available,yes,FFFFFF00,Downloaded data this year,,,,,
Continuous,PHIVOLCS-OWNED PHILIPPINES,MONT,2023,89---365,,,,FFFFFF00,Downloaded data this year,,,,,
Continuous,PHIVOLCS-OWNED PHILIPPINES,MONT,2024,1---366,FF5B9BD5,Data available,yes,FFFFFF00,Downloaded data this year,,,,,
Continuous,PHIVOLCS-OWNED PHILIPPINES,MONT,2025,1---365,,,,FFFFFF00,Downloaded data this year,,,,,
Continuous,PHIVOLCS-OWNED PHILIPPINES,MONT,2026,1---202,FF5B9BD5,Data available,yes,FFFFFF00,Downloaded data this year,,,,,
Continuous,PHIVOLCS-OWNED PHILIPPINES,PAND,2022,152---365,FF5B9BD5,Data available,yes,,,,,,,
Continuous,PHIVOLCS-OWNED PHILIPPINES,PAND,2023,1---365,FF5B9BD5,Data available,yes,,,,,,,
Continuous,PHIVOLCS-OWNED PHILIPPINES,PAND,2024,"1-183, 281-366",FF5B9BD5,Data available,yes,,,,,,,
Continuous,PHIVOLCS-OWNED PHILIPPINES,PAND,2025,1---211,,,,,,,,,,
Continuous,PHIVOLCS-OWNED PHILIPPINES,ALCO,2022,159---365,FF5B9BD5,Data available,yes,FFFFFF00,Downloaded data this year,,,,,
Continuous,PHIVOLCS-OWNED PHILIPPINES,ALCO,2023,"1-79, 235-365",,,,FFFFFF00,Downloaded data this year,,,,,
Continuous,PHIVOLCS-OWNED PHILIPPINES,ALCO,2024,1---254,FF5B9BD5,Data available,yes,FFFFFF00,Downloaded data this year,,,,,
Continuous,PHIVOLCS-OWNED PHILIPPINES,ALCO,2025,49---365,,,,FFFFFF00,Downloaded data this year,,,,,
Continuous,PHIVOLCS-OWNED PHILIPPINES,ALCO,2026,"1-191, 201-202",FF5B9BD5,Data available,yes,FFFFFF00,Downloaded data this year,,,,,
Continuous,PHIVOLCS-OWNED PHILIPPINES,CADZ,2022,173---365,FF5B9BD5,Data available,yes,FFFFFF00,Downloaded data this year,,,,,
Continuous,PHIVOLCS-OWNED PHILIPPINES,CADZ,2023,1---365,,,,FFFFFF00,Downloaded data this year,,,,,
Continuous,PHIVOLCS-OWNED PHILIPPINES,CADZ,2024,"1-5, 295-302",FF5B9BD5,Data available,yes,FFFFFF00,Downloaded data this year,,,,,
Continuous,PHIVOLCS-OWNED PHILIPPINES,CADZ,2025,83---231,,,,FFFFFF00,Downloaded data this year,,,,,
Continuous,PHIVOLCS-OWNED PHILIPPINES,CADZ,2026,84---212,FF5B9BD5,Data available,yes,FFFFFF00,Downloaded data this year,,,,,
Continuous,PHIVOLCS-OWNED PHILIPPINES,TRIN,2022,201---365,FF5B9BD5,Data available,yes,FFFFFF00,Downloaded data this year,True,True,,,False
Continuous,PHIVOLCS-OWNED PHILIPPINES,TRIN,2023,1---365,,,,FFFFFF00,Downloaded data this year,True,True,,,False
Continuous,PHIVOLCS-OWNED PHILIPPINES,TRIN,2024,1---366,,,,FFFFFF00,Downloaded data this year,True,True,,,False
Continuous,PHIVOLCS-OWNED PHILIPPINES,TRIN,2025,1---365,,,,FFFFFF00,Downloaded data this year,True,True,,,False
Continuous,PHIVOLCS-OWNED PHILIPPINES,TRIN,2026,1---212,FF5B9BD5,Data available,yes,FFFFFF00,Downloaded data this year,True,True,,,False
Continuous,PHIVOLCS-OWNED PHILIPPINES,PMPL,2022,178---365,FF5B9BD5,Data available,yes,FFFFFF00,Downloaded data this year,Finished,Finished,,,Data complete
Continuous,PHIVOLCS-OWNED PHILIPPINES,PMPL,2023,1---365,,,,FFFFFF00,Downloaded data this year,Finished,Finished,,,Data complete
Continuous,PHIVOLCS-OWNED PHILIPPINES,PMPL,2024,1---366,,,,FFFFFF00,Downloaded data this year,Finished,Finished,,,Data complete
Continuous,PHIVOLCS-OWNED PHILIPPINES,PMPL,2025,1---365,,,,FFFFFF00,Downloaded data this year,Finished,Finished,,,Data complete
Continuous,PHIVOLCS-OWNED PHILIPPINES,PMPL,2026,1---99,FF5B9BD5,Data available,yes,FFFFFF00,Downloaded data this year,Finished,Finished,,,Data complete
Continuous,PHIVOLCS-OWNED PHILIPPINES,TUA2,2023,167---365,,,,FFFFFF00,Downloaded data this year,,,,,
Continuous,PHIVOLCS-OWNED PHILIPPINES,TUA2,2024,1---366,,,,FFFFFF00,Downloaded data this year,,,,,
Continuous,PHIVOLCS-OWNED PHILIPPINES,TUA2,2025,1---365,,,,FFFFFF00,Downloaded data this year,,,,,
Continuous,PHIVOLCS-OWNED PHILIPPINES,TUA2,2026,1---75,FF5B9BD5,Data available,yes,FFFFFF00,Downloaded data this year,,,,,
Continuous,PHIVOLCS-OWNED PHILIPPINES,BUG2,2023,168---365,,,,FFFFFF00,Downloaded data this year,,,,,
Continuous,PHIVOLCS-OWNED PHILIPPINES,BUG2,2024,1---366,,,,FFFFFF00,Downloaded data this year,,,,,
Continuous,PHIVOLCS-OWNED PHILIPPINES,BUG2,2025,1---365,,,,FFFFFF00,Downloaded data this year,,,,,
Continuous,PHIVOLCS-OWNED PHILIPPINES,BUG2,2026,1---212,FF5B9BD5,Data available,yes,FFFFFF00,Downloaded data this year,,,,,
Continuous,PHIVOLCS-OWNED PHILIPPINES,CASI,2023,172---365,,,,,,,,,,
Continuous,PHIVOLCS-OWNED PHILIPPINES,CASI,2024,1---366,,,,,,,,,,
Continuous,PHIVOLCS-OWNED PHILIPPINES,CASI,2025,"1-123, 308",,,,,,,,,,
Continuous,PHIVOLCS-OWNED PHILIPPINES,CASI,2026,15.0,FF5B9BD5,Data available,yes,,,,,,,
Continuous,PHIVOLCS-OWNED PHILIPPINES,STCV,2023,172---361,,,,FFFFFF00,Downloaded data this year,,,,,
Continuous,PHIVOLCS-OWNED PHILIPPINES,STCV,2024,135---366,,,,FFFFFF00,Downloaded data this year,,,,,
Continuous,PHIVOLCS-OWNED PHILIPPINES,STCV,2025,1---311,,,,FFFFFF00,Downloaded data this year,,,,,
Continuous,PHIVOLCS-OWNED PHILIPPINES,SQJR,2023,207---365,,,,,,,,,,
Continuous,PHIVOLCS-OWNED PHILIPPINES,SQJR,2024,1---366,,,,,,,,,,
Continuous,PHIVOLCS-OWNED PHILIPPINES,SQJR,2025,1---365,,,,,,,,,,
Continuous,PHIVOLCS-OWNED PHILIPPINES,SQJR,2026,1---97,FF5B9BD5,Data available,yes,,,,,,,
Continuous,PHIVOLCS-OWNED PHILIPPINES,PLAR,2023,195---227,,,,FFFFFF00,Downloaded data this year,,,,,
Continuous,PHIVOLCS-OWNED PHILIPPINES,PLAR,2024,"163-295, 297-366",,,,FFFFFF00,Downloaded data this year,,,,,
Continuous,PHIVOLCS-OWNED PHILIPPINES,PLAR,2025,1---365,,,,FFFFFF00,Downloaded data this year,,,,,
Continuous,PHIVOLCS-OWNED PHILIPPINES,PLAR,2026,1---151,FF5B9BD5,Data available,yes,FFFFFF00,Downloaded data this year,,,,,
Continuous,PHIVOLCS-OWNED PHILIPPINES,CBIM,2023,195---365,,,,,,,,,,
Continuous,PHIVOLCS-OWNED PHILIPPINES,CBIM,2024,1---366,,,,,,,,,,
Continuous,PHIVOLCS-OWNED PHILIPPINES,CBIM,2025,1---365,,,,,,,,,,
Continuous,PHIVOLCS-OWNED PHILIPPINES,CBIM,2026,1---104,FF5B9BD5,Data available,yes,,,,,,,
Continuous,PHIVOLCS-OWNED PHILIPPINES,TLSY,2025,112---362,,,,FFFFFF00,Downloaded data this year,,,,,
Continuous,PHIVOLCS-OWNED PHILIPPINES,TLSY,2026,77---178,FF5B9BD5,Data available,yes,FFFFFF00,Downloaded data this year,,,,,
Continuous,PHIVOLCS-OWNED PHILIPPINES,CTNU,2025,116---365,,,,FFFFFF00,Downloaded data this year,,,,,
Continuous,PHIVOLCS-OWNED PHILIPPINES,CTNU,2026,1---117,FF5B9BD5,Data available,yes,FFFFFF00,Downloaded data this year,,,,,
Continuous,PHIVOLCS-OWNED PHILIPPINES,CTGN,2025,155---171,,,,FFFFFF00,Downloaded data this year,,,,,
Continuous,PHIVOLCS-OWNED PHILIPPINES,CTGN,2026,89---212,FF5B9BD5,Data available,yes,FFFFFF00,Downloaded data this year,,,,,
Continuous,PHIVOLCS-OWNED PHILIPPINES,PTTN,2025,169---365,,,,FFFFFF00,Downloaded data this year,,,,,
Continuous,PHIVOLCS-OWNED PHILIPPINES,PTTN,2026,1---170,FF5B9BD5,Data available,yes,FFFFFF00,Downloaded data this year,,,,,
Continuous,PHIVOLCS-OWNED PHILIPPINES,BUEN,2025,"190-267, 289-342",FF5B9BD5,Data available,yes,FFFFFF00,Downloaded data this year,,,,,
Continuous,PHIVOLCS-OWNED PHILIPPINES,BUEN,2026,111---209,FF5B9BD5,Data available,yes,FFFFFF00,Downloaded data this year,,,,,
Continuous,IESAS LUZON,ALAB,2013,,FF1E4E79,Data to be retrieved,no,FFFFFF00,Downloaded data this year,,,2013-2026,ARLA,
Continuous,IESAS LUZON,ALAB,2014,"32-34, 101-365",FF5B9BD5,Data available,yes,FFFFFF00,Downloaded data this year,,,2013-2026,ARLA,
Continuous,IESAS LUZON,ALAB,2015,1---365,FF5B9BD5,Data available,yes,FFFFFF00,Downloaded data this year,,,2013-2026,ARLA,
Continuous,IESAS LUZON,ALAB,2016,1---366,,,,FFFFFF00,Downloaded data this year,,,2013-2026,ARLA,
Continuous,IESAS LUZON,ALAB,2017,1---365,,,,FFFFFF00,Downloaded data this year,,,2013-2026,ARLA,
Continuous,IESAS LUZON,ALAB,2018,1---365,,,,FFFFFF00,Downloaded data this year,,,2013-2026,ARLA,
Continuous,IESAS LUZON,ALAB,2019,1---142,,,,FFFFFF00,Downloaded data this year,,,2013-2026,ARLA,
Continuous,IESAS LUZON,ALAB,2022,144--365,,,,FFFFFF00,Downloaded data this year,,,2013-2026,ARLA,
Continuous,IESAS LUZON,ALAB,2023,1--365,FF5B9BD5,Data available,yes,FFFFFF00,Downloaded data this year,,,2013-2026,ARLA,
Continuous,IESAS LUZON,ALAB,2024,"1--31, 312--366",FF5B9BD5,Data available,yes,FFFFFF00,Downloaded data this year,,,2013-2026,ARLA,
Continuous,IESAS LUZON,ALAB,2025,1--365,,,,FFFFFF00,Downloaded data this year,,,2013-2026,ARLA,
Continuous,IESAS LUZON,ALAB,2026,1--106,,,,FFFFFF00,Downloaded data this year,,,2013-2026,ARLA,
Continuous,IESAS LUZON,ANGT,2013,,FF1E4E79,Data to be retrieved,no,FFFF0000,Old site/pulled out/decommissioned,,,,,
Continuous,IESAS LUZON,ANGT,2014,286---365,FF5B9BD5,Data available,yes,FFFF0000,Old site/pulled out/decommissioned,,,,,
Continuous,IESAS LUZON,ANGT,2015,1---365,FF5B9BD5,Data available,yes,FFFF0000,Old site/pulled out/decommissioned,,,,,
Continuous,IESAS LUZON,ANGT,2016,"1-36, 70-319",,,,FFFF0000,Old site/pulled out/decommissioned,,,,,
Continuous,IESAS LUZON,ANGT,2017,"48-121, 131-195",,,,FFFF0000,Old site/pulled out/decommissioned,,,,,
Continuous,IESAS LUZON,ANGT,2018,8---217,,,,FFFF0000,Old site/pulled out/decommissioned,,,,,
Continuous,IESAS LUZON,ANTP,2013,,FF1E4E79,Data to be retrieved,no,FFFFFF00,Downloaded data this year,,,,,
Continuous,IESAS LUZON,ANTP,2014,282---365,,,,FFFFFF00,Downloaded data this year,,,,,
Continuous,IESAS LUZON,ANTP,2015,"1-8, 238-296",,,,FFFFFF00,Downloaded data this year,,,,,
Continuous,IESAS LUZON,ANTP,2016,71---366,,,,FFFFFF00,Downloaded data this year,,,,,
Continuous,IESAS LUZON,ANTP,2017,"1-22, 348-365",,,,FFFFFF00,Downloaded data this year,,,,,
Continuous,IESAS LUZON,ANTP,2018,"1-217, 298",,,,FFFFFF00,Downloaded data this year,,,,,
Continuous,IESAS LUZON,ANTP,2019,1---365,,,,FFFFFF00,Downloaded data this year,,,,,
Continuous,IESAS LUZON,ANTP,2020,1---366,,,,FFFFFF00,Downloaded data this year,,,,,
Continuous,IESAS LUZON,ANTP,2021,1---128,,,,FFFFFF00,Downloaded data this year,,,,,
Continuous,IESAS LUZON,ANTP,2022,139---342,,,,FFFFFF00,Downloaded data this year,,,,,
Continuous,IESAS LUZON,ANTP,2023,9--162,,,,FFFFFF00,Downloaded data this year,,,,,
Continuous,IESAS LUZON,ANTP,2024,201--366,FF5B9BD5,Data available,yes,FFFFFF00,Downloaded data this year,,,,,
Continuous,IESAS LUZON,ANTP,2025,1--365,,,,FFFFFF00,Downloaded data this year,,,,,
Continuous,IESAS LUZON,ANTP,2026,1--112,,,,FFFFFF00,Downloaded data this year,,,,,
Continuous,IESAS LUZON,APAR,2013,,FF1E4E79,Data to be retrieved,no,FFFF9900,Not operational,,,,,
Continuous,IESAS LUZON,APAR,2014,276---334,FF5B9BD5,Data available,yes,FFFF9900,Not operational,,,,,
Continuous,IESAS LUZON,APAR,2015,120--365,FF5B9BD5,Data available,yes,FFFF9900,Not operational,,,,,
Continuous,IESAS LUZON,APAR,2016,"1-221, 299-366",,,,FFFF9900,Not operational,,,,,
Continuous,IESAS LUZON,APAR,2017,1---365,,,,FFFF9900,Not operational,,,,,
Continuous,IESAS LUZON,APAR,2018,1---365,,,,FFFF9900,Not operational,,,,,
Continuous,IESAS LUZON,APAR,2019,1---365,,,,FFFF9900,Not operational,,,,,
Continuous,IESAS LUZON,APAR,2020,1---366,,,,FFFF9900,Not operational,,,,,
Continuous,IESAS LUZON,APAR,2021,1---365,,,,FFFF9900,Not operational,,,,,
Continuous,IESAS LUZON,APAR,2022,1---335,,,,FFFF9900,Not operational,,,,,
Continuous,IESAS LUZON,ATIM,2013,,FF1E4E79,Data to be retrieved,no,FFFFFF00,Downloaded data this year,,,,,
Continuous,IESAS LUZON,ATIM,2014,278---365,,,,FFFFFF00,Downloaded data this year,,,,,
Continuous,IESAS LUZON,ATIM,2015,1---365,,,,FFFFFF00,Downloaded data this year,,,,,
Continuous,IESAS LUZON,ATIM,2016,1---366,,,,FFFFFF00,Downloaded data this year,,,,,
Continuous,IESAS LUZON,ATIM,2017,1---259,,,,FFFFFF00,Downloaded data this year,,,,,
Continuous,IESAS LUZON,ATIM,2018,"100-105, 109-365",,,,FFFFFF00,Downloaded data this year,,,,,
Continuous,IESAS LUZON,ATIM,2019,1---365,,,,FFFFFF00,Downloaded data this year,,,,,
Continuous,IESAS LUZON,ATIM,2020,"1-308, 332-342",,,,FFFFFF00,Downloaded data this year,,,,,
Continuous,IESAS LUZON,ATIM,2021,"9, 16-333, 340-365",,,,FFFFFF00,Downloaded data this year,,,,,
Continuous,IESAS LUZON,ATIM,2022,"1---314, 333---365",,,,FFFFFF00,Downloaded data this year,,,,,
Continuous,IESAS LUZON,ATIM,2023,"1---91, 277--279",,,,FFFFFF00,Downloaded data this year,,,,,
Continuous,IESAS LUZON,ATIM,2024,"31--48,167--195; 310, 347",,,,FFFFFF00,Downloaded data this year,,,,,
Continuous,IESAS LUZON,ATIM,2025,"22,62,102--103, 317--365",,,,FFFFFF00,Downloaded data this year,,,,,
Continuous,IESAS LUZON,ATIM,2026,1--31,,,,FFFFFF00,Downloaded data this year,,,,,
Continuous,IESAS LUZON,AURA,2012,,FF1E4E79,Data to be retrieved,no,FFFFFF00,Downloaded data this year,,,,,
Continuous,IESAS LUZON,AURA,2013,,FF1E4E79,Data to be retrieved,no,FFFFFF00,Downloaded data this year,,,,,
Continuous,IESAS LUZON,AURA,2014,283---365,,,,FFFFFF00,Downloaded data this year,,,,,
Continuous,IESAS LUZON,AURA,2015,1---365,,,,FFFFFF00,Downloaded data this year,,,,,
Continuous,IESAS LUZON,AURA,2016,1---322,,,,FFFFFF00,Downloaded data this year,,,,,
Continuous,IESAS LUZON,AURA,2017,"124-157, 235-365",,,,FFFFFF00,Downloaded data this year,,,,,
Continuous,IESAS LUZON,AURA,2018,1---359,,,,FFFFFF00,Downloaded data this year,,,,,
Continuous,IESAS LUZON,AURA,2019,18---362,,,,FFFFFF00,Downloaded data this year,,,,,
Continuous,IESAS LUZON,AURA,2020,1---366,,,,FFFFFF00,Downloaded data this year,,,,,
Continuous,IESAS LUZON,AURA,2021,19---360,,,,FFFFFF00,Downloaded data this year,,,,,
Continuous,IESAS LUZON,AURA,2022,1---365,,,,FFFFFF00,Downloaded data this year,,,,,
Continuous,IESAS LUZON,AURA,2023,1---365,,,,FFFFFF00,Downloaded data this year,,,,,
Continuous,IESAS LUZON,AURA,2024,1--366,,,,FFFFFF00,Downloaded data this year,,,,,
Continuous,IESAS LUZON,AURA,2025,1--365,FF5B9BD5,Data available,yes,FFFFFF00,Downloaded data this year,,,,,
Continuous,IESAS LUZON,AURA,2026,1--110,,,,FFFFFF00,Downloaded data this year,,,,,
Continuous,IESAS LUZON,BAGU,2010,60---277,,,,FFFF0000,Old site/pulled out/decommissioned,,,,,
Continuous,IESAS LUZON,BAGU,2012,,FF1E4E79,Data to be retrieved,no,FFFF0000,Old site/pulled out/decommissioned,,,,,
Continuous,IESAS LUZON,BAGU,2013,,FF1E4E79,Data to be retrieved,no,FFFF0000,Old site/pulled out/decommissioned,,,,,
Continuous,IESAS LUZON,BALA,2013,,FF1E4E79,Data to be retrieved,no,FFFFFF00,Downloaded data this year,,,,,
Continuous,IESAS LUZON,BALA,2014,106---365,,,,FFFFFF00,Downloaded data this year,,,,,
Continuous,IESAS LUZON,BALA,2015,"1-138, 148-365",,,,FFFFFF00,Downloaded data this year,,,,,
Continuous,IESAS LUZON,BALA,2016,"1-144, 293-366",,,,FFFFFF00,Downloaded data this year,,,,,
Continuous,IESAS LUZON,BALA,2017,"1-88, 125-364",,,,FFFFFF00,Downloaded data this year,,,,,
Continuous,IESAS LUZON,BALA,2018,"2-117, 297-365",,,,FFFFFF00,Downloaded data this year,,,,,
Continuous,IESAS LUZON,BALA,2019,"1-54, 247-365",,,,FFFFFF00,Downloaded data this year,,,,,
Continuous,IESAS LUZON,BALA,2020,1---366,,,,FFFFFF00,Downloaded data this year,,,,,
Continuous,IESAS LUZON,BALA,2021,1---365,,,,FFFFFF00,Downloaded data this year,,,,,
Continuous,IESAS LUZON,BALA,2022,"1-126, 290-365",,,,FFFFFF00,Downloaded data this year,,,,,
Continuous,IESAS LUZON,BALA,2023,1---365,,,,FFFFFF00,Downloaded data this year,,,,,
Continuous,IESAS LUZON,BALA,2024,1--43; 45--366,,,,FFFFFF00,Downloaded data this year,,,,,
Continuous,IESAS LUZON,BALA,2025,"1-314, 319-340",FF5B9BD5,Data available,yes,FFFFFF00,Downloaded data this year,,,,,
Continuous,IESAS LUZON,BASC,2012,,FF1E4E79,Data to be retrieved,no,FFFFFF00,Downloaded data this year,,,,,
Continuous,IESAS LUZON,BASC,2013,1----365,,,,FFFFFF00,Downloaded data this year,,,,,
Continuous,IESAS LUZON,BASC,2014,"1-159, 162-365",,,,FFFFFF00,Downloaded data this year,,,,,
Continuous,IESAS LUZON,BASC,2015,"1-79, 82-365",,,,FFFFFF00,Downloaded data this year,,,,,
Continuous,IESAS LUZON,BASC,2016,1---366,,,,FFFFFF00,Downloaded data this year,,,,,
Continuous,IESAS LUZON,BASC,2017,1---365,,,,FFFFFF00,Downloaded data this year,,,,,
Continuous,IESAS LUZON,BASC,2018,1---365,,,,FFFFFF00,Downloaded data this year,,,,,
Continuous,IESAS LUZON,BASC,2019,1----365,,,,FFFFFF00,Downloaded data this year,,,,,
Continuous,IESAS LUZON,BASC,2020,1---180,,,,FFFFFF00,Downloaded data this year,,,,,
Continuous,IESAS LUZON,BASC,2021,51---365,,,,FFFFFF00,Downloaded data this year,,,,,
Continuous,IESAS LUZON,BASC,2022,1---365,,,,FFFFFF00,Downloaded data this year,,,,,
Continuous,IESAS LUZON,BASC,2023,1--277,,,,FFFFFF00,Downloaded data this year,,,,,
Continuous,IESAS LUZON,BASC,2024,3--366,,,,FFFFFF00,Downloaded data this year,,,,,
Continuous,IESAS LUZON,BASC,2025,1--365,FF5B9BD5,Data available,yes,FFFFFF00,Downloaded data this year,,,,,
Continuous,IESAS LUZON,BASC,2026,1--59; 91--102,FF5B9BD5,Data available,yes,FFFFFF00,Downloaded data this year,,,,,
Continuous,IESAS LUZON,BLN2,2012,,FF1E4E79,Data to be retrieved,no,FFFFFF00,Downloaded data this year,,,,,
Continuous,IESAS LUZON,BLN2,2014,285---365,,,,FFFFFF00,Downloaded data this year,,,,,
Continuous,IESAS LUZON,BLN2,2015,1---365,,,,FFFFFF00,Downloaded data this year,,,,,
Continuous,IESAS LUZON,BLN2,2016,1---366,,,,FFFFFF00,Downloaded data this year,,,,,
Continuous,IESAS LUZON,BLN2,2017,"1-206, 290-365",,,,FFFFFF00,Downloaded data this year,,,,,
Continuous,IESAS LUZON,BLN2,2018,1---365,,,,FFFFFF00,Downloaded data this year,,,,,
Continuous,IESAS LUZON,BLN2,2019,"1---297, 339",,,,FFFFFF00,Downloaded data this year,,,,,
Continuous,IESAS LUZON,BLN2,2020,"18-149, 331, 332",,,,FFFFFF00,Downloaded data this year,,,,,
Continuous,IESAS LUZON,BLN2,2021,"3, 42, 82, 83, 133, 175",,,,FFFFFF00,Downloaded data this year,,,,,
Continuous,IESAS LUZON,BLN2,2022,340---341,,,,FFFFFF00,Downloaded data this year,,,,,
Continuous,IESAS LUZON,BLN2,2023,"16, 54, 93, 334",,,,FFFFFF00,Downloaded data this year,,,,,
Continuous,IESAS LUZON,BLN2,2024,"7--220, 314--366",,,,FFFFFF00,Downloaded data this year,,,,,
Continuous,IESAS LUZON,BLN2,2025,"1, 2--365",FF5B9BD5,Data available,yes,FFFFFF00,Downloaded data this year,,,,,
Continuous,IESAS LUZON,BLN2,2026,1--106,,,,FFFFFF00,Downloaded data this year,,,,,
Continuous,IESAS LUZON,BATC,2014,280---365,,,,FFFF0000,Old site/pulled out/decommissioned,,,,,
Continuous,IESAS LUZON,BATC,2015,1---88,,,,FFFF0000,Old site/pulled out/decommissioned,,,,,
Continuous,IESAS LUZON,BONT,2010,109---279,,,,FFFF0000,Old site/pulled out/decommissioned,False,False,,,False
Continuous,IESAS LUZON,BONT,2012,,FF1E4E79,Data to be retrieved,no,FFFF0000,Old site/pulled out/decommissioned,False,False,,,False
Continuous,IESAS LUZON,BONT,2013,,FF1E4E79,Data to be retrieved,no,FFFF0000,Old site/pulled out/decommissioned,False,False,,,False
Continuous,IESAS LUZON,BONT,2014,282---365,,,,FFFF0000,Old site/pulled out/decommissioned,False,False,,,False
Continuous,IESAS LUZON,BONT,2015,1---124,,,,FFFF0000,Old site/pulled out/decommissioned,False,False,,,False
Continuous,IESAS LUZON,BRGC,2012,,FF1E4E79,Data to be retrieved,no,FFFFFF00,Downloaded data this year,Pending,Pending,,,To convert
Continuous,IESAS LUZON,BRGC,2014,"287, 336-365",,,,FFFFFF00,Downloaded data this year,Pending,Pending,,,To convert
Continuous,IESAS LUZON,BRGC,2015,1---365,,,,FFFFFF00,Downloaded data this year,Pending,Pending,,,To convert
Continuous,IESAS LUZON,BRGC,2016,1---290,,,,FFFFFF00,Downloaded data this year,Pending,Pending,,,To convert
Continuous,IESAS LUZON,BRGC,2017,"131-223, 270-271",,,,FFFFFF00,Downloaded data this year,Pending,Pending,,,To convert
Continuous,IESAS LUZON,BRGC,2018,111---360,,,,FFFFFF00,Downloaded data this year,Pending,Pending,,,To convert
Continuous,IESAS LUZON,BRGC,2019,"1-296, 333, 334",,,,FFFFFF00,Downloaded data this year,Pending,Pending,,,To convert
Continuous,IESAS LUZON,BRGC,2020,9---327,,,,FFFFFF00,Downloaded data this year,Pending,Pending,,,To convert
Continuous,IESAS LUZON,BRGC,2021,30---336,,,,FFFFFF00,Downloaded data this year,Pending,Pending,,,To convert
Continuous,IESAS LUZON,BRGC,2022,212--239; 304--365,,,,FFFFFF00,Downloaded data this year,Pending,Pending,,,To convert
Continuous,IESAS LUZON,BRGC,2023,1--365,,,,FFFFFF00,Downloaded data this year,Pending,Pending,,,To convert
Continuous,IESAS LUZON,BRGC,2024,"1--45, 93--95, 167--366",,,,FFFFFF00,Downloaded data this year,Pending,Pending,,,To convert
Continuous,IESAS LUZON,BRGC,2025,1--365,FF5B9BD5,Data available,yes,FFFFFF00,Downloaded data this year,Pending,Pending,,,To convert
Continuous,IESAS LUZON,BRGC,2026,1--104,FF5B9BD5,Data available,yes,FFFFFF00,Downloaded data this year,Pending,Pending,,,To convert
Continuous,IESAS LUZON,BUGS,2012,14.0,,,,FFFF0000,Old site/pulled out/decommissioned,,,,,
Continuous,IESAS LUZON,BUGS,2013,,FF1E4E79,Data to be retrieved,no,FFFF0000,Old site/pulled out/decommissioned,,,,,
Continuous,IESAS LUZON,BUGS,2014,337---365,,,,FFFF0000,Old site/pulled out/decommissioned,,,,,
Continuous,IESAS LUZON,BUGS,2015,1---301,,,,FFFF0000,Old site/pulled out/decommissioned,,,,,
Continuous,IESAS LUZON,BUGS,2016,147---302,,,,FFFF0000,Old site/pulled out/decommissioned,,,,,
Continuous,IESAS LUZON,CABN,2014,100---314,,,,FFFF0000,Old site/pulled out/decommissioned,,,,,
Continuous,IESAS LUZON,CABN,2015,124---365,,,,FFFF0000,Old site/pulled out/decommissioned,,,,,
Continuous,IESAS LUZON,CABN,2016,1---294,,,,FFFF0000,Old site/pulled out/decommissioned,,,,,
Continuous,IESAS LUZON,CABN,2017,1---365,FF5B9BD5,Data available,yes,FFFF0000,Old site/pulled out/decommissioned,,,,,
Continuous,IESAS LUZON,CABN,2018,1---288,,,,FFFF0000,Old site/pulled out/decommissioned,,,,,
Continuous,IESAS LUZON,CABN,2019,,FF1E4E79,Data to be retrieved,no,FFFF0000,Old site/pulled out/decommissioned,,,,,
Continuous,IESAS LUZON,CACA,2013,,FF1E4E79,Data to be retrieved,no,FFFFFF00,Downloaded data this year,,,,,
Continuous,IESAS LUZON,CACA,2014,285---348,,,,FFFFFF00,Downloaded data this year,,,,,
Continuous,IESAS LUZON,CACA,2015,128---365,FF5B9BD5,Data available,yes,FFFFFF00,Downloaded data this year,,,,,
Continuous,IESAS LUZON,CACA,2016,1---366,FF5B9BD5,Data available,yes,FFFFFF00,Downloaded data this year,,,,,
Continuous,IESAS LUZON,CACA,2017,1---365,,,,FFFFFF00,Downloaded data this year,,,,,
Continuous,IESAS LUZON,CACA,2018,1---365,,,,FFFFFF00,Downloaded data this year,,,,,
Continuous,IESAS LUZON,CACA,2019,1---365,,,,FFFFFF00,Downloaded data this year,,,,,
Continuous,IESAS LUZON,CACA,2020,1---366,,,,FFFFFF00,Downloaded data this year,,,,,
Continuous,IESAS LUZON,CACA,2021,1---365,,,,FFFFFF00,Downloaded data this year,,,,,
Continuous,IESAS LUZON,CACA,2022,1---336,,,,FFFFFF00,Downloaded data this year,,,,,
Continuous,IESAS LUZON,CACA,2023,110---365,,,,FFFFFF00,Downloaded data this year,,,,,
Continuous,IESAS LUZON,CACA,2024,"1--95, 313--366",,,,FFFFFF00,Downloaded data this year,,,,,
Continuous,IESAS LUZON,CACA,2025,1--365,FF5B9BD5,Data available,yes,FFFFFF00,Downloaded data this year,,,,,
Continuous,IESAS LUZON,CACA,2026,1--110,FF5B9BD5,Data available,yes,FFFFFF00,Downloaded data this year,,,,,
Continuous,IESAS LUZON,CLAV,2012,,FF1E4E79,Data to be retrieved,no,FFFFFF00,Downloaded data this year,,,,,
Continuous,IESAS LUZON,CLAV,2014,280---365,,,,FFFFFF00,Downloaded data this year,,,,,
Continuous,IESAS LUZON,CLAV,2015,1---365,,,,FFFFFF00,Downloaded data this year,,,,,
Continuous,IESAS LUZON,CLAV,2016,"1-258, 299-366",,,,FFFFFF00,Downloaded data this year,,,,,
Continuous,IESAS LUZON,CLAV,2017,1---365,,,,FFFFFF00,Downloaded data this year,,,,,
Continuous,IESAS LUZON,CLAV,2018,1---365,,,,FFFFFF00,Downloaded data this year,,,,,
Continuous,IESAS LUZON,CLAV,2019,1---295,,,,FFFFFF00,Downloaded data this year,,,,,
Continuous,IESAS LUZON,CLAV,2022,"213, 336-365",,,,FFFFFF00,Downloaded data this year,,,,,
Continuous,IESAS LUZON,CLAV,2023,1---365,,,,FFFFFF00,Downloaded data this year,,,,,
Continuous,IESAS LUZON,CLAV,2024,"1--317, 328--332",,,,FFFFFF00,Downloaded data this year,,,,,
Continuous,IESAS LUZON,CLAV,2025,27--365,FF5B9BD5,Data available,yes,FFFFFF00,Downloaded data this year,,,,,
Continuous,IESAS LUZON,CLYN,2014,"219---295, 302, 304",,,,FFFF0000,Old site/pulled out/decommissioned,,,,,
Continuous,IESAS LUZON,CLYN,2015,252---365,,,,FFFF0000,Old site/pulled out/decommissioned,,,,,
Continuous,IESAS LUZON,CLYN,2016,1---147,,,,FFFF0000,Old site/pulled out/decommissioned,,,,,
Continuous,IESAS LUZON,CMGN,2013,,FF1E4E79,Data to be retrieved,no,FFFF0000,Old site/pulled out/decommissioned,,,,,
Continuous,IESAS LUZON,CMGN,2014,277---365,,,,FFFF0000,Old site/pulled out/decommissioned,,,,,
Continuous,IESAS LUZON,CMGN,2015,1---365,,,,FFFF0000,Old site/pulled out/decommissioned,,,,,
Continuous,IESAS LUZON,CMGN,2016,1---147,,,,FFFF0000,Old site/pulled out/decommissioned,,,,,
Continuous,IESAS LUZON,ELNA,2013,,FF1E4E79,Data to be retrieved,no,FFFFFF00,Downloaded data this year,,,,,
Continuous,IESAS LUZON,ELNA,2014,330---365,,,,FFFFFF00,Downloaded data this year,,,,,
Continuous,IESAS LUZON,ELNA,2015,1---360,,,,FFFFFF00,Downloaded data this year,,,,,
Continuous,IESAS LUZON,ELNA,2016,8---366,,,,FFFFFF00,Downloaded data this year,,,,,
Continuous,IESAS LUZON,ELNA,2017,1---365,,,,FFFFFF00,Downloaded data this year,,,,,
Continuous,IESAS LUZON,ELNA,2018,"1-232, 248-365",,,,FFFFFF00,Downloaded data this year,,,,,
Continuous,IESAS LUZON,ELNA,2019,"1-340, 342-365",,,,FFFFFF00,Downloaded data this year,,,,,
Continuous,IESAS LUZON,ELNA,2020,1---366,,,,FFFFFF00,Downloaded data this year,,,,,
Continuous,IESAS LUZON,ELNA,2021,1---365,,,,FFFFFF00,Downloaded data this year,,,,,
Continuous,IESAS LUZON,ELNA,2022,1---365,,,,FFFFFF00,Downloaded data this year,,,,,
Continuous,IESAS LUZON,ELNA,2023,1---208,,,,FFFFFF00,Downloaded data this year,,,,,
Continuous,IESAS LUZON,ELNA,2024,311---366,FF5B9BD5,Data available,yes,FFFFFF00,Downloaded data this year,,,,,
Continuous,IESAS LUZON,ELNA,2025,1---365,FF5B9BD5,Data available,yes,FFFFFF00,Downloaded data this year,,,,,
Continuous,IESAS LUZON,ELNA,2026,1---104,FF5B9BD5,Data available,yes,FFFFFF00,Downloaded data this year,,,,,
Continuous,IESAS LUZON,GUMA,2014,276---365,,,,FFFFFF00,Downloaded data this year,,,,,
Continuous,IESAS LUZON,GUMA,2015,1---365,,,,FFFFFF00,Downloaded data this year,,,,,
Continuous,IESAS LUZON,GUMA,2016,"1-113, 153-366",,,,FFFFFF00,Downloaded data this year,,,,,
Continuous,IESAS LUZON,GUMA,2017,1---365,,,,FFFFFF00,Downloaded data this year,,,,,
Continuous,IESAS LUZON,GUMA,2018,1---353,,,,FFFFFF00,Downloaded data this year,,,,,
Continuous,IESAS LUZON,GUMA,2019,140---365,,,,FFFFFF00,Downloaded data this year,,,,,
Continuous,IESAS LUZON,GUMA,2020,1---366,,,,FFFFFF00,Downloaded data this year,,,,,
Continuous,IESAS LUZON,GUMA,2021,1---365,,,,FFFFFF00,Downloaded data this year,,,,,
Continuous,IESAS LUZON,GUMA,2022,1---365,,,,FFFFFF00,Downloaded data this year,,,,,
Continuous,IESAS LUZON,GUMA,2023,"1-213, 277-309, 319-365",,,,FFFFFF00,Downloaded data this year,,,,,
Continuous,IESAS LUZON,GUMA,2024,"1-85, 166-257, 260-283, 304-366",,,,FFFFFF00,Downloaded data this year,,,,,
Continuous,IESAS LUZON,GUMA,2025,1--365,FF5B9BD5,Data available,yes,FFFFFF00,Downloaded data this year,,,,,
Continuous,IESAS LUZON,GUMA,2026,1---106,FF5B9BD5,Data available,yes,FFFFFF00,Downloaded data this year,,,,,
Continuous,IESAS LUZON,GUNG,2013,,FF1E4E79,Data to be retrieved,no,FFFFFF00,Downloaded data this year,,,,,
Continuous,IESAS LUZON,GUNG,2015,123---365,,,,FFFFFF00,Downloaded data this year,,,,,
Continuous,IESAS LUZON,GUNG,2016,1---366,,,,FFFFFF00,Downloaded data this year,,,,,
Continuous,IESAS LUZON,GUNG,2017,1---365,,,,FFFFFF00,Downloaded data this year,,,,,
Continuous,IESAS LUZON,GUNG,2018,1---365,,,,FFFFFF00,Downloaded data this year,,,,,
Continuous,IESAS LUZON,GUNG,2019,1---140,,,,FFFFFF00,Downloaded data this year,,,,,
Continuous,IESAS LUZON,GUNG,2022,335---365,,,,FFFFFF00,Downloaded data this year,,,,,
Continuous,IESAS LUZON,GUNG,2023,1---365,,,,FFFFFF00,Downloaded data this year,,,,,
Continuous,IESAS LUZON,GUNG,2024,1---366,,,,FFFFFF00,Downloaded data this year,,,,,
Continuous,IESAS LUZON,GUNG,2025,"1--174, 219--365",FF5B9BD5,Data available,yes,FFFFFF00,Downloaded data this year,,,,,
Continuous,IESAS LUZON,GUNG,2026,"1--4, 55--103",FF5B9BD5,Data available,yes,FFFFFF00,Downloaded data this year,,,,,
Continuous,IESAS LUZON,IBAZ,2012,,FF1E4E79,Data to be retrieved,no,FFFFFF00,Downloaded data this year,False,False,,,True
Continuous,IESAS LUZON,IBAZ,2013,,FF1E4E79,Data to be retrieved,no,FFFFFF00,Downloaded data this year,False,False,,,True
Continuous,IESAS LUZON,IBAZ,2014,285---365,,,,FFFFFF00,Downloaded data this year,False,False,,,True
Continuous,IESAS LUZON,IBAZ,2015,1---212,,,,FFFFFF00,Downloaded data this year,False,False,,,True
Continuous,IESAS LUZON,IBAZ,2016,146---366,,,,FFFFFF00,Downloaded data this year,False,False,,,True
Continuous,IESAS LUZON,IBAZ,2017,1---365,,,,FFFFFF00,Downloaded data this year,False,False,,,True
Continuous,IESAS LUZON,IBAZ,2018,1---292,,,,FFFFFF00,Downloaded data this year,False,False,,,True
Continuous,IESAS LUZON,IBAZ,2019,91---365,,,,FFFFFF00,Downloaded data this year,False,False,,,True
Continuous,IESAS LUZON,IBAZ,2020,1---366,,,,FFFFFF00,Downloaded data this year,False,False,,,True
Continuous,IESAS LUZON,IBAZ,2021,1---365,,,,FFFFFF00,Downloaded data this year,False,False,,,True
Continuous,IESAS LUZON,IBAZ,2022,1---341,,,,FFFFFF00,Downloaded data this year,False,False,,,True
Continuous,IESAS LUZON,IBAZ,2023,32---325,,,,FFFFFF00,Downloaded data this year,False,False,,,True
Continuous,IESAS LUZON,IBAZ,2024,"44--59, 102--366",,,,FFFFFF00,Downloaded data this year,False,False,,,True
Continuous,IESAS LUZON,IBAZ,2025,"1--318, 334--364",FF5B9BD5,Data available,yes,FFFFFF00,Downloaded data this year,False,False,,,True
Continuous,IESAS LUZON,IBAZ,2026,1--91,FF5B9BD5,Data available,yes,FFFFFF00,Downloaded data this year,False,False,,,True
Continuous,IESAS LUZON,INFA,2013,,FF1E4E79,Data to be retrieved,no,,,Processing,Processing,,,To retrieve
Continuous,IESAS LUZON,INFA,2014,"91-139, 276-365",,,,,,Processing,Processing,,,To retrieve
Continuous,IESAS LUZON,INFA,2015,1---299,,,,,,Processing,Processing,,,To retrieve
Continuous,IESAS LUZON,INFA,2016,155---366,,,,,,Processing,Processing,,,To retrieve
Continuous,IESAS LUZON,INFA,2017,1----365,,,,,,Processing,Processing,,,To retrieve
Continuous,IESAS LUZON,INFA,2018,1---299,,,,,,Processing,Processing,,,To retrieve
Continuous,IESAS LUZON,INFA,2019,"14, 16, 148-365",,,,,,Processing,Processing,,,To retrieve
Continuous,IESAS LUZON,INFA,2020,1---366,,,,,,Processing,Processing,,,To retrieve
Continuous,IESAS LUZON,INFA,2021,1---365,,,,,,Processing,Processing,,,To retrieve
Continuous,IESAS LUZON,INFA,2022,1---365,,,,,,Processing,Processing,,,To retrieve
Continuous,IESAS LUZON,INFA,2023,1---365,,,,,,Processing,Processing,,,To retrieve
Continuous,IESAS LUZON,INFA,2024,1---366,,,,,,Processing,Processing,,,To retrieve
Continuous,IESAS LUZON,INFA,2025,1--319,,,,,,Processing,Processing,,,To retrieve
Continuous,IESAS LUZON,INFA,2026,107.0,FF5B9BD5,Data available,yes,,,Processing,Processing,,,To retrieve
Continuous,IESAS LUZON,ITBA,2012,,FF1E4E79,Data to be retrieved,no,FFFF0000,Old site/pulled out/decommissioned,,,,,
Continuous,IESAS LUZON,ITBA,2013,244---365,,,,FFFF0000,Old site/pulled out/decommissioned,,,,,
Continuous,IESAS LUZON,ITBA,2014,1---365,,,,FFFF0000,Old site/pulled out/decommissioned,,,,,
Continuous,IESAS LUZON,ITBA,2015,1---365,,,,FFFF0000,Old site/pulled out/decommissioned,,,,,
Continuous,IESAS LUZON,ITBA,2016,"1---29, 67",,,,FFFF0000,Old site/pulled out/decommissioned,,,,,
Continuous,IESAS LUZON,LABO,2013,,FF1E4E79,Data to be retrieved,no,FFFFFF00,Downloaded data this year,,,,,
Continuous,IESAS LUZON,LABO,2014,329---365,,,,FFFFFF00,Downloaded data this year,,,,,
Continuous,IESAS LUZON,LABO,2015,1---365,,,,FFFFFF00,Downloaded data this year,,,,,
Continuous,IESAS LUZON,LABO,2016,1----348,,,,FFFFFF00,Downloaded data this year,,,,,
Continuous,IESAS LUZON,LABO,2017,28---365,,,,FFFFFF00,Downloaded data this year,,,,,
Continuous,IESAS LUZON,LABO,2018,1---365,,,,FFFFFF00,Downloaded data this year,,,,,
Continuous,IESAS LUZON,LABO,2019,141---365,,,,FFFFFF00,Downloaded data this year,,,,,
Continuous,IESAS LUZON,LABO,2020,"1-250, 320-329",,,,FFFFFF00,Downloaded data this year,,,,,
Continuous,IESAS LUZON,LABO,2022,"318--320, 334---356",,,,FFFFFF00,Downloaded data this year,,,,,
Continuous,IESAS LUZON,LABO,2023,277.0,,,,FFFFFF00,Downloaded data this year,,,,,
Continuous,IESAS LUZON,LABO,2024,"74, 170, 311",,,,FFFFFF00,Downloaded data this year,,,,,
Continuous,IESAS LUZON,LABO,2025,160--356,,,,FFFFFF00,Downloaded data this year,,,,,
Continuous,IESAS LUZON,LABO,2026,"35, 76",FF5B9BD5,Data available,yes,FFFFFF00,Downloaded data this year,,,,,
Continuous,IESAS LUZON,LAGW,2012,,FF1E4E79,Data to be retrieved,no,FF9900FF,Occupied as campaign,,,,,
Continuous,IESAS LUZON,LAGW,2013,,FF1E4E79,Data to be retrieved,no,FF9900FF,Occupied as campaign,,,,,
Continuous,IESAS LUZON,LAGW,2014,282---291,,,,FF9900FF,Occupied as campaign,,,,,
Continuous,IESAS LUZON,LAGW,2015,125-365,,,,FF9900FF,Occupied as campaign,,,,,
Continuous,IESAS LUZON,LAGW,2016,1---366,,,,FF9900FF,Occupied as campaign,,,,,
Continuous,IESAS LUZON,LAGW,2017,1---365,,,,FF9900FF,Occupied as campaign,,,,,
Continuous,IESAS LUZON,LAGW,2018,1---289,,,,FF9900FF,Occupied as campaign,,,,,
Continuous,IESAS LUZON,LAGW,2019,,FF1E4E79,Data to be retrieved,no,FF9900FF,Occupied as campaign,,,,,
Continuous,IESAS LUZON,LAGW,2022,332.0,FFFF9900,Not operational,yes,FF9900FF,Occupied as campaign,,,,,
Continuous,IESAS LUZON,LBAN,2014,282---365,,,,FFFF0000,Old site/pulled out/decommissioned,,,,,
Continuous,IESAS LUZON,LBAN,2015,1---365,,,,FFFF0000,Old site/pulled out/decommissioned,,,,,
Continuous,IESAS LUZON,LBAN,2016,1---340,,,,FFFF0000,Old site/pulled out/decommissioned,,,,,
Continuous,IESAS LUZON,LBAN,2017,"1-101, 134-365",,,,FFFF0000,Old site/pulled out/decommissioned,,,,,
Continuous,IESAS LUZON,LBAN,2018,"1-161, 294-365",,,,FFFF0000,Old site/pulled out/decommissioned,,,,,
Continuous,IESAS LUZON,LBAN,2019,1---144,,,,FFFF0000,Old site/pulled out/decommissioned,,,,,
Continuous,IESAS LUZON,LBAN,2022,337--365,,,,FFFF0000,Old site/pulled out/decommissioned,,,,,
Continuous,IESAS LUZON,LBAN,2023,1--365,,,,FFFF0000,Old site/pulled out/decommissioned,,,,,
Continuous,IESAS LUZON,LBAN,2024,1--314,,,,FFFF0000,Old site/pulled out/decommissioned,,,,,
Continuous,IESAS LUZON,LGYE,2013,,FF1E4E79,Data to be retrieved,no,FFFFFF00,Downloaded data this year,,,,,
Continuous,IESAS LUZON,LGYE,2014,222---365,,,,FFFFFF00,Downloaded data this year,,,,,
Continuous,IESAS LUZON,LGYE,2015,1---365,,,,FFFFFF00,Downloaded data this year,,,,,
Continuous,IESAS LUZON,LGYE,2016,1---366,,,,FFFFFF00,Downloaded data this year,,,,,
Continuous,IESAS LUZON,LGYE,2017,"1-43, 136-365",,,,FFFFFF00,Downloaded data this year,,,,,
Continuous,IESAS LUZON,LGYE,2018,1---250,,,,FFFFFF00,Downloaded data this year,,,,,
Continuous,IESAS LUZON,LGYE,2019,141---365,,,,FFFFFF00,Downloaded data this year,,,,,
Continuous,IESAS LUZON,LGYE,2020,1---366,,,,FFFFFF00,Downloaded data this year,,,,,
Continuous,IESAS LUZON,LGYE,2021,1---356,,,,FFFFFF00,Downloaded data this year,,,,,
Continuous,IESAS LUZON,LGYE,2022,292---365,,,,FFFFFF00,Downloaded data this year,,,,,
Continuous,IESAS LUZON,LGYE,2023,"1-264, 333-365",,,,FFFFFF00,Downloaded data this year,,,,,
Continuous,IESAS LUZON,LGYE,2024,1---263; 313--366,,,,FFFFFF00,Downloaded data this year,,,,,
Continuous,IESAS LUZON,LGYE,2025,1--365,FF5B9BD5,Data available,yes,FFFFFF00,Downloaded data this year,,,,,
Continuous,IESAS LUZON,LGYE,2026,1--105,FF5B9BD5,Data available,yes,FFFFFF00,Downloaded data this year,,,,,
Continuous,IESAS LUZON,LUCB,2013,,FF1E4E79,Data to be retrieved,no,FFFF0000,Old site/pulled out/decommissioned,,,,,
Continuous,IESAS LUZON,LUCB,2014,284---365,,,,FFFF0000,Old site/pulled out/decommissioned,,,,,
Continuous,IESAS LUZON,LUCB,2015,1---365,,,,FFFF0000,Old site/pulled out/decommissioned,,,,,
Continuous,IESAS LUZON,LUCB,2016,1---333,,,,FFFF0000,Old site/pulled out/decommissioned,,,,,
Continuous,IESAS LUZON,LUCB,2017,"3-23, 69-365",,,,FFFF0000,Old site/pulled out/decommissioned,,,,,
Continuous,IESAS LUZON,LUCB,2018,1---167,,,,FFFF0000,Old site/pulled out/decommissioned,,,,,
Continuous,IESAS LUZON,MABN,2012,,FF1E4E79,Data to be retrieved,no,FFFFFF00,Downloaded data this year,,,,,
Continuous,IESAS LUZON,MABN,2013,,FF1E4E79,Data to be retrieved,no,FFFFFF00,Downloaded data this year,,,,,
Continuous,IESAS LUZON,MABN,2014,286---365,,,,FFFFFF00,Downloaded data this year,,,,,
Continuous,IESAS LUZON,MABN,2015,1---365,,,,FFFFFF00,Downloaded data this year,,,,,
Continuous,IESAS LUZON,MABN,2016,1--366,,,,FFFFFF00,Downloaded data this year,,,,,
Continuous,IESAS LUZON,MABN,2017,1---365,,,,FFFFFF00,Downloaded data this year,,,,,
Continuous,IESAS LUZON,MABN,2018,1----365,,,,FFFFFF00,Downloaded data this year,,,,,
Continuous,IESAS LUZON,MABN,2019,1---365,,,,FFFFFF00,Downloaded data this year,,,,,
Continuous,IESAS LUZON,MABN,2020,1---366,,,,FFFFFF00,Downloaded data this year,,,,,
Continuous,IESAS LUZON,MABN,2021,1---365,,,,FFFFFF00,Downloaded data this year,,,,,
Continuous,IESAS LUZON,MABN,2022,"1-263, 292-294, 308, 341-365",,,,FFFFFF00,Downloaded data this year,,,,,
Continuous,IESAS LUZON,MABN,2023,1---365,,,,FFFFFF00,Downloaded data this year,,,,,
Continuous,IESAS LUZON,MABN,2024,1---366,,,,FFFFFF00,Downloaded data this year,,,,,
Continuous,IESAS LUZON,MABN,2025,"1--178, 318-365",FF5B9BD5,Data available,yes,FFFFFF00,Downloaded data this year,,,,,
Continuous,IESAS LUZON,MABN,2026,1--37,FF5B9BD5,Data available,yes,FFFFFF00,Downloaded data this year,,,,,
Continuous,IESAS LUZON,MALA,2013,,FF1E4E79,Data to be retrieved,no,FFFF0000,Old site/pulled out/decommissioned,True,True,,,False
Continuous,IESAS LUZON,MALA,2014,329---365,,,,FFFF0000,Old site/pulled out/decommissioned,True,True,,,False
Continuous,IESAS LUZON,MALA,2015,"1-16, 124-365",,,,FFFF0000,Old site/pulled out/decommissioned,True,True,,,False
Continuous,IESAS LUZON,MALA,2016,1---366,,,,FFFF0000,Old site/pulled out/decommissioned,True,True,,,False
Continuous,IESAS LUZON,MALA,2017,1---365,,,,FFFF0000,Old site/pulled out/decommissioned,True,True,,,False
Continuous,IESAS LUZON,MALA,2018,1---365,,,,FFFF0000,Old site/pulled out/decommissioned,True,True,,,False
Continuous,IESAS LUZON,MALA,2019,1---365,,,,FFFF0000,Old site/pulled out/decommissioned,True,True,,,False
Continuous,IESAS LUZON,MALA,2020,1---274,,,,FFFF0000,Old site/pulled out/decommissioned,True,True,,,False
Continuous,IESAS LUZON,MALA,2021,"6-18, 50-365",,,,FFFF0000,Old site/pulled out/decommissioned,True,True,,,False
Continuous,IESAS LUZON,MALA,2022,"1-237, 298-334",,,,FFFF0000,Old site/pulled out/decommissioned,True,True,,,False
Continuous,IESAS LUZON,MALG,2012,,FF1E4E79,Data to be retrieved,no,FF9900FF,Occupied as campaign,Finished,Finished,,,Data complete
Continuous,IESAS LUZON,MALG,2013,,FF1E4E79,Data to be retrieved,no,FF9900FF,Occupied as campaign,Finished,Finished,,,Data complete
Continuous,IESAS LUZON,MALG,2014,"101-208, 335",,,,FF9900FF,Occupied as campaign,Finished,Finished,,,Data complete
Continuous,IESAS LUZON,MALG,2015,251---365,,,,FF9900FF,Occupied as campaign,Finished,Finished,,,Data complete
Continuous,IESAS LUZON,MALG,2016,"1-78, 145-366",,,,FF9900FF,Occupied as campaign,Finished,Finished,,,Data complete
Continuous,IESAS LUZON,MALG,2017,1---284,,,,FF9900FF,Occupied as campaign,Finished,Finished,,,Data complete
Continuous,IESAS LUZON,MALG,2018,"108-281, 289",,,,FF9900FF,Occupied as campaign,Finished,Finished,,,Data complete
Continuous,IESAS LUZON,MALG,2022,333---334,FFFF9900,Not operational,yes,FF9900FF,Occupied as campaign,Finished,Finished,,,Data complete
Continuous,IESAS LUZON,MALS,2013,,FF1E4E79,Data to be retrieved,no,FFFF0000,Old site/pulled out/decommissioned,,,,,
Continuous,IESAS LUZON,MALS,2014,283---365,,,,FFFF0000,Old site/pulled out/decommissioned,,,,,
Continuous,IESAS LUZON,MALS,2015,1---365,,,,FFFF0000,Old site/pulled out/decommissioned,,,,,
Continuous,IESAS LUZON,MALS,2016,1---278,,,,FFFF0000,Old site/pulled out/decommissioned,,,,,
Continuous,IESAS LUZON,MARK,2013,,FF1E4E79,Data to be retrieved,no,FFFFFF00,Downloaded data this year,,,,,
Continuous,IESAS LUZON,MARK,2014,282---365,,,,FFFFFF00,Downloaded data this year,,,,,
Continuous,IESAS LUZON,MARK,2015,"1-203, 302-365",,,,FFFFFF00,Downloaded data this year,,,,,
Continuous,IESAS LUZON,MARK,2016,"1-55, 125,154-274",,,,FFFFFF00,Downloaded data this year,,,,,
Continuous,IESAS LUZON,MARK,2017,,FF1E4E79,Data to be retrieved,no,FFFFFF00,Downloaded data this year,,,,,
Continuous,IESAS LUZON,MARK,2018,106----365,,,,FFFFFF00,Downloaded data this year,,,,,
Continuous,IESAS LUZON,MARK,2019,1---365,,,,FFFFFF00,Downloaded data this year,,,,,
Continuous,IESAS LUZON,MARK,2020,1---366,,,,FFFFFF00,Downloaded data this year,,,,,
Continuous,IESAS LUZON,MARK,2021,1---365,,,,FFFFFF00,Downloaded data this year,,,,,
Continuous,IESAS LUZON,MARK,2022,1---350,,,,FFFFFF00,Downloaded data this year,,,,,
Continuous,IESAS LUZON,MARK,2023,"56-72, 286-365",,,,FFFFFF00,Downloaded data this year,,,,,
Continuous,IESAS LUZON,MARK,2024,"1--9, 153--185, 219--322, 325--366",,,,FFFFFF00,Downloaded data this year,,,,,
Continuous,IESAS LUZON,MARK,2025,"1--27, 322--365",FF5B9BD5,Data available,yes,FFFFFF00,Downloaded data this year,,,,,
Continuous,IESAS LUZON,MARK,2026,1--108,FF5B9BD5,Data available,yes,FFFFFF00,Downloaded data this year,,,,,
Continuous,IESAS LUZON,MAUB,2013,,FF1E4E79,Data to be retrieved,no,FFFFFF00,Downloaded data this year,,,,,
Continuous,IESAS LUZON,MAUB,2014,"99-133, 164-166, 276---365",,,,FFFFFF00,Downloaded data this year,,,,,
Continuous,IESAS LUZON,MAUB,2015,"1-88, 127-365",,,,FFFFFF00,Downloaded data this year,,,,,
Continuous,IESAS LUZON,MAUB,2016,1---366,,,,FFFFFF00,Downloaded data this year,,,,,
Continuous,IESAS LUZON,MAUB,2017,1---365,,,,FFFFFF00,Downloaded data this year,,,,,
Continuous,IESAS LUZON,MAUB,2018,1---365,,,,FFFFFF00,Downloaded data this year,,,,,
Continuous,IESAS LUZON,MAUB,2019,"1-48, 147-365",,,,FFFFFF00,Downloaded data this year,,,,,
Continuous,IESAS LUZON,MAUB,2020,1---256,,,,FFFFFF00,Downloaded data this year,,,,,
Continuous,IESAS LUZON,MAUB,2021,68---344,,,,FFFFFF00,Downloaded data this year,,,,,
Continuous,IESAS LUZON,MAUB,2022,"16---109, 332---365",,,,FFFFFF00,Downloaded data this year,,,,,
Continuous,IESAS LUZON,MAUB,2023,1---313,,,,FFFFFF00,Downloaded data this year,,,,,
Continuous,IESAS LUZON,MAUB,2024,"170--201, 308--366",,,,FFFFFF00,Downloaded data this year,,,,,
Continuous,IESAS LUZON,MAUB,2025,1--365,FF5B9BD5,Data available,yes,FFFFFF00,Downloaded data this year,,,,,
Continuous,IESAS LUZON,MAUB,2026,1--110,FF5B9BD5,Data available,yes,FFFFFF00,Downloaded data this year,,,,,
Continuous,IESAS LUZON,MUNT,2013,,FF1E4E79,Data to be retrieved,no,FFFF0000,Old site/pulled out/decommissioned,,,,,
Continuous,IESAS LUZON,MUNT,2014,"98-111, 287-365",,,,FFFF0000,Old site/pulled out/decommissioned,,,,,
Continuous,IESAS LUZON,MUNT,2015,1---365,,,,FFFF0000,Old site/pulled out/decommissioned,,,,,
Continuous,IESAS LUZON,MUNT,2016,1---288,,,,FFFF0000,Old site/pulled out/decommissioned,,,,,
Continuous,IESAS LUZON,MUNT,2017,20---365,,,,FFFF0000,Old site/pulled out/decommissioned,,,,,
Continuous,IESAS LUZON,MUNT,2018,1---222,,,,FFFF0000,Old site/pulled out/decommissioned,,,,,
Continuous,IESAS LUZON,MUNZ,2012,,FF1E4E79,Data to be retrieved,no,FFFFFF00,Downloaded data this year,,,,,
Continuous,IESAS LUZON,MUNZ,2014,275---365,,,,FFFFFF00,Downloaded data this year,,,,,
Continuous,IESAS LUZON,MUNZ,2015,1---365,,,,FFFFFF00,Downloaded data this year,,,,,
Continuous,IESAS LUZON,MUNZ,2016,"1-67, 150-366",,,,FFFFFF00,Downloaded data this year,,,,,
Continuous,IESAS LUZON,MUNZ,2017,"1-86, 134-365",,,,FFFFFF00,Downloaded data this year,,,,,
Continuous,IESAS LUZON,MUNZ,2018,a,,,,FFFFFF00,Downloaded data this year,,,,,
Continuous,IESAS LUZON,MUNZ,2019,143---365,FFFF0000,Old site/pulled out/decommissioned,yes,FFFFFF00,Downloaded data this year,,,,,
Continuous,IESAS LUZON,MUNZ,2020,1---366,,,,FFFFFF00,Downloaded data this year,,,,,
Continuous,IESAS LUZON,MUNZ,2021,1---365,,,,FFFFFF00,Downloaded data this year,,,,,
Continuous,IESAS LUZON,MUNZ,2022,1---365,,,,FFFFFF00,Downloaded data this year,,,,,
Continuous,IESAS LUZON,MUNZ,2023,1---365,,,,FFFFFF00,Downloaded data this year,,,,,
Continuous,IESAS LUZON,MUNZ,2024,"1---67, 114--115, 303--366",,,,FFFFFF00,Downloaded data this year,,,,,
Continuous,IESAS LUZON,MUNZ,2025,"1--116, 320--331",,,,FFFFFF00,Downloaded data this year,,,,,
Continuous,IESAS LUZON,PAGP,2013,320---365,,,,FFFFFF00,Downloaded data this year,,,,,
Continuous,IESAS LUZON,PAGP,2014,1---365,,,,FFFFFF00,Downloaded data this year,,,,,
Continuous,IESAS LUZON,PAGP,2015,1---365,,,,FFFFFF00,Downloaded data this year,,,,,
Continuous,IESAS LUZON,PAGP,2016,1---366,,,,FFFFFF00,Downloaded data this year,,,,,
Continuous,IESAS LUZON,PAGP,2017,"1-149, 269-312",,,,FFFFFF00,Downloaded data this year,,,,,
Continuous,IESAS LUZON,PAGP,2018,56---361,,,,FFFFFF00,Downloaded data this year,,,,,
Continuous,IESAS LUZON,PAGP,2019,28---365,,,,FFFFFF00,Downloaded data this year,,,,,
Continuous,IESAS LUZON,PAGP,2020,1---351,,,,FFFFFF00,Downloaded data this year,,,,,
Continuous,IESAS LUZON,PAGP,2021,"177-207, 229-365",,,,FFFFFF00,Downloaded data this year,,,,,
Continuous,IESAS LUZON,PAGP,2022,a,,,,FFFFFF00,Downloaded data this year,,,,,
Continuous,IESAS LUZON,PAGP,2023,1---332,,,,FFFFFF00,Downloaded data this year,,,,,
Continuous,IESAS LUZON,PAGP,2024,"93--261, 311--366",,,,FFFFFF00,Downloaded data this year,,,,,
Continuous,IESAS LUZON,PAGP,2025,1--365,FF5B9BD5,Data available,yes,FFFFFF00,Downloaded data this year,,,,,
Continuous,IESAS LUZON,PAGP,2026,1--104,FF5B9BD5,Data available,yes,FFFFFF00,Downloaded data this year,,,,,
Continuous,IESAS LUZON,POLI,2014,70---365,,,,FFFFFF00,Downloaded data this year,,,,,
Continuous,IESAS LUZON,POLI,2015,"1---14, 299,300",,,,FFFFFF00,Downloaded data this year,,,,,
Continuous,IESAS LUZON,POLI,2016,245---366,,,,FFFFFF00,Downloaded data this year,,,,,
Continuous,IESAS LUZON,POLI,2017,1---365,,,,FFFFFF00,Downloaded data this year,,,,,
Continuous,IESAS LUZON,POLI,2018,1---362,,,,FFFFFF00,Downloaded data this year,,,,,
Continuous,IESAS LUZON,POLI,2019,"3---46, 148",,,,FFFFFF00,Downloaded data this year,,,,,
Continuous,IESAS LUZON,POLI,2023,25---365,,,,FFFFFF00,Downloaded data this year,,,,,
Continuous,IESAS LUZON,POLI,2024,1---366,,,,FFFFFF00,Downloaded data this year,,,,,
Continuous,IESAS LUZON,POLI,2025,1---365,,,,FFFFFF00,Downloaded data this year,,,,,
Continuous,IESAS LUZON,POLI,2026,1--107,FF5B9BD5,Data available,yes,FFFFFF00,Downloaded data this year,,,,,
Continuous,IESAS LUZON,PTBN,2012,,FF1E4E79,Data to be retrieved,no,FFFFFF00,Downloaded data this year,,,,,
Continuous,IESAS LUZON,PTBN,2014,283---365,,,,FFFFFF00,Downloaded data this year,,,,,
Continuous,IESAS LUZON,PTBN,2015,"1-75, 119-128, 295-300",,,,FFFFFF00,Downloaded data this year,,,,,
Continuous,IESAS LUZON,PTBN,2016,149---366,,,,FFFFFF00,Downloaded data this year,,,,,
Continuous,IESAS LUZON,PTBN,2017,1---365,,,,FFFFFF00,Downloaded data this year,,,,,
Continuous,IESAS LUZON,PTBN,2018,1---289,,,,FFFFFF00,Downloaded data this year,,,,,
Continuous,IESAS LUZON,PTBN,2019,"1-173, 223-365",,,,FFFFFF00,Downloaded data this year,,,,,
Continuous,IESAS LUZON,PTBN,2020,1---366,,,,FFFFFF00,Downloaded data this year,,,,,
Continuous,IESAS LUZON,PTBN,2021,1---251,,,,FFFFFF00,Downloaded data this year,,,,,
Continuous,IESAS LUZON,PTBN,2022,342---365,,,,FFFFFF00,Downloaded data this year,,,,,
Continuous,IESAS LUZON,PTBN,2023,1---365,,,,FFFFFF00,Downloaded data this year,,,,,
Continuous,IESAS LUZON,PTBN,2024,1---366,,,,FFFFFF00,Downloaded data this year,,,,,
Continuous,IESAS LUZON,PTBN,2025,"1--164, 183--219, 320--338",,,,FFFFFF00,Downloaded data this year,,,,,
Continuous,IESAS LUZON,SAPN,2017,132---365,,,,FFFFFF00,Downloaded data this year,,,,,
Continuous,IESAS LUZON,SAPN,2018,1---365,,,,FFFFFF00,Downloaded data this year,,,,,
Continuous,IESAS LUZON,SAPN,2019,1---365,,,,FFFFFF00,Downloaded data this year,,,,,
Continuous,IESAS LUZON,SAPN,2020,1---366,,,,FFFFFF00,Downloaded data this year,,,,,
Continuous,IESAS LUZON,SAPN,2021,1---365,,,,FFFFFF00,Downloaded data this year,,,,,
Continuous,IESAS LUZON,SAPN,2022,1---365,,,,FFFFFF00,Downloaded data this year,,,,,
Continuous,IESAS LUZON,SAPN,2023,"1---41, 61, 101---365",,,,FFFFFF00,Downloaded data this year,,,,,
Continuous,IESAS LUZON,SAPN,2024,1--366,,,,FFFFFF00,Downloaded data this year,,,,,
Continuous,IESAS LUZON,SAPN,2025,"1--299, 312--365",,,,FFFFFF00,Downloaded data this year,,,,,
Continuous,IESAS LUZON,SAPN,2026,1--110,FF5B9BD5,Data available,yes,FFFFFF00,Downloaded data this year,,,,,
Continuous,IESAS LUZON,SINI,2014,106---365,,,,FFFF0000,Old site/pulled out/decommissioned,,,,,
Continuous,IESAS LUZON,SINI,2015,"1-17, 126-219, 301-343",FFFF0000,Old site/pulled out/decommissioned,yes,FFFF0000,Old site/pulled out/decommissioned,,,,,
Continuous,IESAS LUZON,SINI,2016,1---348,,,,FFFF0000,Old site/pulled out/decommissioned,,,,,
Continuous,IESAS LUZON,SINI,2017,5---307,,,,FFFF0000,Old site/pulled out/decommissioned,,,,,
Continuous,IESAS LUZON,SINI,2018,297---315,,,,FFFF0000,Old site/pulled out/decommissioned,,,,,
Continuous,IESAS LUZON,SINI,2019,9---365,,,,FFFF0000,Old site/pulled out/decommissioned,,,,,
Continuous,IESAS LUZON,SINI,2020,1---366,,,,FFFF0000,Old site/pulled out/decommissioned,,,,,
Continuous,IESAS LUZON,SINI,2021,1---365,,,,FFFF0000,Old site/pulled out/decommissioned,,,,,
Continuous,IESAS LUZON,SINI,2022,1---365,,,,FFFF0000,Old site/pulled out/decommissioned,,,,,
Continuous,IESAS LUZON,SINI,2023,1---18,,,,FFFF0000,Old site/pulled out/decommissioned,,,,,
Continuous,IESAS LUZON,SOLA,2012,,FF1E4E79,Data to be retrieved,no,FFFF9900,Not operational,,,,,
Continuous,IESAS LUZON,SOLA,2015,301---365,,,,FFFF9900,Not operational,,,,,
Continuous,IESAS LUZON,SOLA,2016,"1-112, 116, 144-182, 214-366",,,,FFFF9900,Not operational,,,,,
Continuous,IESAS LUZON,SOLA,2017,"1-167, 274-289",,,,FFFF9900,Not operational,,,,,
Continuous,IESAS LUZON,SOLA,2018,106---332,,,,FFFF9900,Not operational,,,,,
Continuous,IESAS LUZON,SOLA,2019,141---348,,,,FFFF9900,Not operational,,,,,
Continuous,IESAS LUZON,SOLA,2020,22---350,,,,FFFF9900,Not operational,,,,,
Continuous,IESAS LUZON,SOLA,2021,"24-176, 197-360",,,,FFFF9900,Not operational,,,,,
Continuous,IESAS LUZON,SOLA,2022,32---332,,,,FFFF9900,Not operational,,,,,
Continuous,IESAS LUZON,SPAB,2013,,FF1E4E79,Data to be retrieved,no,FFFFFF00,Downloaded data this year,,,,,
Continuous,IESAS LUZON,SPAB,2014,"281, 285",,,,FFFFFF00,Downloaded data this year,,,,,
Continuous,IESAS LUZON,SPAB,2015,"127-128, 142-165, 296-365",,,,FFFFFF00,Downloaded data this year,,,,,
Continuous,IESAS LUZON,SPAB,2016,1---366,,,,FFFFFF00,Downloaded data this year,,,,,
Continuous,IESAS LUZON,SPAB,2017,1---365,,,,FFFFFF00,Downloaded data this year,,,,,
Continuous,IESAS LUZON,SPAB,2018,1---365,,,,FFFFFF00,Downloaded data this year,,,,,
Continuous,IESAS LUZON,SPAB,2019,1---365,,,,FFFFFF00,Downloaded data this year,,,,,
Continuous,IESAS LUZON,SPAB,2020,"1-345, 354",,,,FFFFFF00,Downloaded data this year,,,,,
Continuous,IESAS LUZON,SPAB,2021,71---352,,,,FFFFFF00,Downloaded data this year,,,,,
Continuous,IESAS LUZON,SPAB,2022,"1-113, 297-365",,,,FFFFFF00,Downloaded data this year,,,,,
Continuous,IESAS LUZON,SPAB,2023,1---326,,,,FFFFFF00,Downloaded data this year,,,,,
Continuous,IESAS LUZON,SPAB,2024,25---366,,,,FFFFFF00,Downloaded data this year,,,,,
Continuous,IESAS LUZON,SPAB,2025,"1--32, 318--365",,,,FFFFFF00,Downloaded data this year,,,,,
Continuous,IESAS LUZON,SPAB,2026,1--110,FF5B9BD5,Data available,yes,FFFFFF00,Downloaded data this year,,,,,
Continuous,IESAS LUZON,STNA,2013,319---365,,,,FFFF0000,Old site/pulled out/decommissioned,,,,,
Continuous,IESAS LUZON,STNA,2014,1---365,,,,FFFF0000,Old site/pulled out/decommissioned,,,,,
Continuous,IESAS LUZON,STNA,2015,1---365,,,,FFFF0000,Old site/pulled out/decommissioned,,,,,
Continuous,IESAS LUZON,STNA,2016,"1-250, 298",,,,FFFF0000,Old site/pulled out/decommissioned,,,,,
Continuous,IESAS LUZON,STNA,2017,"130-160, 268-310",,,,FFFF0000,Old site/pulled out/decommissioned,,,,,
Continuous,IESAS LUZON,STNA,2018,109---365,,,,FFFF0000,Old site/pulled out/decommissioned,,,,,
Continuous,IESAS LUZON,STNA,2019,"1-149, 190",,,,FFFF0000,Old site/pulled out/decommissioned,,,,,
Continuous,IESAS LUZON,STNA,2021,176---289,,,,FFFF0000,Old site/pulled out/decommissioned,,,,,
Continuous,IESAS LUZON,TANY,2013,,FF1E4E79,Data to be retrieved,no,FFFFFF00,Downloaded data this year,,,,,
Continuous,IESAS LUZON,TANY,2014,"110-208, 275-365",,,,FFFFFF00,Downloaded data this year,,,,,
Continuous,IESAS LUZON,TANY,2015,"1-121, 125-365",,,,FFFFFF00,Downloaded data this year,,,,,
Continuous,IESAS LUZON,TANY,2016,1---366,,,,FFFFFF00,Downloaded data this year,,,,,
Continuous,IESAS LUZON,TANY,2017,1---365,,,,FFFFFF00,Downloaded data this year,,,,,
Continuous,IESAS LUZON,TANY,2018,1---349,,,,FFFFFF00,Downloaded data this year,,,,,
Continuous,IESAS LUZON,TANY,2019,25---365,,,,FFFFFF00,Downloaded data this year,,,,,
Continuous,IESAS LUZON,TANY,2020,1---366,FF5B9BD5,Data available,yes,FFFFFF00,Downloaded data this year,,,,,
Continuous,IESAS LUZON,TANY,2021,1---365,,,,FFFFFF00,Downloaded data this year,,,,,
Continuous,IESAS LUZON,TANY,2022,"1-303, 339-365",,,,FFFFFF00,Downloaded data this year,,,,,
Continuous,IESAS LUZON,TANY,2023,1---365,,,,FFFFFF00,Downloaded data this year,,,,,
Continuous,IESAS LUZON,TANY,2024,1--366,,,,FFFFFF00,Downloaded data this year,,,,,
Continuous,IESAS LUZON,TANY,2025,"1--321, 323--354",FF5B9BD5,Data available,yes,FFFFFF00,Downloaded data this year,,,,,
Continuous,IESAS LUZON,TGDN,2012,,FF1E4E79,Data to be retrieved,no,FFFFFF00,Downloaded data this year,,,,,
Continuous,IESAS LUZON,TGDN,2014,337---365,,,,FFFFFF00,Downloaded data this year,,,,,
Continuous,IESAS LUZON,TGDN,2015,1---365,,,,FFFFFF00,Downloaded data this year,,,,,
Continuous,IESAS LUZON,TGDN,2016,1---366,,,,FFFFFF00,Downloaded data this year,,,,,
Continuous,IESAS LUZON,TGDN,2017,1---365,,,,FFFFFF00,Downloaded data this year,,,,,
Continuous,IESAS LUZON,TGDN,2018,1---365,,,,FFFFFF00,Downloaded data this year,,,,,
Continuous,IESAS LUZON,TGDN,2019,1---149,,,,FFFFFF00,Downloaded data this year,,,,,
Continuous,IESAS LUZON,TGDN,2021,"179-200, 341-365",,,,FFFFFF00,Downloaded data this year,,,,,
Continuous,IESAS LUZON,TGDN,2022,1---364,,,,FFFFFF00,Downloaded data this year,,,,,
Continuous,IESAS LUZON,TGDN,2023,2---363,,,,FFFFFF00,Downloaded data this year,,,,,
Continuous,IESAS LUZON,TGDN,2024,1---296; 299--305; 308--318,,,,FFFFFF00,Downloaded data this year,,,,,
Continuous,IESAS LUZON,TGDN,2025,1--365,,,,FFFFFF00,Downloaded data this year,,,,,
Continuous,IESAS LUZON,TGDN,2026,1--103,FF5B9BD5,Data available,yes,FFFFFF00,Downloaded data this year,,,,,
Continuous,IESAS LUZON,TUAO,2012,,FF1E4E79,Data to be retrieved,no,FFFF0000,Old site/pulled out/decommissioned,,,,,
Continuous,IESAS LUZON,TUAO,2014,101---365,,,,FFFF0000,Old site/pulled out/decommissioned,,,,,
Continuous,IESAS LUZON,TUAO,2015,1---118,,,,FFFF0000,Old site/pulled out/decommissioned,,,,,
Continuous,IESAS LUZON,URDT,2012,,FF1E4E79,Data to be retrieved,no,FFFF0000,Old site/pulled out/decommissioned,,,,,
Continuous,IESAS LUZON,URDT,2013,,FF1E4E79,Data to be retrieved,no,FFFF0000,Old site/pulled out/decommissioned,,,,,
Continuous,IESAS LUZON,URDT,2014,284---365,,,,FFFF0000,Old site/pulled out/decommissioned,,,,,
Continuous,IESAS LUZON,URDT,2015,1---365,,,,FFFF0000,Old site/pulled out/decommissioned,,,,,
Continuous,IESAS LUZON,URDT,2016,1---366,,,,FFFF0000,Old site/pulled out/decommissioned,,,,,
Continuous,IESAS LUZON,URDT,2017,"1-22, 133-365",,,,FFFF0000,Old site/pulled out/decommissioned,,,,,
Continuous,IESAS LUZON,URDT,2018,1---10,,,,FFFF0000,Old site/pulled out/decommissioned,,,,,
Continuous,IESAS LUZON,VIGN,2012,,FF1E4E79,Data to be retrieved,no,FFFFFF00,Downloaded data this year,,,,,
Continuous,IESAS LUZON,VIGN,2013,,FF1E4E79,Data to be retrieved,no,FFFFFF00,Downloaded data this year,,,,,
Continuous,IESAS LUZON,VIGN,2014,"281-357, 363",,,,FFFFFF00,Downloaded data this year,,,,,
Continuous,IESAS LUZON,VIGN,2015,3---365,,,,FFFFFF00,Downloaded data this year,,,,,
Continuous,IESAS LUZON,VIGN,2016,1---366,,,,FFFFFF00,Downloaded data this year,,,,,
Continuous,IESAS LUZON,VIGN,2017,1---270,,,,FFFFFF00,Downloaded data this year,,,,,
Continuous,IESAS LUZON,VIGN,2018,114---362,,,,FFFFFF00,Downloaded data this year,,,,,
Continuous,IESAS LUZON,VIGN,2019,2---365,,,,FFFFFF00,Downloaded data this year,,,,,
Continuous,IESAS LUZON,VIGN,2020,1---366,,,,FFFFFF00,Downloaded data this year,,,,,
Continuous,IESAS LUZON,VIGN,2021,1---365,,,,FFFFFF00,Downloaded data this year,,,,,
Continuous,IESAS LUZON,VIGN,2022,1---365,,,,FFFFFF00,Downloaded data this year,,,,,
Continuous,IESAS LUZON,VIGN,2023,1---365,,,,FFFFFF00,Downloaded data this year,,,,,
Continuous,IESAS LUZON,VIGN,2024,1---365,,,,FFFFFF00,Downloaded data this year,,,,,
Continuous,IESAS LUZON,VIGN,2025,"3--304, 317--365",FF5B9BD5,Data available,yes,FFFFFF00,Downloaded data this year,,,,,
Continuous,IESAS LUZON,VIGN,2026,1--102,FF5B9BD5,Data available,yes,FFFFFF00,Downloaded data this year,,,,,
Continuous,IGS STATIONS,PIMO,2016,1---366,,,,,,,,,,
Continuous,IGS STATIONS,PIMO,2017,1---365,,,,,,,,,,
Continuous,IGS STATIONS,PIMO,2018,1---365,,,,,,,,,,
Continuous,IGS STATIONS,PIMO,2019,1---365,,,,,,,,,,
Continuous,IGS STATIONS,PIMO,2020,1---366,,,,,,,,,,
Continuous,IGS STATIONS,PIMO,2021,1---365,,,,,,,,,,
Continuous,IGS STATIONS,PIMO,2022,"1---73, 271---365",,,,,,,,,,
Continuous,IGS STATIONS,PIMO,2023,1---365,,,,,,,,,,
Continuous,IGS STATIONS,PIMO,2024,1---366,,,,,,,,,,
Continuous,IGS STATIONS,PIMO,2025,1---365,,,,,,,,,,
Continuous,IGS STATIONS,PIMO,2026,1---35,,,,,,,,,,
Continuous,NCKU VFS SINGLE FREQUENCY,ACDR,2017,128---365,,,,FFFF0000,Old site/pulled out/decommissioned,,,2016-2026,,
Continuous,NCKU VFS SINGLE FREQUENCY,ACDR,2018,1---252,,,,FFFF0000,Old site/pulled out/decommissioned,,,2016-2026,,
Continuous,NCKU VFS SINGLE FREQUENCY,ACDR,2019,"123, 146-365",,,,FFFF0000,Old site/pulled out/decommissioned,,,2016-2026,,
Continuous,NCKU VFS SINGLE FREQUENCY,ACDR,2020,"1-136, 190-366",,,,FFFF0000,Old site/pulled out/decommissioned,,,2016-2026,,
Continuous,NCKU VFS SINGLE FREQUENCY,ACDR,2021,1---83,,,,FFFF0000,Old site/pulled out/decommissioned,,,2016-2026,,
Continuous,NCKU VFS SINGLE FREQUENCY,ADMA,2016,251---366,,,,FFFFFF00,Downloaded data this year,,,,,
Continuous,NCKU VFS SINGLE FREQUENCY,ADMA,2017,1---365,,,,FFFFFF00,Downloaded data this year,,,,,
Continuous,NCKU VFS SINGLE FREQUENCY,ADMA,2018,1---365,,,,FFFFFF00,Downloaded data this year,,,,,
Continuous,NCKU VFS SINGLE FREQUENCY,ADMA,2019,"1-161, 222-365",,,,FFFFFF00,Downloaded data this year,,,,,
Continuous,NCKU VFS SINGLE FREQUENCY,ADMA,2020,"1-57, 188-211",,,,FFFFFF00,Downloaded data this year,,,,,
Continuous,NCKU VFS SINGLE FREQUENCY,ADMA,2021,181---197,,,,FFFFFF00,Downloaded data this year,,,,,
Continuous,NCKU VFS SINGLE FREQUENCY,ADMA,2022,"82---223, 245, 251, 253-254, 274, 301-302, 304, 354",,,,FFFFFF00,Downloaded data this year,,,,,
Continuous,NCKU VFS SINGLE FREQUENCY,ADMA,2023,"20, 26, 28-55, 75, 93, 100, 107, 137-138, 150, 195, 208-244, 293-365",,,,FFFFFF00,Downloaded data this year,,,,,
Continuous,NCKU VFS SINGLE FREQUENCY,ADMA,2024,1---366,,,,FFFFFF00,Downloaded data this year,,,,,
Continuous,NCKU VFS SINGLE FREQUENCY,ADMA,2025,"1---10, 71, 80, 83, 130, 149, 175, 215, 218---272",,,,FFFFFF00,Downloaded data this year,,,,,
Continuous,NCKU VFS SINGLE FREQUENCY,BAYA,2017,53---365,,,,FFFFFF00,Downloaded data this year,,,,,
Continuous,NCKU VFS SINGLE FREQUENCY,BAYA,2018,1---365,,,,FFFFFF00,Downloaded data this year,,,,,
Continuous,NCKU VFS SINGLE FREQUENCY,BAYA,2019,1---365,,,,FFFFFF00,Downloaded data this year,,,,,
Continuous,NCKU VFS SINGLE FREQUENCY,BAYA,2020,"1-69, 192-366",,,,FFFFFF00,Downloaded data this year,,,,,
Continuous,NCKU VFS SINGLE FREQUENCY,BAYA,2021,"1-99, 181-365",,,,FFFFFF00,Downloaded data this year,,,,,
Continuous,NCKU VFS SINGLE FREQUENCY,BAYA,2022,1---365,,,,FFFFFF00,Downloaded data this year,,,,,
Continuous,NCKU VFS SINGLE FREQUENCY,BAYA,2023,1---365,,,,FFFFFF00,Downloaded data this year,,,,,
Continuous,NCKU VFS SINGLE FREQUENCY,BAYA,2024,1---366,,,,FFFFFF00,Downloaded data this year,,,,,
Continuous,NCKU VFS SINGLE FREQUENCY,BAYA,2025,1---303,,,,FFFFFF00,Downloaded data this year,,,,,
Continuous,NCKU VFS SINGLE FREQUENCY,BMJR,2017,129---364,,,,FFFFFF00,Downloaded data this year,False,False,,,False
Continuous,NCKU VFS SINGLE FREQUENCY,BMJR,2018,6---357,,,,FFFFFF00,Downloaded data this year,False,False,,,False
Continuous,NCKU VFS SINGLE FREQUENCY,BMJR,2019,11---363,,,,FFFFFF00,Downloaded data this year,False,False,,,False
Continuous,NCKU VFS SINGLE FREQUENCY,BMJR,2020,19---364,,,,FFFFFF00,Downloaded data this year,False,False,,,False
Continuous,NCKU VFS SINGLE FREQUENCY,BMJR,2021,12---360,,,,FFFFFF00,Downloaded data this year,False,False,,,False
Continuous,NCKU VFS SINGLE FREQUENCY,BMJR,2022,"5-40, 223-365",,,,FFFFFF00,Downloaded data this year,False,False,,,False
Continuous,NCKU VFS SINGLE FREQUENCY,BMJR,2023,"1-237, 242-255",,,,FFFFFF00,Downloaded data this year,False,False,,,False
Continuous,NCKU VFS SINGLE FREQUENCY,CEMB,2016,239---282,,,,,,Pending,Pending,,,To convert
Continuous,NCKU VFS SINGLE FREQUENCY,CEMB,2017,52---365,,,,,,Pending,Pending,,,To convert
Continuous,NCKU VFS SINGLE FREQUENCY,CEMB,2018,1---275,,,,,,Pending,Pending,,,To convert
Continuous,NCKU VFS SINGLE FREQUENCY,CEMB,2019,"161, 241, 329, 337",,,,,,Pending,Pending,,,To convert
Continuous,NCKU VFS SINGLE FREQUENCY,CEMB,2020,"27-62, 193, 229, 236, 317",,,,,,Pending,Pending,,,To convert
Continuous,NCKU VFS SINGLE FREQUENCY,CEMB,2021,"49-100, 202, 211",,,,,,Pending,Pending,,,To convert
Continuous,NCKU VFS SINGLE FREQUENCY,CEMB,2022,"81, 191, 199, 202, 216-365",,,,,,Pending,Pending,,,To convert
Continuous,NCKU VFS SINGLE FREQUENCY,CEMB,2023,"1---66, 80---144, 146---149",,,,,,Pending,Pending,,,To convert
Continuous,NCKU VFS SINGLE FREQUENCY,CMWL,2016,186---366,,,,FFFFFF00,Downloaded data this year,,,,,
Continuous,NCKU VFS SINGLE FREQUENCY,CMWL,2017,1---341,,,,FFFFFF00,Downloaded data this year,,,,,
Continuous,NCKU VFS SINGLE FREQUENCY,CMWL,2018,17---363,,,,FFFFFF00,Downloaded data this year,,,,,
Continuous,NCKU VFS SINGLE FREQUENCY,CMWL,2019,4---324,,,,FFFFFF00,Downloaded data this year,,,,,
Continuous,NCKU VFS SINGLE FREQUENCY,CMWL,2020,"10-57, 189, 257, 260, 306, 316-317, 361",,,,FFFFFF00,Downloaded data this year,,,,,
Continuous,NCKU VFS SINGLE FREQUENCY,CMWL,2021,"25, 82-99, 344-365",,,,FFFFFF00,Downloaded data this year,,,,,
Continuous,NCKU VFS SINGLE FREQUENCY,CMWL,2022,1---365,,,,FFFFFF00,Downloaded data this year,,,,,
Continuous,NCKU VFS SINGLE FREQUENCY,CMWL,2023,"1-220, 351-365",,,,FFFFFF00,Downloaded data this year,,,,,
Continuous,NCKU VFS SINGLE FREQUENCY,CMWL,2024,1---366,,,,FFFFFF00,Downloaded data this year,,,,,
Continuous,NCKU VFS SINGLE FREQUENCY,CMWL,2025,1---115,,,,FFFFFF00,Downloaded data this year,,,,,
Continuous,NCKU VFS SINGLE FREQUENCY,DLPZ,2016,292---366,,,,FFFF9900,Not operational,,,,,
Continuous,NCKU VFS SINGLE FREQUENCY,DLPZ,2017,1---365,,,,FFFF9900,Not operational,,,,,
Continuous,NCKU VFS SINGLE FREQUENCY,DLPZ,2018,"1-205, 276-355",,,,FFFF9900,Not operational,,,,,
Continuous,NCKU VFS SINGLE FREQUENCY,DLPZ,2019,"2-162, 214-309",,,,FFFF9900,Not operational,,,,,
Continuous,NCKU VFS SINGLE FREQUENCY,DLPZ,2020,"36-175, 196-347",,,,FFFF9900,Not operational,,,,,
Continuous,NCKU VFS SINGLE FREQUENCY,DLPZ,2021,176---195,,,,FFFF9900,Not operational,,,,,
Continuous,NCKU VFS SINGLE FREQUENCY,DLPZ,2022,"278, 292, 309, 318, 331, 342, 348-349",,,,FFFF9900,Not operational,,,,,
Continuous,NCKU VFS SINGLE FREQUENCY,DLPZ,2023,"4, 9, 11, 20, 23, 51",,,,FFFF9900,Not operational,,,,,
Continuous,NCKU VFS SINGLE FREQUENCY,LMSA,2016,225---294,,,,FFFF9900,Not operational,,,,,
Continuous,NCKU VFS SINGLE FREQUENCY,LMSA,2017,51---365,,,,FFFF9900,Not operational,,,,,
Continuous,NCKU VFS SINGLE FREQUENCY,LMSA,2018,"1-91, 267-365",,,,FFFF9900,Not operational,,,,,
Continuous,NCKU VFS SINGLE FREQUENCY,LMSA,2019,"1-164, 333-365",,,,FFFF9900,Not operational,,,,,
Continuous,NCKU VFS SINGLE FREQUENCY,LMSA,2020,1---56,,,,FFFF9900,Not operational,,,,,
Continuous,NCKU VFS SINGLE FREQUENCY,LMSA,2022,74---346,,,,FFFF9900,Not operational,,,,,
Continuous,NCKU VFS SINGLE FREQUENCY,LMSA,2023,351---365,,,,FFFF9900,Not operational,,,,,
Continuous,NCKU VFS SINGLE FREQUENCY,LMSA,2024,2024-01-09 00:00:00,,,,FFFF9900,Not operational,,,,,
Continuous,NCKU VFS SINGLE FREQUENCY,MLRA,2016,294---366,,,,FFFFFF00,Downloaded data this year,,,,,
Continuous,NCKU VFS SINGLE FREQUENCY,MLRA,2017,1---365,,,,FFFFFF00,Downloaded data this year,,,,,
Continuous,NCKU VFS SINGLE FREQUENCY,MLRA,2018,1---278,,,,FFFFFF00,Downloaded data this year,,,,,
Continuous,NCKU VFS SINGLE FREQUENCY,MLRA,2019,"51-162, 171-365",,,,FFFFFF00,Downloaded data this year,,,,,
Continuous,NCKU VFS SINGLE FREQUENCY,MLRA,2020,"1-10, 199, 248-366",,,,FFFFFF00,Downloaded data this year,,,,,
Continuous,NCKU VFS SINGLE FREQUENCY,MLRA,2021,"1-148, 183-316",,,,FFFFFF00,Downloaded data this year,,,,,
Continuous,NCKU VFS SINGLE FREQUENCY,MLRA,2022,8---165,,,,FFFFFF00,Downloaded data this year,,,,,
Continuous,NCKU VFS SINGLE FREQUENCY,MLRA,2023,"14---47, 301---365",,,,FFFFFF00,Downloaded data this year,,,,,
Continuous,NCKU VFS SINGLE FREQUENCY,MLRA,2024,"2-8, 15, 24, 72, 79---82, 111---115, 145---146, 153---157, 184---192",,,,FFFFFF00,Downloaded data this year,,,,,
Continuous,NCKU VFS SINGLE FREQUENCY,MLRA,2025,"23---34, 57---62, 78---79, 84---91, 94, 112---114, 116---118",,,,FFFFFF00,Downloaded data this year,,,,,
Continuous,NCKU VFS SINGLE FREQUENCY,MTDW,2016,252---366,,,,FFFF0000,Old site/pulled out/decommissioned,False,False,,,False
Continuous,NCKU VFS SINGLE FREQUENCY,MTDW,2017,1---365,,,,FFFF0000,Old site/pulled out/decommissioned,False,False,,,False
Continuous,NCKU VFS SINGLE FREQUENCY,MTDW,2018,1---365,,,,FFFF0000,Old site/pulled out/decommissioned,False,False,,,False
Continuous,NCKU VFS SINGLE FREQUENCY,MTDW,2019,1---365,,,,FFFF0000,Old site/pulled out/decommissioned,False,False,,,False
Continuous,NCKU VFS SINGLE FREQUENCY,MTDW,2020,"1-36, 50-69, 190, 206-224",,,,FFFF0000,Old site/pulled out/decommissioned,False,False,,,False
Continuous,NCKU VFS SINGLE FREQUENCY,MTDW,2021,"182, 186, 187",,,,FFFF0000,Old site/pulled out/decommissioned,False,False,,,False
Continuous,NCKU VFS SINGLE FREQUENCY,MTLB,2016,"187-294, 357-366",,,,FFFF0000,Old site/pulled out/decommissioned,Processing,Processing,,,To retrieve
Continuous,NCKU VFS SINGLE FREQUENCY,MTLB,2017,1---348,,,,FFFF0000,Old site/pulled out/decommissioned,Processing,Processing,,,To retrieve
Continuous,NCKU VFS SINGLE FREQUENCY,MTLB,2018,9---363,,,,FFFF0000,Old site/pulled out/decommissioned,Processing,Processing,,,To retrieve
Continuous,NCKU VFS SINGLE FREQUENCY,MTLB,2019,4---169,,,,FFFF0000,Old site/pulled out/decommissioned,Processing,Processing,,,To retrieve
Continuous,NCKU VFS SINGLE FREQUENCY,MTLB,2020,28---366,,,,FFFF0000,Old site/pulled out/decommissioned,Processing,Processing,,,To retrieve
Continuous,NCKU VFS SINGLE FREQUENCY,MTLB,2021,1----365,,,,FFFF0000,Old site/pulled out/decommissioned,Processing,Processing,,,To retrieve
Continuous,NCKU VFS SINGLE FREQUENCY,MTLB,2022,1---219,,,,FFFF0000,Old site/pulled out/decommissioned,Processing,Processing,,,To retrieve
Continuous,NCKU VFS SINGLE FREQUENCY,NAST,2016,291---366,,,,FFFFFF00,Downloaded data this year,,,,,
Continuous,NCKU VFS SINGLE FREQUENCY,NAST,2017,1---365,,,,FFFFFF00,Downloaded data this year,,,,,
Continuous,NCKU VFS SINGLE FREQUENCY,NAST,2018,"1-270, 309, 312, 316, 318",,,,FFFFFF00,Downloaded data this year,,,,,
Continuous,NCKU VFS SINGLE FREQUENCY,NAST,2019,68---365,,,,FFFFFF00,Downloaded data this year,,,,,
Continuous,NCKU VFS SINGLE FREQUENCY,NAST,2020,"1-15, 17-58, 188-211",,,,FFFFFF00,Downloaded data this year,,,,,
Continuous,NCKU VFS SINGLE FREQUENCY,NAST,2021,176---198,,,,FFFFFF00,Downloaded data this year,,,,,
Continuous,NCKU VFS SINGLE FREQUENCY,NAST,2022,82---352,,,,FFFFFF00,Downloaded data this year,,,,,
Continuous,NCKU VFS SINGLE FREQUENCY,NAST,2023,7---365,,,,FFFFFF00,Downloaded data this year,,,,,
Continuous,NCKU VFS SINGLE FREQUENCY,NAST,2024,1---366,,,,FFFFFF00,Downloaded data this year,,,,,
Continuous,NCKU VFS SINGLE FREQUENCY,NAST,2025,1---265,,,,FFFFFF00,Downloaded data this year,,,,,
Continuous,NCKU VFS SINGLE FREQUENCY,PEMB,2016,244---366,,,,FFFF9900,Not operational,,,,,
Continuous,NCKU VFS SINGLE FREQUENCY,PEMB,2017,"1-260, 327-365",,,,FFFF9900,Not operational,,,,,
Continuous,NCKU VFS SINGLE FREQUENCY,PEMB,2018,1---275,,,,FFFF9900,Not operational,,,,,
Continuous,NCKU VFS SINGLE FREQUENCY,PEMB,2019,161---365,,,,FFFF9900,Not operational,,,,,
Continuous,NCKU VFS SINGLE FREQUENCY,PEMB,2020,"1-70, 203-325",,,,FFFF9900,Not operational,,,,,
Continuous,NCKU VFS SINGLE FREQUENCY,PRJ4,2016,294---340,,,,FFFFFF00,Downloaded data this year,,,,,
Continuous,NCKU VFS SINGLE FREQUENCY,PRJ4,2017,"5-184, 353-365",,,,FFFFFF00,Downloaded data this year,,,,,
Continuous,NCKU VFS SINGLE FREQUENCY,PRJ4,2018,"1-246, 274-365",,,,FFFFFF00,Downloaded data this year,,,,,
Continuous,NCKU VFS SINGLE FREQUENCY,PRJ4,2019,"1-161, 176-365",,,,FFFFFF00,Downloaded data this year,,,,,
Continuous,NCKU VFS SINGLE FREQUENCY,PRJ4,2020,1---56,,,,FFFFFF00,Downloaded data this year,,,,,
Continuous,NCKU VFS SINGLE FREQUENCY,PRJ4,2022,"207, 254, 362-365",,,,FFFFFF00,Downloaded data this year,,,,,
Continuous,NCKU VFS SINGLE FREQUENCY,PRJ4,2023,1---39,,,,FFFFFF00,Downloaded data this year,,,,,
Continuous,NCKU VFS SINGLE FREQUENCY,PRJ4,2024,228---366,,,,FFFFFF00,Downloaded data this year,,,,,
Continuous,NCKU VFS SINGLE FREQUENCY,PRJ4,2025,1---22,,,,FFFFFF00,Downloaded data this year,,,,,
Continuous,NCKU VFS SINGLE FREQUENCY,RGMH,2017,80---341,,,,FFFF0000,Old site/pulled out/decommissioned,,,,,
Continuous,NCKU VFS SINGLE FREQUENCY,RGMH,2018,11---340,,,,FFFF0000,Old site/pulled out/decommissioned,,,,,
Continuous,NCKU VFS SINGLE FREQUENCY,RGMH,2019,51---353,,,,FFFF0000,Old site/pulled out/decommissioned,,,,,
Continuous,NCKU VFS SINGLE FREQUENCY,RGMH,2020,"3, 6, 14, 28-323",,,,FFFF0000,Old site/pulled out/decommissioned,,,,,
Continuous,NCKU VFS SINGLE FREQUENCY,RGMH,2021,"13-14, 175-222",,,,FFFF0000,Old site/pulled out/decommissioned,,,,,
Continuous,NCKU VFS SINGLE FREQUENCY,RGMH,2022,"77---222, 233-348",,,,FFFF0000,Old site/pulled out/decommissioned,,,,,
Continuous,NCKU VFS SINGLE FREQUENCY,RGMH,2023,"4-14, 38-48, 52-221, 239",,,,FFFF0000,Old site/pulled out/decommissioned,,,,,
Continuous,NCKU VFS SINGLE FREQUENCY,RMHS,2017,80---358,,,,FFFF0000,Old site/pulled out/decommissioned,,,,,
Continuous,NCKU VFS SINGLE FREQUENCY,RMHS,2018,11---298,,,,FFFF0000,Old site/pulled out/decommissioned,,,,,
Continuous,NCKU VFS SINGLE FREQUENCY,RMHS,2019,"116, 128, 165",,,,FFFF0000,Old site/pulled out/decommissioned,,,,,
Continuous,NCKU VFS SINGLE FREQUENCY,RMHS,2020,"34-81, 162-200, 316-362",,,,FFFF0000,Old site/pulled out/decommissioned,,,,,
Continuous,NCKU VFS SINGLE FREQUENCY,RMHS,2021,"144-222, 307-365",,,,FFFF0000,Old site/pulled out/decommissioned,,,,,
Continuous,NCKU VFS SINGLE FREQUENCY,RMHS,2022,1---82,,,,FFFF0000,Old site/pulled out/decommissioned,,,,,
Continuous,NCKU VFS SINGLE FREQUENCY,SMPH,2016,294---366,,,,FFFF0000,Old site/pulled out/decommissioned,True,True,,,True
Continuous,NCKU VFS SINGLE FREQUENCY,SMPH,2017,1---185,,,,FFFF0000,Old site/pulled out/decommissioned,True,True,,,True
Continuous,NCKU VFS SINGLE FREQUENCY,SMPH,2019,136---161,,,,FFFF0000,Old site/pulled out/decommissioned,True,True,,,True
Continuous,NCKU VFS SINGLE FREQUENCY,SMTC,2016,294---366,,,,FFFF0000,Old site/pulled out/decommissioned,Finished,Finished,,,Data complete
Continuous,NCKU VFS SINGLE FREQUENCY,SMTC,2017,"1-180, 299-319, 329-341",,,,FFFF0000,Old site/pulled out/decommissioned,Finished,Finished,,,Data complete
Continuous,NCKU VFS SINGLE FREQUENCY,SMTC,2018,"79, 151, 203, 226, 234-239, 290",,,,FFFF0000,Old site/pulled out/decommissioned,Finished,Finished,,,Data complete
Continuous,NCKU VFS SINGLE FREQUENCY,SMTC,2019,46---356,,,,FFFF0000,Old site/pulled out/decommissioned,Finished,Finished,,,Data complete
Continuous,NCKU VFS SINGLE FREQUENCY,SMTC,2020,"20-28, 198-366",,,,FFFF0000,Old site/pulled out/decommissioned,Finished,Finished,,,Data complete
Continuous,NCKU VFS SINGLE FREQUENCY,SMTC,2021,"1-111, 175, 207, 266, 301, 323, 337",,,,FFFF0000,Old site/pulled out/decommissioned,Finished,Finished,,,Data complete
Continuous,NCKU VFS SINGLE FREQUENCY,SMTC,2022,"75---222, 233, 243, 284, 300-301, 365",,,,FFFF0000,Old site/pulled out/decommissioned,Finished,Finished,,,Data complete
Continuous,NCKU VFS SINGLE FREQUENCY,SMTC,2023,"17-61, 92---221",,,,FFFF0000,Old site/pulled out/decommissioned,Finished,Finished,,,Data complete
Continuous,NCKU VFS SINGLE FREQUENCY,TNHS,2016,186---366,,,,FFFFFF00,Downloaded data this year,,,,,
Continuous,NCKU VFS SINGLE FREQUENCY,TNHS,2017,"1-348, 352-362",,,,FFFFFF00,Downloaded data this year,,,,,
Continuous,NCKU VFS SINGLE FREQUENCY,TNHS,2018,1---365,,,,FFFFFF00,Downloaded data this year,,,,,
Continuous,NCKU VFS SINGLE FREQUENCY,TNHS,2019,"1-114, 171-350",,,,FFFFFF00,Downloaded data this year,,,,,
Continuous,NCKU VFS SINGLE FREQUENCY,TNHS,2020,15---354,,,,FFFFFF00,Downloaded data this year,,,,,
Continuous,NCKU VFS SINGLE FREQUENCY,TNHS,2021,61---365,,,,FFFFFF00,Downloaded data this year,,,,,
Continuous,NCKU VFS SINGLE FREQUENCY,TNHS,2022,"1---227, 302---365",,,,FFFFFF00,Downloaded data this year,,,,,
Continuous,NCKU VFS SINGLE FREQUENCY,TNHS,2023,1---290,,,,FFFFFF00,Downloaded data this year,,,,,
Continuous,NCKU VFS SINGLE FREQUENCY,TNHS,2024,10---343,,,,FFFFFF00,Downloaded data this year,,,,,
Continuous,NCKU VFS SINGLE FREQUENCY,TNHS,2025,"3---149, 160---266, 272---338",,,,FFFFFF00,Downloaded data this year,,,,,
Continuous,NCKU VFS SINGLE FREQUENCY,TRSA,2016,293---366,,,,,,,,,,
Continuous,NCKU VFS SINGLE FREQUENCY,TRSA,2017,"1-179, 184, 349-365",,,,,,,,,,
Continuous,NCKU VFS SINGLE FREQUENCY,TRSA,2018,"1-241, 311, 340, 344, 361",,,,,,,,,,
Continuous,NCKU VFS SINGLE FREQUENCY,TRSA,2019,"32, 45, 154-365",,,,,,,,,,
Continuous,NCKU VFS SINGLE FREQUENCY,TRSA,2020,1---365,,,,,,,,,,
Continuous,NCKU VFS SINGLE FREQUENCY,TRSA,2021,1---317,,,,,,,,,,
Continuous,NCKU VFS SINGLE FREQUENCY,TRSA,2022,10-365,,,,,,,,,,
Continuous,NCKU VFS SINGLE FREQUENCY,TRSA,2023,"1-40, 86-125, 128- 270",,,,,,,,,,
Continuous,NCKU VFS SINGLE FREQUENCY,TUMA,2016,249---296,,,,FFFF0000,Old site/pulled out/decommissioned,,,,,
Continuous,NCKU VFS SINGLE FREQUENCY,TUMA,2017,42.0,,,,FFFF0000,Old site/pulled out/decommissioned,,,,,
Continuous,NCKU VFS SINGLE FREQUENCY,TYTY,2016,"189-197, 233-366",,,,FFFFFF00,Downloaded data this year,,,,,
Continuous,NCKU VFS SINGLE FREQUENCY,TYTY,2017,1---213,,,,FFFFFF00,Downloaded data this year,,,,,
Continuous,NCKU VFS SINGLE FREQUENCY,TYTY,2020,192---329,,,,FFFFFF00,Downloaded data this year,,,,,
Continuous,NCKU VFS SINGLE FREQUENCY,TYTY,2021,20---365,,,,FFFFFF00,Downloaded data this year,,,,,
Continuous,NCKU VFS SINGLE FREQUENCY,TYTY,2022,1---73,,,,FFFFFF00,Downloaded data this year,,,,,
Continuous,NCKU VFS SINGLE FREQUENCY,TYTY,2023,"93, 123-124, 146-208",,,,FFFFFF00,Downloaded data this year,,,,,
Continuous,NCKU VFS SINGLE FREQUENCY,TYTY,2024,"11---24, 26---31, 33---34, 36---51, 53---75, 77---144, 146---218, 220, 230, 273---274, 309---366",,,,FFFFFF00,Downloaded data this year,,,,,
Continuous,NCKU VFS SINGLE FREQUENCY,TYTY,2025,1---113,,,,FFFFFF00,Downloaded data this year,,,,,
Continuous,NCKU VFS SINGLE FREQUENCY,VCAC,2016,204---210,,,,FFFF9900,Not operational,,,,,
Continuous,NCKU VFS SINGLE FREQUENCY,VCAC,2017,55---365,,,,FFFF9900,Not operational,,,,,
Continuous,NCKU VFS SINGLE FREQUENCY,VCAC,2018,1---276,,,,FFFF9900,Not operational,,,,,
Continuous,NCKU VFS SINGLE FREQUENCY,VCAC,2019,233---309,,,,FFFF9900,Not operational,,,,,
Continuous,NCKU VFS SINGLE FREQUENCY,VCAC,2022,"89, 146, 169-227, 254-255, 277",,,,FFFF9900,Not operational,,,,,
Continuous,NCKU VFS SINGLE FREQUENCY,VCAC,2023,40.0,,,,FFFF9900,Not operational,,,,,
Continuous,TALIM ISLAND (TEMPORARY SITES),CABU,2020,43---351,FF5B9BD5,Data available,yes,FFFF0000,Old site/pulled out/decommissioned,,,2020-2026,ARLA,
Continuous,TALIM ISLAND (TEMPORARY SITES),JALA,2020,44---230,FF5B9BD5,Data available,yes,FFFF0000,Old site/pulled out/decommissioned,True,True,,,True
Continuous,TALIM ISLAND (TEMPORARY SITES),MLPA,2021,324-365,FF5B9BD5,Data available,yes,FFFFFF00,Downloaded data this year,Finished,Finished,,,Data complete
Continuous,TALIM ISLAND (TEMPORARY SITES),MLPA,2022,"1-137, 163-365",FF5B9BD5,Data available,yes,FFFFFF00,Downloaded data this year,Finished,Finished,,,Data complete
Continuous,TALIM ISLAND (TEMPORARY SITES),MLPA,2023,1---365,FF5B9BD5,Data available,yes,FFFFFF00,Downloaded data this year,Finished,Finished,,,Data complete
Continuous,TALIM ISLAND (TEMPORARY SITES),MLPA,2024,1--247; 267--271; 274--366,FF5B9BD5,Data available,yes,FFFFFF00,Downloaded data this year,Finished,Finished,,,Data complete
Continuous,TALIM ISLAND (TEMPORARY SITES),MLPA,2025,1--365,,,,FFFFFF00,Downloaded data this year,Finished,Finished,,,Data complete
Continuous,TALIM ISLAND (TEMPORARY SITES),MLPA,2026,1--111,,,,FFFFFF00,Downloaded data this year,Finished,Finished,,,Data complete
Continuous,TALIM ISLAND (TEMPORARY SITES),TALI,2020,45---351,FF5B9BD5,Data available,yes,FFFF0000,Old site/pulled out/decommissioned,,,,,
Continuous,OTHERS (CAMPAIGN/CONTINUOUS),CALC,2012,136---366,,,,FFFF0000,Old site/pulled out/decommissioned,,,,,
Continuous,OTHERS (CAMPAIGN/CONTINUOUS),CALC,2013,,FF1E4E79,Data to be retrieved,no,FFFF0000,Old site/pulled out/decommissioned,,,,,
Continuous,OTHERS (CAMPAIGN/CONTINUOUS),CLRS,2013,40---85,,,,FFFF0000,Old site/pulled out/decommissioned,,,,,
Continuous,OTHERS (CAMPAIGN/CONTINUOUS),DNRS,2013,1---86,,,,FFFF0000,Old site/pulled out/decommissioned,,,,,
Continuous,OTHERS (CAMPAIGN/CONTINUOUS),LIBA,2014,249---365,,,,FFFF0000,Old site/pulled out/decommissioned,,,,,
Continuous,OTHERS (CAMPAIGN/CONTINUOUS),LIBA,2015,1---232,,,,FFFF0000,Old site/pulled out/decommissioned,,,,,
Continuous,OTHERS (CAMPAIGN/CONTINUOUS),MARL,2012,216---366,,,,FFFF0000,Old site/pulled out/decommissioned,,,,,
Continuous,OTHERS (CAMPAIGN/CONTINUOUS),MARL,2013,2---365,,,,FFFF0000,Old site/pulled out/decommissioned,,,,,
Continuous,OTHERS (CAMPAIGN/CONTINUOUS),MARL,2014,1---115,,,,FFFF0000,Old site/pulled out/decommissioned,,,,,
Campaign,LUZON CAMPAIGN,AB14,2009,,FF274E13,Data to be retrieved,yes,FFFF0000,Error/Old site/Obsolete,,,"2012, 2014-2019",,
Campaign,LUZON CAMPAIGN,AB14,2011,,FF274E13,Data to be retrieved,yes,FFFF0000,Error/Old site/Obsolete,,,"2012, 2014-2019",,
Campaign,LUZON CAMPAIGN,ANQ0,2008,,FF274E13,Data to be retrieved,yes,,,,,,,
Campaign,LUZON CAMPAIGN,ANQ0,2009,,FF274E13,Data to be retrieved,yes,,,,,,,
Campaign,LUZON CAMPAIGN,ANQ0,2011,,FF274E13,Data to be retrieved,yes,,,,,,,
Campaign,LUZON CAMPAIGN,ANQ0,2012,,FF274E13,Data to be retrieved,yes,,,,,,,
Campaign,LUZON CAMPAIGN,ANQ0,2013,,FF274E13,Data to be retrieved,yes,,,,,,,
Campaign,LUZON CAMPAIGN,ANQ0,2014,,FF6AA84F,Data available,yes,,,,,,,
Campaign,LUZON CAMPAIGN,ANQ0,2015,,FF6AA84F,Data available,yes,,,,,,,
Campaign,LUZON CAMPAIGN,ANQ0,2016,,FF6AA84F,Data available,yes,,,,,,,
Campaign,LUZON CAMPAIGN,ANQ0,2018,,FF6AA84F,Data available,yes,,,,,,,
Campaign,LUZON CAMPAIGN,AR17,2008,,FF274E13,Data to be retrieved,yes,,,,,,,
Campaign,LUZON CAMPAIGN,AR17,2009,,FF274E13,Data to be retrieved,yes,,,,,,,
Campaign,LUZON CAMPAIGN,AR17,2011,,FF274E13,Data to be retrieved,yes,,,,,,,
Campaign,LUZON CAMPAIGN,AR17,2012,,FF274E13,Data to be retrieved,yes,,,,,,,
Campaign,LUZON CAMPAIGN,AR17,2013,,FF274E13,Data to be retrieved,yes,,,,,,,
Campaign,LUZON CAMPAIGN,AR17,2014,,FF6AA84F,Data available,yes,,,,,,,
Campaign,LUZON CAMPAIGN,AR17,2015,,FF6AA84F,Data available,yes,,,,,,,
Campaign,LUZON CAMPAIGN,AR17,2016,,FF6AA84F,Data available,yes,,,,,,,
Campaign,LUZON CAMPAIGN,AR17,2018,,FF6AA84F,Data available,yes,,,,,,,
Campaign,LUZON CAMPAIGN,AR17,2019,,FF6AA84F,Data available,yes,,,,,,,
Campaign,LUZON CAMPAIGN,AR30,2008,,FF274E13,Data to be retrieved,yes,,,,,,,
Campaign,LUZON CAMPAIGN,AR30,2009,,FF274E13,Data to be retrieved,yes,,,,,,,
Campaign,LUZON CAMPAIGN,AR30,2011,,FF274E13,Data to be retrieved,yes,,,,,,,
Campaign,LUZON CAMPAIGN,AR30,2012,,FF274E13,Data to be retrieved,yes,,,,,,,
Campaign,LUZON CAMPAIGN,AR30,2013,,FF274E13,Data to be retrieved,yes,,,,,,,
Campaign,LUZON CAMPAIGN,AR30,2014,,FF6AA84F,Data available,yes,,,,,,,
Campaign,LUZON CAMPAIGN,AR30,2015,,FF6AA84F,Data available,yes,,,,,,,
Campaign,LUZON CAMPAIGN,AR30,2016,,FF6AA84F,Data available,yes,,,,,,,
Campaign,LUZON CAMPAIGN,AR30,2018,,FF6AA84F,Data available,yes,,,,,,,
Campaign,LUZON CAMPAIGN,AR30,2019,,FF6AA84F,Data available,yes,,,,,,,
Campaign,LUZON CAMPAIGN,BARA,2008,,FF274E13,Data to be retrieved,yes,,,,,,,
Campaign,LUZON CAMPAIGN,BARA,2009,,FF274E13,Data to be retrieved,yes,,,,,,,
Campaign,LUZON CAMPAIGN,BARA,2011,,FF274E13,Data to be retrieved,yes,,,,,,,
Campaign,LUZON CAMPAIGN,BARA,2012,,FF274E13,Data to be retrieved,yes,,,,,,,
Campaign,LUZON CAMPAIGN,BARA,2013,,FF274E13,Data to be retrieved,yes,,,,,,,
Campaign,LUZON CAMPAIGN,BARA,2014,,FF6AA84F,Data available,yes,,,,,,,
Campaign,LUZON CAMPAIGN,BARA,2015,,FF6AA84F,Data available,yes,,,,,,,
Campaign,LUZON CAMPAIGN,BARA,2016,,FF6AA84F,Data available,yes,,,,,,,
Campaign,LUZON CAMPAIGN,BARA,2018,,FF6AA84F,Data available,yes,,,,,,,
Campaign,LUZON CAMPAIGN,BGB1,2000,,FF274E13,Data to be retrieved,yes,,,,,,,
Campaign,LUZON CAMPAIGN,BGB1,2004,,FF274E13,Data to be retrieved,yes,,,,,,,
Campaign,LUZON CAMPAIGN,BGB1,2008,,FF274E13,Data to be retrieved,yes,,,,,,,
Campaign,LUZON CAMPAIGN,BGB1,2009,,FF274E13,Data to be retrieved,yes,,,,,,,
Campaign,LUZON CAMPAIGN,BGB1,2011,,FF274E13,Data to be retrieved,yes,,,,,,,
Campaign,LUZON CAMPAIGN,BGB1,2013,,FF274E13,Data to be retrieved,yes,,,,,,,
Campaign,LUZON CAMPAIGN,BGB1,2014,,FF6AA84F,Data available,yes,,,,,,,
Campaign,LUZON CAMPAIGN,BGB1,2015,,FF6AA84F,Data available,yes,,,,,,,
Campaign,LUZON CAMPAIGN,BGB1,2016,,FF6AA84F,Data available,yes,,,,,,,
Campaign,LUZON CAMPAIGN,BGB1,2018,,FF6AA84F,Data available,yes,,,,,,,
Campaign,LUZON CAMPAIGN,BNBA,2008,,FF274E13,Data to be retrieved,yes,,,,,,,
Campaign,LUZON CAMPAIGN,BNBA,2009,,FF274E13,Data to be retrieved,yes,,,,,,,
Campaign,LUZON CAMPAIGN,BNBA,2011,,FF274E13,Data to be retrieved,yes,,,,,,,
Campaign,LUZON CAMPAIGN,BNBA,2012,,FF274E13,Data to be retrieved,yes,,,,,,,
Campaign,LUZON CAMPAIGN,BNBA,2013,,FF274E13,Data to be retrieved,yes,,,,,,,
Campaign,LUZON CAMPAIGN,BNBA,2014,,FF6AA84F,Data available,yes,,,,,,,
Campaign,LUZON CAMPAIGN,BNBA,2015,,FF6AA84F,Data available,yes,,,,,,,
Campaign,LUZON CAMPAIGN,BNBA,2016,,FF6AA84F,Data available,yes,,,,,,,
Campaign,LUZON CAMPAIGN,BNBA,2017,,FF6AA84F,Data available,yes,,,,,,,
Campaign,LUZON CAMPAIGN,BNBA,2018,,FF6AA84F,Data available,yes,,,,,,,
Campaign,LUZON CAMPAIGN,BSCS,2009,,FF274E13,Data to be retrieved,yes,,,,,,,
Campaign,LUZON CAMPAIGN,BSCS,2011,,FF274E13,Data to be retrieved,yes,,,,,,,
Campaign,LUZON CAMPAIGN,BSCS,2012,,FF6AA84F,Data available,yes,,,,,,,
Campaign,LUZON CAMPAIGN,BSCS,2013,,FF274E13,Data to be retrieved,yes,,,,,,,
Campaign,LUZON CAMPAIGN,BSCS,2014,,FF6AA84F,Data available,yes,,,,,,,
Campaign,LUZON CAMPAIGN,BSCS,2015,,FF6AA84F,Data available,yes,,,,,,,
Campaign,LUZON CAMPAIGN,BSCS,2016,,FF6AA84F,Data available,yes,,,,,,,
Campaign,LUZON CAMPAIGN,BSCS,2018,,FF6AA84F,Data available,yes,,,,,,,
Campaign,LUZON CAMPAIGN,BSCS,2019,,FF6AA84F,Data available,yes,,,,,,,
Campaign,LUZON CAMPAIGN,BR14,2009,,FF274E13,Data to be retrieved,yes,,,,,,,
Campaign,LUZON CAMPAIGN,BR14,2011,,FF274E13,Data to be retrieved,yes,,,,,,,
Campaign,LUZON CAMPAIGN,BR14,2012,,FF274E13,Data to be retrieved,yes,,,,,,,
Campaign,LUZON CAMPAIGN,BR14,2013,,FF274E13,Data to be retrieved,yes,,,,,,,
Campaign,LUZON CAMPAIGN,BR14,2014,,FF6AA84F,Data available,yes,,,,,,,
Campaign,LUZON CAMPAIGN,BR14,2015,,FF6AA84F,Data available,yes,,,,,,,
Campaign,LUZON CAMPAIGN,BR14,2016,,FF6AA84F,Data available,yes,,,,,,,
Campaign,LUZON CAMPAIGN,BR14,2018,,FF6AA84F,Data available,yes,,,,,,,
Campaign,LUZON CAMPAIGN,BR14,2022,,FF6AA84F,Data available,yes,,,,,,,
Campaign,LUZON CAMPAIGN,BUCA,2006,,FF274E13,Data to be retrieved,yes,,,,,,,
Campaign,LUZON CAMPAIGN,BUCA,2008,,FF274E13,Data to be retrieved,yes,,,,,,,
Campaign,LUZON CAMPAIGN,BUCA,2010,,FF274E13,Data to be retrieved,yes,,,,,,,
Campaign,LUZON CAMPAIGN,BUCA,2011,,FF274E13,Data to be retrieved,yes,,,,,,,
Campaign,LUZON CAMPAIGN,BUCA,2012,,FF274E13,Data to be retrieved,yes,,,,,,,
Campaign,LUZON CAMPAIGN,BUCA,2013,,FF274E13,Data to be retrieved,yes,,,,,,,
Campaign,LUZON CAMPAIGN,BUCA,2014,,FF6AA84F,Data available,yes,,,,,,,
Campaign,LUZON CAMPAIGN,BUCA,2015,,FF6AA84F,Data available,yes,,,,,,,
Campaign,LUZON CAMPAIGN,BUCA,2016,,FF6AA84F,Data available,yes,,,,,,,
Campaign,LUZON CAMPAIGN,BUCA,2018,,FF38761D,Incomplete,yes,,,,,,,
Campaign,LUZON CAMPAIGN,BUCA,2019,,FF6AA84F,Data available,yes,,,,,,,
Campaign,LUZON CAMPAIGN,BUCA,2025,,FF6AA84F,Data available,yes,,,,,,,
Campaign,LUZON CAMPAIGN,BURG,2006,,FF274E13,Data to be retrieved,yes,,,,,,,
Campaign,LUZON CAMPAIGN,BURG,2008,,FF274E13,Data to be retrieved,yes,,,,,,,
Campaign,LUZON CAMPAIGN,BURG,2010,,FF274E13,Data to be retrieved,yes,,,,,,,
Campaign,LUZON CAMPAIGN,BURG,2011,,FF274E13,Data to be retrieved,yes,,,,,,,
Campaign,LUZON CAMPAIGN,BURG,2012,,FF274E13,Data to be retrieved,yes,,,,,,,
Campaign,LUZON CAMPAIGN,BURG,2013,,FF274E13,Data to be retrieved,yes,,,,,,,
Campaign,LUZON CAMPAIGN,BURG,2014,,FF6AA84F,Data available,yes,,,,,,,
Campaign,LUZON CAMPAIGN,BURG,2015,,FF6AA84F,Data available,yes,,,,,,,
Campaign,LUZON CAMPAIGN,BURG,2016,,FF6AA84F,Data available,yes,,,,,,,
Campaign,LUZON CAMPAIGN,BURG,2018,,FF38761D,Incomplete,yes,,,,,,,
Campaign,LUZON CAMPAIGN,CCA5,1998,,FF274E13,Data to be retrieved,yes,,,,,,,
Campaign,LUZON CAMPAIGN,CCA5,2012,,FF274E13,Data to be retrieved,yes,,,,,,,
Campaign,LUZON CAMPAIGN,CCA5,2013,,FF274E13,Data to be retrieved,yes,,,,,,,
Campaign,LUZON CAMPAIGN,CCA5,2014,,FF6AA84F,Data available,yes,,,,,,,
Campaign,LUZON CAMPAIGN,CCA5,2015,,FF6AA84F,Data available,yes,,,,,,,
Campaign,LUZON CAMPAIGN,CCA5,2016,,FF6AA84F,Data available,yes,,,,,,,
Campaign,LUZON CAMPAIGN,CCA5,2017,,FF6AA84F,Data available,yes,,,,,,,
Campaign,LUZON CAMPAIGN,CCA5,2018,,FF6AA84F,Data available,yes,,,,,,,
Campaign,LUZON CAMPAIGN,CCA5,2019,,FF6AA84F,Data available,yes,,,,,,,
Campaign,LUZON CAMPAIGN,CCA5,2022,,FF4A86E8,No logsheets,yes,,,,,,,
Campaign,LUZON CAMPAIGN,CCA5,2024,,FF6AA84F,Data available,yes,,,,,,,
Campaign,LUZON CAMPAIGN,CRIS,1999,,FF274E13,Data to be retrieved,yes,,,,,,,
Campaign,LUZON CAMPAIGN,CRIS,2000,,FF274E13,Data to be retrieved,yes,,,,,,,
Campaign,LUZON CAMPAIGN,CRIS,2004,,FF274E13,Data to be retrieved,yes,,,,,,,
Campaign,LUZON CAMPAIGN,CRIS,2008,,FF274E13,Data to be retrieved,yes,,,,,,,
Campaign,LUZON CAMPAIGN,CRIS,2009,,FF274E13,Data to be retrieved,yes,,,,,,,
Campaign,LUZON CAMPAIGN,CRIS,2011,,FF274E13,Data to be retrieved,yes,,,,,,,
Campaign,LUZON CAMPAIGN,CRIS,2013,,FF274E13,Data to be retrieved,yes,,,,,,,
Campaign,LUZON CAMPAIGN,CRIS,2014,,FF6AA84F,Data available,yes,,,,,,,
Campaign,LUZON CAMPAIGN,CRIS,2016,,FF6AA84F,Data available,yes,,,,,,,
Campaign,LUZON CAMPAIGN,CRIS,2018,,FF6AA84F,Data available,yes,,,,,,,
Campaign,LUZON CAMPAIGN,CRIS,2019,,FF274E13,Data to be retrieved,yes,,,,,,,
Campaign,LUZON CAMPAIGN,CRLN,2008,,FF274E13,Data to be retrieved,yes,,,,,,,
Campaign,LUZON CAMPAIGN,CRLN,2009,,FF274E13,Data to be retrieved,yes,,,,,,,
Campaign,LUZON CAMPAIGN,CRLN,2011,,FF274E13,Data to be retrieved,yes,,,,,,,
Campaign,LUZON CAMPAIGN,CRLN,2012,,FF6AA84F,Data available,yes,,,,,,,
Campaign,LUZON CAMPAIGN,CRLN,2013,,FF274E13,Data to be retrieved,yes,,,,,,,
Campaign,LUZON CAMPAIGN,CRLN,2014,,FF6AA84F,Data available,yes,,,,,,,
Campaign,LUZON CAMPAIGN,CRLN,2015,,FF6AA84F,Data available,yes,,,,,,,
Campaign,LUZON CAMPAIGN,CRLN,2016,,FF6AA84F,Data available,yes,,,,,,,
Campaign,LUZON CAMPAIGN,CRLN,2018,,FF6AA84F,Data available,yes,,,,,,,
Campaign,LUZON CAMPAIGN,CRLN,2019,,FF274E13,Data to be retrieved,yes,,,,,,,
Campaign,LUZON CAMPAIGN,CUYP,2009,,FF274E13,Data to be retrieved,yes,,,,,,,
Campaign,LUZON CAMPAIGN,CUYP,2011,,FF274E13,Data to be retrieved,yes,,,,,,,
Campaign,LUZON CAMPAIGN,CUYP,2012,,FF274E13,Data to be retrieved,yes,,,,,,,
Campaign,LUZON CAMPAIGN,CUYP,2013,,FF274E13,Data to be retrieved,yes,,,,,,,
Campaign,LUZON CAMPAIGN,CUYP,2014,,FF6AA84F,Data available,yes,,,,,,,
Campaign,LUZON CAMPAIGN,CUYP,2015,,FF6AA84F,Data available,yes,,,,,,,
Campaign,LUZON CAMPAIGN,CUYP,2016,,FF6AA84F,Data available,yes,,,,,,,
Campaign,LUZON CAMPAIGN,CUYP,2017,,FF6AA84F,Data available,yes,,,,,,,
Campaign,LUZON CAMPAIGN,CUYP,2018,,FF6AA84F,Data available,yes,,,,,,,
Campaign,LUZON CAMPAIGN,CUYP,2019,,FF274E13,Data to be retrieved,yes,,,,,,,
Campaign,LUZON CAMPAIGN,DINA,2008,,FF274E13,Data to be retrieved,yes,,,,,,,
Campaign,LUZON CAMPAIGN,DINA,2011,,FF274E13,Data to be retrieved,yes,,,,,,,
Campaign,LUZON CAMPAIGN,DINA,2012,,FF274E13,Data to be retrieved,yes,,,,,,,
Campaign,LUZON CAMPAIGN,DINA,2013,,FF274E13,Data to be retrieved,yes,,,,,,,
Campaign,LUZON CAMPAIGN,DINA,2014,,FF6AA84F,Data available,yes,,,,,,,
Campaign,LUZON CAMPAIGN,DINA,2015,,FF6AA84F,Data available,yes,,,,,,,
Campaign,LUZON CAMPAIGN,DINA,2016,,FF6AA84F,Data available,yes,,,,,,,
Campaign,LUZON CAMPAIGN,DIPA,2008,,FF274E13,Data to be retrieved,yes,,,,,,,
Campaign,LUZON CAMPAIGN,DIPA,2009,,FF274E13,Data to be retrieved,yes,,,,,,,
Campaign,LUZON CAMPAIGN,DIPA,2011,,FF274E13,Data to be retrieved,yes,,,,,,,
Campaign,LUZON CAMPAIGN,DIPA,2012,,FF6AA84F,Data available,yes,,,,,,,
Campaign,LUZON CAMPAIGN,DIPA,2013,,FF274E13,Data to be retrieved,yes,,,,,,,
Campaign,LUZON CAMPAIGN,DIPA,2014,,FF6AA84F,Data available,yes,,,,,,,
Campaign,LUZON CAMPAIGN,DIPA,2015,,FF6AA84F,Data available,yes,,,,,,,
Campaign,LUZON CAMPAIGN,DIPA,2016,,FF6AA84F,Data available,yes,,,,,,,
Campaign,LUZON CAMPAIGN,DIPA,2018,,FF6AA84F,Data available,yes,,,,,,,
Campaign,LUZON CAMPAIGN,DIPA,2019,,FF274E13,Data to be retrieved,yes,,,,,,,
Campaign,LUZON CAMPAIGN,IFG1,1998,,FF274E13,Data to be retrieved,yes,,,,,,,
Campaign,LUZON CAMPAIGN,IFG1,2009,,FF274E13,Data to be retrieved,yes,,,,,,,
Campaign,LUZON CAMPAIGN,IFG1,2010,,FF274E13,Data to be retrieved,yes,,,,,,,
Campaign,LUZON CAMPAIGN,IFG1,2011,,FF274E13,Data to be retrieved,yes,,,,,,,
Campaign,LUZON CAMPAIGN,IFG1,2013,,FF274E13,Data to be retrieved,yes,,,,,,,
Campaign,LUZON CAMPAIGN,IFG1,2015,,FF6AA84F,Data available,yes,,,,,,,
Campaign,LUZON CAMPAIGN,IFG1,2016,,FF6AA84F,Data available,yes,,,,,,,
Campaign,LUZON CAMPAIGN,IFG1,2018,,FF6AA84F,Data available,yes,,,,,,,
Campaign,LUZON CAMPAIGN,IFG1,2019,,FF6AA84F,Data available,yes,,,,,,,
Campaign,LUZON CAMPAIGN,IFG1,2022,,FF6AA84F,Data available,yes,,,,,,,
Campaign,LUZON CAMPAIGN,ILN3,2009,,FF274E13,Data to be retrieved,yes,,,,,,,
Campaign,LUZON CAMPAIGN,ILN3,2011,,FF274E13,Data to be retrieved,yes,,,,,,,
Campaign,LUZON CAMPAIGN,ILN3,2012,,FF274E13,Data to be retrieved,yes,,,,,,,
Campaign,LUZON CAMPAIGN,ILN3,2013,,FF274E13,Data to be retrieved,yes,,,,,,,
Campaign,LUZON CAMPAIGN,ILN3,2014,,FF6AA84F,Data available,yes,,,,,,,
Campaign,LUZON CAMPAIGN,ILN3,2015,,FF6AA84F,Data available,yes,,,,,,,
Campaign,LUZON CAMPAIGN,ILN3,2016,,FF6AA84F,Data available,yes,,,,,,,
Campaign,LUZON CAMPAIGN,ILN3,2018,,FF6AA84F,Data available,yes,,,,,,,
Campaign,LUZON CAMPAIGN,ILN3,2022,,FF6AA84F,Data available,yes,,,,,,,
Campaign,LUZON CAMPAIGN,ISB4,2008,,FF274E13,Data to be retrieved,yes,,,,,,,
Campaign,LUZON CAMPAIGN,ISB4,2009,,FF274E13,Data to be retrieved,yes,,,,,,,
Campaign,LUZON CAMPAIGN,ISB4,2011,,FF274E13,Data to be retrieved,yes,,,,,,,
Campaign,LUZON CAMPAIGN,ISB4,2012,,FF6AA84F,Data available,yes,,,,,,,
Campaign,LUZON CAMPAIGN,ISB4,2013,,FF274E13,Data to be retrieved,yes,,,,,,,
Campaign,LUZON CAMPAIGN,ISB4,2014,,FF6AA84F,Data available,yes,,,,,,,
Campaign,LUZON CAMPAIGN,ISB4,2015,,FF6AA84F,Data available,yes,,,,,,,
Campaign,LUZON CAMPAIGN,ISB4,2016,,FF6AA84F,Data available,yes,,,,,,,
Campaign,LUZON CAMPAIGN,ISB4,2018,,FF6AA84F,Data available,yes,,,,,,,
Campaign,LUZON CAMPAIGN,ITGN,2008,,FF274E13,Data to be retrieved,yes,,,,,,,
Campaign,LUZON CAMPAIGN,ITGN,2009,,FF274E13,Data to be retrieved,yes,,,,,,,
Campaign,LUZON CAMPAIGN,ITGN,2010,,FF274E13,Data to be retrieved,yes,,,,,,,
Campaign,LUZON CAMPAIGN,ITGN,2011,,FF274E13,Data to be retrieved,yes,,,,,,,
Campaign,LUZON CAMPAIGN,ITGN,2012,,FF274E13,Data to be retrieved,yes,,,,,,,
Campaign,LUZON CAMPAIGN,ITGN,2013,,FF274E13,Data to be retrieved,yes,,,,,,,
Campaign,LUZON CAMPAIGN,ITGN,2014,,FF6AA84F,Data available,yes,,,,,,,
Campaign,LUZON CAMPAIGN,ITGN,2015,,FF6AA84F,Data available,yes,,,,,,,
Campaign,LUZON CAMPAIGN,ITGN,2016,,FF6AA84F,Data available,yes,,,,,,,
Campaign,LUZON CAMPAIGN,ITGN,2018,,FF6AA84F,Data available,yes,,,,,,,
Campaign,LUZON CAMPAIGN,ITGN,2019,,FF274E13,Data to be retrieved,yes,,,,,,,
Campaign,LUZON CAMPAIGN,KA08,2009,,FF274E13,Data to be retrieved,yes,,,,,,,
Campaign,LUZON CAMPAIGN,KA08,2011,,FF274E13,Data to be retrieved,yes,,,,,,,
Campaign,LUZON CAMPAIGN,KA08,2012,,FF274E13,Data to be retrieved,yes,,,,,,,
Campaign,LUZON CAMPAIGN,KA08,2013,,FF274E13,Data to be retrieved,yes,,,,,,,
Campaign,LUZON CAMPAIGN,KA08,2014,,FF6AA84F,Data available,yes,,,,,,,
Campaign,LUZON CAMPAIGN,KA08,2015,,FF6AA84F,Data available,yes,,,,,,,
Campaign,LUZON CAMPAIGN,KA08,2016,,FF6AA84F,Data available,yes,,,,,,,
Campaign,LUZON CAMPAIGN,KA08,2018,,FF6AA84F,Data available,yes,,,,,,,
Campaign,LUZON CAMPAIGN,KA08,2019,,FF6AA84F,Data available,yes,,,,,,,
Campaign,LUZON CAMPAIGN,KA08,2022,,FF6AA84F,Data available,yes,,,,,,,
Campaign,LUZON CAMPAIGN,LAG1,1998,,FF274E13,Data to be retrieved,yes,,,False,False,,,False
Campaign,LUZON CAMPAIGN,LAG1,2012,,FF274E13,Data to be retrieved,yes,,,False,False,,,False
Campaign,LUZON CAMPAIGN,LAG1,2013,,FF274E13,Data to be retrieved,yes,,,False,False,,,False
Campaign,LUZON CAMPAIGN,LAG1,2014,,FF6AA84F,Data available,yes,,,False,False,,,False
Campaign,LUZON CAMPAIGN,LAG1,2015,,FF6AA84F,Data available,yes,,,False,False,,,False
Campaign,LUZON CAMPAIGN,LAG1,2016,,FF6AA84F,Data available,yes,,,False,False,,,False
Campaign,LUZON CAMPAIGN,LAG1,2017,,FF6AA84F,Data available,yes,,,False,False,,,False
Campaign,LUZON CAMPAIGN,LAG1,2018,,FF6AA84F,Data available,yes,,,False,False,,,False
Campaign,LUZON CAMPAIGN,LAG1,2019,,FF6AA84F,Data available,yes,,,False,False,,,False
Campaign,LUZON CAMPAIGN,LAG1,2022,,FF6AA84F,Data available,yes,,,False,False,,,False
Campaign,LUZON CAMPAIGN,LAG1,2024,,FF6AA84F,Data available,yes,,,False,False,,,False
Campaign,LUZON CAMPAIGN,LUZA,1996,,FF274E13,Data to be retrieved,yes,,,Pending,Pending,,,Converting
Campaign,LUZON CAMPAIGN,LUZA,1997,,FF274E13,Data to be retrieved,yes,,,Pending,Pending,,,Converting
Campaign,LUZON CAMPAIGN,LUZA,1998,,FF274E13,Data to be retrieved,yes,,,Pending,Pending,,,Converting
Campaign,LUZON CAMPAIGN,LUZA,1999,,FF274E13,Data to be retrieved,yes,,,Pending,Pending,,,Converting
Campaign,LUZON CAMPAIGN,LUZA,2000,,FF274E13,Data to be retrieved,yes,,,Pending,Pending,,,Converting
Campaign,LUZON CAMPAIGN,LUZA,2004,,FF274E13,Data to be retrieved,yes,,,Pending,Pending,,,Converting
Campaign,LUZON CAMPAIGN,LUZA,2007,,FF274E13,Data to be retrieved,yes,,,Pending,Pending,,,Converting
Campaign,LUZON CAMPAIGN,LUZA,2009,,FF274E13,Data to be retrieved,yes,,,Pending,Pending,,,Converting
Campaign,LUZON CAMPAIGN,LUZA,2011,,FF274E13,Data to be retrieved,yes,,,Pending,Pending,,,Converting
Campaign,LUZON CAMPAIGN,LUZA,2012,,FF274E13,Data to be retrieved,yes,,,Pending,Pending,,,Converting
Campaign,LUZON CAMPAIGN,LUZA,2013,,FF274E13,Data to be retrieved,yes,,,Pending,Pending,,,Converting
Campaign,LUZON CAMPAIGN,LUZA,2014,,FF6AA84F,Data available,yes,,,Pending,Pending,,,Converting
Campaign,LUZON CAMPAIGN,LUZA,2015,,FF6AA84F,Data available,yes,,,Pending,Pending,,,Converting
Campaign,LUZON CAMPAIGN,LUZA,2016,,FF6AA84F,Data available,yes,,,Pending,Pending,,,Converting
Campaign,LUZON CAMPAIGN,LUZA,2018,,FF6AA84F,Data available,yes,,,Pending,Pending,,,Converting
Campaign,LUZON CAMPAIGN,LUZA,2019,,FF38761D,Incomplete,yes,,,Pending,Pending,,,Converting
Campaign,LUZON CAMPAIGN,LUZC,1996,,FF274E13,Data to be retrieved,yes,,,,,,,
Campaign,LUZON CAMPAIGN,LUZC,1997,,FF274E13,Data to be retrieved,yes,,,,,,,
Campaign,LUZON CAMPAIGN,LUZC,1998,,FF274E13,Data to be retrieved,yes,,,,,,,
Campaign,LUZON CAMPAIGN,LUZC,1999,,FF274E13,Data to be retrieved,yes,,,,,,,
Campaign,LUZON CAMPAIGN,LUZC,2000,,FF274E13,Data to be retrieved,yes,,,,,,,
Campaign,LUZON CAMPAIGN,LUZC,2004,,FF274E13,Data to be retrieved,yes,,,,,,,
Campaign,LUZON CAMPAIGN,LUZC,2008,,FF274E13,Data to be retrieved,yes,,,,,,,
Campaign,LUZON CAMPAIGN,LUZC,2009,,FF274E13,Data to be retrieved,yes,,,,,,,
Campaign,LUZON CAMPAIGN,LUZC,2011,,FF274E13,Data to be retrieved,yes,,,,,,,
Campaign,LUZON CAMPAIGN,LUZC,2012,,FF274E13,Data to be retrieved,yes,,,,,,,
Campaign,LUZON CAMPAIGN,LUZC,2013,,FF274E13,Data to be retrieved,yes,,,,,,,
Campaign,LUZON CAMPAIGN,LUZC,2014,,FF6AA84F,Data available,yes,,,,,,,
Campaign,LUZON CAMPAIGN,LUZC,2015,,FF6AA84F,Data available,yes,,,,,,,
Campaign,LUZON CAMPAIGN,LUZC,2016,,FF6AA84F,Data available,yes,,,,,,,
Campaign,LUZON CAMPAIGN,LUZC,2018,,FF6AA84F,Data available,yes,,,,,,,
Campaign,LUZON CAMPAIGN,LUZC,2019,,FF274E13,Data to be retrieved,yes,,,,,,,
Campaign,LUZON CAMPAIGN,LUZD,1996,,FF274E13,Data to be retrieved,yes,,,,,,,
Campaign,LUZON CAMPAIGN,LUZD,1997,,FF274E13,Data to be retrieved,yes,,,,,,,
Campaign,LUZON CAMPAIGN,LUZD,1998,,FF274E13,Data to be retrieved,yes,,,,,,,
Campaign,LUZON CAMPAIGN,LUZD,1999,,FF274E13,Data to be retrieved,yes,,,,,,,
Campaign,LUZON CAMPAIGN,LUZD,2000,,FF274E13,Data to be retrieved,yes,,,,,,,
Campaign,LUZON CAMPAIGN,LUZD,2004,,FF274E13,Data to be retrieved,yes,,,,,,,
Campaign,LUZON CAMPAIGN,LUZD,2007,,FF274E13,Data to be retrieved,yes,,,,,,,
Campaign,LUZON CAMPAIGN,LUZD,2009,,FF274E13,Data to be retrieved,yes,,,,,,,
Campaign,LUZON CAMPAIGN,LUZD,2010,,FF274E13,Data to be retrieved,yes,,,,,,,
Campaign,LUZON CAMPAIGN,LUZD,2011,,FF274E13,Data to be retrieved,yes,,,,,,,
Campaign,LUZON CAMPAIGN,LUZD,2012,,FF274E13,Data to be retrieved,yes,,,,,,,
Campaign,LUZON CAMPAIGN,LUZD,2013,,FF274E13,Data to be retrieved,yes,,,,,,,
Campaign,LUZON CAMPAIGN,LUZD,2014,,FF6AA84F,Data available,yes,,,,,,,
Campaign,LUZON CAMPAIGN,LUZD,2015,,FF6AA84F,Data available,yes,,,,,,,
Campaign,LUZON CAMPAIGN,LUZD,2016,,FF6AA84F,Data available,yes,,,,,,,
Campaign,LUZON CAMPAIGN,LUZD,2017,,FFFF0000,Error/Old site/Obsolete,yes,,,,,,,
Campaign,LUZON CAMPAIGN,LUZD,2018,,FF6AA84F,Data available,yes,,,,,,,
Campaign,LUZON CAMPAIGN,LUZD,2022,,FF6AA84F,Data available,yes,,,,,,,
Campaign,LUZON CAMPAIGN,LUZE,1996,,FF274E13,Data to be retrieved,yes,,,,,,,
Campaign,LUZON CAMPAIGN,LUZE,1997,,FF274E13,Data to be retrieved,yes,,,,,,,
Campaign,LUZON CAMPAIGN,LUZE,1998,,FF274E13,Data to be retrieved,yes,,,,,,,
Campaign,LUZON CAMPAIGN,LUZE,1999,,FF274E13,Data to be retrieved,yes,,,,,,,
Campaign,LUZON CAMPAIGN,LUZE,2000,,FF274E13,Data to be retrieved,yes,,,,,,,
Campaign,LUZON CAMPAIGN,LUZE,2004,,FF274E13,Data to be retrieved,yes,,,,,,,
Campaign,LUZON CAMPAIGN,LUZE,2007,,FF274E13,Data to be retrieved,yes,,,,,,,
Campaign,LUZON CAMPAIGN,LUZE,2011,,FF274E13,Data to be retrieved,yes,,,,,,,
Campaign,LUZON CAMPAIGN,LUZE,2014,,FF4A86E8,No logsheets,yes,,,,,,,
Campaign,LUZON CAMPAIGN,LUZE,2015,,FF6AA84F,Data available,yes,,,,,,,
Campaign,LUZON CAMPAIGN,LUZE,2016,,FF6AA84F,Data available,yes,,,,,,,
Campaign,LUZON CAMPAIGN,LUZF,1996,,FF274E13,Data to be retrieved,yes,,,,,,,
Campaign,LUZON CAMPAIGN,LUZF,1997,,FF274E13,Data to be retrieved,yes,,,,,,,
Campaign,LUZON CAMPAIGN,LUZF,1998,,FF274E13,Data to be retrieved,yes,,,,,,,
Campaign,LUZON CAMPAIGN,LUZF,1999,,FF274E13,Data to be retrieved,yes,,,,,,,
Campaign,LUZON CAMPAIGN,LUZF,2000,,FF274E13,Data to be retrieved,yes,,,,,,,
Campaign,LUZON CAMPAIGN,LUZF,2004,,FF274E13,Data to be retrieved,yes,,,,,,,
Campaign,LUZON CAMPAIGN,LUZF,2007,,FF274E13,Data to be retrieved,yes,,,,,,,
Campaign,LUZON CAMPAIGN,LUZF,2011,,FF274E13,Data to be retrieved,yes,,,,,,,
Campaign,LUZON CAMPAIGN,LUZF,2013,,FF274E13,Data to be retrieved,yes,,,,,,,
Campaign,LUZON CAMPAIGN,LUZF,2014,,FF6AA84F,Data available,yes,,,,,,,
Campaign,LUZON CAMPAIGN,LUZF,2015,,FF6AA84F,Data available,yes,,,,,,,
Campaign,LUZON CAMPAIGN,LUZF,2016,,FF6AA84F,Data available,yes,,,,,,,
Campaign,LUZON CAMPAIGN,LUZF,2018,,FF6AA84F,Data available,yes,,,,,,,
Campaign,LUZON CAMPAIGN,LUZG,1996,,FF274E13,Data to be retrieved,yes,,,,,,,
Campaign,LUZON CAMPAIGN,LUZG,1997,,FF274E13,Data to be retrieved,yes,,,,,,,
Campaign,LUZON CAMPAIGN,LUZG,1998,,FF274E13,Data to be retrieved,yes,,,,,,,
Campaign,LUZON CAMPAIGN,LUZG,1999,,FF274E13,Data to be retrieved,yes,,,,,,,
Campaign,LUZON CAMPAIGN,LUZG,2000,,FF274E13,Data to be retrieved,yes,,,,,,,
Campaign,LUZON CAMPAIGN,LUZG,2004,,FF274E13,Data to be retrieved,yes,,,,,,,
Campaign,LUZON CAMPAIGN,LUZG,2007,,FF274E13,Data to be retrieved,yes,,,,,,,
Campaign,LUZON CAMPAIGN,LUZG,2009,,FF274E13,Data to be retrieved,yes,,,,,,,
Campaign,LUZON CAMPAIGN,LUZG,2011,,FF274E13,Data to be retrieved,yes,,,,,,,
Campaign,LUZON CAMPAIGN,LUZG,2013,,FF274E13,Data to be retrieved,yes,,,,,,,
Campaign,LUZON CAMPAIGN,LUZG,2014,,FF6AA84F,Data available,yes,,,,,,,
Campaign,LUZON CAMPAIGN,LUZG,2015,,FF6AA84F,Data available,yes,,,,,,,
Campaign,LUZON CAMPAIGN,LUZG,2016,,FF6AA84F,Data available,yes,,,,,,,
Campaign,LUZON CAMPAIGN,LUZG,2018,,FF38761D,Incomplete,yes,,,,,,,
Campaign,LUZON CAMPAIGN,LUZG,2019,,FF6AA84F,Data available,yes,,,,,,,
Campaign,LUZON CAMPAIGN,LUZP,2012,,FF274E13,Data to be retrieved,yes,FFFF0000,Error/Old site/Obsolete,,,,,
Campaign,LUZON CAMPAIGN,LUZN,2012,,FF274E13,Data to be retrieved,yes,FFFF0000,Error/Old site/Obsolete,,,,,
Campaign,LUZON CAMPAIGN,LUZH,1996,,FF274E13,Data to be retrieved,yes,,,False,False,,,True
Campaign,LUZON CAMPAIGN,LUZH,1997,,FF274E13,Data to be retrieved,yes,,,False,False,,,True
Campaign,LUZON CAMPAIGN,LUZH,1998,,FF274E13,Data to be retrieved,yes,,,False,False,,,True
Campaign,LUZON CAMPAIGN,LUZH,1999,,FF274E13,Data to be retrieved,yes,,,False,False,,,True
Campaign,LUZON CAMPAIGN,LUZH,2000,,FF274E13,Data to be retrieved,yes,,,False,False,,,True
Campaign,LUZON CAMPAIGN,LUZH,2004,,FF274E13,Data to be retrieved,yes,,,False,False,,,True
Campaign,LUZON CAMPAIGN,LUZH,2007,,FF274E13,Data to be retrieved,yes,,,False,False,,,True
Campaign,LUZON CAMPAIGN,LUZH,2009,,FF274E13,Data to be retrieved,yes,,,False,False,,,True
Campaign,LUZON CAMPAIGN,LUZH,2012,,FF274E13,Data to be retrieved,yes,,,False,False,,,True
Campaign,LUZON CAMPAIGN,LUZH,2013,,FF274E13,Data to be retrieved,yes,,,False,False,,,True
Campaign,LUZON CAMPAIGN,LUZH,2015,,FF6AA84F,Data available,yes,,,False,False,,,True
Campaign,LUZON CAMPAIGN,LUZH,2016,,FF6AA84F,Data available,yes,,,False,False,,,True
Campaign,LUZON CAMPAIGN,LUZH,2018,,FF6AA84F,Data available,yes,,,False,False,,,True
Campaign,LUZON CAMPAIGN,LUZH,2019,,FF6AA84F,Data available,yes,,,False,False,,,True
Campaign,LUZON CAMPAIGN,LUZH,2022,,FF6AA84F,Data available,yes,,,False,False,,,True
Campaign,LUZON CAMPAIGN,LUN1,2008,,FF274E13,Data to be retrieved,yes,FFFF0000,Error/Old site/Obsolete,Processing,Processing,,,To retrieve
Campaign,LUZON CAMPAIGN,LUN1,2009,,FF274E13,Data to be retrieved,yes,FFFF0000,Error/Old site/Obsolete,Processing,Processing,,,To retrieve
Campaign,LUZON CAMPAIGN,LUN1,2011,,FF274E13,Data to be retrieved,yes,FFFF0000,Error/Old site/Obsolete,Processing,Processing,,,To retrieve
Campaign,LUZON CAMPAIGN,LUN1,2012,,FF6AA84F,Data available,yes,FFFF0000,Error/Old site/Obsolete,Processing,Processing,,,To retrieve
Campaign,LUZON CAMPAIGN,LUN2,2008,,FF274E13,Data to be retrieved,yes,FFFF0000,Error/Old site/Obsolete,,,,,
Campaign,LUZON CAMPAIGN,LUN2,2009,,FF274E13,Data to be retrieved,yes,FFFF0000,Error/Old site/Obsolete,,,,,
Campaign,LUZON CAMPAIGN,LUN2,2011,,FF274E13,Data to be retrieved,yes,FFFF0000,Error/Old site/Obsolete,,,,,
Campaign,LUZON CAMPAIGN,LUN2,2012,,FF6AA84F,Data available,yes,FFFF0000,Error/Old site/Obsolete,,,,,
Campaign,LUZON CAMPAIGN,LUN2,2013,,FF274E13,Data to be retrieved,yes,FFFF0000,Error/Old site/Obsolete,,,,,
Campaign,LUZON CAMPAIGN,LUBU,2010,,FF274E13,Data to be retrieved,yes,FFFF0000,Error/Old site/Obsolete,,,,,
Campaign,LUZON CAMPAIGN,LUBU,2011,,FF274E13,Data to be retrieved,yes,FFFF0000,Error/Old site/Obsolete,,,,,
Campaign,LUZON CAMPAIGN,LUBU,2012,,FF6AA84F,Data available,yes,FFFF0000,Error/Old site/Obsolete,,,,,
Campaign,LUZON CAMPAIGN,LUBU,2013,,FF274E13,Data to be retrieved,yes,FFFF0000,Error/Old site/Obsolete,,,,,
Campaign,LUZON CAMPAIGN,LUBU,2014,,FF6AA84F,Data available,yes,FFFF0000,Error/Old site/Obsolete,,,,,
Campaign,LUZON CAMPAIGN,LUBU,2015,,FF6AA84F,Data available,yes,FFFF0000,Error/Old site/Obsolete,,,,,
Campaign,LUZON CAMPAIGN,MAGA,2006,,FF274E13,Data to be retrieved,yes,,,,,,,
Campaign,LUZON CAMPAIGN,MAGA,2008,,FF274E13,Data to be retrieved,yes,,,,,,,
Campaign,LUZON CAMPAIGN,MAGA,2009,,FF274E13,Data to be retrieved,yes,,,,,,,
Campaign,LUZON CAMPAIGN,MAGA,2011,,FF274E13,Data to be retrieved,yes,,,,,,,
Campaign,LUZON CAMPAIGN,MAGA,2012,,FF6AA84F,Data available,yes,,,,,,,
Campaign,LUZON CAMPAIGN,MAGA,2013,,FF274E13,Data to be retrieved,yes,,,,,,,
Campaign,LUZON CAMPAIGN,MAGA,2014,,FF6AA84F,Data available,yes,,,,,,,
Campaign,LUZON CAMPAIGN,MAGA,2015,,FF6AA84F,Data available,yes,,,,,,,
Campaign,LUZON CAMPAIGN,MAGA,2016,,FF6AA84F,Data available,yes,,,,,,,
Campaign,LUZON CAMPAIGN,MAGA,2017,,FF6AA84F,Data available,yes,,,,,,,
Campaign,LUZON CAMPAIGN,MAGA,2018,,FF6AA84F,Data available,yes,,,,,,,
Campaign,LUZON CAMPAIGN,MAGA,2019,,FF6AA84F,Data available,yes,,,,,,,
Campaign,LUZON CAMPAIGN,MACR,2008,,FF274E13,Data to be retrieved,yes,,,,,,,
Campaign,LUZON CAMPAIGN,MACR,2009,,FF274E13,Data to be retrieved,yes,,,,,,,
Campaign,LUZON CAMPAIGN,MACR,2011,,FF274E13,Data to be retrieved,yes,,,,,,,
Campaign,LUZON CAMPAIGN,MACR,2012,,FF6AA84F,Data available,yes,,,,,,,
Campaign,LUZON CAMPAIGN,MACR,2013,,FF274E13,Data to be retrieved,yes,,,,,,,
Campaign,LUZON CAMPAIGN,MACR,2014,,FF6AA84F,Data available,yes,,,,,,,
Campaign,LUZON CAMPAIGN,MACR,2015,,FF6AA84F,Data available,yes,,,,,,,
Campaign,LUZON CAMPAIGN,MACR,2016,,FF6AA84F,Data available,yes,,,,,,,
Campaign,LUZON CAMPAIGN,MACR,2018,,FF6AA84F,Data available,yes,,,,,,,
Campaign,LUZON CAMPAIGN,MACR,2019,,FF274E13,Data to be retrieved,yes,,,,,,,
Campaign,LUZON CAMPAIGN,MRIK,2008,,FF274E13,Data to be retrieved,yes,,,,,,,
Campaign,LUZON CAMPAIGN,MRIK,2009,,FF274E13,Data to be retrieved,yes,,,,,,,
Campaign,LUZON CAMPAIGN,MRIK,2011,,FF274E13,Data to be retrieved,yes,,,,,,,
Campaign,LUZON CAMPAIGN,MRIK,2012,,FF274E13,Data to be retrieved,yes,,,,,,,
Campaign,LUZON CAMPAIGN,MRIK,2013,,FF274E13,Data to be retrieved,yes,,,,,,,
Campaign,LUZON CAMPAIGN,MRIK,2014,,FF6AA84F,Data available,yes,,,,,,,
Campaign,LUZON CAMPAIGN,MRIK,2015,,FF6AA84F,Data available,yes,,,,,,,
Campaign,LUZON CAMPAIGN,MRIK,2016,,FF6AA84F,Data available,yes,,,,,,,
Campaign,LUZON CAMPAIGN,MRIK,2018,,FF6AA84F,Data available,yes,,,,,,,
Campaign,LUZON CAMPAIGN,MRIK,2019,,FF274E13,Data to be retrieved,yes,,,,,,,
Campaign,LUZON CAMPAIGN,NE21,2008,,FF274E13,Data to be retrieved,yes,,,,,,,
Campaign,LUZON CAMPAIGN,NE21,2009,,FF274E13,Data to be retrieved,yes,,,,,,,
Campaign,LUZON CAMPAIGN,NE21,2011,,FF274E13,Data to be retrieved,yes,,,,,,,
Campaign,LUZON CAMPAIGN,NE21,2012,,FF6AA84F,Data available,yes,,,,,,,
Campaign,LUZON CAMPAIGN,NE21,2013,,FF274E13,Data to be retrieved,yes,,,,,,,
Campaign,LUZON CAMPAIGN,NE21,2014,,FF6AA84F,Data available,yes,,,,,,,
Campaign,LUZON CAMPAIGN,NE21,2015,,FF6AA84F,Data available,yes,,,,,,,
Campaign,LUZON CAMPAIGN,NE21,2016,,FF6AA84F,Data available,yes,,,,,,,
Campaign,LUZON CAMPAIGN,NE21,2018,,FF6AA84F,Data available,yes,,,,,,,
Campaign,LUZON CAMPAIGN,N132,2008,,FF274E13,Data to be retrieved,yes,,,,,,,
Campaign,LUZON CAMPAIGN,N132,2009,,FF274E13,Data to be retrieved,yes,,,,,,,
Campaign,LUZON CAMPAIGN,N132,2011,,FF274E13,Data to be retrieved,yes,,,,,,,
Campaign,LUZON CAMPAIGN,N132,2012,,FF274E13,Data to be retrieved,yes,,,,,,,
Campaign,LUZON CAMPAIGN,N132,2013,,FF274E13,Data to be retrieved,yes,,,,,,,
Campaign,LUZON CAMPAIGN,N132,2014,,FF6AA84F,Data available,yes,,,,,,,
Campaign,LUZON CAMPAIGN,N132,2016,,FF6AA84F,Data available,yes,,,,,,,
Campaign,LUZON CAMPAIGN,NVY9,2008,,FF274E13,Data to be retrieved,yes,,,True,True,,,False
Campaign,LUZON CAMPAIGN,NVY9,2009,,FF274E13,Data to be retrieved,yes,,,True,True,,,False
Campaign,LUZON CAMPAIGN,NVY9,2011,,FF274E13,Data to be retrieved,yes,,,True,True,,,False
Campaign,LUZON CAMPAIGN,NVY9,2012,,FF274E13,Data to be retrieved,yes,,,True,True,,,False
Campaign,LUZON CAMPAIGN,NVY9,2013,,FF274E13,Data to be retrieved,yes,,,True,True,,,False
Campaign,LUZON CAMPAIGN,NVY9,2014,,FF6AA84F,Data available,yes,,,True,True,,,False
Campaign,LUZON CAMPAIGN,NVY9,2015,,FF6AA84F,Data available,yes,,,True,True,,,False
Campaign,LUZON CAMPAIGN,NVY9,2016,,FF6AA84F,Data available,yes,,,True,True,,,False
Campaign,LUZON CAMPAIGN,NVY9,2018,,FF6AA84F,Data available,yes,,,True,True,,,False
Campaign,LUZON CAMPAIGN,NVY2,2008,,FF274E13,Data to be retrieved,yes,,,Finished,Finished,,,Complete
Campaign,LUZON CAMPAIGN,NVY2,2009,,FF274E13,Data to be retrieved,yes,,,Finished,Finished,,,Complete
Campaign,LUZON CAMPAIGN,NVY2,2011,,FF274E13,Data to be retrieved,yes,,,Finished,Finished,,,Complete
Campaign,LUZON CAMPAIGN,NVY2,2012,,FF6AA84F,Data available,yes,,,Finished,Finished,,,Complete
Campaign,LUZON CAMPAIGN,NVY2,2013,,FF274E13,Data to be retrieved,yes,,,Finished,Finished,,,Complete
Campaign,LUZON CAMPAIGN,NVY2,2014,,FF6AA84F,Data available,yes,,,Finished,Finished,,,Complete
Campaign,LUZON CAMPAIGN,NVY2,2015,,FF6AA84F,Data available,yes,,,Finished,Finished,,,Complete
Campaign,LUZON CAMPAIGN,NVY2,2016,,FF6AA84F,Data available,yes,,,Finished,Finished,,,Complete
Campaign,LUZON CAMPAIGN,NVY2,2018,,FF6AA84F,Data available,yes,,,Finished,Finished,,,Complete
Campaign,LUZON CAMPAIGN,NVY2,2019,,FF6AA84F,Data available,yes,,,Finished,Finished,,,Complete
Campaign,LUZON CAMPAIGN,NVY3,1998,,FF274E13,Data to be retrieved,yes,,,,,,,
Campaign,LUZON CAMPAIGN,NVY3,2008,,FF274E13,Data to be retrieved,yes,,,,,,,
Campaign,LUZON CAMPAIGN,NVY3,2009,,FF274E13,Data to be retrieved,yes,,,,,,,
Campaign,LUZON CAMPAIGN,NVY3,2011,,FF274E13,Data to be retrieved,yes,,,,,,,
Campaign,LUZON CAMPAIGN,NVY3,2013,,FF274E13,Data to be retrieved,yes,,,,,,,
Campaign,LUZON CAMPAIGN,NVY3,2014,,FF6AA84F,Data available,yes,,,,,,,
Campaign,LUZON CAMPAIGN,NVY3,2015,,FF6AA84F,Data available,yes,,,,,,,
Campaign,LUZON CAMPAIGN,NVY3,2016,,FF6AA84F,Data available,yes,,,,,,,
Campaign,LUZON CAMPAIGN,NVY3,2018,,FF6AA84F,Data available,yes,,,,,,,
Campaign,LUZON CAMPAIGN,PABL,1999,,FF274E13,Data to be retrieved,yes,,,,,,,
Campaign,LUZON CAMPAIGN,PABL,2000,,FF274E13,Data to be retrieved,yes,,,,,,,
Campaign,LUZON CAMPAIGN,PABL,2004,,FF274E13,Data to be retrieved,yes,,,,,,,
Campaign,LUZON CAMPAIGN,PABL,2008,,FF274E13,Data to be retrieved,yes,,,,,,,
Campaign,LUZON CAMPAIGN,PABL,2009,,FF274E13,Data to be retrieved,yes,,,,,,,
Campaign,LUZON CAMPAIGN,PABL,2011,,FF274E13,Data to be retrieved,yes,,,,,,,
Campaign,LUZON CAMPAIGN,PABL,2013,,FF274E13,Data to be retrieved,yes,,,,,,,
Campaign,LUZON CAMPAIGN,PABL,2014,,FF6AA84F,Data available,yes,,,,,,,
Campaign,LUZON CAMPAIGN,PABL,2016,,FF6AA84F,Data available,yes,,,,,,,
Campaign,LUZON CAMPAIGN,PABL,2018,,FF6AA84F,Data available,yes,,,,,,,
Campaign,LUZON CAMPAIGN,PANC,2009,,FF274E13,Data to be retrieved,yes,,,,,,,
Campaign,LUZON CAMPAIGN,PANC,2011,,FF274E13,Data to be retrieved,yes,,,,,,,
Campaign,LUZON CAMPAIGN,PANC,2012,,FF274E13,Data to be retrieved,yes,,,,,,,
Campaign,LUZON CAMPAIGN,PANC,2013,,FF274E13,Data to be retrieved,yes,,,,,,,
Campaign,LUZON CAMPAIGN,PANC,2014,,FF6AA84F,Data available,yes,,,,,,,
Campaign,LUZON CAMPAIGN,PANC,2015,,FF274E13,Data to be retrieved,yes,,,,,,,
Campaign,LUZON CAMPAIGN,PANC,2016,,FF6AA84F,Data available,yes,,,,,,,
Campaign,LUZON CAMPAIGN,PANC,2017,,FFFF0000,Error/Old site/Obsolete,yes,,,,,,,
Campaign,LUZON CAMPAIGN,PANC,2018,,FF6AA84F,Data available,yes,,,,,,,
Campaign,LUZON CAMPAIGN,PANC,2019,,FF6AA84F,Data available,yes,,,,,,,
Campaign,LUZON CAMPAIGN,PWSU,2012,,FF274E13,Data to be retrieved,yes,FFFF0000,Error/Old site/Obsolete,,,,,
Campaign,LUZON CAMPAIGN,PWSU,2015,,FF6AA84F,Data available,yes,FFFF0000,Error/Old site/Obsolete,,,,,
Campaign,LUZON CAMPAIGN,QN42,2005,,FF274E13,Data to be retrieved,yes,,,,,,,
Campaign,LUZON CAMPAIGN,QN42,2006,,FF274E13,Data to be retrieved,yes,,,,,,,
Campaign,LUZON CAMPAIGN,QN42,2008,,FF274E13,Data to be retrieved,yes,,,,,,,
Campaign,LUZON CAMPAIGN,QN42,2010,,FF274E13,Data to be retrieved,yes,,,,,,,
Campaign,LUZON CAMPAIGN,QN42,2011,,FF274E13,Data to be retrieved,yes,,,,,,,
Campaign,LUZON CAMPAIGN,QN42,2013,,FF274E13,Data to be retrieved,yes,,,,,,,
Campaign,LUZON CAMPAIGN,QN42,2014,,FF6AA84F,Data available,yes,,,,,,,
Campaign,LUZON CAMPAIGN,QN42,2015,,FF6AA84F,Data available,yes,,,,,,,
Campaign,LUZON CAMPAIGN,QN42,2016,,FF6AA84F,Data available,yes,,,,,,,
Campaign,LUZON CAMPAIGN,QN42,2018,,FF6AA84F,Data available,yes,,,,,,,
Campaign,LUZON CAMPAIGN,QN42,2025,,FF6AA84F,Data available,yes,,,,,,,
Campaign,LUZON CAMPAIGN,QZNA,2013,,FF274E13,Data to be retrieved,yes,,,,,,,
Campaign,LUZON CAMPAIGN,QZNA,2015,,FF6AA84F,Data available,yes,,,,,,,
Campaign,LUZON CAMPAIGN,QZN1,2013,,FF274E13,Data to be retrieved,yes,FFFF0000,Error/Old site/Obsolete,,,,,
Campaign,LUZON CAMPAIGN,QZN3,2008,,FF274E13,Data to be retrieved,yes,,,,,,,
Campaign,LUZON CAMPAIGN,QZN3,2011,,FF274E13,Data to be retrieved,yes,,,,,,,
Campaign,LUZON CAMPAIGN,QZN3,2012,,FF274E13,Data to be retrieved,yes,,,,,,,
Campaign,LUZON CAMPAIGN,QZN3,2013,,FF274E13,Data to be retrieved,yes,,,,,,,
Campaign,LUZON CAMPAIGN,QZN3,2015,,FF6AA84F,Data available,yes,,,,,,,
Campaign,LUZON CAMPAIGN,SISN,2008,,FF274E13,Data to be retrieved,yes,,,,,,,
Campaign,LUZON CAMPAIGN,SISN,2009,,FF274E13,Data to be retrieved,yes,,,,,,,
Campaign,LUZON CAMPAIGN,SISN,2011,,FF274E13,Data to be retrieved,yes,,,,,,,
Campaign,LUZON CAMPAIGN,SISN,2012,,FF6AA84F,Data available,yes,,,,,,,
Campaign,LUZON CAMPAIGN,SISN,2013,,FF274E13,Data to be retrieved,yes,,,,,,,
Campaign,LUZON CAMPAIGN,SISN,2014,,FF6AA84F,Data available,yes,,,,,,,
Campaign,LUZON CAMPAIGN,SISN,2015,,FF6AA84F,Data available,yes,,,,,,,
Campaign,LUZON CAMPAIGN,SISN,2016,,FF6AA84F,Data available,yes,,,,,,,
Campaign,LUZON CAMPAIGN,SISN,2018,,FF6AA84F,Data available,yes,,,,,,,
Campaign,LUZON CAMPAIGN,SISN,2019,,FF274E13,Data to be retrieved,yes,,,,,,,
Campaign,LUZON CAMPAIGN,SMDS,2009,,FF274E13,Data to be retrieved,yes,,,,,,,
Campaign,LUZON CAMPAIGN,SMDS,2010,,FF274E13,Data to be retrieved,yes,,,,,,,
Campaign,LUZON CAMPAIGN,SMDS,2011,,FF274E13,Data to be retrieved,yes,,,,,,,
Campaign,LUZON CAMPAIGN,SMDS,2012,,FF274E13,Data to be retrieved,yes,,,,,,,
Campaign,LUZON CAMPAIGN,SMDS,2013,,FF274E13,Data to be retrieved,yes,,,,,,,
Campaign,LUZON CAMPAIGN,SMDS,2014,,FF6AA84F,Data available,yes,,,,,,,
Campaign,LUZON CAMPAIGN,SMDS,2016,,FF6AA84F,Data available,yes,,,,,,,
Campaign,LUZON CAMPAIGN,SMDS,2018,,FF6AA84F,Data available,yes,,,,,,,
Campaign,LUZON CAMPAIGN,SMDS,2019,,FF6AA84F,Data available,yes,,,,,,,
Campaign,LUZON CAMPAIGN,SMAT,2009,,FF274E13,Data to be retrieved,yes,FFFF0000,Error/Old site/Obsolete,,,,,
Campaign,LUZON CAMPAIGN,SMAT,2011,,FF274E13,Data to be retrieved,yes,FFFF0000,Error/Old site/Obsolete,,,,,
Campaign,LUZON CAMPAIGN,SMAT,2012,,FF274E13,Data to be retrieved,yes,FFFF0000,Error/Old site/Obsolete,,,,,
Campaign,LUZON CAMPAIGN,SMAT,2013,,FF274E13,Data to be retrieved,yes,FFFF0000,Error/Old site/Obsolete,,,,,
Campaign,LUZON CAMPAIGN,SMAT,2014,,FF6AA84F,Data available,yes,FFFF0000,Error/Old site/Obsolete,,,,,
Campaign,LUZON CAMPAIGN,SMAT,2015,,FF6AA84F,Data available,yes,FFFF0000,Error/Old site/Obsolete,,,,,
Campaign,LUZON CAMPAIGN,SMAT,2018,,FF6AA84F,Data available,yes,FFFF0000,Error/Old site/Obsolete,,,,,
Campaign,LUZON CAMPAIGN,SRQE,2009,,FF274E13,Data to be retrieved,yes,,,,,,,
Campaign,LUZON CAMPAIGN,SRQE,2010,,FF274E13,Data to be retrieved,yes,,,,,,,
Campaign,LUZON CAMPAIGN,SRQE,2011,,FF274E13,Data to be retrieved,yes,,,,,,,
Campaign,LUZON CAMPAIGN,SRQE,2012,,FF6AA84F,Data available,yes,,,,,,,
Campaign,LUZON CAMPAIGN,SRQE,2013,,FF274E13,Data to be retrieved,yes,,,,,,,
Campaign,LUZON CAMPAIGN,SRQE,2014,,FF6AA84F,Data available,yes,,,,,,,
Campaign,LUZON CAMPAIGN,SRQE,2015,,FF6AA84F,Data available,yes,,,,,,,
Campaign,LUZON CAMPAIGN,SRQE,2016,,FF6AA84F,Data available,yes,,,,,,,
Campaign,LUZON CAMPAIGN,SRQE,2018,,FF6AA84F,Data available,yes,,,,,,,
Campaign,LUZON CAMPAIGN,SUAL,2006,,FF274E13,Data to be retrieved,yes,,,,,,,
Campaign,LUZON CAMPAIGN,SUAL,2008,,FF274E13,Data to be retrieved,yes,,,,,,,
Campaign,LUZON CAMPAIGN,SUAL,2009,,FF274E13,Data to be retrieved,yes,,,,,,,
Campaign,LUZON CAMPAIGN,SUAL,2011,,FF274E13,Data to be retrieved,yes,,,,,,,
Campaign,LUZON CAMPAIGN,SUAL,2012,,FF6AA84F,Data available,yes,,,,,,,
Campaign,LUZON CAMPAIGN,SUAL,2013,,FF274E13,Data to be retrieved,yes,,,,,,,
Campaign,LUZON CAMPAIGN,SUAL,2014,,FF6AA84F,Data available,yes,,,,,,,
Campaign,LUZON CAMPAIGN,SUAL,2015,,FF6AA84F,Data available,yes,,,,,,,
Campaign,LUZON CAMPAIGN,SUAL,2016,,FF6AA84F,Data available,yes,,,,,,,
Campaign,LUZON CAMPAIGN,SUAL,2018,,FF00FF00,Some logsheets are missing,yes,,,,,,,
Campaign,LUZON CAMPAIGN,TARL,2006,,FF274E13,Data to be retrieved,yes,,,,,,,
Campaign,LUZON CAMPAIGN,TARL,2008,,FF274E13,Data to be retrieved,yes,,,,,,,
Campaign,LUZON CAMPAIGN,TARL,2009,,FF274E13,Data to be retrieved,yes,,,,,,,
Campaign,LUZON CAMPAIGN,TARL,2015,,FF6AA84F,Data available,yes,,,,,,,
Campaign,LUZON CAMPAIGN,TARL,2016,,FF6AA84F,Data available,yes,,,,,,,
Campaign,LUZON CAMPAIGN,TARL,2017,,FF6AA84F,Data available,yes,,,,,,,
Campaign,LUZON CAMPAIGN,TARL,2018,,FF6AA84F,Data available,yes,,,,,,,
Campaign,LUZON CAMPAIGN,TARL,2019,,FF6AA84F,Data available,yes,,,,,,,
Campaign,LUZON CAMPAIGN,TRC3,2008,,FF274E13,Data to be retrieved,yes,,,,,,,
Campaign,LUZON CAMPAIGN,TRC3,2009,,FF274E13,Data to be retrieved,yes,,,,,,,
Campaign,LUZON CAMPAIGN,TRC3,2011,,FF274E13,Data to be retrieved,yes,,,,,,,
Campaign,LUZON CAMPAIGN,TRC3,2012,,FF6AA84F,Data available,yes,,,,,,,
Campaign,LUZON CAMPAIGN,TRC3,2013,,FF274E13,Data to be retrieved,yes,,,,,,,
Campaign,LUZON CAMPAIGN,TRC3,2014,,FF6AA84F,Data available,yes,,,,,,,
Campaign,LUZON CAMPAIGN,TRC3,2015,,FF6AA84F,Data available,yes,,,,,,,
Campaign,LUZON CAMPAIGN,TRC3,2016,,FF6AA84F,Data available,yes,,,,,,,
Campaign,LUZON CAMPAIGN,TRC3,2017,,FFFF0000,Error/Old site/Obsolete,yes,,,,,,,
Campaign,LUZON CAMPAIGN,TRC3,2018,,FF6AA84F,Data available,yes,,,,,,,
Campaign,LUZON CAMPAIGN,TING,2017,,FF6AA84F,Data available,yes,FFFF0000,Error/Old site/Obsolete,,,,,
Campaign,LUZON CAMPAIGN,ZBS1,2008,,FF274E13,Data to be retrieved,yes,,,,,,,
Campaign,LUZON CAMPAIGN,ZBS1,2009,,FF274E13,Data to be retrieved,yes,,,,,,,
Campaign,LUZON CAMPAIGN,ZBS1,2011,,FF274E13,Data to be retrieved,yes,,,,,,,
Campaign,LUZON CAMPAIGN,ZBS1,2012,,FF6AA84F,Data available,yes,,,,,,,
Campaign,LUZON CAMPAIGN,ZBS1,2013,,FF274E13,Data to be retrieved,yes,,,,,,,
Campaign,LUZON CAMPAIGN,ZBS1,2014,,FF6AA84F,Data available,yes,,,,,,,
Campaign,LUZON CAMPAIGN,ZBS1,2015,,FF6AA84F,Data available,yes,,,,,,,
Campaign,LUZON CAMPAIGN,ZBS1,2016,,FF6AA84F,Data available,yes,,,,,,,
Campaign,LUZON CAMPAIGN,ZBS1,2018,,FF6AA84F,Data available,yes,,,,,,,
Campaign,LUZON CAMPAIGN,ZBS1,2019,,FF6AA84F,Data available,yes,,,,,,,
Campaign,LUZON CAMPAIGN,ZBS3,2008,,FF274E13,Data to be retrieved,yes,FFFF0000,Error/Old site/Obsolete,,,,,
Campaign,LUZON CAMPAIGN,ZBS3,2009,,FF274E13,Data to be retrieved,yes,FFFF0000,Error/Old site/Obsolete,,,,,
Campaign,LUZON CAMPAIGN,ZBS3,2011,,FF274E13,Data to be retrieved,yes,FFFF0000,Error/Old site/Obsolete,,,,,
Campaign,LUZON CAMPAIGN,ZBS3,2012,,FF6AA84F,Data available,yes,FFFF0000,Error/Old site/Obsolete,,,,,
Campaign,LUZON CAMPAIGN,ZBS3,2013,,FF274E13,Data to be retrieved,yes,FFFF0000,Error/Old site/Obsolete,,,,,
Campaign,LUZON CAMPAIGN,ZBS3,2014,,FF6AA84F,Data available,yes,FFFF0000,Error/Old site/Obsolete,,,,,
Campaign,LUZON CAMPAIGN,ZBS3,2015,,FF6AA84F,Data available,yes,FFFF0000,Error/Old site/Obsolete,,,,,
Campaign,LUZON CAMPAIGN,ZBS3,2018,,FF6AA84F,Data available,yes,FFFF0000,Error/Old site/Obsolete,,,,,
Campaign,LUZON CAMPAIGN,NV47,2008,,FF274E13,Data to be retrieved,yes,FFFF0000,Error/Old site/Obsolete,,,,,
Campaign,LUZON CAMPAIGN,NV47,2009,,FF274E13,Data to be retrieved,yes,FFFF0000,Error/Old site/Obsolete,,,,,
Campaign,LUZON CAMPAIGN,NV47,2011,,FF274E13,Data to be retrieved,yes,FFFF0000,Error/Old site/Obsolete,,,,,
Campaign,LUZON CAMPAIGN,NV47,2012,,FF274E13,Data to be retrieved,yes,FFFF0000,Error/Old site/Obsolete,,,,,
Campaign,LUZON CAMPAIGN,NV47,2013,,FF274E13,Data to be retrieved,yes,FFFF0000,Error/Old site/Obsolete,,,,,
Campaign,LUZON CAMPAIGN,S289,2009,,FF274E13,Data to be retrieved,yes,FFFF0000,Error/Old site/Obsolete,,,,,
Campaign,LUZON CAMPAIGN,S289,2011,,FF274E13,Data to be retrieved,yes,FFFF0000,Error/Old site/Obsolete,,,,,
Campaign,LUZON CAMPAIGN,S289,2012,,FF274E13,Data to be retrieved,yes,FFFF0000,Error/Old site/Obsolete,,,,,
Campaign,LUZON CAMPAIGN,S289,2013,,FF274E13,Data to be retrieved,yes,FFFF0000,Error/Old site/Obsolete,,,,,
Campaign,LUZON CAMPAIGN,ODON,2008,,FF274E13,Data to be retrieved,yes,FFFF0000,Error/Old site/Obsolete,,,,,
Campaign,LUZON CAMPAIGN,ODON,2009,,FF274E13,Data to be retrieved,yes,FFFF0000,Error/Old site/Obsolete,,,,,
Campaign,LUZON CAMPAIGN,ODON,2011,,FF274E13,Data to be retrieved,yes,FFFF0000,Error/Old site/Obsolete,,,,,
Campaign,LUZON CAMPAIGN,ODON,2012,,FF6AA84F,Data available,yes,FFFF0000,Error/Old site/Obsolete,,,,,
Campaign,LUZON CAMPAIGN,ODON,2013,,FF274E13,Data to be retrieved,yes,FFFF0000,Error/Old site/Obsolete,,,,,
Campaign,LUZON CAMPAIGN,ODON,2014,,FF6AA84F,Data available,yes,FFFF0000,Error/Old site/Obsolete,,,,,
Campaign,LUZON CAMPAIGN,ODON,2015,,FF6AA84F,Data available,yes,FFFF0000,Error/Old site/Obsolete,,,,,
Campaign,LUZON CAMPAIGN,PNG5,2009,,FF274E13,Data to be retrieved,yes,FFFF0000,Error/Old site/Obsolete,,,,,
Campaign,LUZON CAMPAIGN,PNG5,2010,,FF274E13,Data to be retrieved,yes,FFFF0000,Error/Old site/Obsolete,,,,,
Campaign,LUZON CAMPAIGN,PNG5,2011,,FF274E13,Data to be retrieved,yes,FFFF0000,Error/Old site/Obsolete,,,,,
Campaign,LUZON CAMPAIGN,PNG5,2012,,FF6AA84F,Data available,yes,FFFF0000,Error/Old site/Obsolete,,,,,
Campaign,LUZON CAMPAIGN,PNG5,2013,,FF274E13,Data to be retrieved,yes,FFFF0000,Error/Old site/Obsolete,,,,,
Campaign,LUZON CAMPAIGN,PNG5,2014,,FF274E13,Data to be retrieved,yes,FFFF0000,Error/Old site/Obsolete,,,,,
Campaign,RAGAY-BONDOC & MASBATE CAMPAIGN,CMN2,1998,,FF274E13,Data to be retrieved,yes,,,,,"2012, 2014-2019",,
Campaign,RAGAY-BONDOC & MASBATE CAMPAIGN,CMN2,1999,,FF274E13,Data to be retrieved,yes,,,,,"2012, 2014-2019",,
Campaign,RAGAY-BONDOC & MASBATE CAMPAIGN,CMN2,2000,,FF274E13,Data to be retrieved,yes,,,,,"2012, 2014-2019",,
Campaign,RAGAY-BONDOC & MASBATE CAMPAIGN,CMN2,2004,,FF274E13,Data to be retrieved,yes,,,,,"2012, 2014-2019",,
Campaign,RAGAY-BONDOC & MASBATE CAMPAIGN,CMN2,2006,,FF274E13,Data to be retrieved,yes,,,,,"2012, 2014-2019",,
Campaign,RAGAY-BONDOC & MASBATE CAMPAIGN,CMN2,2008,,FF274E13,Data to be retrieved,yes,,,,,"2012, 2014-2019",,
Campaign,RAGAY-BONDOC & MASBATE CAMPAIGN,CMN2,2010,,FF274E13,Data to be retrieved,yes,,,,,"2012, 2014-2019",,
Campaign,RAGAY-BONDOC & MASBATE CAMPAIGN,CMN2,2013,,FF274E13,Data to be retrieved,yes,,,,,"2012, 2014-2019",,
Campaign,RAGAY-BONDOC & MASBATE CAMPAIGN,CMN2,2014,,FF6AA84F,Data available,yes,,,,,"2012, 2014-2019",,
Campaign,RAGAY-BONDOC & MASBATE CAMPAIGN,CMN2,2015,,FF6AA84F,Data available,yes,,,,,"2012, 2014-2019",,
Campaign,RAGAY-BONDOC & MASBATE CAMPAIGN,CMN2,2016,,FF6AA84F,Data available,yes,,,,,"2012, 2014-2019",,
Campaign,RAGAY-BONDOC & MASBATE CAMPAIGN,CMN2,2017,,FF6AA84F,Data available,yes,,,,,"2012, 2014-2019",,
Campaign,RAGAY-BONDOC & MASBATE CAMPAIGN,CMN2,2018,,FF6AA84F,Data available,yes,,,,,"2012, 2014-2019",,
Campaign,RAGAY-BONDOC & MASBATE CAMPAIGN,CMS2,1998,,FF274E13,Data to be retrieved,yes,,,,,,,
Campaign,RAGAY-BONDOC & MASBATE CAMPAIGN,CMS2,1999,,FF274E13,Data to be retrieved,yes,,,,,,,
Campaign,RAGAY-BONDOC & MASBATE CAMPAIGN,CMS2,2000,,FF274E13,Data to be retrieved,yes,,,,,,,
Campaign,RAGAY-BONDOC & MASBATE CAMPAIGN,CMS2,2004,,FF274E13,Data to be retrieved,yes,,,,,,,
Campaign,RAGAY-BONDOC & MASBATE CAMPAIGN,CMS2,2006,,FF274E13,Data to be retrieved,yes,,,,,,,
Campaign,RAGAY-BONDOC & MASBATE CAMPAIGN,CMS2,2010,,FF274E13,Data to be retrieved,yes,,,,,,,
Campaign,RAGAY-BONDOC & MASBATE CAMPAIGN,CMS2,2011,,FF274E13,Data to be retrieved,yes,,,,,,,
Campaign,RAGAY-BONDOC & MASBATE CAMPAIGN,CMS2,2013,,FF274E13,Data to be retrieved,yes,,,,,,,
Campaign,RAGAY-BONDOC & MASBATE CAMPAIGN,CMS2,2015,,FF6AA84F,Data available,yes,,,,,,,
Campaign,RAGAY-BONDOC & MASBATE CAMPAIGN,CMS2,2017,,FF6AA84F,Data available,yes,,,,,,,
Campaign,RAGAY-BONDOC & MASBATE CAMPAIGN,CMS2,2019,,FF6AA84F,Data available,yes,,,,,,,
Campaign,RAGAY-BONDOC & MASBATE CAMPAIGN,CMS2,2025,,FF6AA84F,Data available,yes,,,,,,,
Campaign,RAGAY-BONDOC & MASBATE CAMPAIGN,JONA,2013,,FF274E13,Data to be retrieved,yes,,,,,,,
Campaign,RAGAY-BONDOC & MASBATE CAMPAIGN,JONA,2015,,FF6AA84F,Data available,yes,,,,,,,
Campaign,RAGAY-BONDOC & MASBATE CAMPAIGN,JONA,2017,,FF274E13,Data to be retrieved,yes,,,,,,,
Campaign,RAGAY-BONDOC & MASBATE CAMPAIGN,JONA,2019,,FF6AA84F,Data available,yes,,,,,,,
Campaign,RAGAY-BONDOC & MASBATE CAMPAIGN,JONA,2025,,FF6AA84F,Data available,yes,,,,,,,
Campaign,RAGAY-BONDOC & MASBATE CAMPAIGN,MDQT,2010,,FF274E13,Data to be retrieved,yes,,,,,,,
Campaign,RAGAY-BONDOC & MASBATE CAMPAIGN,MDQT,2011,,FF274E13,Data to be retrieved,yes,,,,,,,
Campaign,RAGAY-BONDOC & MASBATE CAMPAIGN,MDQT,2013,,FF274E13,Data to be retrieved,yes,,,,,,,
Campaign,RAGAY-BONDOC & MASBATE CAMPAIGN,MDQT,2015,,FF6AA84F,Data available,yes,,,,,,,
Campaign,RAGAY-BONDOC & MASBATE CAMPAIGN,MDQT,2017,,FF6AA84F,Data available,yes,,,,,,,
Campaign,RAGAY-BONDOC & MASBATE CAMPAIGN,MDQT,2019,,FF6AA84F,Data available,yes,,,,,,,
Campaign,RAGAY-BONDOC & MASBATE CAMPAIGN,MDQT,2025,,FF6AA84F,Data available,yes,,,,,,,
Campaign,RAGAY-BONDOC & MASBATE CAMPAIGN,N688,2006,,FF274E13,Data to be retrieved,yes,,,,,,,
Campaign,RAGAY-BONDOC & MASBATE CAMPAIGN,N688,2008,,FF274E13,Data to be retrieved,yes,,,,,,,
Campaign,RAGAY-BONDOC & MASBATE CAMPAIGN,N688,2010,,FF274E13,Data to be retrieved,yes,,,,,,,
Campaign,RAGAY-BONDOC & MASBATE CAMPAIGN,N688,2011,,FF274E13,Data to be retrieved,yes,,,,,,,
Campaign,RAGAY-BONDOC & MASBATE CAMPAIGN,N688,2013,,FF274E13,Data to be retrieved,yes,,,,,,,
Campaign,RAGAY-BONDOC & MASBATE CAMPAIGN,N688,2015,,FF6AA84F,Data available,yes,,,,,,,
Campaign,RAGAY-BONDOC & MASBATE CAMPAIGN,N688,2017,,FF274E13,Data to be retrieved,yes,,,,,,,
Campaign,RAGAY-BONDOC & MASBATE CAMPAIGN,N688,2019,,FF6AA84F,Data available,yes,,,,,,,
Campaign,RAGAY-BONDOC & MASBATE CAMPAIGN,ROBI,2015,,FF6AA84F,Data available,yes,,,,,,,
Campaign,RAGAY-BONDOC & MASBATE CAMPAIGN,ROBI,2019,,FF6AA84F,Data available,yes,,,,,,,
Campaign,RAGAY-BONDOC & MASBATE CAMPAIGN,ROBI,2025,,FF6AA84F,Data available,yes,,,,,,,
Campaign,RAGAY-BONDOC & MASBATE CAMPAIGN,SIBA,2005,,FF274E13,Data to be retrieved,yes,,,,,,,
Campaign,RAGAY-BONDOC & MASBATE CAMPAIGN,SIBA,2008,,FF274E13,Data to be retrieved,yes,,,,,,,
Campaign,RAGAY-BONDOC & MASBATE CAMPAIGN,SIBA,2010,,FF274E13,Data to be retrieved,yes,,,,,,,
Campaign,RAGAY-BONDOC & MASBATE CAMPAIGN,SIBA,2011,,FF274E13,Data to be retrieved,yes,,,,,,,
Campaign,RAGAY-BONDOC & MASBATE CAMPAIGN,SIBA,2013,,FF274E13,Data to be retrieved,yes,,,,,,,
Campaign,RAGAY-BONDOC & MASBATE CAMPAIGN,SIBA,2015,,FF6AA84F,Data available,yes,,,,,,,
Campaign,RAGAY-BONDOC & MASBATE CAMPAIGN,SIBA,2017,,FF6AA84F,Data available,yes,,,,,,,
Campaign,RAGAY-BONDOC & MASBATE CAMPAIGN,SIBA,2019,,FF6AA84F,Data available,yes,,,,,,,
Campaign,RAGAY-BONDOC & MASBATE CAMPAIGN,SIBA,2025,,FF6AA84F,Data available,yes,,,,,,,
Campaign,RAGAY-BONDOC & MASBATE CAMPAIGN,SIBB,2005,,FF274E13,Data to be retrieved,yes,,,,,,,
Campaign,RAGAY-BONDOC & MASBATE CAMPAIGN,SIBB,2008,,FF274E13,Data to be retrieved,yes,,,,,,,
Campaign,RAGAY-BONDOC & MASBATE CAMPAIGN,SIBB,2010,,FF274E13,Data to be retrieved,yes,,,,,,,
Campaign,RAGAY-BONDOC & MASBATE CAMPAIGN,SIBB,2011,,FF274E13,Data to be retrieved,yes,,,,,,,
Campaign,RAGAY-BONDOC & MASBATE CAMPAIGN,SIBB,2013,,FF274E13,Data to be retrieved,yes,,,,,,,
Campaign,RAGAY-BONDOC & MASBATE CAMPAIGN,SIBB,2015,,FF6AA84F,Data available,yes,,,,,,,
Campaign,RAGAY-BONDOC & MASBATE CAMPAIGN,SIBB,2017,,FF6AA84F,Data available,yes,,,,,,,
Campaign,RAGAY-BONDOC & MASBATE CAMPAIGN,SIBB,2019,,FF6AA84F,Data available,yes,,,,,,,
Campaign,RAGAY-BONDOC & MASBATE CAMPAIGN,SIBB,2025,,FF6AA84F,Data available,yes,,,,,,,
Campaign,RAGAY-BONDOC & MASBATE CAMPAIGN,SIBC,2005,,FF274E13,Data to be retrieved,yes,,,,,,,
Campaign,RAGAY-BONDOC & MASBATE CAMPAIGN,SIBC,2006,,FF274E13,Data to be retrieved,yes,,,,,,,
Campaign,RAGAY-BONDOC & MASBATE CAMPAIGN,SIBC,2008,,FF274E13,Data to be retrieved,yes,,,,,,,
Campaign,RAGAY-BONDOC & MASBATE CAMPAIGN,SIBC,2010,,FF274E13,Data to be retrieved,yes,,,,,,,
Campaign,RAGAY-BONDOC & MASBATE CAMPAIGN,SIBC,2011,,FF274E13,Data to be retrieved,yes,,,,,,,
Campaign,RAGAY-BONDOC & MASBATE CAMPAIGN,SIBC,2012,,FF274E13,Data to be retrieved,yes,,,,,,,
Campaign,RAGAY-BONDOC & MASBATE CAMPAIGN,SIBC,2013,,FF274E13,Data to be retrieved,yes,,,,,,,
Campaign,RAGAY-BONDOC & MASBATE CAMPAIGN,SIBC,2014,,FF274E13,Data to be retrieved,yes,,,,,,,
Campaign,RAGAY-BONDOC & MASBATE CAMPAIGN,SIBC,2015,,FF6AA84F,Data available,yes,,,,,,,
Campaign,RAGAY-BONDOC & MASBATE CAMPAIGN,SIBC,2016,,FF6AA84F,Data available,yes,,,,,,,
Campaign,RAGAY-BONDOC & MASBATE CAMPAIGN,SIBC,2018,,FF274E13,Data to be retrieved,yes,,,,,,,
Campaign,RAGAY-BONDOC & MASBATE CAMPAIGN,SIBC,2025,,FF6AA84F,Data available,yes,,,,,,,
Campaign,RAGAY-BONDOC & MASBATE CAMPAIGN,SIBE,2005,,FF274E13,Data to be retrieved,yes,,,False,False,,,False
Campaign,RAGAY-BONDOC & MASBATE CAMPAIGN,SIBE,2006,,FF274E13,Data to be retrieved,yes,,,False,False,,,False
Campaign,RAGAY-BONDOC & MASBATE CAMPAIGN,SIBE,2008,,FF274E13,Data to be retrieved,yes,,,False,False,,,False
Campaign,RAGAY-BONDOC & MASBATE CAMPAIGN,SIBE,2010,,FF274E13,Data to be retrieved,yes,,,False,False,,,False
Campaign,RAGAY-BONDOC & MASBATE CAMPAIGN,SIBE,2011,,FF274E13,Data to be retrieved,yes,,,False,False,,,False
Campaign,RAGAY-BONDOC & MASBATE CAMPAIGN,SIBE,2012,,FF274E13,Data to be retrieved,yes,,,False,False,,,False
Campaign,RAGAY-BONDOC & MASBATE CAMPAIGN,SIBE,2013,,FF274E13,Data to be retrieved,yes,,,False,False,,,False
Campaign,RAGAY-BONDOC & MASBATE CAMPAIGN,SIBE,2014,,FF6AA84F,Data available,yes,,,False,False,,,False
Campaign,RAGAY-BONDOC & MASBATE CAMPAIGN,SIBE,2015,,FF6AA84F,Data available,yes,,,False,False,,,False
Campaign,RAGAY-BONDOC & MASBATE CAMPAIGN,SIBE,2016,,FF6AA84F,Data available,yes,,,False,False,,,False
Campaign,RAGAY-BONDOC & MASBATE CAMPAIGN,SIBE,2017,,FF274E13,Data to be retrieved,yes,,,False,False,,,False
Campaign,RAGAY-BONDOC & MASBATE CAMPAIGN,SIBE,2018,,FF6AA84F,Data available,yes,,,False,False,,,False
Campaign,RAGAY-BONDOC & MASBATE CAMPAIGN,SIBE,2019,,FF6AA84F,Data available,yes,,,False,False,,,False
Campaign,RAGAY-BONDOC & MASBATE CAMPAIGN,SIBF,2005,,FF274E13,Data to be retrieved,yes,FFFFFF00,Data available,Pending,Pending,,,Converting
Campaign,RAGAY-BONDOC & MASBATE CAMPAIGN,SIBF,2008,,FF274E13,Data to be retrieved,yes,FFFFFF00,Data available,Pending,Pending,,,Converting
Campaign,RAGAY-BONDOC & MASBATE CAMPAIGN,SIBF,2011,,FF274E13,Data to be retrieved,yes,FFFFFF00,Data available,Pending,Pending,,,Converting
Campaign,RAGAY-BONDOC & MASBATE CAMPAIGN,SIBF,2013,,FF274E13,Data to be retrieved,yes,FFFFFF00,Data available,Pending,Pending,,,Converting
Campaign,RAGAY-BONDOC & MASBATE CAMPAIGN,SIBF,2015,,FF274E13,Data to be retrieved,yes,FFFFFF00,Data available,Pending,Pending,,,Converting
Campaign,RAGAY-BONDOC & MASBATE CAMPAIGN,SIBF,2017,,FF274E13,Data to be retrieved,yes,FFFFFF00,Data available,Pending,Pending,,,Converting
Campaign,RAGAY-BONDOC & MASBATE CAMPAIGN,SIBF,2019,,FF6AA84F,Data available,yes,FFFFFF00,Data available,Pending,Pending,,,Converting
Campaign,RAGAY-BONDOC & MASBATE CAMPAIGN,SIBH,2005,,FF274E13,Data to be retrieved,yes,,,,,,,
Campaign,RAGAY-BONDOC & MASBATE CAMPAIGN,SIBH,2006,,FF274E13,Data to be retrieved,yes,,,,,,,
Campaign,RAGAY-BONDOC & MASBATE CAMPAIGN,SIBH,2008,,FF274E13,Data to be retrieved,yes,,,,,,,
Campaign,RAGAY-BONDOC & MASBATE CAMPAIGN,SIBH,2011,,FF274E13,Data to be retrieved,yes,,,,,,,
Campaign,RAGAY-BONDOC & MASBATE CAMPAIGN,SIBH,2013,,FF274E13,Data to be retrieved,yes,,,,,,,
Campaign,RAGAY-BONDOC & MASBATE CAMPAIGN,SIBH,2015,,FF6AA84F,Data available,yes,,,,,,,
Campaign,RAGAY-BONDOC & MASBATE CAMPAIGN,SIBH,2019,,FF6AA84F,Data available,yes,,,,,,,
Campaign,RAGAY-BONDOC & MASBATE CAMPAIGN,SIBI,2005,,FF274E13,Data to be retrieved,yes,FFFFFF00,Data available,,,,,
Campaign,RAGAY-BONDOC & MASBATE CAMPAIGN,SIBI,2008,,FF274E13,Data to be retrieved,yes,FFFFFF00,Data available,,,,,
Campaign,RAGAY-BONDOC & MASBATE CAMPAIGN,SIBI,2011,,FF274E13,Data to be retrieved,yes,FFFFFF00,Data available,,,,,
Campaign,RAGAY-BONDOC & MASBATE CAMPAIGN,SIBI,2013,,FF274E13,Data to be retrieved,yes,FFFFFF00,Data available,,,,,
Campaign,RAGAY-BONDOC & MASBATE CAMPAIGN,SIBI,2015,,FF6AA84F,Data available,yes,FFFFFF00,Data available,,,,,
Campaign,RAGAY-BONDOC & MASBATE CAMPAIGN,SIBI,2017,,FF274E13,Data to be retrieved,yes,FFFFFF00,Data available,,,,,
Campaign,RAGAY-BONDOC & MASBATE CAMPAIGN,SIBI,2019,,FF6AA84F,Data available,yes,FFFFFF00,Data available,,,,,
Campaign,RAGAY-BONDOC & MASBATE CAMPAIGN,SIBJ,2005,,FF274E13,Data to be retrieved,yes,,,,,,,
Campaign,RAGAY-BONDOC & MASBATE CAMPAIGN,SIBJ,2008,,FF274E13,Data to be retrieved,yes,,,,,,,
Campaign,RAGAY-BONDOC & MASBATE CAMPAIGN,SIBJ,2010,,FF274E13,Data to be retrieved,yes,,,,,,,
Campaign,RAGAY-BONDOC & MASBATE CAMPAIGN,SIBJ,2011,,FF274E13,Data to be retrieved,yes,,,,,,,
Campaign,RAGAY-BONDOC & MASBATE CAMPAIGN,SIBJ,2013,,FF274E13,Data to be retrieved,yes,,,,,,,
Campaign,RAGAY-BONDOC & MASBATE CAMPAIGN,SIBJ,2015,,FF6AA84F,Data available,yes,,,,,,,
Campaign,RAGAY-BONDOC & MASBATE CAMPAIGN,SIBJ,2017,,FF6AA84F,Data available,yes,,,,,,,
Campaign,RAGAY-BONDOC & MASBATE CAMPAIGN,SIBJ,2025,,FF6AA84F,Data available,yes,,,,,,,
Campaign,RAGAY-BONDOC & MASBATE CAMPAIGN,SIBK,2005,,FF274E13,Data to be retrieved,yes,,,,,,,
Campaign,RAGAY-BONDOC & MASBATE CAMPAIGN,SIBK,2008,,FF274E13,Data to be retrieved,yes,,,,,,,
Campaign,RAGAY-BONDOC & MASBATE CAMPAIGN,SIBK,2010,,FF274E13,Data to be retrieved,yes,,,,,,,
Campaign,RAGAY-BONDOC & MASBATE CAMPAIGN,SIBK,2011,,FF274E13,Data to be retrieved,yes,,,,,,,
Campaign,RAGAY-BONDOC & MASBATE CAMPAIGN,SIBK,2013,,FF274E13,Data to be retrieved,yes,,,,,,,
Campaign,RAGAY-BONDOC & MASBATE CAMPAIGN,SIBK,2015,,FF6AA84F,Data available,yes,,,,,,,
Campaign,RAGAY-BONDOC & MASBATE CAMPAIGN,SIBK,2017,,FF274E13,Data to be retrieved,yes,,,,,,,
Campaign,RAGAY-BONDOC & MASBATE CAMPAIGN,SIBK,2019,,FF6AA84F,Data available,yes,,,,,,,
Campaign,RAGAY-BONDOC & MASBATE CAMPAIGN,SIBL,2005,,FF274E13,Data to be retrieved,yes,FFFF0000,Error/Old site/Obsolete,,,,,
Campaign,RAGAY-BONDOC & MASBATE CAMPAIGN,SIBL,2008,,FF274E13,Data to be retrieved,yes,FFFF0000,Error/Old site/Obsolete,,,,,
Campaign,RAGAY-BONDOC & MASBATE CAMPAIGN,SIBL,2010,,FF274E13,Data to be retrieved,yes,FFFF0000,Error/Old site/Obsolete,,,,,
Campaign,RAGAY-BONDOC & MASBATE CAMPAIGN,SIBL,2011,,FF274E13,Data to be retrieved,yes,FFFF0000,Error/Old site/Obsolete,,,,,
Campaign,RAGAY-BONDOC & MASBATE CAMPAIGN,SIBL,2013,,FF274E13,Data to be retrieved,yes,FFFF0000,Error/Old site/Obsolete,,,,,
Campaign,RAGAY-BONDOC & MASBATE CAMPAIGN,SIBL,2015,,FF6AA84F,Data available,yes,FFFF0000,Error/Old site/Obsolete,,,,,
Campaign,RAGAY-BONDOC & MASBATE CAMPAIGN,SIBL,2017,,FF274E13,Data to be retrieved,yes,FFFF0000,Error/Old site/Obsolete,,,,,
Campaign,RAGAY-BONDOC & MASBATE CAMPAIGN,SIBL,2019,,FF6AA84F,Data available,yes,FFFF0000,Error/Old site/Obsolete,,,,,
Campaign,RAGAY-BONDOC & MASBATE CAMPAIGN,GUNY,2008,,FF274E13,Data to be retrieved,yes,,,False,False,,,True
Campaign,RAGAY-BONDOC & MASBATE CAMPAIGN,GUNY,2010,,FF274E13,Data to be retrieved,yes,,,False,False,,,True
Campaign,RAGAY-BONDOC & MASBATE CAMPAIGN,GUNY,2011,,FF274E13,Data to be retrieved,yes,,,False,False,,,True
Campaign,RAGAY-BONDOC & MASBATE CAMPAIGN,GUNY,2012,,FF274E13,Data to be retrieved,yes,,,False,False,,,True
Campaign,RAGAY-BONDOC & MASBATE CAMPAIGN,GUNY,2013,,FF274E13,Data to be retrieved,yes,,,False,False,,,True
Campaign,RAGAY-BONDOC & MASBATE CAMPAIGN,GUNY,2014,,FF6AA84F,Data available,yes,,,False,False,,,True
Campaign,RAGAY-BONDOC & MASBATE CAMPAIGN,GUNY,2015,,FF6AA84F,Data available,yes,,,False,False,,,True
Campaign,RAGAY-BONDOC & MASBATE CAMPAIGN,GUNY,2016,,FF6AA84F,Data available,yes,,,False,False,,,True
Campaign,RAGAY-BONDOC & MASBATE CAMPAIGN,GUNY,2019,,FF6AA84F,Data available,yes,,,False,False,,,True
Campaign,RAGAY-BONDOC & MASBATE CAMPAIGN,GUNY,2025,,FF6AA84F,Data available,yes,,,False,False,,,True
Campaign,RAGAY-BONDOC & MASBATE CAMPAIGN,MAA1,1998,,FF274E13,Data to be retrieved,yes,FFFFFF00,Data available,Processing,Processing,,,To retrieve
Campaign,RAGAY-BONDOC & MASBATE CAMPAIGN,MAA1,2009,,FF274E13,Data to be retrieved,yes,FFFFFF00,Data available,Processing,Processing,,,To retrieve
Campaign,RAGAY-BONDOC & MASBATE CAMPAIGN,MAA1,2010,,FF274E13,Data to be retrieved,yes,FFFFFF00,Data available,Processing,Processing,,,To retrieve
Campaign,RAGAY-BONDOC & MASBATE CAMPAIGN,MAA1,2012,,FF274E13,Data to be retrieved,yes,FFFFFF00,Data available,Processing,Processing,,,To retrieve
Campaign,RAGAY-BONDOC & MASBATE CAMPAIGN,MAA1,2014,,FF274E13,Data to be retrieved,yes,FFFFFF00,Data available,Processing,Processing,,,To retrieve
Campaign,RAGAY-BONDOC & MASBATE CAMPAIGN,MAA1,2016,,FF6AA84F,Data available,yes,FFFFFF00,Data available,Processing,Processing,,,To retrieve
Campaign,RAGAY-BONDOC & MASBATE CAMPAIGN,MAA1,2018,,FF6AA84F,Data available,yes,FFFFFF00,Data available,Processing,Processing,,,To retrieve
Campaign,RAGAY-BONDOC & MASBATE CAMPAIGN,MAA1,2023,,FF6AA84F,Data available,yes,FFFFFF00,Data available,Processing,Processing,,,To retrieve
Campaign,RAGAY-BONDOC & MASBATE CAMPAIGN,MAA1,2025,,FF6AA84F,Data available,yes,FFFFFF00,Data available,Processing,Processing,,,To retrieve
Campaign,RAGAY-BONDOC & MASBATE CAMPAIGN,MAB1,2010,,FF274E13,Data to be retrieved,yes,FFFF0000,Error/Old site/Obsolete,,,,,
Campaign,RAGAY-BONDOC & MASBATE CAMPAIGN,MAB1,2012,,FF274E13,Data to be retrieved,yes,FFFF0000,Error/Old site/Obsolete,,,,,
Campaign,RAGAY-BONDOC & MASBATE CAMPAIGN,MAB1,2014,,FF274E13,Data to be retrieved,yes,FFFF0000,Error/Old site/Obsolete,,,,,
Campaign,RAGAY-BONDOC & MASBATE CAMPAIGN,MAB1,2016,,FF6AA84F,Data available,yes,FFFF0000,Error/Old site/Obsolete,,,,,
Campaign,RAGAY-BONDOC & MASBATE CAMPAIGN,MAB1,2018,,FF6AA84F,Data available,yes,FFFF0000,Error/Old site/Obsolete,,,,,
Campaign,RAGAY-BONDOC & MASBATE CAMPAIGN,MAC2,2009,,FF274E13,Data to be retrieved,yes,FFFFFF00,Data available,,,,,
Campaign,RAGAY-BONDOC & MASBATE CAMPAIGN,MAC2,2010,,FF274E13,Data to be retrieved,yes,FFFFFF00,Data available,,,,,
Campaign,RAGAY-BONDOC & MASBATE CAMPAIGN,MAC2,2012,,FF274E13,Data to be retrieved,yes,FFFFFF00,Data available,,,,,
Campaign,RAGAY-BONDOC & MASBATE CAMPAIGN,MAC2,2014,,FF274E13,Data to be retrieved,yes,FFFFFF00,Data available,,,,,
Campaign,RAGAY-BONDOC & MASBATE CAMPAIGN,MAC2,2016,,FF6AA84F,Data available,yes,FFFFFF00,Data available,,,,,
Campaign,RAGAY-BONDOC & MASBATE CAMPAIGN,MAC2,2018,,FF6AA84F,Data available,yes,FFFFFF00,Data available,,,,,
Campaign,RAGAY-BONDOC & MASBATE CAMPAIGN,MAC2,2023,,FF6AA84F,Data available,yes,FFFFFF00,Data available,,,,,
Campaign,RAGAY-BONDOC & MASBATE CAMPAIGN,MACL,2014,,FF274E13,Data to be retrieved,yes,FFFFFF00,Data available,,,,,
Campaign,RAGAY-BONDOC & MASBATE CAMPAIGN,MACL,2016,,FF6AA84F,Data available,yes,FFFFFF00,Data available,,,,,
Campaign,RAGAY-BONDOC & MASBATE CAMPAIGN,MACL,2018,,FF6AA84F,Data available,yes,FFFFFF00,Data available,,,,,
Campaign,RAGAY-BONDOC & MASBATE CAMPAIGN,MACL,2023,,FF6AA84F,Data available,yes,FFFFFF00,Data available,,,,,
Campaign,RAGAY-BONDOC & MASBATE CAMPAIGN,MACL,2025,,FF6AA84F,Data available,yes,FFFFFF00,Data available,,,,,
Campaign,RAGAY-BONDOC & MASBATE CAMPAIGN,MAD2,2009,,FF274E13,Data to be retrieved,yes,FFFFFF00,Data available,,,,,
Campaign,RAGAY-BONDOC & MASBATE CAMPAIGN,MAD2,2010,,FF274E13,Data to be retrieved,yes,FFFFFF00,Data available,,,,,
Campaign,RAGAY-BONDOC & MASBATE CAMPAIGN,MAD2,2012,,FF6AA84F,Data available,yes,FFFFFF00,Data available,,,,,
Campaign,RAGAY-BONDOC & MASBATE CAMPAIGN,MAD2,2014,,FF274E13,Data to be retrieved,yes,FFFFFF00,Data available,,,,,
Campaign,RAGAY-BONDOC & MASBATE CAMPAIGN,MAD2,2016,,FF6AA84F,Data available,yes,FFFFFF00,Data available,,,,,
Campaign,RAGAY-BONDOC & MASBATE CAMPAIGN,MAD2,2018,,FF6AA84F,Data available,yes,FFFFFF00,Data available,,,,,
Campaign,RAGAY-BONDOC & MASBATE CAMPAIGN,MAD2,2023,,FF6AA84F,Data available,yes,FFFFFF00,Data available,,,,,
Campaign,RAGAY-BONDOC & MASBATE CAMPAIGN,MAE1,2004,,FF274E13,Data to be retrieved,yes,FFFF0000,Error/Old site/Obsolete,,,,,
Campaign,RAGAY-BONDOC & MASBATE CAMPAIGN,MAE1,2009,,FF274E13,Data to be retrieved,yes,FFFF0000,Error/Old site/Obsolete,,,,,
Campaign,RAGAY-BONDOC & MASBATE CAMPAIGN,MAE1,2010,,FF274E13,Data to be retrieved,yes,FFFF0000,Error/Old site/Obsolete,,,,,
Campaign,RAGAY-BONDOC & MASBATE CAMPAIGN,MAE1,2012,,FF274E13,Data to be retrieved,yes,FFFF0000,Error/Old site/Obsolete,,,,,
Campaign,RAGAY-BONDOC & MASBATE CAMPAIGN,MAE1,2014,,FF274E13,Data to be retrieved,yes,FFFF0000,Error/Old site/Obsolete,,,,,
Campaign,RAGAY-BONDOC & MASBATE CAMPAIGN,MAE1,2016,,FF6AA84F,Data available,yes,FFFF0000,Error/Old site/Obsolete,,,,,
Campaign,RAGAY-BONDOC & MASBATE CAMPAIGN,MAE1,2018,,FF6AA84F,Data available,yes,FFFF0000,Error/Old site/Obsolete,,,,,
Campaign,RAGAY-BONDOC & MASBATE CAMPAIGN,MASF,1997,,FF274E13,Data to be retrieved,yes,FFFFFF00,Data available,True,True,,,False
Campaign,RAGAY-BONDOC & MASBATE CAMPAIGN,MASF,1999,,FF274E13,Data to be retrieved,yes,FFFFFF00,Data available,True,True,,,False
Campaign,RAGAY-BONDOC & MASBATE CAMPAIGN,MASF,2002,,FF274E13,Data to be retrieved,yes,FFFFFF00,Data available,True,True,,,False
Campaign,RAGAY-BONDOC & MASBATE CAMPAIGN,MASF,2003,,FF274E13,Data to be retrieved,yes,FFFFFF00,Data available,True,True,,,False
Campaign,RAGAY-BONDOC & MASBATE CAMPAIGN,MASF,2004,,FF274E13,Data to be retrieved,yes,FFFFFF00,Data available,True,True,,,False
Campaign,RAGAY-BONDOC & MASBATE CAMPAIGN,MASF,2009,,FF274E13,Data to be retrieved,yes,FFFFFF00,Data available,True,True,,,False
Campaign,RAGAY-BONDOC & MASBATE CAMPAIGN,MASF,2010,,FF274E13,Data to be retrieved,yes,FFFFFF00,Data available,True,True,,,False
Campaign,RAGAY-BONDOC & MASBATE CAMPAIGN,MASF,2012,,FF274E13,Data to be retrieved,yes,FFFFFF00,Data available,True,True,,,False
Campaign,RAGAY-BONDOC & MASBATE CAMPAIGN,MASF,2014,,FF274E13,Data to be retrieved,yes,FFFFFF00,Data available,True,True,,,False
Campaign,RAGAY-BONDOC & MASBATE CAMPAIGN,MASF,2016,,FF6AA84F,Data available,yes,FFFFFF00,Data available,True,True,,,False
Campaign,RAGAY-BONDOC & MASBATE CAMPAIGN,MASF,2018,,FF6AA84F,Data available,yes,FFFFFF00,Data available,True,True,,,False
Campaign,RAGAY-BONDOC & MASBATE CAMPAIGN,MASF,2023,,FF6AA84F,Data available,yes,FFFFFF00,Data available,True,True,,,False
Campaign,RAGAY-BONDOC & MASBATE CAMPAIGN,MASI,1997,,FF274E13,Data to be retrieved,yes,FFFFFF00,Data available,Finished,Finished,,,Complete
Campaign,RAGAY-BONDOC & MASBATE CAMPAIGN,MASI,1999,,FF274E13,Data to be retrieved,yes,FFFFFF00,Data available,Finished,Finished,,,Complete
Campaign,RAGAY-BONDOC & MASBATE CAMPAIGN,MASI,2002,,FF274E13,Data to be retrieved,yes,FFFFFF00,Data available,Finished,Finished,,,Complete
Campaign,RAGAY-BONDOC & MASBATE CAMPAIGN,MASI,2003,,FF274E13,Data to be retrieved,yes,FFFFFF00,Data available,Finished,Finished,,,Complete
Campaign,RAGAY-BONDOC & MASBATE CAMPAIGN,MASI,2004,,FF274E13,Data to be retrieved,yes,FFFFFF00,Data available,Finished,Finished,,,Complete
Campaign,RAGAY-BONDOC & MASBATE CAMPAIGN,MASI,2009,,FF274E13,Data to be retrieved,yes,FFFFFF00,Data available,Finished,Finished,,,Complete
Campaign,RAGAY-BONDOC & MASBATE CAMPAIGN,MASI,2010,,FF274E13,Data to be retrieved,yes,FFFFFF00,Data available,Finished,Finished,,,Complete
Campaign,RAGAY-BONDOC & MASBATE CAMPAIGN,MASI,2012,,FF274E13,Data to be retrieved,yes,FFFFFF00,Data available,Finished,Finished,,,Complete
Campaign,RAGAY-BONDOC & MASBATE CAMPAIGN,MASI,2014,,FF274E13,Data to be retrieved,yes,FFFFFF00,Data available,Finished,Finished,,,Complete
Campaign,RAGAY-BONDOC & MASBATE CAMPAIGN,MASI,2016,,FF6AA84F,Data available,yes,FFFFFF00,Data available,Finished,Finished,,,Complete
Campaign,RAGAY-BONDOC & MASBATE CAMPAIGN,MASI,2018,,FF6AA84F,Data available,yes,FFFFFF00,Data available,Finished,Finished,,,Complete
Campaign,RAGAY-BONDOC & MASBATE CAMPAIGN,MASI,2023,,FF6AA84F,Data available,yes,FFFFFF00,Data available,Finished,Finished,,,Complete
Campaign,RAGAY-BONDOC & MASBATE CAMPAIGN,MASJ,1999,,FF274E13,Data to be retrieved,yes,FFFFFF00,Data available,,,,,
Campaign,RAGAY-BONDOC & MASBATE CAMPAIGN,MASJ,2002,,FF274E13,Data to be retrieved,yes,FFFFFF00,Data available,,,,,
Campaign,RAGAY-BONDOC & MASBATE CAMPAIGN,MASJ,2003,,FF274E13,Data to be retrieved,yes,FFFFFF00,Data available,,,,,
Campaign,RAGAY-BONDOC & MASBATE CAMPAIGN,MASJ,2004,,FF274E13,Data to be retrieved,yes,FFFFFF00,Data available,,,,,
Campaign,RAGAY-BONDOC & MASBATE CAMPAIGN,MASJ,2009,,FF274E13,Data to be retrieved,yes,FFFFFF00,Data available,,,,,
Campaign,RAGAY-BONDOC & MASBATE CAMPAIGN,MASJ,2010,,FF274E13,Data to be retrieved,yes,FFFFFF00,Data available,,,,,
Campaign,RAGAY-BONDOC & MASBATE CAMPAIGN,MASJ,2012,,FF274E13,Data to be retrieved,yes,FFFFFF00,Data available,,,,,
Campaign,RAGAY-BONDOC & MASBATE CAMPAIGN,MASJ,2014,,FF274E13,Data to be retrieved,yes,FFFFFF00,Data available,,,,,
Campaign,RAGAY-BONDOC & MASBATE CAMPAIGN,MASJ,2016,,FF6AA84F,Data available,yes,FFFFFF00,Data available,,,,,
Campaign,RAGAY-BONDOC & MASBATE CAMPAIGN,MASJ,2018,,FF6AA84F,Data available,yes,FFFFFF00,Data available,,,,,
Campaign,RAGAY-BONDOC & MASBATE CAMPAIGN,MASJ,2023,,FF6AA84F,Data available,yes,FFFFFF00,Data available,,,,,
Campaign,RAGAY-BONDOC & MASBATE CAMPAIGN,MASM,2014,,FF274E13,Data to be retrieved,yes,FFFFFF00,Data available,,,,,
Campaign,RAGAY-BONDOC & MASBATE CAMPAIGN,MASM,2016,,FF6AA84F,Data available,yes,FFFFFF00,Data available,,,,,
Campaign,RAGAY-BONDOC & MASBATE CAMPAIGN,MASM,2018,,FF6AA84F,Data available,yes,FFFFFF00,Data available,,,,,
Campaign,RAGAY-BONDOC & MASBATE CAMPAIGN,MASM,2023,,FF6AA84F,Data available,yes,FFFFFF00,Data available,,,,,
Campaign,RAGAY-BONDOC & MASBATE CAMPAIGN,MASH,1997,,FF274E13,Data to be retrieved,yes,FFFF0000,Error/Old site/Obsolete,,,,,
Campaign,RAGAY-BONDOC & MASBATE CAMPAIGN,MASH,1999,,FF274E13,Data to be retrieved,yes,FFFF0000,Error/Old site/Obsolete,,,,,
Campaign,RAGAY-BONDOC & MASBATE CAMPAIGN,MASH,2002,,FF274E13,Data to be retrieved,yes,FFFF0000,Error/Old site/Obsolete,,,,,
Campaign,RAGAY-BONDOC & MASBATE CAMPAIGN,MASH,2003,,FF274E13,Data to be retrieved,yes,FFFF0000,Error/Old site/Obsolete,,,,,
Campaign,RAGAY-BONDOC & MASBATE CAMPAIGN,MASH,2004,,FF274E13,Data to be retrieved,yes,FFFF0000,Error/Old site/Obsolete,,,,,
Campaign,RAGAY-BONDOC & MASBATE CAMPAIGN,MASH,2009,,FF274E13,Data to be retrieved,yes,FFFF0000,Error/Old site/Obsolete,,,,,
Campaign,RAGAY-BONDOC & MASBATE CAMPAIGN,MASH,2010,,FF274E13,Data to be retrieved,yes,FFFF0000,Error/Old site/Obsolete,,,,,
Campaign,RAGAY-BONDOC & MASBATE CAMPAIGN,MASH,2012,,FF6AA84F,Data available,yes,FFFF0000,Error/Old site/Obsolete,,,,,
Campaign,RAGAY-BONDOC & MASBATE CAMPAIGN,MASH,2014,,FF274E13,Data to be retrieved,yes,FFFF0000,Error/Old site/Obsolete,,,,,
Campaign,RAGAY-BONDOC & MASBATE CAMPAIGN,MASH,2016,,FF274E13,Data to be retrieved,yes,FFFF0000,Error/Old site/Obsolete,,,,,
Campaign,RAGAY-BONDOC & MASBATE CAMPAIGN,MASH,2018,,FF6AA84F,Data available,yes,FFFF0000,Error/Old site/Obsolete,,,,,
Campaign,RAGAY-BONDOC & MASBATE CAMPAIGN,MASG,1997,,FF274E13,Data to be retrieved,yes,FFFFFF00,Data available,,,,,
Campaign,RAGAY-BONDOC & MASBATE CAMPAIGN,MASG,1999,,FF274E13,Data to be retrieved,yes,FFFFFF00,Data available,,,,,
Campaign,RAGAY-BONDOC & MASBATE CAMPAIGN,MASG,2002,,FF274E13,Data to be retrieved,yes,FFFFFF00,Data available,,,,,
Campaign,RAGAY-BONDOC & MASBATE CAMPAIGN,MASG,2003,,FF274E13,Data to be retrieved,yes,FFFFFF00,Data available,,,,,
Campaign,RAGAY-BONDOC & MASBATE CAMPAIGN,MASG,2004,,FF274E13,Data to be retrieved,yes,FFFFFF00,Data available,,,,,
Campaign,RAGAY-BONDOC & MASBATE CAMPAIGN,MASG,2009,,FF274E13,Data to be retrieved,yes,FFFFFF00,Data available,,,,,
Campaign,RAGAY-BONDOC & MASBATE CAMPAIGN,MASG,2010,,FF274E13,Data to be retrieved,yes,FFFFFF00,Data available,,,,,
Campaign,RAGAY-BONDOC & MASBATE CAMPAIGN,MASG,2012,,FF6AA84F,Data available,yes,FFFFFF00,Data available,,,,,
Campaign,RAGAY-BONDOC & MASBATE CAMPAIGN,MASG,2014,,FF274E13,Data to be retrieved,yes,FFFFFF00,Data available,,,,,
Campaign,RAGAY-BONDOC & MASBATE CAMPAIGN,MASG,2016,,FF6AA84F,Data available,yes,FFFFFF00,Data available,,,,,
Campaign,RAGAY-BONDOC & MASBATE CAMPAIGN,MASG,2018,,FF6AA84F,Data available,yes,FFFFFF00,Data available,,,,,
Campaign,RAGAY-BONDOC & MASBATE CAMPAIGN,MASG,2023,,FF6AA84F,Data available,yes,FFFFFF00,Data available,,,,,
Campaign,RAGAY-BONDOC & MASBATE CAMPAIGN,MASU,2014,,FF274E13,Data to be retrieved,yes,FFFFFF00,Data available,,,,,
Campaign,RAGAY-BONDOC & MASBATE CAMPAIGN,MASU,2016,,FF6AA84F,Data available,yes,FFFFFF00,Data available,,,,,
Campaign,RAGAY-BONDOC & MASBATE CAMPAIGN,MASU,2018,,FF6AA84F,Data available,yes,FFFFFF00,Data available,,,,,
Campaign,RAGAY-BONDOC & MASBATE CAMPAIGN,MASU,2023,,FF6AA84F,Data available,yes,FFFFFF00,Data available,,,,,
Campaign,RAGAY-BONDOC & MASBATE CAMPAIGN,MPCK,2010,,FF274E13,Data to be retrieved,yes,FFFFFF00,Data available,,,,,
Campaign,RAGAY-BONDOC & MASBATE CAMPAIGN,MPCK,2012,,FF6AA84F,Data available,yes,FFFFFF00,Data available,,,,,
Campaign,RAGAY-BONDOC & MASBATE CAMPAIGN,MPCK,2014,,FF274E13,Data to be retrieved,yes,FFFFFF00,Data available,,,,,
Campaign,RAGAY-BONDOC & MASBATE CAMPAIGN,MPCK,2016,,FF6AA84F,Data available,yes,FFFFFF00,Data available,,,,,
Campaign,RAGAY-BONDOC & MASBATE CAMPAIGN,MPCK,2018,,FF6AA84F,Data available,yes,FFFFFF00,Data available,,,,,
Campaign,RAGAY-BONDOC & MASBATE CAMPAIGN,MPCK,2023,,FF6AA84F,Data available,yes,FFFFFF00,Data available,,,,,
Campaign,RAGAY-BONDOC & MASBATE CAMPAIGN,PDCS,2014,,FF274E13,Data to be retrieved,yes,FFFF0000,Error/Old site/Obsolete,,,,,
Campaign,RAGAY-BONDOC & MASBATE CAMPAIGN,PDCS,2018,,FF6AA84F,Data available,yes,FFFF0000,Error/Old site/Obsolete,,,,,
Campaign,RAGAY-BONDOC & MASBATE CAMPAIGN,MAL1,2002,,FF274E13,Data to be retrieved,yes,FFFF0000,Error/Old site/Obsolete,,,,,
Campaign,RAGAY-BONDOC & MASBATE CAMPAIGN,MAL1,2003,,FF274E13,Data to be retrieved,yes,FFFF0000,Error/Old site/Obsolete,,,,,
Campaign,RAGAY-BONDOC & MASBATE CAMPAIGN,MAL1,2004,,FF274E13,Data to be retrieved,yes,FFFF0000,Error/Old site/Obsolete,,,,,
Campaign,RAGAY-BONDOC & MASBATE CAMPAIGN,MAL1,2009,,FF274E13,Data to be retrieved,yes,FFFF0000,Error/Old site/Obsolete,,,,,
Campaign,RAGAY-BONDOC & MASBATE CAMPAIGN,MAL1,2010,,FF274E13,Data to be retrieved,yes,FFFF0000,Error/Old site/Obsolete,,,,,
Campaign,RAGAY-BONDOC & MASBATE CAMPAIGN,MAL1,2012,,FF6AA84F,Data available,yes,FFFF0000,Error/Old site/Obsolete,,,,,
Campaign,RAGAY-BONDOC & MASBATE CAMPAIGN,MAL1,2014,,FF274E13,Data to be retrieved,yes,FFFF0000,Error/Old site/Obsolete,,,,,
Campaign,RAGAY-BONDOC & MASBATE CAMPAIGN,MAL1,2018,,FF6AA84F,Data available,yes,FFFF0000,Error/Old site/Obsolete,,,,,
Campaign,RAGAY-BONDOC & MASBATE CAMPAIGN,LOP2,2006,,FF274E13,Data to be retrieved,yes,FFFF0000,Error/Old site/Obsolete,,,,,
Campaign,RAGAY-BONDOC & MASBATE CAMPAIGN,LOP2,2008,,FF274E13,Data to be retrieved,yes,FFFF0000,Error/Old site/Obsolete,,,,,
Campaign,RAGAY-BONDOC & MASBATE CAMPAIGN,LOP2,2010,,FF274E13,Data to be retrieved,yes,FFFF0000,Error/Old site/Obsolete,,,,,
Campaign,RAGAY-BONDOC & MASBATE CAMPAIGN,LOP2,2011,,FF274E13,Data to be retrieved,yes,FFFF0000,Error/Old site/Obsolete,,,,,
Campaign,RAGAY-BONDOC & MASBATE CAMPAIGN,LOP2,2015,,FF6AA84F,Data available,yes,FFFF0000,Error/Old site/Obsolete,,,,,
Campaign,RAGAY-BONDOC & MASBATE CAMPAIGN,LOP2,2016,,FF6AA84F,Data available,yes,FFFF0000,Error/Old site/Obsolete,,,,,
Campaign,RAGAY-BONDOC & MASBATE CAMPAIGN,LOP2,2017,,FF274E13,Data to be retrieved,yes,FFFF0000,Error/Old site/Obsolete,,,,,
Campaign,SAMAR-LEYTE CAMPAIGN,ADMI,1997,,FF274E13,Data to be retrieved,yes,,,,,2012-2025,,
Campaign,SAMAR-LEYTE CAMPAIGN,ADMI,1999,,FF274E13,Data to be retrieved,yes,,,,,2012-2025,,
Campaign,SAMAR-LEYTE CAMPAIGN,ADMI,2009,,FF274E13,Data to be retrieved,yes,,,,,2012-2025,,
Campaign,SAMAR-LEYTE CAMPAIGN,ADMI,2011,,FF274E13,Data to be retrieved,yes,,,,,2012-2025,,
Campaign,SAMAR-LEYTE CAMPAIGN,ADMI,2012,,FF4A86E8,No logsheets,yes,,,,,2012-2025,,
Campaign,SAMAR-LEYTE CAMPAIGN,ADMI,2014,,FF6AA84F,Data available,yes,,,,,2012-2025,,
Campaign,SAMAR-LEYTE CAMPAIGN,ADMI,2016,,FF6AA84F,Data available,yes,,,,,2012-2025,,
Campaign,SAMAR-LEYTE CAMPAIGN,ADMI,2017,,FF6AA84F,Data available,yes,,,,,2012-2025,,
Campaign,SAMAR-LEYTE CAMPAIGN,ADMI,2019,,FF6AA84F,Data available,yes,,,,,2012-2025,,
Campaign,SAMAR-LEYTE CAMPAIGN,ADMI,2026,,FF6AA84F,Data available,yes,,,,,2012-2025,,
Campaign,SAMAR-LEYTE CAMPAIGN,CLPG,2016,,FF6AA84F,Data available,yes,,,,,,,
Campaign,SAMAR-LEYTE CAMPAIGN,CLPG,2019,,FF6AA84F,Data available,yes,,,,,,,
Campaign,SAMAR-LEYTE CAMPAIGN,CLPG,2026,,FF6AA84F,Data available,yes,,,,,,,
Campaign,SAMAR-LEYTE CAMPAIGN,ESEB,2014,,FF6AA84F,Data available,yes,,,,,,,
Campaign,SAMAR-LEYTE CAMPAIGN,ESEB,2016,,FF6AA84F,Data available,yes,,,,,,,
Campaign,SAMAR-LEYTE CAMPAIGN,ESEB,2019,,FF6AA84F,Data available,yes,,,,,,,
Campaign,SAMAR-LEYTE CAMPAIGN,ESSJ,2014,,FF6AA84F,Data available,yes,,,,,,,
Campaign,SAMAR-LEYTE CAMPAIGN,ESSJ,2016,,FF6AA84F,Data available,yes,,,,,,,
Campaign,SAMAR-LEYTE CAMPAIGN,ESSJ,2019,,FF6AA84F,Data available,yes,,,,,,,
Campaign,SAMAR-LEYTE CAMPAIGN,ESTJ,2016,,FF6AA84F,Data available,yes,,,,,,,
Campaign,SAMAR-LEYTE CAMPAIGN,ESTJ,2019,,FF6AA84F,Data available,yes,,,,,,,
Campaign,SAMAR-LEYTE CAMPAIGN,LBHU,2016,,FF6AA84F,Data available,yes,,,,,,,
Campaign,SAMAR-LEYTE CAMPAIGN,LBHU,2019,,FF6AA84F,Data available,yes,,,,,,,
Campaign,SAMAR-LEYTE CAMPAIGN,LEB1,2009,,FF274E13,Data to be retrieved,yes,FFFF0000,Error/Old site/Obsolete,,,,,
Campaign,SAMAR-LEYTE CAMPAIGN,LEB1,2011,,FF274E13,Data to be retrieved,yes,FFFF0000,Error/Old site/Obsolete,,,,,
Campaign,SAMAR-LEYTE CAMPAIGN,LEB1,2012,,FF6AA84F,Data available,yes,FFFF0000,Error/Old site/Obsolete,,,,,
Campaign,SAMAR-LEYTE CAMPAIGN,LEB1,2014,,FF6AA84F,Data available,yes,FFFF0000,Error/Old site/Obsolete,,,,,
Campaign,SAMAR-LEYTE CAMPAIGN,LEB1,2016,,FF6AA84F,Data available,yes,FFFF0000,Error/Old site/Obsolete,,,,,
Campaign,SAMAR-LEYTE CAMPAIGN,LEB1,2017,,FF6AA84F,Data available,yes,FFFF0000,Error/Old site/Obsolete,,,,,
Campaign,SAMAR-LEYTE CAMPAIGN,LEYC,2009,,FF274E13,Data to be retrieved,yes,FFFF0000,Error/Old site/Obsolete,,,,,
Campaign,SAMAR-LEYTE CAMPAIGN,LEYC,2011,,FF274E13,Data to be retrieved,yes,FFFF0000,Error/Old site/Obsolete,,,,,
Campaign,SAMAR-LEYTE CAMPAIGN,LEYC,2012,,FF6AA84F,Data available,yes,FFFF0000,Error/Old site/Obsolete,,,,,
Campaign,SAMAR-LEYTE CAMPAIGN,LEYC,2014,,FF6AA84F,Data available,yes,FFFF0000,Error/Old site/Obsolete,,,,,
Campaign,SAMAR-LEYTE CAMPAIGN,LEC1,2001,,FF274E13,Data to be retrieved,yes,,,,,,,
Campaign,SAMAR-LEYTE CAMPAIGN,LEC1,2009,,FF274E13,Data to be retrieved,yes,,,,,,,
Campaign,SAMAR-LEYTE CAMPAIGN,LEC1,2011,,FF274E13,Data to be retrieved,yes,,,,,,,
Campaign,SAMAR-LEYTE CAMPAIGN,LEC1,2012,,FF6AA84F,Data available,yes,,,,,,,
Campaign,SAMAR-LEYTE CAMPAIGN,LEC1,2014,LEC2,FF6AA84F,Data available,yes,,,,,,,
Campaign,SAMAR-LEYTE CAMPAIGN,LEC1,2016,,FF6AA84F,Data available,yes,,,,,,,
Campaign,SAMAR-LEYTE CAMPAIGN,LEC1,2017,,FF6AA84F,Data available,yes,,,,,,,
Campaign,SAMAR-LEYTE CAMPAIGN,LEC1,2019,,FF6AA84F,Data available,yes,,,,,,,
Campaign,SAMAR-LEYTE CAMPAIGN,LEA1,1995,LEYA,FF274E13,Data to be retrieved,yes,,,,,,,
Campaign,SAMAR-LEYTE CAMPAIGN,LEA1,1997,LEYA,FF274E13,Data to be retrieved,yes,,,,,,,
Campaign,SAMAR-LEYTE CAMPAIGN,LEA1,1999,LEYA,FF274E13,Data to be retrieved,yes,,,,,,,
Campaign,SAMAR-LEYTE CAMPAIGN,LEA1,2001,LEYA,FF274E13,Data to be retrieved,yes,,,,,,,
Campaign,SAMAR-LEYTE CAMPAIGN,LEA1,2009,,FF274E13,Data to be retrieved,yes,,,,,,,
Campaign,SAMAR-LEYTE CAMPAIGN,LEA1,2011,,FF274E13,Data to be retrieved,yes,,,,,,,
Campaign,SAMAR-LEYTE CAMPAIGN,LEA1,2012,,FF6AA84F,Data available,yes,,,,,,,
Campaign,SAMAR-LEYTE CAMPAIGN,LEA1,2014,,FF6AA84F,Data available,yes,,,,,,,
Campaign,SAMAR-LEYTE CAMPAIGN,LEA1,2016,,FF6AA84F,Data available,yes,,,,,,,
Campaign,SAMAR-LEYTE CAMPAIGN,LEA1,2017,,FF6AA84F,Data available,yes,,,,,,,
Campaign,SAMAR-LEYTE CAMPAIGN,LEA1,2019,,FF6AA84F,Data available,yes,,,,,,,
Campaign,SAMAR-LEYTE CAMPAIGN,LEA1,2025,LEYA,,,,,,,,,,
Campaign,SAMAR-LEYTE CAMPAIGN,LEA1,2026,LEYA,FF6AA84F,Data available,yes,,,,,,,
Campaign,SAMAR-LEYTE CAMPAIGN,LEYD,2009,,FF274E13,Data to be retrieved,yes,FFFF0000,Error/Old site/Obsolete,,,,,
Campaign,SAMAR-LEYTE CAMPAIGN,LEYD,2011,,FF274E13,Data to be retrieved,yes,FFFF0000,Error/Old site/Obsolete,,,,,
Campaign,SAMAR-LEYTE CAMPAIGN,LEYD,2012,,FF6AA84F,Data available,yes,FFFF0000,Error/Old site/Obsolete,,,,,
Campaign,SAMAR-LEYTE CAMPAIGN,LEYD,2014,,FF6AA84F,Data available,yes,FFFF0000,Error/Old site/Obsolete,,,,,
Campaign,SAMAR-LEYTE CAMPAIGN,LEYD,2016,,FF6AA84F,Data available,yes,FFFF0000,Error/Old site/Obsolete,,,,,
Campaign,SAMAR-LEYTE CAMPAIGN,LEYD,2017,,FF274E13,Data to be retrieved,yes,FFFF0000,Error/Old site/Obsolete,,,,,
Campaign,SAMAR-LEYTE CAMPAIGN,LEYE,1997,,FF274E13,Data to be retrieved,yes,FFFF0000,Error/Old site/Obsolete,,,,,
Campaign,SAMAR-LEYTE CAMPAIGN,LEYE,1999,,FF274E13,Data to be retrieved,yes,FFFF0000,Error/Old site/Obsolete,,,,,
Campaign,SAMAR-LEYTE CAMPAIGN,LEYE,2001,,FF274E13,Data to be retrieved,yes,FFFF0000,Error/Old site/Obsolete,,,,,
Campaign,SAMAR-LEYTE CAMPAIGN,LEYE,2009,,FF274E13,Data to be retrieved,yes,FFFF0000,Error/Old site/Obsolete,,,,,
Campaign,SAMAR-LEYTE CAMPAIGN,LEYE,2011,,FF274E13,Data to be retrieved,yes,FFFF0000,Error/Old site/Obsolete,,,,,
Campaign,SAMAR-LEYTE CAMPAIGN,LEYE,2012,,FF274E13,Data to be retrieved,yes,FFFF0000,Error/Old site/Obsolete,,,,,
Campaign,SAMAR-LEYTE CAMPAIGN,LEYE,2017,,FF6AA84F,Data available,yes,FFFF0000,Error/Old site/Obsolete,,,,,
Campaign,SAMAR-LEYTE CAMPAIGN,LEYF,2009,,FF274E13,Data to be retrieved,yes,FFFF0000,Error/Old site/Obsolete,,,,,
Campaign,SAMAR-LEYTE CAMPAIGN,LEYF,2011,,FF274E13,Data to be retrieved,yes,FFFF0000,Error/Old site/Obsolete,,,,,
Campaign,SAMAR-LEYTE CAMPAIGN,LEYF,2012,,FF6AA84F,Data available,yes,FFFF0000,Error/Old site/Obsolete,,,,,
Campaign,SAMAR-LEYTE CAMPAIGN,LEYF,2014,,FF6AA84F,Data available,yes,FFFF0000,Error/Old site/Obsolete,,,,,
Campaign,SAMAR-LEYTE CAMPAIGN,LEYF,2016,,FF6AA84F,Data available,yes,FFFF0000,Error/Old site/Obsolete,,,,,
Campaign,SAMAR-LEYTE CAMPAIGN,LEYF,2017,,FF6AA84F,Data available,yes,FFFF0000,Error/Old site/Obsolete,,,,,
Campaign,SAMAR-LEYTE CAMPAIGN,LEYF,2019,,FF6AA84F,Data available,yes,FFFF0000,Error/Old site/Obsolete,,,,,
Campaign,SAMAR-LEYTE CAMPAIGN,LEYG,1995,,FF274E13,Data to be retrieved,yes,,,False,False,,,False
Campaign,SAMAR-LEYTE CAMPAIGN,LEYG,1997,,FF274E13,Data to be retrieved,yes,,,False,False,,,False
Campaign,SAMAR-LEYTE CAMPAIGN,LEYG,1999,,FF274E13,Data to be retrieved,yes,,,False,False,,,False
Campaign,SAMAR-LEYTE CAMPAIGN,LEYG,2009,,FF274E13,Data to be retrieved,yes,,,False,False,,,False
Campaign,SAMAR-LEYTE CAMPAIGN,LEYG,2011,,FF274E13,Data to be retrieved,yes,,,False,False,,,False
Campaign,SAMAR-LEYTE CAMPAIGN,LEYG,2012,,FF274E13,Data to be retrieved,yes,,,False,False,,,False
Campaign,SAMAR-LEYTE CAMPAIGN,LEYG,2014,,FF6AA84F,Data available,yes,,,False,False,,,False
Campaign,SAMAR-LEYTE CAMPAIGN,LEYG,2016,,FF6AA84F,Data available,yes,,,False,False,,,False
Campaign,SAMAR-LEYTE CAMPAIGN,LEYG,2017,,FF6AA84F,Data available,yes,,,False,False,,,False
Campaign,SAMAR-LEYTE CAMPAIGN,LEYH,1995,,FF274E13,Data to be retrieved,yes,,,Pending,Pending,,,Converting
Campaign,SAMAR-LEYTE CAMPAIGN,LEYH,1999,,FF274E13,Data to be retrieved,yes,,,Pending,Pending,,,Converting
Campaign,SAMAR-LEYTE CAMPAIGN,LEYH,2001,,FF274E13,Data to be retrieved,yes,,,Pending,Pending,,,Converting
Campaign,SAMAR-LEYTE CAMPAIGN,LEYH,2009,,FF274E13,Data to be retrieved,yes,,,Pending,Pending,,,Converting
Campaign,SAMAR-LEYTE CAMPAIGN,LEYH,2011,,FF274E13,Data to be retrieved,yes,,,Pending,Pending,,,Converting
Campaign,SAMAR-LEYTE CAMPAIGN,LEYH,2012,,FF274E13,Data to be retrieved,yes,,,Pending,Pending,,,Converting
Campaign,SAMAR-LEYTE CAMPAIGN,LEYH,2014,,FF274E13,Data to be retrieved,yes,,,Pending,Pending,,,Converting
Campaign,SAMAR-LEYTE CAMPAIGN,LEYH,2016,,FF6AA84F,Data available,yes,,,Pending,Pending,,,Converting
Campaign,SAMAR-LEYTE CAMPAIGN,LEYH,2017,,FF6AA84F,Data available,yes,,,Pending,Pending,,,Converting
Campaign,SAMAR-LEYTE CAMPAIGN,LEYH,2019,,FF6AA84F,Data available,yes,,,Pending,Pending,,,Converting
Campaign,SAMAR-LEYTE CAMPAIGN,LEYI,1995,,FF274E13,Data to be retrieved,yes,,,,,,,
Campaign,SAMAR-LEYTE CAMPAIGN,LEYI,1999,,FF274E13,Data to be retrieved,yes,,,,,,,
Campaign,SAMAR-LEYTE CAMPAIGN,LEYI,2001,,FF274E13,Data to be retrieved,yes,,,,,,,
Campaign,SAMAR-LEYTE CAMPAIGN,LEYI,2009,,FF274E13,Data to be retrieved,yes,,,,,,,
Campaign,SAMAR-LEYTE CAMPAIGN,LEYI,2011,,FF274E13,Data to be retrieved,yes,,,,,,,
Campaign,SAMAR-LEYTE CAMPAIGN,LEYI,2012,,FF6AA84F,Data available,yes,,,,,,,
Campaign,SAMAR-LEYTE CAMPAIGN,LEYI,2016,,FF6AA84F,Data available,yes,,,,,,,
Campaign,SAMAR-LEYTE CAMPAIGN,LEYJ,2001,,FF274E13,Data to be retrieved,yes,FFFF0000,Error/Old site/Obsolete,,,,,
Campaign,SAMAR-LEYTE CAMPAIGN,LEYJ,2009,,FF274E13,Data to be retrieved,yes,FFFF0000,Error/Old site/Obsolete,,,,,
Campaign,SAMAR-LEYTE CAMPAIGN,LEYJ,2011,,FF274E13,Data to be retrieved,yes,FFFF0000,Error/Old site/Obsolete,,,,,
Campaign,SAMAR-LEYTE CAMPAIGN,LEYJ,2012,,FF274E13,Data to be retrieved,yes,FFFF0000,Error/Old site/Obsolete,,,,,
Campaign,SAMAR-LEYTE CAMPAIGN,LEYJ,2014,,FF6AA84F,Data available,yes,FFFF0000,Error/Old site/Obsolete,,,,,
Campaign,SAMAR-LEYTE CAMPAIGN,NSNC,2014,,FF6AA84F,Data available,yes,,,,,,,
Campaign,SAMAR-LEYTE CAMPAIGN,NSNC,2016,NSMC,FF6AA84F,Data available,yes,,,,,,,
Campaign,SAMAR-LEYTE CAMPAIGN,NAVA,2001,,FF274E13,Data to be retrieved,yes,,,,,,,
Campaign,SAMAR-LEYTE CAMPAIGN,NAVA,2002,,FF274E13,Data to be retrieved,yes,,,,,,,
Campaign,SAMAR-LEYTE CAMPAIGN,NAVA,2009,,FF274E13,Data to be retrieved,yes,,,,,,,
Campaign,SAMAR-LEYTE CAMPAIGN,NAVA,2011,,FF274E13,Data to be retrieved,yes,,,,,,,
Campaign,SAMAR-LEYTE CAMPAIGN,NAVA,2012,,FF6AA84F,Data available,yes,,,,,,,
Campaign,SAMAR-LEYTE CAMPAIGN,NAVA,2014,,FF6AA84F,Data available,yes,,,,,,,
Campaign,SAMAR-LEYTE CAMPAIGN,NAVA,2016,,FF6AA84F,Data available,yes,,,,,,,
Campaign,SAMAR-LEYTE CAMPAIGN,NAVA,2017,,FF6AA84F,Data available,yes,,,,,,,
Campaign,SAMAR-LEYTE CAMPAIGN,NAVA,2019,,FF6AA84F,Data available,yes,,,,,,,
Campaign,SAMAR-LEYTE CAMPAIGN,NLCE,2009,,FF274E13,Data to be retrieved,yes,,,,,,,
Campaign,SAMAR-LEYTE CAMPAIGN,NLCE,2011,,FF274E13,Data to be retrieved,yes,,,,,,,
Campaign,SAMAR-LEYTE CAMPAIGN,NLCE,2012,,FF6AA84F,Data available,yes,,,,,,,
Campaign,SAMAR-LEYTE CAMPAIGN,NLCE,2014,,FF6AA84F,Data available,yes,,,,,,,
Campaign,SAMAR-LEYTE CAMPAIGN,NLCE,2016,,FF6AA84F,Data available,yes,,,,,,,
Campaign,SAMAR-LEYTE CAMPAIGN,NLCE,2017,,FF6AA84F,Data available,yes,,,,,,,
Campaign,SAMAR-LEYTE CAMPAIGN,NLCE,2019,,FF6AA84F,Data available,yes,,,,,,,
Campaign,SAMAR-LEYTE CAMPAIGN,NLCR,2009,,FF274E13,Data to be retrieved,yes,,,False,False,,,True
Campaign,SAMAR-LEYTE CAMPAIGN,NLCR,2011,,FF274E13,Data to be retrieved,yes,,,False,False,,,True
Campaign,SAMAR-LEYTE CAMPAIGN,NLCR,2012,,FF6AA84F,Data available,yes,,,False,False,,,True
Campaign,SAMAR-LEYTE CAMPAIGN,NLCR,2014,,FF6AA84F,Data available,yes,,,False,False,,,True
Campaign,SAMAR-LEYTE CAMPAIGN,NLCR,2016,,FF6AA84F,Data available,yes,,,False,False,,,True
Campaign,SAMAR-LEYTE CAMPAIGN,NLCR,2017,,FF6AA84F,Data available,yes,,,False,False,,,True
Campaign,SAMAR-LEYTE CAMPAIGN,NLCR,2019,,FF6AA84F,Data available,yes,,,False,False,,,True
Campaign,SAMAR-LEYTE CAMPAIGN,NLL2,2009,,FF274E13,Data to be retrieved,yes,FFFF0000,Error/Old site/Obsolete,Processing,Processing,,,To retrieve
Campaign,SAMAR-LEYTE CAMPAIGN,NLL2,2011,,FF274E13,Data to be retrieved,yes,FFFF0000,Error/Old site/Obsolete,Processing,Processing,,,To retrieve
Campaign,SAMAR-LEYTE CAMPAIGN,NLL2,2012,,FF274E13,Data to be retrieved,yes,FFFF0000,Error/Old site/Obsolete,Processing,Processing,,,To retrieve
Campaign,SAMAR-LEYTE CAMPAIGN,NLL1,2009,,FF274E13,Data to be retrieved,yes,,,,,,,
Campaign,SAMAR-LEYTE CAMPAIGN,NLL1,2011,,FF274E13,Data to be retrieved,yes,,,,,,,
Campaign,SAMAR-LEYTE CAMPAIGN,NLL1,2012,,FF6AA84F,Data available,yes,,,,,,,
Campaign,SAMAR-LEYTE CAMPAIGN,NLL1,2014,,FF6AA84F,Data available,yes,,,,,,,
Campaign,SAMAR-LEYTE CAMPAIGN,NLL1,2016,,FF6AA84F,Data available,yes,,,,,,,
Campaign,SAMAR-LEYTE CAMPAIGN,NLL1,2017,,FF6AA84F,Data available,yes,,,,,,,
Campaign,SAMAR-LEYTE CAMPAIGN,NLL1,2019,,FF6AA84F,Data available,yes,,,,,,,
Campaign,SAMAR-LEYTE CAMPAIGN,NLSI,1997,LEYM,FF274E13,Data to be retrieved,yes,,,,,,,
Campaign,SAMAR-LEYTE CAMPAIGN,NLSI,1999,LEYM,FF274E13,Data to be retrieved,yes,,,,,,,
Campaign,SAMAR-LEYTE CAMPAIGN,NLSI,2001,LEYM,FF274E13,Data to be retrieved,yes,,,,,,,
Campaign,SAMAR-LEYTE CAMPAIGN,NLSI,2009,& LEYM,FF274E13,Data to be retrieved,yes,,,,,,,
Campaign,SAMAR-LEYTE CAMPAIGN,NLSI,2011,& LEYM,FF274E13,Data to be retrieved,yes,,,,,,,
Campaign,SAMAR-LEYTE CAMPAIGN,NLSI,2012,& LEYM,FF6AA84F,Data available,yes,,,,,,,
Campaign,SAMAR-LEYTE CAMPAIGN,NLSI,2014,,FF6AA84F,Data available,yes,,,,,,,
Campaign,SAMAR-LEYTE CAMPAIGN,NLSI,2016,,FF6AA84F,Data available,yes,,,,,,,
Campaign,SAMAR-LEYTE CAMPAIGN,NLSI,2017,,FF6AA84F,Data available,yes,,,,,,,
Campaign,SAMAR-LEYTE CAMPAIGN,NLSI,2019,,FF6AA84F,Data available,yes,,,,,,,
Campaign,SAMAR-LEYTE CAMPAIGN,NLSN,2009,,FF274E13,Data to be retrieved,yes,,,,,,,
Campaign,SAMAR-LEYTE CAMPAIGN,NLSN,2011,,FF274E13,Data to be retrieved,yes,,,,,,,
Campaign,SAMAR-LEYTE CAMPAIGN,NLSN,2012,,FF274E13,Data to be retrieved,yes,,,,,,,
Campaign,SAMAR-LEYTE CAMPAIGN,NLSN,2014,,FF6AA84F,Data available,yes,,,,,,,
Campaign,SAMAR-LEYTE CAMPAIGN,NLSN,2016,,FF6AA84F,Data available,yes,,,,,,,
Campaign,SAMAR-LEYTE CAMPAIGN,NLSN,2017,,FF6AA84F,Data available,yes,,,,,,,
Campaign,SAMAR-LEYTE CAMPAIGN,NLSN,2019,,FF6AA84F,Data available,yes,,,,,,,
Campaign,SAMAR-LEYTE CAMPAIGN,NSEV,2014,,FF6AA84F,Data available,yes,,,,,,,
Campaign,SAMAR-LEYTE CAMPAIGN,NSEV,2016,,FF6AA84F,Data available,yes,,,,,,,
Campaign,SAMAR-LEYTE CAMPAIGN,NSEV,2019,,FF6AA84F,Data available,yes,,,,,,,
Campaign,SAMAR-LEYTE CAMPAIGN,NSPC,2014,,FF6AA84F,Data available,yes,,,,,,,
Campaign,SAMAR-LEYTE CAMPAIGN,NSPC,2016,,FF6AA84F,Data available,yes,,,,,,,
Campaign,SAMAR-LEYTE CAMPAIGN,NSPC,2019,,FF6AA84F,Data available,yes,,,,,,,
Campaign,SAMAR-LEYTE CAMPAIGN,NLSB,2009,,FF274E13,Data to be retrieved,yes,FFFF0000,Error/Old site/Obsolete,True,True,,,False
Campaign,SAMAR-LEYTE CAMPAIGN,NLSB,2011,,FF274E13,Data to be retrieved,yes,FFFF0000,Error/Old site/Obsolete,True,True,,,False
Campaign,SAMAR-LEYTE CAMPAIGN,NLSB,2014,,FF6AA84F,Data available,yes,FFFF0000,Error/Old site/Obsolete,True,True,,,False
Campaign,SAMAR-LEYTE CAMPAIGN,NLSB,2017,,FF6AA84F,Data available,yes,FFFF0000,Error/Old site/Obsolete,True,True,,,False
Campaign,SAMAR-LEYTE CAMPAIGN,SOLD,2004,,FF274E13,Data to be retrieved,yes,,,Finished,Finished,,,Complete
Campaign,SAMAR-LEYTE CAMPAIGN,SOLD,2006,,FF274E13,Data to be retrieved,yes,,,Finished,Finished,,,Complete
Campaign,SAMAR-LEYTE CAMPAIGN,SOLD,2009,,FF274E13,Data to be retrieved,yes,,,Finished,Finished,,,Complete
Campaign,SAMAR-LEYTE CAMPAIGN,SOLD,2010,,FF274E13,Data to be retrieved,yes,,,Finished,Finished,,,Complete
Campaign,SAMAR-LEYTE CAMPAIGN,SOLD,2011,,FF274E13,Data to be retrieved,yes,,,Finished,Finished,,,Complete
Campaign,SAMAR-LEYTE CAMPAIGN,SOLD,2012,,FF274E13,Data to be retrieved,yes,,,Finished,Finished,,,Complete
Campaign,SAMAR-LEYTE CAMPAIGN,SOLD,2014,,FF6AA84F,Data available,yes,,,Finished,Finished,,,Complete
Campaign,SAMAR-LEYTE CAMPAIGN,SOLD,2016,,FF6AA84F,Data available,yes,,,Finished,Finished,,,Complete
Campaign,SAMAR-LEYTE CAMPAIGN,SOLD,2019,,FF6AA84F,Data available,yes,,,Finished,Finished,,,Complete
Campaign,SAMAR-LEYTE CAMPAIGN,SLSB,2010,,FF274E13,Data to be retrieved,yes,,,,,,,
Campaign,SAMAR-LEYTE CAMPAIGN,SLSB,2011,,FF274E13,Data to be retrieved,yes,,,,,,,
Campaign,SAMAR-LEYTE CAMPAIGN,SLSB,2012,,FF274E13,Data to be retrieved,yes,,,,,,,
Campaign,SAMAR-LEYTE CAMPAIGN,SLSB,2014,,FF274E13,Data to be retrieved,yes,,,,,,,
Campaign,SAMAR-LEYTE CAMPAIGN,SLSB,2016,,FF6AA84F,Data available,yes,,,,,,,
Campaign,SAMAR-LEYTE CAMPAIGN,SLSB,2019,,FF6AA84F,Data available,yes,,,,,,,
Campaign,SAMAR-LEYTE CAMPAIGN,SOLB,2004,,FF274E13,Data to be retrieved,yes,,,,,,,
Campaign,SAMAR-LEYTE CAMPAIGN,SOLB,2006,,FF274E13,Data to be retrieved,yes,,,,,,,
Campaign,SAMAR-LEYTE CAMPAIGN,SOLB,2009,,FF274E13,Data to be retrieved,yes,,,,,,,
Campaign,SAMAR-LEYTE CAMPAIGN,SOLB,2010,,FF274E13,Data to be retrieved,yes,,,,,,,
Campaign,SAMAR-LEYTE CAMPAIGN,SOLB,2011,,FF274E13,Data to be retrieved,yes,,,,,,,
Campaign,SAMAR-LEYTE CAMPAIGN,SOLB,2012,,FF274E13,Data to be retrieved,yes,,,,,,,
Campaign,SAMAR-LEYTE CAMPAIGN,SOLB,2014,,FF6AA84F,Data available,yes,,,,,,,
Campaign,SAMAR-LEYTE CAMPAIGN,SOLB,2016,,FF6AA84F,Data available,yes,,,,,,,
Campaign,SAMAR-LEYTE CAMPAIGN,SOLB,2019,,FF6AA84F,Data available,yes,,,,,,,
Campaign,SAMAR-LEYTE CAMPAIGN,SOLC,2004,,FF274E13,Data to be retrieved,yes,,,,,,,
Campaign,SAMAR-LEYTE CAMPAIGN,SOLC,2006,,FF274E13,Data to be retrieved,yes,,,,,,,
Campaign,SAMAR-LEYTE CAMPAIGN,SOLC,2010,,FF274E13,Data to be retrieved,yes,,,,,,,
Campaign,SAMAR-LEYTE CAMPAIGN,SOLC,2011,,FF274E13,Data to be retrieved,yes,,,,,,,
Campaign,SAMAR-LEYTE CAMPAIGN,SOLC,2014,,FF6AA84F,Data available,yes,,,,,,,
Campaign,SAMAR-LEYTE CAMPAIGN,SOLC,2016,,FF6AA84F,Data available,yes,,,,,,,
Campaign,SAMAR-LEYTE CAMPAIGN,SOLG,2004,,FF274E13,Data to be retrieved,yes,,,,,,,
Campaign,SAMAR-LEYTE CAMPAIGN,SOLG,2006,,FF274E13,Data to be retrieved,yes,,,,,,,
Campaign,SAMAR-LEYTE CAMPAIGN,SOLG,2009,,FF274E13,Data to be retrieved,yes,,,,,,,
Campaign,SAMAR-LEYTE CAMPAIGN,SOLG,2010,,FF274E13,Data to be retrieved,yes,,,,,,,
Campaign,SAMAR-LEYTE CAMPAIGN,SOLG,2011,,FF274E13,Data to be retrieved,yes,,,,,,,
Campaign,SAMAR-LEYTE CAMPAIGN,SOLG,2012,,FF274E13,Data to be retrieved,yes,,,,,,,
Campaign,SAMAR-LEYTE CAMPAIGN,SOLG,2014,,FF6AA84F,Data available,yes,,,,,,,
Campaign,SAMAR-LEYTE CAMPAIGN,SOLG,2016,,FF6AA84F,Data available,yes,,,,,,,
Campaign,SAMAR-LEYTE CAMPAIGN,SOLG,2019,,FF6AA84F,Data available,yes,,,,,,,
Campaign,SAMAR-LEYTE CAMPAIGN,SOLG,2025,,FF6AA84F,Data available,yes,,,,,,,
Campaign,SAMAR-LEYTE CAMPAIGN,SOLH,2004,,FF274E13,Data to be retrieved,yes,,,,,,,
Campaign,SAMAR-LEYTE CAMPAIGN,SOLH,2006,,FF274E13,Data to be retrieved,yes,,,,,,,
Campaign,SAMAR-LEYTE CAMPAIGN,SOLH,2009,,FF274E13,Data to be retrieved,yes,,,,,,,
Campaign,SAMAR-LEYTE CAMPAIGN,SOLH,2010,,FF274E13,Data to be retrieved,yes,,,,,,,
Campaign,SAMAR-LEYTE CAMPAIGN,SOLH,2011,,FF274E13,Data to be retrieved,yes,,,,,,,
Campaign,SAMAR-LEYTE CAMPAIGN,SOLH,2014,,FF6AA84F,Data available,yes,,,,,,,
Campaign,SAMAR-LEYTE CAMPAIGN,SOLH,2016,,FF6AA84F,Data available,yes,,,,,,,
Campaign,SAMAR-LEYTE CAMPAIGN,SOLH,2017,,FF6AA84F,Data available,yes,,,,,,,
Campaign,SAMAR-LEYTE CAMPAIGN,SOLH,2019,,FF6AA84F,Data available,yes,,,,,,,
Campaign,SAMAR-LEYTE CAMPAIGN,SOLH,2025,,FF6AA84F,Data available,yes,,,,,,,
Campaign,SAMAR-LEYTE CAMPAIGN,SOLI,2009,,FF274E13,Data to be retrieved,yes,,,,,,,
Campaign,SAMAR-LEYTE CAMPAIGN,SOLI,2010,,FF274E13,Data to be retrieved,yes,,,,,,,
Campaign,SAMAR-LEYTE CAMPAIGN,SOLI,2011,,FF274E13,Data to be retrieved,yes,,,,,,,
Campaign,SAMAR-LEYTE CAMPAIGN,SOLI,2014,,FF6AA84F,Data available,yes,,,,,,,
Campaign,SAMAR-LEYTE CAMPAIGN,SOLI,2016,,FF6AA84F,Data available,yes,,,,,,,
Campaign,SAMAR-LEYTE CAMPAIGN,SOLI,2019,,FF6AA84F,Data available,yes,,,,,,,
Campaign,SAMAR-LEYTE CAMPAIGN,SOLJ,2004,,FF274E13,Data to be retrieved,yes,,,,,,,
Campaign,SAMAR-LEYTE CAMPAIGN,SOLJ,2006,,FF274E13,Data to be retrieved,yes,,,,,,,
Campaign,SAMAR-LEYTE CAMPAIGN,SOLJ,2010,,FF274E13,Data to be retrieved,yes,,,,,,,
Campaign,SAMAR-LEYTE CAMPAIGN,SOLJ,2011,,FF274E13,Data to be retrieved,yes,,,,,,,
Campaign,SAMAR-LEYTE CAMPAIGN,SOLJ,2012,,FF6AA84F,Data available,yes,,,,,,,
Campaign,SAMAR-LEYTE CAMPAIGN,SOLJ,2016,,FF6AA84F,Data available,yes,,,,,,,
Campaign,SAMAR-LEYTE CAMPAIGN,SOLF,2004,,FF274E13,Data to be retrieved,yes,FFFF0000,Error/Old site/Obsolete,,,,,
Campaign,SAMAR-LEYTE CAMPAIGN,SOLF,2006,,FF274E13,Data to be retrieved,yes,FFFF0000,Error/Old site/Obsolete,,,,,
Campaign,SAMAR-LEYTE CAMPAIGN,SOLF,2010,,FF274E13,Data to be retrieved,yes,FFFF0000,Error/Old site/Obsolete,,,,,
Campaign,SAMAR-LEYTE CAMPAIGN,SOLF,2011,,FF274E13,Data to be retrieved,yes,FFFF0000,Error/Old site/Obsolete,,,,,
Campaign,SAMAR-LEYTE CAMPAIGN,SOLF,2012,,FF6AA84F,Data available,yes,FFFF0000,Error/Old site/Obsolete,,,,,
Campaign,SAMAR-LEYTE CAMPAIGN,SOLF,2014,,FF6AA84F,Data available,yes,FFFF0000,Error/Old site/Obsolete,,,,,
Campaign,SAMAR-LEYTE CAMPAIGN,SOLL,2010,,FF274E13,Data to be retrieved,yes,,,,,,,
Campaign,SAMAR-LEYTE CAMPAIGN,SOLL,2011,,FF274E13,Data to be retrieved,yes,,,,,,,
Campaign,SAMAR-LEYTE CAMPAIGN,SOLL,2012,,FF6AA84F,Data available,yes,,,,,,,
Campaign,SAMAR-LEYTE CAMPAIGN,SOLL,2014,,FF6AA84F,Data available,yes,,,,,,,
Campaign,SAMAR-LEYTE CAMPAIGN,SOLL,2016,,FF6AA84F,Data available,yes,,,,,,,
Campaign,SAMAR-LEYTE CAMPAIGN,SOLL,2017,,FF6AA84F,Data available,yes,,,,,,,
Campaign,SAMAR-LEYTE CAMPAIGN,SOLL,2025,,FF6AA84F,Data available,yes,,,,,,,
Campaign,SAMAR-LEYTE CAMPAIGN,TONA,1995,,FF274E13,Data to be retrieved,yes,,,,,,,
Campaign,SAMAR-LEYTE CAMPAIGN,TONA,1997,,FF274E13,Data to be retrieved,yes,,,,,,,
Campaign,SAMAR-LEYTE CAMPAIGN,TONA,1999,,FF274E13,Data to be retrieved,yes,,,,,,,
Campaign,SAMAR-LEYTE CAMPAIGN,TONA,2001,,FF274E13,Data to be retrieved,yes,,,,,,,
Campaign,SAMAR-LEYTE CAMPAIGN,TONA,2009,,FF274E13,Data to be retrieved,yes,,,,,,,
Campaign,SAMAR-LEYTE CAMPAIGN,TONA,2011,,FF274E13,Data to be retrieved,yes,,,,,,,
Campaign,SAMAR-LEYTE CAMPAIGN,TONA,2014,,FF6AA84F,Data available,yes,,,,,,,
Campaign,SAMAR-LEYTE CAMPAIGN,TONA,2017,,FF6AA84F,Data available,yes,,,,,,,
Campaign,SAMAR-LEYTE CAMPAIGN,TONF,1999,,FF274E13,Data to be retrieved,yes,,,,,,,
Campaign,SAMAR-LEYTE CAMPAIGN,TONF,2001,,FF274E13,Data to be retrieved,yes,,,,,,,
Campaign,SAMAR-LEYTE CAMPAIGN,TONF,2009,,FF274E13,Data to be retrieved,yes,,,,,,,
Campaign,SAMAR-LEYTE CAMPAIGN,TONF,2011,,FF274E13,Data to be retrieved,yes,,,,,,,
Campaign,SAMAR-LEYTE CAMPAIGN,TONF,2014,,FF6AA84F,Data available,yes,,,,,,,
Campaign,SAMAR-LEYTE CAMPAIGN,TONF,2016,,FF6AA84F,Data available,yes,,,,,,,
Campaign,SAMAR-LEYTE CAMPAIGN,TONF,2019,,FF6AA84F,Data available,yes,,,,,,,
Campaign,SAMAR-LEYTE CAMPAIGN,TONU,2001,,FF274E13,Data to be retrieved,yes,,,,,,,
Campaign,SAMAR-LEYTE CAMPAIGN,TONU,2017,,FF6AA84F,Data available,yes,,,,,,,
Campaign,SAMAR-LEYTE CAMPAIGN,WSBC,2014,,FF6AA84F,Data available,yes,,,,,,,
Campaign,SAMAR-LEYTE CAMPAIGN,WSBC,2016,,FF6AA84F,Data available,yes,,,,,,,
Campaign,SAMAR-LEYTE CAMPAIGN,WSBC,2019,,FF6AA84F,Data available,yes,,,,,,,
Campaign,CEBU-BOHOL-PANAY-NEGROS CAMPAIGN,BCCP,2017,,FF6AA84F,Data available,yes,,,,,2013-2019,,
Campaign,CEBU-BOHOL-PANAY-NEGROS CAMPAIGN,BCCP,2019,BOGO,FF6AA84F,Data available,yes,,,,,2013-2019,,
Campaign,CEBU-BOHOL-PANAY-NEGROS CAMPAIGN,BONG,2012,,FF274E13,Data to be retrieved,yes,,,,,,,
Campaign,CEBU-BOHOL-PANAY-NEGROS CAMPAIGN,BONG,2013,,FF4A86E8,No logsheets,yes,,,,,,,
Campaign,CEBU-BOHOL-PANAY-NEGROS CAMPAIGN,BONG,2014,,FF6AA84F,Data available,yes,,,,,,,
Campaign,CEBU-BOHOL-PANAY-NEGROS CAMPAIGN,BONG,2015,,FF4A86E8,No logsheets,yes,,,,,,,
Campaign,CEBU-BOHOL-PANAY-NEGROS CAMPAIGN,BONG,2016,,FF6AA84F,Data available,yes,,,,,,,
Campaign,CEBU-BOHOL-PANAY-NEGROS CAMPAIGN,BONG,2017,,FF6AA84F,Data available,yes,,,,,,,
Campaign,CEBU-BOHOL-PANAY-NEGROS CAMPAIGN,BONG,2019,,FF6AA84F,Data available,yes,,,,,,,
Campaign,CEBU-BOHOL-PANAY-NEGROS CAMPAIGN,CALI,2010,,FF274E13,Data to be retrieved,yes,FFFF0000,Error/Old site/Obsolete,,,,,
Campaign,CEBU-BOHOL-PANAY-NEGROS CAMPAIGN,CALI,2011,,FF274E13,Data to be retrieved,yes,FFFF0000,Error/Old site/Obsolete,,,,,
Campaign,CEBU-BOHOL-PANAY-NEGROS CAMPAIGN,CALI,2012,,FF274E13,Data to be retrieved,yes,FFFF0000,Error/Old site/Obsolete,,,,,
Campaign,CEBU-BOHOL-PANAY-NEGROS CAMPAIGN,CALI,2013,,FF6AA84F,Data available,yes,FFFF0000,Error/Old site/Obsolete,,,,,
Campaign,CEBU-BOHOL-PANAY-NEGROS CAMPAIGN,CALI,2014,,FF6AA84F,Data available,yes,FFFF0000,Error/Old site/Obsolete,,,,,
Campaign,CEBU-BOHOL-PANAY-NEGROS CAMPAIGN,CALI,2015,,FF6AA84F,Data available,yes,FFFF0000,Error/Old site/Obsolete,,,,,
Campaign,CEBU-BOHOL-PANAY-NEGROS CAMPAIGN,CALI,2016,,FF6AA84F,Data available,yes,FFFF0000,Error/Old site/Obsolete,,,,,
Campaign,CEBU-BOHOL-PANAY-NEGROS CAMPAIGN,CALI,2017,,FF6AA84F,Data available,yes,FFFF0000,Error/Old site/Obsolete,,,,,
Campaign,CEBU-BOHOL-PANAY-NEGROS CAMPAIGN,CALI,2019,,FF6AA84F,Data available,yes,FFFF0000,Error/Old site/Obsolete,,,,,
Campaign,CEBU-BOHOL-PANAY-NEGROS CAMPAIGN,CEB1,2009,,FF274E13,Data to be retrieved,yes,,,,,,,
Campaign,CEBU-BOHOL-PANAY-NEGROS CAMPAIGN,CEB1,2011,,FF274E13,Data to be retrieved,yes,,,,,,,
Campaign,CEBU-BOHOL-PANAY-NEGROS CAMPAIGN,CEB1,2012,,FF274E13,Data to be retrieved,yes,,,,,,,
Campaign,CEBU-BOHOL-PANAY-NEGROS CAMPAIGN,CEB1,2013,,FF6AA84F,Data available,yes,,,,,,,
Campaign,CEBU-BOHOL-PANAY-NEGROS CAMPAIGN,CEB1,2014,,FF6AA84F,Data available,yes,,,,,,,
Campaign,CEBU-BOHOL-PANAY-NEGROS CAMPAIGN,CEB1,2015,,FF6AA84F,Data available,yes,,,,,,,
Campaign,CEBU-BOHOL-PANAY-NEGROS CAMPAIGN,CEB1,2016,,FF6AA84F,Data available,yes,,,,,,,
Campaign,CEBU-BOHOL-PANAY-NEGROS CAMPAIGN,CEB1,2017,,FF6AA84F,Data available,yes,,,,,,,
Campaign,CEBU-BOHOL-PANAY-NEGROS CAMPAIGN,CEB1,2019,CSCP,FF6AA84F,Data available,yes,,,,,,,
Campaign,CEBU-BOHOL-PANAY-NEGROS CAMPAIGN,CEBA,1999,,FF274E13,Data to be retrieved,yes,,,,,,,
Campaign,CEBU-BOHOL-PANAY-NEGROS CAMPAIGN,CEBA,2001,,FF274E13,Data to be retrieved,yes,,,,,,,
Campaign,CEBU-BOHOL-PANAY-NEGROS CAMPAIGN,CEBA,2009,,FF274E13,Data to be retrieved,yes,,,,,,,
Campaign,CEBU-BOHOL-PANAY-NEGROS CAMPAIGN,CEBA,2011,,FF274E13,Data to be retrieved,yes,,,,,,,
Campaign,CEBU-BOHOL-PANAY-NEGROS CAMPAIGN,CEBA,2012,,FF274E13,Data to be retrieved,yes,,,,,,,
Campaign,CEBU-BOHOL-PANAY-NEGROS CAMPAIGN,CEBA,2013,,FF6AA84F,Data available,yes,,,,,,,
Campaign,CEBU-BOHOL-PANAY-NEGROS CAMPAIGN,CEBA,2014,,FF6AA84F,Data available,yes,,,,,,,
Campaign,CEBU-BOHOL-PANAY-NEGROS CAMPAIGN,CEBA,2015,,FF6AA84F,Data available,yes,,,,,,,
Campaign,CEBU-BOHOL-PANAY-NEGROS CAMPAIGN,CEBA,2016,,FF6AA84F,Data available,yes,,,,,,,
Campaign,CEBU-BOHOL-PANAY-NEGROS CAMPAIGN,CEBA,2017,,FF6AA84F,Data available,yes,,,,,,,
Campaign,CEBU-BOHOL-PANAY-NEGROS CAMPAIGN,CEBA,2019,,FF6AA84F,Data available,yes,,,,,,,
Campaign,CEBU-BOHOL-PANAY-NEGROS CAMPAIGN,CEBB,1997,,FF274E13,Data to be retrieved,yes,FFFF0000,Error/Old site/Obsolete,False,False,,,False
Campaign,CEBU-BOHOL-PANAY-NEGROS CAMPAIGN,CEBB,1999,,FF274E13,Data to be retrieved,yes,FFFF0000,Error/Old site/Obsolete,False,False,,,False
Campaign,CEBU-BOHOL-PANAY-NEGROS CAMPAIGN,CEBB,2001,,FF274E13,Data to be retrieved,yes,FFFF0000,Error/Old site/Obsolete,False,False,,,False
Campaign,CEBU-BOHOL-PANAY-NEGROS CAMPAIGN,CEBB,2015,,FF6AA84F,Data available,yes,FFFF0000,Error/Old site/Obsolete,False,False,,,False
Campaign,CEBU-BOHOL-PANAY-NEGROS CAMPAIGN,CEBB,2016,,FF6AA84F,Data available,yes,FFFF0000,Error/Old site/Obsolete,False,False,,,False
Campaign,CEBU-BOHOL-PANAY-NEGROS CAMPAIGN,CEBD,2009,,FF274E13,Data to be retrieved,yes,FFFF0000,Error/Old site/Obsolete,Pending,Pending,,,Converting
Campaign,CEBU-BOHOL-PANAY-NEGROS CAMPAIGN,CEBD,2011,,FF274E13,Data to be retrieved,yes,FFFF0000,Error/Old site/Obsolete,Pending,Pending,,,Converting
Campaign,CEBU-BOHOL-PANAY-NEGROS CAMPAIGN,CEBD,2012,,FF274E13,Data to be retrieved,yes,FFFF0000,Error/Old site/Obsolete,Pending,Pending,,,Converting
Campaign,CEBU-BOHOL-PANAY-NEGROS CAMPAIGN,CEBD,2013,,FF6AA84F,Data available,yes,FFFF0000,Error/Old site/Obsolete,Pending,Pending,,,Converting
Campaign,CEBU-BOHOL-PANAY-NEGROS CAMPAIGN,CEBD,2014,,FF6AA84F,Data available,yes,FFFF0000,Error/Old site/Obsolete,Pending,Pending,,,Converting
Campaign,CEBU-BOHOL-PANAY-NEGROS CAMPAIGN,CEBD,2015,,FF6AA84F,Data available,yes,FFFF0000,Error/Old site/Obsolete,Pending,Pending,,,Converting
Campaign,CEBU-BOHOL-PANAY-NEGROS CAMPAIGN,CEBD,2016,,FF6AA84F,Data available,yes,FFFF0000,Error/Old site/Obsolete,Pending,Pending,,,Converting
Campaign,CEBU-BOHOL-PANAY-NEGROS CAMPAIGN,CEBC,2009,,FF274E13,Data to be retrieved,yes,FFFF0000,Error/Old site/Obsolete,,,,,
Campaign,CEBU-BOHOL-PANAY-NEGROS CAMPAIGN,CEBC,2011,,FF274E13,Data to be retrieved,yes,FFFF0000,Error/Old site/Obsolete,,,,,
Campaign,CEBU-BOHOL-PANAY-NEGROS CAMPAIGN,CEBC,2012,,FF274E13,Data to be retrieved,yes,FFFF0000,Error/Old site/Obsolete,,,,,
Campaign,CEBU-BOHOL-PANAY-NEGROS CAMPAIGN,CEBC,2013,,FF6AA84F,Data available,yes,FFFF0000,Error/Old site/Obsolete,,,,,
Campaign,CEBU-BOHOL-PANAY-NEGROS CAMPAIGN,DANC,2015,,FF00FF00,Some logsheets are missing,yes,,,,,,,
Campaign,CEBU-BOHOL-PANAY-NEGROS CAMPAIGN,DANC,2016,,FF6AA84F,Data available,yes,,,,,,,
Campaign,CEBU-BOHOL-PANAY-NEGROS CAMPAIGN,DANC,2017,,FF6AA84F,Data available,yes,,,,,,,
Campaign,CEBU-BOHOL-PANAY-NEGROS CAMPAIGN,DANC,2019,,FF6AA84F,Data available,yes,,,,,,,
Campaign,CEBU-BOHOL-PANAY-NEGROS CAMPAIGN,ILO2,1997,,FF274E13,Data to be retrieved,yes,,,,,,,
Campaign,CEBU-BOHOL-PANAY-NEGROS CAMPAIGN,ILO2,1999,,FF274E13,Data to be retrieved,yes,,,,,,,
Campaign,CEBU-BOHOL-PANAY-NEGROS CAMPAIGN,ILO2,2002,,FF274E13,Data to be retrieved,yes,,,,,,,
Campaign,CEBU-BOHOL-PANAY-NEGROS CAMPAIGN,ILO2,2009,,FF274E13,Data to be retrieved,yes,,,,,,,
Campaign,CEBU-BOHOL-PANAY-NEGROS CAMPAIGN,ILO2,2010,,FF274E13,Data to be retrieved,yes,,,,,,,
Campaign,CEBU-BOHOL-PANAY-NEGROS CAMPAIGN,ILO2,2011,,FF274E13,Data to be retrieved,yes,,,,,,,
Campaign,CEBU-BOHOL-PANAY-NEGROS CAMPAIGN,ILO2,2012,,FF6AA84F,Data available,yes,,,,,,,
Campaign,CEBU-BOHOL-PANAY-NEGROS CAMPAIGN,ILO2,2013,,FF6AA84F,Data available,yes,,,,,,,
Campaign,CEBU-BOHOL-PANAY-NEGROS CAMPAIGN,ILO2,2014,,FF6AA84F,Data available,yes,,,,,,,
Campaign,CEBU-BOHOL-PANAY-NEGROS CAMPAIGN,ILO2,2015,,FF6AA84F,Data available,yes,,,,,,,
Campaign,CEBU-BOHOL-PANAY-NEGROS CAMPAIGN,ILO2,2016,,FF6AA84F,Data available,yes,,,,,,,
Campaign,CEBU-BOHOL-PANAY-NEGROS CAMPAIGN,ILO2,2017,,FF6AA84F,Data available,yes,,,,,,,
Campaign,CEBU-BOHOL-PANAY-NEGROS CAMPAIGN,ILO2,2019,,FF6AA84F,Data available,yes,,,,,,,
Campaign,CEBU-BOHOL-PANAY-NEGROS CAMPAIGN,INAB,2019,,FF6AA84F,Data available,yes,,,False,False,,,True
Campaign,CEBU-BOHOL-PANAY-NEGROS CAMPAIGN,NPAC,2015,,FF6AA84F,Data available,yes,,,Processing,Processing,,,To retrieve
Campaign,CEBU-BOHOL-PANAY-NEGROS CAMPAIGN,NPAC,2016,,FF6AA84F,Data available,yes,,,Processing,Processing,,,To retrieve
Campaign,CEBU-BOHOL-PANAY-NEGROS CAMPAIGN,NPAC,2017,,FF6AA84F,Data available,yes,,,Processing,Processing,,,To retrieve
Campaign,CEBU-BOHOL-PANAY-NEGROS CAMPAIGN,NPAK,2010,,FF274E13,Data to be retrieved,yes,,,,,,,
Campaign,CEBU-BOHOL-PANAY-NEGROS CAMPAIGN,NPAK,2011,,FF274E13,Data to be retrieved,yes,,,,,,,
Campaign,CEBU-BOHOL-PANAY-NEGROS CAMPAIGN,NPAK,2012,,FF274E13,Data to be retrieved,yes,,,,,,,
Campaign,CEBU-BOHOL-PANAY-NEGROS CAMPAIGN,NPAK,2013,,FF6AA84F,Data available,yes,,,,,,,
Campaign,CEBU-BOHOL-PANAY-NEGROS CAMPAIGN,NPAK,2014,,FF6AA84F,Data available,yes,,,,,,,
Campaign,CEBU-BOHOL-PANAY-NEGROS CAMPAIGN,NPAK,2015,,FF6AA84F,Data available,yes,,,,,,,
Campaign,CEBU-BOHOL-PANAY-NEGROS CAMPAIGN,NPAK,2016,,FF6AA84F,Data available,yes,,,,,,,
Campaign,CEBU-BOHOL-PANAY-NEGROS CAMPAIGN,NPAK,2019,,FFFF0000,Error/Old site/Obsolete,yes,,,,,,,
Campaign,CEBU-BOHOL-PANAY-NEGROS CAMPAIGN,NPAL,2010,,FF274E13,Data to be retrieved,yes,,,,,,,
Campaign,CEBU-BOHOL-PANAY-NEGROS CAMPAIGN,NPAL,2011,,FF274E13,Data to be retrieved,yes,,,,,,,
Campaign,CEBU-BOHOL-PANAY-NEGROS CAMPAIGN,NPAL,2012,,FF274E13,Data to be retrieved,yes,,,,,,,
Campaign,CEBU-BOHOL-PANAY-NEGROS CAMPAIGN,NPAL,2013,,FF6AA84F,Data available,yes,,,,,,,
Campaign,CEBU-BOHOL-PANAY-NEGROS CAMPAIGN,NPAL,2014,,FF6AA84F,Data available,yes,,,,,,,
Campaign,CEBU-BOHOL-PANAY-NEGROS CAMPAIGN,NPAL,2015,,FF6AA84F,Data available,yes,,,,,,,
Campaign,CEBU-BOHOL-PANAY-NEGROS CAMPAIGN,NPAL,2016,,FF6AA84F,Data available,yes,,,,,,,
Campaign,CEBU-BOHOL-PANAY-NEGROS CAMPAIGN,NPAL,2017,,FF6AA84F,Data available,yes,,,,,,,
Campaign,CEBU-BOHOL-PANAY-NEGROS CAMPAIGN,NPAL,2019,,FF6AA84F,Data available,yes,,,,,,,
Campaign,CEBU-BOHOL-PANAY-NEGROS CAMPAIGN,NPIE,2010,,FF274E13,Data to be retrieved,yes,FFFF0000,Error/Old site/Obsolete,,,,,
Campaign,CEBU-BOHOL-PANAY-NEGROS CAMPAIGN,NPIE,2011,,FF274E13,Data to be retrieved,yes,FFFF0000,Error/Old site/Obsolete,,,,,
Campaign,CEBU-BOHOL-PANAY-NEGROS CAMPAIGN,NPIE,2012,,FF6AA84F,Data available,yes,FFFF0000,Error/Old site/Obsolete,,,,,
Campaign,CEBU-BOHOL-PANAY-NEGROS CAMPAIGN,NPIE,2013,,FF6AA84F,Data available,yes,FFFF0000,Error/Old site/Obsolete,,,,,
Campaign,CEBU-BOHOL-PANAY-NEGROS CAMPAIGN,NPIE,2014,,FF6AA84F,Data available,yes,FFFF0000,Error/Old site/Obsolete,,,,,
Campaign,CEBU-BOHOL-PANAY-NEGROS CAMPAIGN,NPIE,2015,,FF6AA84F,Data available,yes,FFFF0000,Error/Old site/Obsolete,,,,,
Campaign,CEBU-BOHOL-PANAY-NEGROS CAMPAIGN,NPIE,2016,,FF6AA84F,Data available,yes,FFFF0000,Error/Old site/Obsolete,,,,,
Campaign,CEBU-BOHOL-PANAY-NEGROS CAMPAIGN,NPIE,2017,,FF6AA84F,Data available,yes,FFFF0000,Error/Old site/Obsolete,,,,,
Campaign,CEBU-BOHOL-PANAY-NEGROS CAMPAIGN,NPIE,2019,,FF6AA84F,Data available,yes,FFFF0000,Error/Old site/Obsolete,,,,,
Campaign,CEBU-BOHOL-PANAY-NEGROS CAMPAIGN,RCPS,2010,,FF274E13,Data to be retrieved,yes,FFFF0000,Error/Old site/Obsolete,,,,,
Campaign,CEBU-BOHOL-PANAY-NEGROS CAMPAIGN,RCPS,2011,,FF274E13,Data to be retrieved,yes,FFFF0000,Error/Old site/Obsolete,,,,,
Campaign,CEBU-BOHOL-PANAY-NEGROS CAMPAIGN,RCPS,2012,,FF274E13,Data to be retrieved,yes,FFFF0000,Error/Old site/Obsolete,,,,,
Campaign,CEBU-BOHOL-PANAY-NEGROS CAMPAIGN,RCPS,2013,,FF6AA84F,Data available,yes,FFFF0000,Error/Old site/Obsolete,,,,,
Campaign,CEBU-BOHOL-PANAY-NEGROS CAMPAIGN,RCPS,2014,,FF6AA84F,Data available,yes,FFFF0000,Error/Old site/Obsolete,,,,,
Campaign,CEBU-BOHOL-PANAY-NEGROS CAMPAIGN,RCPS,2015,,FF00FF00,Some logsheets are missing,yes,FFFF0000,Error/Old site/Obsolete,,,,,
Campaign,CEBU-BOHOL-PANAY-NEGROS CAMPAIGN,RCPS,2016,,FF6AA84F,Data available,yes,FFFF0000,Error/Old site/Obsolete,,,,,
Campaign,CEBU-BOHOL-PANAY-NEGROS CAMPAIGN,RCPS,2017,,FF6AA84F,Data available,yes,FFFF0000,Error/Old site/Obsolete,,,,,
Campaign,CEBU-BOHOL-PANAY-NEGROS CAMPAIGN,SBOL,2015,,FF6AA84F,Data available,yes,FFFF0000,Error/Old site/Obsolete,,,,,
Campaign,CEBU-BOHOL-PANAY-NEGROS CAMPAIGN,SBOL,2016,,FF6AA84F,Data available,yes,FFFF0000,Error/Old site/Obsolete,,,,,
Campaign,CEBU-BOHOL-PANAY-NEGROS CAMPAIGN,SBOL,2017,,FF6AA84F,Data available,yes,FFFF0000,Error/Old site/Obsolete,,,,,
Campaign,CEBU-BOHOL-PANAY-NEGROS CAMPAIGN,SBOL,2019,LILA,FF6AA84F,Data available,yes,FFFF0000,Error/Old site/Obsolete,,,,,
Campaign,CEBU-BOHOL-PANAY-NEGROS CAMPAIGN,SBOI,2015,,FF6AA84F,Data available,yes,FFFF0000,Error/Old site/Obsolete,True,True,,,False
Campaign,CEBU-BOHOL-PANAY-NEGROS CAMPAIGN,SBOI,2016,,FF6AA84F,Data available,yes,FFFF0000,Error/Old site/Obsolete,True,True,,,False
Campaign,CEBU-BOHOL-PANAY-NEGROS CAMPAIGN,SBOI,2017,,FF6AA84F,Data available,yes,FFFF0000,Error/Old site/Obsolete,True,True,,,False
Campaign,CEBU-BOHOL-PANAY-NEGROS CAMPAIGN,SIPA,2015,,FF00FF00,Some logsheets are missing,yes,,,Finished,Finished,,,Complete
Campaign,CEBU-BOHOL-PANAY-NEGROS CAMPAIGN,SIPA,2016,,FF6AA84F,Data available,yes,,,Finished,Finished,,,Complete
Campaign,CEBU-BOHOL-PANAY-NEGROS CAMPAIGN,SIPA,2017,,FF6AA84F,Data available,yes,,,Finished,Finished,,,Complete
Campaign,CEBU-BOHOL-PANAY-NEGROS CAMPAIGN,SIPA,2019,,FF6AA84F,Data available,yes,,,Finished,Finished,,,Complete
Campaign,CEBU-BOHOL-PANAY-NEGROS CAMPAIGN,SJAQ,2010,,FF274E13,Data to be retrieved,yes,FFFF0000,Error/Old site/Obsolete,,,,,
Campaign,CEBU-BOHOL-PANAY-NEGROS CAMPAIGN,SJAQ,2011,,FF6AA84F,Data available,yes,FFFF0000,Error/Old site/Obsolete,,,,,
Campaign,CEBU-BOHOL-PANAY-NEGROS CAMPAIGN,SJAQ,2012,,FF6AA84F,Data available,yes,FFFF0000,Error/Old site/Obsolete,,,,,
Campaign,CEBU-BOHOL-PANAY-NEGROS CAMPAIGN,SJAQ,2013,,FF6AA84F,Data available,yes,FFFF0000,Error/Old site/Obsolete,,,,,
Campaign,CEBU-BOHOL-PANAY-NEGROS CAMPAIGN,SJAQ,2014,,FF6AA84F,Data available,yes,FFFF0000,Error/Old site/Obsolete,,,,,
Campaign,CEBU-BOHOL-PANAY-NEGROS CAMPAIGN,SJAQ,2015,,FF6AA84F,Data available,yes,FFFF0000,Error/Old site/Obsolete,,,,,
Campaign,CEBU-BOHOL-PANAY-NEGROS CAMPAIGN,SJAQ,2016,,FF6AA84F,Data available,yes,FFFF0000,Error/Old site/Obsolete,,,,,
Campaign,CEBU-BOHOL-PANAY-NEGROS CAMPAIGN,SJAQ,2017,,FF6AA84F,Data available,yes,FFFF0000,Error/Old site/Obsolete,,,,,
Campaign,CEBU-BOHOL-PANAY-NEGROS CAMPAIGN,SJAQ,2019,,FF6AA84F,Data available,yes,FFFF0000,Error/Old site/Obsolete,,,,,
Campaign,CEBU-BOHOL-PANAY-NEGROS CAMPAIGN,SOLK,2004,,FF274E13,Data to be retrieved,yes,,,,,,,
Campaign,CEBU-BOHOL-PANAY-NEGROS CAMPAIGN,SOLK,2005,,FF274E13,Data to be retrieved,yes,,,,,,,
Campaign,CEBU-BOHOL-PANAY-NEGROS CAMPAIGN,SOLK,2009,,FF274E13,Data to be retrieved,yes,,,,,,,
Campaign,CEBU-BOHOL-PANAY-NEGROS CAMPAIGN,SOLK,2010,,FF274E13,Data to be retrieved,yes,,,,,,,
Campaign,CEBU-BOHOL-PANAY-NEGROS CAMPAIGN,SOLK,2011,,FF274E13,Data to be retrieved,yes,,,,,,,
Campaign,CEBU-BOHOL-PANAY-NEGROS CAMPAIGN,SOLK,2012,,FF274E13,Data to be retrieved,yes,,,,,,,
Campaign,CEBU-BOHOL-PANAY-NEGROS CAMPAIGN,SOLK,2013,,FF00FF00,Some logsheets are missing,yes,,,,,,,
Campaign,CEBU-BOHOL-PANAY-NEGROS CAMPAIGN,SOLK,2015,,FF6AA84F,Data available,yes,,,,,,,
Campaign,CEBU-BOHOL-PANAY-NEGROS CAMPAIGN,SOLK,2016,,FF6AA84F,Data available,yes,,,,,,,
Campaign,CEBU-BOHOL-PANAY-NEGROS CAMPAIGN,SOLK,2017,,FF6AA84F,Data available,yes,,,,,,,
Campaign,CEBU-BOHOL-PANAY-NEGROS CAMPAIGN,SOLK,2019,,FF6AA84F,Data available,yes,,,,,,,
Campaign,CEBU-BOHOL-PANAY-NEGROS CAMPAIGN,SNPI,2014,,FF6AA84F,Data available,yes,,,,,,,
Campaign,CEBU-BOHOL-PANAY-NEGROS CAMPAIGN,SNPI,2015,,FF00FF00,Some logsheets are missing,yes,,,,,,,
Campaign,CEBU-BOHOL-PANAY-NEGROS CAMPAIGN,SNPI,2016,,FF6AA84F,Data available,yes,,,,,,,
Campaign,CEBU-BOHOL-PANAY-NEGROS CAMPAIGN,SNPI,2017,,FF6AA84F,Data available,yes,,,,,,,
Campaign,CEBU-BOHOL-PANAY-NEGROS CAMPAIGN,SNPI,2019,,FF6AA84F,Data available,yes,,,,,,,
Campaign,CEBU-BOHOL-PANAY-NEGROS CAMPAIGN,SOLA,2004,,FF274E13,Data to be retrieved,yes,,,,,,,
Campaign,CEBU-BOHOL-PANAY-NEGROS CAMPAIGN,SOLA,2005,,FF274E13,Data to be retrieved,yes,,,,,,,
Campaign,CEBU-BOHOL-PANAY-NEGROS CAMPAIGN,SOLA,2009,,FF274E13,Data to be retrieved,yes,,,,,,,
Campaign,CEBU-BOHOL-PANAY-NEGROS CAMPAIGN,SOLA,2010,,FF274E13,Data to be retrieved,yes,,,,,,,
Campaign,CEBU-BOHOL-PANAY-NEGROS CAMPAIGN,SOLA,2011,,FF274E13,Data to be retrieved,yes,,,,,,,
Campaign,CEBU-BOHOL-PANAY-NEGROS CAMPAIGN,SOLA,2012,,FF274E13,Data to be retrieved,yes,,,,,,,
Campaign,CEBU-BOHOL-PANAY-NEGROS CAMPAIGN,SOLA,2013,,FF00FF00,Some logsheets are missing,yes,,,,,,,
Campaign,CEBU-BOHOL-PANAY-NEGROS CAMPAIGN,SOLA,2014,,FF6AA84F,Data available,yes,,,,,,,
Campaign,CEBU-BOHOL-PANAY-NEGROS CAMPAIGN,SOLA,2015,,FF6AA84F,Data available,yes,,,,,,,
Campaign,CEBU-BOHOL-PANAY-NEGROS CAMPAIGN,SOLA,2016,,FF6AA84F,Data available,yes,,,,,,,
Campaign,CEBU-BOHOL-PANAY-NEGROS CAMPAIGN,SOLA,2017,,FF6AA84F,Data available,yes,,,,,,,
Campaign,CEBU-BOHOL-PANAY-NEGROS CAMPAIGN,SOLA,2019,,FF6AA84F,Data available,yes,,,,,,,
Campaign,CEBU-BOHOL-PANAY-NEGROS CAMPAIGN,SOLE,2004,,FF274E13,Data to be retrieved,yes,FFFF0000,Error/Old site/Obsolete,,,,,
Campaign,CEBU-BOHOL-PANAY-NEGROS CAMPAIGN,SOLE,2006,,FF274E13,Data to be retrieved,yes,FFFF0000,Error/Old site/Obsolete,,,,,
Campaign,CEBU-BOHOL-PANAY-NEGROS CAMPAIGN,SOLE,2010,,FF274E13,Data to be retrieved,yes,FFFF0000,Error/Old site/Obsolete,,,,,
Campaign,CEBU-BOHOL-PANAY-NEGROS CAMPAIGN,SOLE,2011,,FF274E13,Data to be retrieved,yes,FFFF0000,Error/Old site/Obsolete,,,,,
Campaign,CEBU-BOHOL-PANAY-NEGROS CAMPAIGN,SOLE,2012,,FF6AA84F,Data available,yes,FFFF0000,Error/Old site/Obsolete,,,,,
Campaign,CEBU-BOHOL-PANAY-NEGROS CAMPAIGN,SOLE,2013,,FF00FF00,Some logsheets are missing,yes,FFFF0000,Error/Old site/Obsolete,,,,,
Campaign,CEBU-BOHOL-PANAY-NEGROS CAMPAIGN,SOLE,2014,,FF6AA84F,Data available,yes,FFFF0000,Error/Old site/Obsolete,,,,,
Campaign,CEBU-BOHOL-PANAY-NEGROS CAMPAIGN,SOLE,2015,,FF6AA84F,Data available,yes,FFFF0000,Error/Old site/Obsolete,,,,,
Campaign,CEBU-BOHOL-PANAY-NEGROS CAMPAIGN,SOLE,2016,,FF6AA84F,Data available,yes,FFFF0000,Error/Old site/Obsolete,,,,,
Campaign,CEBU-BOHOL-PANAY-NEGROS CAMPAIGN,SRCP,2017,,FF6AA84F,Data available,yes,,,,,,,
Campaign,CEBU-BOHOL-PANAY-NEGROS CAMPAIGN,SRCP,2019,,FF6AA84F,Data available,yes,,,,,,,
Campaign,CEBU-BOHOL-PANAY-NEGROS CAMPAIGN,TUCP,2017,,FF6AA84F,Data available,yes,,,,,,,
Campaign,CEBU-BOHOL-PANAY-NEGROS CAMPAIGN,TUCP,2019,,FF6AA84F,Data available,yes,,,,,,,
Campaign,EASTERN MINDANAO,CATM,2008,,FF274E13,Data to be retrieved,yes,,,,,2013-2017,,
Campaign,EASTERN MINDANAO,CATM,2010,,FF274E13,Data to be retrieved,yes,,,,,2013-2017,,
Campaign,EASTERN MINDANAO,CATM,2011,,FF274E13,Data to be retrieved,yes,,,,,2013-2017,,
Campaign,EASTERN MINDANAO,CATM,2013,,FF6AA84F,Data available,yes,,,,,2013-2017,,
Campaign,EASTERN MINDANAO,CATM,2015,,FF6AA84F,Data available,yes,,,,,2013-2017,,
Campaign,EASTERN MINDANAO,CATM,2017,,FF6AA84F,Data available,yes,,,,,2013-2017,,
Campaign,EASTERN MINDANAO,CATM,2023,,FF6AA84F,Data available,yes,,,,,2013-2017,,
Campaign,EASTERN MINDANAO,SOMC,2007,,FF274E13,Data to be retrieved,yes,FFCC0000,Error/Old site/Obsolete,,,,,
Campaign,EASTERN MINDANAO,SOMC,2010,,FF274E13,Data to be retrieved,yes,FFCC0000,Error/Old site/Obsolete,,,,,
Campaign,EASTERN MINDANAO,SOMC,2011,,FF274E13,Data to be retrieved,yes,FFCC0000,Error/Old site/Obsolete,,,,,
Campaign,EASTERN MINDANAO,SOMC,2015,,FF6AA84F,Data available,yes,FFCC0000,Error/Old site/Obsolete,,,,,
Campaign,EASTERN MINDANAO,SOMC,2017,,FF6AA84F,Data available,yes,FFCC0000,Error/Old site/Obsolete,,,,,
Campaign,EASTERN MINDANAO,NOMB,2010,,FF274E13,Data to be retrieved,yes,FFFF0000,Error/Old site/Obsolete,,,,,
Campaign,EASTERN MINDANAO,NOMB,2011,,FF274E13,Data to be retrieved,yes,FFFF0000,Error/Old site/Obsolete,,,,,
Campaign,EASTERN MINDANAO,NOMD,2008,,FF274E13,Data to be retrieved,yes,,,,,,,
Campaign,EASTERN MINDANAO,NOMD,2010,,FF274E13,Data to be retrieved,yes,,,,,,,
Campaign,EASTERN MINDANAO,NOMD,2011,,FF274E13,Data to be retrieved,yes,,,,,,,
Campaign,EASTERN MINDANAO,NOMD,2013,,FF6AA84F,Data available,yes,,,,,,,
Campaign,EASTERN MINDANAO,NOMD,2015,,FF6AA84F,Data available,yes,,,,,,,
Campaign,EASTERN MINDANAO,NOMD,2017,,FF6AA84F,Data available,yes,,,,,,,
Campaign,EASTERN MINDANAO,NOMD,2018,,FF274E13,Data to be retrieved,yes,,,,,,,
Campaign,EASTERN MINDANAO,NOMG,2007,,FF274E13,Data to be retrieved,yes,,,,,,,
Campaign,EASTERN MINDANAO,NOMG,2010,,FF274E13,Data to be retrieved,yes,,,,,,,
Campaign,EASTERN MINDANAO,NOMG,2011,,FF274E13,Data to be retrieved,yes,,,,,,,
Campaign,EASTERN MINDANAO,NOMG,2013,,FF6AA84F,Data available,yes,,,,,,,
Campaign,EASTERN MINDANAO,NOMG,2015,,FF6AA84F,Data available,yes,,,,,,,
Campaign,EASTERN MINDANAO,NOMK,2007,,FF274E13,Data to be retrieved,yes,,,,,,,
Campaign,EASTERN MINDANAO,NOMK,2010,,FF274E13,Data to be retrieved,yes,,,,,,,
Campaign,EASTERN MINDANAO,NOMK,2011,,FF274E13,Data to be retrieved,yes,,,,,,,
Campaign,EASTERN MINDANAO,NOMK,2013,,FF6AA84F,Data available,yes,,,,,,,
Campaign,EASTERN MINDANAO,NOMK,2015,,FF6AA84F,Data available,yes,,,,,,,
Campaign,EASTERN MINDANAO,NOMK,2017,,FF6AA84F,Data available,yes,,,,,,,
Campaign,EASTERN MINDANAO,NOMK,2023,,FF6AA84F,Data available,yes,,,,,,,
Campaign,EASTERN MINDANAO,NOMH,2008,,FF274E13,Data to be retrieved,yes,FFFF0000,Error/Old site/Obsolete,,,,,
Campaign,EASTERN MINDANAO,NOMH,2010,,FF274E13,Data to be retrieved,yes,FFFF0000,Error/Old site/Obsolete,,,,,
Campaign,EASTERN MINDANAO,NOMH,2011,,FF274E13,Data to be retrieved,yes,FFFF0000,Error/Old site/Obsolete,,,,,
Campaign,EASTERN MINDANAO,NOMH,2013,,FF6AA84F,Data available,yes,FFFF0000,Error/Old site/Obsolete,,,,,
Campaign,EASTERN MINDANAO,NOMH,2015,,FF274E13,Data to be retrieved,yes,FFFF0000,Error/Old site/Obsolete,,,,,
Campaign,EASTERN MINDANAO,NOMF,2007,,FF274E13,Data to be retrieved,yes,,,,,,,
Campaign,EASTERN MINDANAO,NOMF,2010,,FF274E13,Data to be retrieved,yes,,,,,,,
Campaign,EASTERN MINDANAO,NOMF,2011,,FF274E13,Data to be retrieved,yes,,,,,,,
Campaign,EASTERN MINDANAO,NOMF,2013,,FF6AA84F,Data available,yes,,,,,,,
Campaign,EASTERN MINDANAO,NOMF,2015,,FF6AA84F,Data available,yes,,,,,,,
Campaign,EASTERN MINDANAO,NOMF,2017,,FF6AA84F,Data available,yes,,,,,,,
Campaign,EASTERN MINDANAO,NMLM,2010,,FF274E13,Data to be retrieved,yes,,,,,,,
Campaign,EASTERN MINDANAO,NMLM,2011,,FF274E13,Data to be retrieved,yes,,,,,,,
Campaign,EASTERN MINDANAO,NMLM,2012,,FF274E13,Data to be retrieved,yes,,,,,,,
Campaign,EASTERN MINDANAO,NMLM,2013,,FF6AA84F,Data available,yes,,,,,,,
Campaign,EASTERN MINDANAO,NMLM,2014,,FF6AA84F,Data available,yes,,,,,,,
Campaign,EASTERN MINDANAO,NMLM,2015,,FF6AA84F,Data available,yes,,,,,,,
Campaign,EASTERN MINDANAO,NMLM,2016,,FF6AA84F,Data available,yes,,,,,,,
Campaign,EASTERN MINDANAO,NMLM,2017,,FF6AA84F,Data available,yes,,,,,,,
Campaign,EASTERN MINDANAO,NMSM,2010,,FF274E13,Data to be retrieved,yes,,,,,,,
Campaign,EASTERN MINDANAO,NMSM,2011,,FF274E13,Data to be retrieved,yes,,,,,,,
Campaign,EASTERN MINDANAO,NMSM,2012,,FF274E13,Data to be retrieved,yes,,,,,,,
Campaign,EASTERN MINDANAO,NMSM,2013,,FF6AA84F,Data available,yes,,,,,,,
Campaign,EASTERN MINDANAO,NMSM,2014,,FF6AA84F,Data available,yes,,,,,,,
Campaign,EASTERN MINDANAO,NMSM,2015,,FF6AA84F,Data available,yes,,,,,,,
Campaign,EASTERN MINDANAO,NMSM,2016,,FF6AA84F,Data available,yes,,,,,,,
Campaign,EASTERN MINDANAO,NMSM,2017,,FF38761D,Incomplete,yes,,,,,,,
Campaign,EASTERN MINDANAO,NOME,2008,,FF274E13,Data to be retrieved,yes,,,,,,,
Campaign,EASTERN MINDANAO,NOME,2010,,FF274E13,Data to be retrieved,yes,,,,,,,
Campaign,EASTERN MINDANAO,NOME,2011,,FF274E13,Data to be retrieved,yes,,,,,,,
Campaign,EASTERN MINDANAO,NOME,2013,,FF6AA84F,Data available,yes,,,,,,,
Campaign,EASTERN MINDANAO,NOME,2015,,FF6AA84F,Data available,yes,,,,,,,
Campaign,EASTERN MINDANAO,NOME,2017,,FF6AA84F,Data available,yes,,,,,,,
Campaign,EASTERN MINDANAO,NOMC,2007,,FF274E13,Data to be retrieved,yes,,,,,,,
Campaign,EASTERN MINDANAO,NOMC,2010,,FF274E13,Data to be retrieved,yes,,,,,,,
Campaign,EASTERN MINDANAO,NOMC,2011,,FF274E13,Data to be retrieved,yes,,,,,,,
Campaign,EASTERN MINDANAO,NOMC,2013,,FF6AA84F,Data available,yes,,,,,,,
Campaign,EASTERN MINDANAO,NOMC,2015,,FF6AA84F,Data available,yes,,,,,,,
Campaign,EASTERN MINDANAO,NOMC,2017,,FF6AA84F,Data available,yes,,,,,,,
Campaign,EASTERN MINDANAO,NOMI,2008,,FF274E13,Data to be retrieved,yes,,,,,,,
Campaign,EASTERN MINDANAO,NOMI,2010,,FF274E13,Data to be retrieved,yes,,,,,,,
Campaign,EASTERN MINDANAO,NOMI,2011,,FF274E13,Data to be retrieved,yes,,,,,,,
Campaign,EASTERN MINDANAO,NOMI,2013,,FF6AA84F,Data available,yes,,,,,,,
Campaign,EASTERN MINDANAO,NOMI,2015,,FF6AA84F,Data available,yes,,,,,,,
Campaign,EASTERN MINDANAO,NOMI,2017,,FF6AA84F,Data available,yes,,,,,,,
Campaign,EASTERN MINDANAO,NOML,2008,,FF274E13,Data to be retrieved,yes,FFFF0000,Error/Old site/Obsolete,,,,,
Campaign,EASTERN MINDANAO,NOML,2010,,FF274E13,Data to be retrieved,yes,FFFF0000,Error/Old site/Obsolete,,,,,
Campaign,EASTERN MINDANAO,NOML,2011,,FF274E13,Data to be retrieved,yes,FFFF0000,Error/Old site/Obsolete,,,,,
Campaign,EASTERN MINDANAO,NOML,2013,,FF6AA84F,Data available,yes,FFFF0000,Error/Old site/Obsolete,,,,,
Campaign,EASTERN MINDANAO,NOML,2017,,FF274E13,Data to be retrieved,yes,FFFF0000,Error/Old site/Obsolete,,,,,
Campaign,EASTERN MINDANAO,NOMA,2008,,FF274E13,Data to be retrieved,yes,,,False,False,,,False
Campaign,EASTERN MINDANAO,NOMA,2010,,FF274E13,Data to be retrieved,yes,,,False,False,,,False
Campaign,EASTERN MINDANAO,NOMA,2011,,FF274E13,Data to be retrieved,yes,,,False,False,,,False
Campaign,EASTERN MINDANAO,NOMA,2013,,FF6AA84F,Data available,yes,,,False,False,,,False
Campaign,EASTERN MINDANAO,NOMA,2015,,FF6AA84F,Data available,yes,,,False,False,,,False
Campaign,EASTERN MINDANAO,NOMA,2017,,FF6AA84F,Data available,yes,,,False,False,,,False
Campaign,EASTERN MINDANAO,NMMB,2010,,FF274E13,Data to be retrieved,yes,FFFF0000,Error/Old site/Obsolete,Pending,Pending,,,Converting
Campaign,EASTERN MINDANAO,NMMB,2011,,FF274E13,Data to be retrieved,yes,FFFF0000,Error/Old site/Obsolete,Pending,Pending,,,Converting
Campaign,EASTERN MINDANAO,NMMB,2012,,FF274E13,Data to be retrieved,yes,FFFF0000,Error/Old site/Obsolete,Pending,Pending,,,Converting
Campaign,EASTERN MINDANAO,NMMB,2013,,FF6AA84F,Data available,yes,FFFF0000,Error/Old site/Obsolete,Pending,Pending,,,Converting
Campaign,EASTERN MINDANAO,NMMB,2014,,FF6AA84F,Data available,yes,FFFF0000,Error/Old site/Obsolete,Pending,Pending,,,Converting
Campaign,EASTERN MINDANAO,NMSF,2010,,FF274E13,Data to be retrieved,yes,FFFF0000,Error/Old site/Obsolete,,,,,
Campaign,EASTERN MINDANAO,NMSF,2011,,FF274E13,Data to be retrieved,yes,FFFF0000,Error/Old site/Obsolete,,,,,
Campaign,EASTERN MINDANAO,NMSF,2012,,FF274E13,Data to be retrieved,yes,FFFF0000,Error/Old site/Obsolete,,,,,
Campaign,EASTERN MINDANAO,NMSF,2013,,FF6AA84F,Data available,yes,FFFF0000,Error/Old site/Obsolete,,,,,
Campaign,EASTERN MINDANAO,NMSF,2014,,FF6AA84F,Data available,yes,FFFF0000,Error/Old site/Obsolete,,,,,
Campaign,EASTERN MINDANAO,NMSF,2016,,FF274E13,Data to be retrieved,yes,FFFF0000,Error/Old site/Obsolete,,,,,
Campaign,EASTERN MINDANAO,SOMB,2007,,FF274E13,Data to be retrieved,yes,,,,,,,
Campaign,EASTERN MINDANAO,SOMB,2010,,FF274E13,Data to be retrieved,yes,,,,,,,
Campaign,EASTERN MINDANAO,SOMB,2011,,FF274E13,Data to be retrieved,yes,,,,,,,
Campaign,EASTERN MINDANAO,SOMB,2013,,FF6AA84F,Data available,yes,,,,,,,
Campaign,EASTERN MINDANAO,SOMB,2015,,FF6AA84F,Data available,yes,,,,,,,
Campaign,EASTERN MINDANAO,SOMB,2017,,FF274E13,Data to be retrieved,yes,,,,,,,
Campaign,EASTERN MINDANAO,SOMB,2023,,FF6AA84F,Data available,yes,,,,,,,
Campaign,EASTERN MINDANAO,SMMM,2010,,FF274E13,Data to be retrieved,yes,FFFF0000,Error/Old site/Obsolete,,,,,
Campaign,EASTERN MINDANAO,SMMM,2011,,FF274E13,Data to be retrieved,yes,FFFF0000,Error/Old site/Obsolete,,,,,
Campaign,EASTERN MINDANAO,SMMM,2012,,FF274E13,Data to be retrieved,yes,FFFF0000,Error/Old site/Obsolete,,,,,
Campaign,EASTERN MINDANAO,SMMM,2013,,FF6AA84F,Data available,yes,FFFF0000,Error/Old site/Obsolete,,,,,
Campaign,EASTERN MINDANAO,SMMM,2014,,FF6AA84F,Data available,yes,FFFF0000,Error/Old site/Obsolete,,,,,
Campaign,EASTERN MINDANAO,SMMM,2016,,FF6AA84F,Data available,yes,FFFF0000,Error/Old site/Obsolete,,,,,
Campaign,EASTERN MINDANAO,SOME,2007,,FF274E13,Data to be retrieved,yes,,,,,,,
Campaign,EASTERN MINDANAO,SOME,2010,,FF274E13,Data to be retrieved,yes,,,,,,,
Campaign,EASTERN MINDANAO,SOME,2011,,FF274E13,Data to be retrieved,yes,,,,,,,
Campaign,EASTERN MINDANAO,SOME,2013,,FF274E13,Data to be retrieved,yes,,,,,,,
Campaign,EASTERN MINDANAO,SOME,2015,,FF6AA84F,Data available,yes,,,,,,,
Campaign,EASTERN MINDANAO,SOME,2017,,FF6AA84F,Data available,yes,,,,,,,
Campaign,EASTERN MINDANAO,SOME,2023,,FF6AA84F,Data available,yes,,,,,,,
Campaign,EASTERN MINDANAO,SOMG,2007,,FF274E13,Data to be retrieved,yes,FFFF0000,Error/Old site/Obsolete,,,,,
Campaign,EASTERN MINDANAO,SOMG,2010,,FF274E13,Data to be retrieved,yes,FFFF0000,Error/Old site/Obsolete,,,,,
Campaign,EASTERN MINDANAO,SOMG,2011,,FF274E13,Data to be retrieved,yes,FFFF0000,Error/Old site/Obsolete,,,,,
Campaign,EASTERN MINDANAO,SOMG,2013,,FF274E13,Data to be retrieved,yes,FFFF0000,Error/Old site/Obsolete,,,,,
Campaign,EASTERN MINDANAO,SOMG,2015,,FF6AA84F,Data available,yes,FFFF0000,Error/Old site/Obsolete,,,,,
Campaign,EASTERN MINDANAO,SOMG,2017,,FF6AA84F,Data available,yes,FFFF0000,Error/Old site/Obsolete,,,,,
Campaign,EASTERN MINDANAO,SMD1,2010,,FF274E13,Data to be retrieved,yes,FFFF0000,Error/Old site/Obsolete,,,,,False
Campaign,EASTERN MINDANAO,SMD1,2012,,FF6AA84F,Data available,yes,FFFF0000,Error/Old site/Obsolete,,,,,False
Campaign,EASTERN MINDANAO,SMD1,2013,,FF6AA84F,Data available,yes,FFFF0000,Error/Old site/Obsolete,,,,,False
Campaign,EASTERN MINDANAO,SMD1,2014,,FF6AA84F,Data available,yes,FFFF0000,Error/Old site/Obsolete,,,,,False
Campaign,EASTERN MINDANAO,SMD1,2016,,FF6AA84F,Data available,yes,FFFF0000,Error/Old site/Obsolete,,,,,False
Campaign,EASTERN MINDANAO,SMD1,2017,,FF274E13,Data to be retrieved,yes,FFFF0000,Error/Old site/Obsolete,,,,,False
Campaign,EASTERN MINDANAO,TAGB,2008,,FF274E13,Data to be retrieved,yes,,,Processing,Processing,,,To retrieve
Campaign,EASTERN MINDANAO,TAGB,2010,,FF274E13,Data to be retrieved,yes,,,Processing,Processing,,,To retrieve
Campaign,EASTERN MINDANAO,TAGB,2011,,FF274E13,Data to be retrieved,yes,,,Processing,Processing,,,To retrieve
Campaign,EASTERN MINDANAO,TAGB,2013,,FF6AA84F,Data available,yes,,,Processing,Processing,,,To retrieve
Campaign,EASTERN MINDANAO,TAGB,2015,,FF6AA84F,Data available,yes,,,Processing,Processing,,,To retrieve
Campaign,EASTERN MINDANAO,TAGB,2017,,FF6AA84F,Data available,yes,,,Processing,Processing,,,To retrieve
Campaign,EASTERN MINDANAO,SOMA,2007,,FF274E13,Data to be retrieved,yes,FFFF0000,Error/Old site/Obsolete,,,,,
Campaign,EASTERN MINDANAO,SOMA,2010,,FF274E13,Data to be retrieved,yes,FFFF0000,Error/Old site/Obsolete,,,,,
Campaign,EASTERN MINDANAO,SOMA,2011,,FF274E13,Data to be retrieved,yes,FFFF0000,Error/Old site/Obsolete,,,,,
Campaign,EASTERN MINDANAO,SOMA,2013,,FF6AA84F,Data available,yes,FFFF0000,Error/Old site/Obsolete,,,,,
Campaign,EASTERN MINDANAO,SOMA,2015,,FF6AA84F,Data available,yes,FFFF0000,Error/Old site/Obsolete,,,,,
Campaign,EASTERN MINDANAO,SOMA,2017,,FF6AA84F,Data available,yes,FFFF0000,Error/Old site/Obsolete,,,,,
Campaign,EASTERN MINDANAO,SOMH,2007,,FF274E13,Data to be retrieved,yes,FFFF0000,Error/Old site/Obsolete,,,,,
Campaign,EASTERN MINDANAO,SOMH,2010,,FF274E13,Data to be retrieved,yes,FFFF0000,Error/Old site/Obsolete,,,,,
Campaign,EASTERN MINDANAO,SOMH,2011,,FF274E13,Data to be retrieved,yes,FFFF0000,Error/Old site/Obsolete,,,,,
Campaign,EASTERN MINDANAO,SOMH,2013,,FF6AA84F,Data available,yes,FFFF0000,Error/Old site/Obsolete,,,,,
Campaign,EASTERN MINDANAO,SOMH,2015,,FF6AA84F,Data available,yes,FFFF0000,Error/Old site/Obsolete,,,,,
Campaign,EASTERN MINDANAO,SOMH,2017,,FF6AA84F,Data available,yes,FFFF0000,Error/Old site/Obsolete,,,,,
Campaign,EASTERN MINDANAO,SOMH,2023,,FF6AA84F,Data available,yes,FFFF0000,Error/Old site/Obsolete,,,,,
Campaign,EASTERN MINDANAO,SMDT,2010,,FF274E13,Data to be retrieved,yes,,,,,,,
Campaign,EASTERN MINDANAO,SMDT,2012,,FF274E13,Data to be retrieved,yes,,,,,,,
Campaign,EASTERN MINDANAO,SMDT,2014,,FF6AA84F,Data available,yes,,,,,,,
Campaign,EASTERN MINDANAO,SMDT,2016,,FF6AA84F,Data available,yes,,,,,,,
Campaign,EASTERN MINDANAO,SOMK,2007,,FF274E13,Data to be retrieved,yes,FFFF0000,Error/Old site/Obsolete,,,,,
Campaign,EASTERN MINDANAO,SOMK,2011,,FF274E13,Data to be retrieved,yes,FFFF0000,Error/Old site/Obsolete,,,,,
Campaign,EASTERN MINDANAO,SOMK,2013,,FF6AA84F,Data available,yes,FFFF0000,Error/Old site/Obsolete,,,,,
Campaign,EASTERN MINDANAO,SOMK,2015,,FF6AA84F,Data available,yes,FFFF0000,Error/Old site/Obsolete,,,,,
Campaign,EASTERN MINDANAO,SOMK,2016,,FF274E13,Data to be retrieved,yes,FFFF0000,Error/Old site/Obsolete,,,,,
Campaign,EASTERN MINDANAO,SOMK,2017,,FF274E13,Data to be retrieved,yes,FFFF0000,Error/Old site/Obsolete,,,,,
Campaign,EASTERN MINDANAO,SMDM,2010,,FF274E13,Data to be retrieved,yes,FFFF0000,Error/Old site/Obsolete,,,,,
Campaign,EASTERN MINDANAO,SMDM,2011,,FF274E13,Data to be retrieved,yes,FFFF0000,Error/Old site/Obsolete,,,,,
Campaign,EASTERN MINDANAO,SMDM,2012,,FF274E13,Data to be retrieved,yes,FFFF0000,Error/Old site/Obsolete,,,,,
Campaign,EASTERN MINDANAO,SMDM,2013,,FF6AA84F,Data available,yes,FFFF0000,Error/Old site/Obsolete,,,,,
Campaign,EASTERN MINDANAO,SMDM,2014,,FF6AA84F,Data available,yes,FFFF0000,Error/Old site/Obsolete,,,,,
Campaign,EASTERN MINDANAO,SMDM,2016,,FF6AA84F,Data available,yes,FFFF0000,Error/Old site/Obsolete,,,,,
Campaign,EASTERN MINDANAO,SOMI,2007,,FF274E13,Data to be retrieved,yes,FFFF0000,Error/Old site/Obsolete,True,True,,,False
Campaign,EASTERN MINDANAO,SOMI,2011,,FF274E13,Data to be retrieved,yes,FFFF0000,Error/Old site/Obsolete,True,True,,,False
Campaign,EASTERN MINDANAO,SOMI,2013,,FF6AA84F,Data available,yes,FFFF0000,Error/Old site/Obsolete,True,True,,,False
Campaign,EASTERN MINDANAO,SOMI,2015,,FF6AA84F,Data available,yes,FFFF0000,Error/Old site/Obsolete,True,True,,,False
Campaign,EASTERN MINDANAO,SOMI,2017,,FF6AA84F,Data available,yes,FFFF0000,Error/Old site/Obsolete,True,True,,,False
Campaign,EASTERN MINDANAO,SOMD,2007,,FF274E13,Data to be retrieved,yes,FFFF0000,Error/Old site/Obsolete,Finished,Finished,,,Complete
Campaign,EASTERN MINDANAO,SOMD,2010,,FF274E13,Data to be retrieved,yes,FFFF0000,Error/Old site/Obsolete,Finished,Finished,,,Complete
Campaign,EASTERN MINDANAO,SOMD,2011,,FF274E13,Data to be retrieved,yes,FFFF0000,Error/Old site/Obsolete,Finished,Finished,,,Complete
Campaign,EASTERN MINDANAO,SOMD,2013,,FF6AA84F,Data available,yes,FFFF0000,Error/Old site/Obsolete,Finished,Finished,,,Complete
Campaign,EASTERN MINDANAO,SOMD,2015,,FF6AA84F,Data available,yes,FFFF0000,Error/Old site/Obsolete,Finished,Finished,,,Complete
Campaign,EASTERN MINDANAO,SOMD,2017,,FF6AA84F,Data available,yes,FFFF0000,Error/Old site/Obsolete,Finished,Finished,,,Complete
Campaign,EASTERN MINDANAO,SOMJ,2007,,FF274E13,Data to be retrieved,yes,,,,,,,
Campaign,EASTERN MINDANAO,SOMJ,2010,,FF274E13,Data to be retrieved,yes,,,,,,,
Campaign,EASTERN MINDANAO,SOMJ,2011,,FF274E13,Data to be retrieved,yes,,,,,,,
Campaign,EASTERN MINDANAO,SOMJ,2013,,FF6AA84F,Data available,yes,,,,,,,
Campaign,EASTERN MINDANAO,SOMJ,2015,,FF6AA84F,Data available,yes,,,,,,,
Campaign,EASTERN MINDANAO,SOMJ,2017,,FF274E13,Data to be retrieved,yes,,,,,,,
Campaign,EASTERN MINDANAO,SOMJ,2023,,FF6AA84F,Data available,yes,,,,,,,
Campaign,EASTERN MINDANAO,SOMM,2007,,FF274E13,Data to be retrieved,yes,FFFF0000,Error/Old site/Obsolete,,,,,
Campaign,EASTERN MINDANAO,SOMM,2010,,FF274E13,Data to be retrieved,yes,FFFF0000,Error/Old site/Obsolete,,,,,
Campaign,EASTERN MINDANAO,SOMM,2011,,FF274E13,Data to be retrieved,yes,FFFF0000,Error/Old site/Obsolete,,,,,
Campaign,EASTERN MINDANAO,SOMM,2013,,FF274E13,Data to be retrieved,yes,FFFF0000,Error/Old site/Obsolete,,,,,
Campaign,EASTERN MINDANAO,SOMM,2015,,FF6AA84F,Data available,yes,FFFF0000,Error/Old site/Obsolete,,,,,
Campaign,EASTERN MINDANAO,SOMM,2017,,FF274E13,Data to be retrieved,yes,FFFF0000,Error/Old site/Obsolete,,,,,
Campaign,EASTERN MINDANAO,SOMF,2007,,FF274E13,Data to be retrieved,yes,,,,,,,
Campaign,EASTERN MINDANAO,SOMF,2010,,FF274E13,Data to be retrieved,yes,,,,,,,
Campaign,EASTERN MINDANAO,SOMF,2011,,FF274E13,Data to be retrieved,yes,,,,,,,
Campaign,EASTERN MINDANAO,SOMF,2013,,FF6AA84F,Data available,yes,,,,,,,
Campaign,EASTERN MINDANAO,SOMF,2015,,FF6AA84F,Data available,yes,,,,,,,
Campaign,EASTERN MINDANAO,SOMF,2016,,FF6AA84F,Data available,yes,,,,,,,
Campaign,EASTERN MINDANAO,SOMF,2023,,FF6AA84F,Data available,yes,,,,,,,
Campaign,EASTERN MINDANAO,DULA,2013,,FF6AA84F,Data available,yes,FFFF9900,Error/Old site/Obsolete,,,,,
Campaign,EASTERN MINDANAO,DULA,2017,,FF6AA84F,Data available,yes,FFFF9900,Error/Old site/Obsolete,,,,,
Campaign,EASTERN MINDANAO,SOML,2007,,FF274E13,Data to be retrieved,yes,FFFF0000,Error/Old site/Obsolete,,,,,
Campaign,EASTERN MINDANAO,SOML,2010,,FF274E13,Data to be retrieved,yes,FFFF0000,Error/Old site/Obsolete,,,,,
Campaign,EASTERN MINDANAO,SOML,2011,,FF274E13,Data to be retrieved,yes,FFFF0000,Error/Old site/Obsolete,,,,,
Campaign,EASTERN MINDANAO,SOML,2013,,FF6AA84F,Data available,yes,FFFF0000,Error/Old site/Obsolete,,,,,
Campaign,EASTERN MINDANAO,SOML,2015,,FF6AA84F,Data available,yes,FFFF0000,Error/Old site/Obsolete,,,,,
Campaign,EASTERN MINDANAO,SOML,2017,,FF6AA84F,Data available,yes,FFFF0000,Error/Old site/Obsolete,,,,,
Campaign,EASTERN MINDANAO,CAMI,2017,,FF6AA84F,Data available,yes,FFFF9900,Error/Old site/Obsolete,,,,,
Campaign,EASTERN MINDANAO,SMDB,2010,,FF274E13,Data to be retrieved,yes,FFFF0000,Error/Old site/Obsolete,,,,,
Campaign,EASTERN MINDANAO,SMDB,2011,,FF274E13,Data to be retrieved,yes,FFFF0000,Error/Old site/Obsolete,,,,,
Campaign,EASTERN MINDANAO,SMDB,2012,,FF6AA84F,Data available,yes,FFFF0000,Error/Old site/Obsolete,,,,,
Campaign,EASTERN MINDANAO,SMDB,2013,,FF6AA84F,Data available,yes,FFFF0000,Error/Old site/Obsolete,,,,,
Campaign,EASTERN MINDANAO,SMDB,2014,SMB1,FF6AA84F,Data available,yes,FFFF0000,Error/Old site/Obsolete,,,,,
Campaign,EASTERN MINDANAO,SMDB,2016,SMB1,FF6AA84F,Data available,yes,FFFF0000,Error/Old site/Obsolete,,,,,
Campaign,EASTERN MINDANAO,NMAB,2010,,FF274E13,Data to be retrieved,yes,FFFF0000,Error/Old site/Obsolete,,,,,
Campaign,EASTERN MINDANAO,NMAB,2011,,FF274E13,Data to be retrieved,yes,FFFF0000,Error/Old site/Obsolete,,,,,
Campaign,EASTERN MINDANAO,NMAB,2012,,FF274E13,Data to be retrieved,yes,FFFF0000,Error/Old site/Obsolete,,,,,
Campaign,EASTERN MINDANAO,NMAB,2013,,FF6AA84F,Data available,yes,FFFF0000,Error/Old site/Obsolete,,,,,
Campaign,EASTERN MINDANAO,NMAB,2014,,FF6AA84F,Data available,yes,FFFF0000,Error/Old site/Obsolete,,,,,
Campaign,EASTERN MINDANAO,NMCO,2010,,FF274E13,Data to be retrieved,yes,FFFF0000,Error/Old site/Obsolete,,,,,
Campaign,EASTERN MINDANAO,NMCO,2011,,FF274E13,Data to be retrieved,yes,FFFF0000,Error/Old site/Obsolete,,,,,
Campaign,EASTERN MINDANAO,NMCO,2012,,FF274E13,Data to be retrieved,yes,FFFF0000,Error/Old site/Obsolete,,,,,
Campaign,EASTERN MINDANAO,NMCO,2013,,FF6AA84F,Data available,yes,FFFF0000,Error/Old site/Obsolete,,,,,
Campaign,EASTERN MINDANAO,NMCO,2014,,FF6AA84F,Data available,yes,FFFF0000,Error/Old site/Obsolete,,,,,
Campaign,EASTERN MINDANAO,NMCO,2016,,FF6AA84F,Data available,yes,FFFF0000,Error/Old site/Obsolete,,,,,
Campaign,EASTERN MINDANAO,NOMZ,2013,,FF6AA84F,Data available,yes,FFFF0000,Error/Old site/Obsolete,,,,,
Campaign,EASTERN MINDANAO,NOMZ,2015,CGN1,FF6AA84F,Data available,yes,FFFF0000,Error/Old site/Obsolete,,,,,
Campaign,EASTERN MINDANAO,SMSK,2010,,FF274E13,Data to be retrieved,yes,FFFF0000,Error/Old site/Obsolete,,,,,
Campaign,EASTERN MINDANAO,SMSK,2012,,FF274E13,Data to be retrieved,yes,FFFF0000,Error/Old site/Obsolete,,,,,
Campaign,EASTERN MINDANAO,SMSK,2014,,FF6AA84F,Data available,yes,FFFF0000,Error/Old site/Obsolete,,,,,
Campaign,EASTERN MINDANAO,SMCL,2010,,FF274E13,Data to be retrieved,yes,FFFF0000,Error/Old site/Obsolete,,,,,
Campaign,EASTERN MINDANAO,SMCL,2011,,FF274E13,Data to be retrieved,yes,FFFF0000,Error/Old site/Obsolete,,,,,
Campaign,EASTERN MINDANAO,SMCL,2012,,FF6AA84F,Data available,yes,FFFF0000,Error/Old site/Obsolete,,,,,
Campaign,EASTERN MINDANAO,SMCL,2013,,FF6AA84F,Data available,yes,FFFF0000,Error/Old site/Obsolete,,,,,
Campaign,EASTERN MINDANAO,SMCL,2014,,FF6AA84F,Data available,yes,FFFF0000,Error/Old site/Obsolete,,,,,
Campaign,EASTERN MINDANAO,SMCP,2010,,FF274E13,Data to be retrieved,yes,FFFF0000,Error/Old site/Obsolete,,,,,
Campaign,EASTERN MINDANAO,SMCP,2011,,FF274E13,Data to be retrieved,yes,FFFF0000,Error/Old site/Obsolete,,,,,
Campaign,EASTERN MINDANAO,SMCP,2012,,FF274E13,Data to be retrieved,yes,FFFF0000,Error/Old site/Obsolete,,,,,
Campaign,EASTERN MINDANAO,SMCP,2013,,FF6AA84F,Data available,yes,FFFF0000,Error/Old site/Obsolete,,,,,
Campaign,EASTERN MINDANAO,SMCP,2014,,FF6AA84F,Data available,yes,FFFF0000,Error/Old site/Obsolete,,,,,
Campaign,EASTERN MINDANAO,TUBY,2015,,FF6AA84F,Data available,yes,FFFF0000,Error/Old site/Obsolete,,,,,
Campaign,COTABATO-SINDANGAN CAMPAIGN,COTA,2009,,FF274E13,Data to be retrieved,yes,,,,,2014-2019,,
Campaign,COTABATO-SINDANGAN CAMPAIGN,COTA,2010,,FF274E13,Data to be retrieved,yes,,,,,2014-2019,,
Campaign,COTABATO-SINDANGAN CAMPAIGN,COTA,2012,,FF274E13,Data to be retrieved,yes,,,,,2014-2019,,
Campaign,COTABATO-SINDANGAN CAMPAIGN,COTA,2013,,FF274E13,Data to be retrieved,yes,,,,,2014-2019,,
Campaign,COTABATO-SINDANGAN CAMPAIGN,COTA,2014,,FF6AA84F,Data available,yes,,,,,2014-2019,,
Campaign,COTABATO-SINDANGAN CAMPAIGN,COTA,2016,,FF6AA84F,Data available,yes,,,,,2014-2019,,
Campaign,COTABATO-SINDANGAN CAMPAIGN,COTA,2018,,FF6AA84F,Data available,yes,,,,,2014-2019,,
Campaign,COTABATO-SINDANGAN CAMPAIGN,COTC,2009,,FF274E13,Data to be retrieved,yes,FFFF0000,Error/Old site/Obsolete,,,,,
Campaign,COTABATO-SINDANGAN CAMPAIGN,COTC,2010,,FF274E13,Data to be retrieved,yes,FFFF0000,Error/Old site/Obsolete,,,,,
Campaign,COTABATO-SINDANGAN CAMPAIGN,COTC,2012,,FF274E13,Data to be retrieved,yes,FFFF0000,Error/Old site/Obsolete,,,,,
Campaign,COTABATO-SINDANGAN CAMPAIGN,COTC,2013,,FF274E13,Data to be retrieved,yes,FFFF0000,Error/Old site/Obsolete,,,,,
Campaign,COTABATO-SINDANGAN CAMPAIGN,COTC,2014,,FF6AA84F,Data available,yes,FFFF0000,Error/Old site/Obsolete,,,,,
Campaign,COTABATO-SINDANGAN CAMPAIGN,COTC,2016,,FF6AA84F,Data available,yes,FFFF0000,Error/Old site/Obsolete,,,,,
Campaign,COTABATO-SINDANGAN CAMPAIGN,COTC,2018,DGOS,FF6AA84F,Data available,yes,FFFF0000,Error/Old site/Obsolete,,,,,
Campaign,COTABATO-SINDANGAN CAMPAIGN,COTF,2009,,FF274E13,Data to be retrieved,yes,,,,,,,
Campaign,COTABATO-SINDANGAN CAMPAIGN,COTF,2010,,FF274E13,Data to be retrieved,yes,,,,,,,
Campaign,COTABATO-SINDANGAN CAMPAIGN,COTF,2012,,FF274E13,Data to be retrieved,yes,,,,,,,
Campaign,COTABATO-SINDANGAN CAMPAIGN,COTF,2014,,FF6AA84F,Data available,yes,,,,,,,
Campaign,COTABATO-SINDANGAN CAMPAIGN,COTF,2016,,FF6AA84F,Data available,yes,,,,,,,
Campaign,COTABATO-SINDANGAN CAMPAIGN,COTF,2018,,FF6AA84F,Data available,yes,,,,,,,
Campaign,COTABATO-SINDANGAN CAMPAIGN,COTF,2023,,FF6AA84F,Data available,yes,,,,,,,
Campaign,COTABATO-SINDANGAN CAMPAIGN,COTF,2026,,FF6AA84F,Data available,yes,,,,,,,
Campaign,COTABATO-SINDANGAN CAMPAIGN,COTB,2009,,FF274E13,Data to be retrieved,yes,,,False,False,,,False
Campaign,COTABATO-SINDANGAN CAMPAIGN,COTB,2010,,FF274E13,Data to be retrieved,yes,,,False,False,,,False
Campaign,COTABATO-SINDANGAN CAMPAIGN,COTB,2012,,FF274E13,Data to be retrieved,yes,,,False,False,,,False
Campaign,COTABATO-SINDANGAN CAMPAIGN,COTB,2013,,FF274E13,Data to be retrieved,yes,,,False,False,,,False
Campaign,COTABATO-SINDANGAN CAMPAIGN,COTB,2014,,FF6AA84F,Data available,yes,,,False,False,,,False
Campaign,COTABATO-SINDANGAN CAMPAIGN,COTB,2018,,FF6AA84F,Data available,yes,,,False,False,,,False
Campaign,COTABATO-SINDANGAN CAMPAIGN,COTB,2019,,FF6AA84F,Data available,yes,,,False,False,,,False
Campaign,COTABATO-SINDANGAN CAMPAIGN,COTG,2009,,FF274E13,Data to be retrieved,yes,,,Pending,Pending,,,To retrieve
Campaign,COTABATO-SINDANGAN CAMPAIGN,COTG,2010,,FF274E13,Data to be retrieved,yes,,,Pending,Pending,,,To retrieve
Campaign,COTABATO-SINDANGAN CAMPAIGN,COTG,2012,,FF274E13,Data to be retrieved,yes,,,Pending,Pending,,,To retrieve
Campaign,COTABATO-SINDANGAN CAMPAIGN,COTG,2013,,FF274E13,Data to be retrieved,yes,,,Pending,Pending,,,To retrieve
Campaign,COTABATO-SINDANGAN CAMPAIGN,COTG,2014,,FF6AA84F,Data available,yes,,,Pending,Pending,,,To retrieve
Campaign,COTABATO-SINDANGAN CAMPAIGN,COTG,2016,,FF6AA84F,Data available,yes,,,Pending,Pending,,,To retrieve
Campaign,COTABATO-SINDANGAN CAMPAIGN,COTG,2018,,FF6AA84F,Data available,yes,,,Pending,Pending,,,To retrieve
Campaign,COTABATO-SINDANGAN CAMPAIGN,CTE1,2009,COTE,FF274E13,Data to be retrieved,yes,FFFF0000,Error/Old site/Obsolete,,,,,
Campaign,COTABATO-SINDANGAN CAMPAIGN,CTE1,2010,COTE,FF274E13,Data to be retrieved,yes,FFFF0000,Error/Old site/Obsolete,,,,,
Campaign,COTABATO-SINDANGAN CAMPAIGN,CTE1,2012,COTE,FF274E13,Data to be retrieved,yes,FFFF0000,Error/Old site/Obsolete,,,,,
Campaign,COTABATO-SINDANGAN CAMPAIGN,CTE1,2013,COTE/CTE1,FF274E13,Data to be retrieved,yes,FFFF0000,Error/Old site/Obsolete,,,,,
Campaign,COTABATO-SINDANGAN CAMPAIGN,CTE1,2014,,FF6AA84F,Data available,yes,FFFF0000,Error/Old site/Obsolete,,,,,
Campaign,COTABATO-SINDANGAN CAMPAIGN,CTE1,2016,,FF6AA84F,Data available,yes,FFFF0000,Error/Old site/Obsolete,,,,,
Campaign,COTABATO-SINDANGAN CAMPAIGN,CTE1,2018,,FF6AA84F,Data available,yes,FFFF0000,Error/Old site/Obsolete,,,,,
Campaign,COTABATO-SINDANGAN CAMPAIGN,CTE1,2019,,FF6AA84F,Data available,yes,FFFF0000,Error/Old site/Obsolete,,,,,
Campaign,COTABATO-SINDANGAN CAMPAIGN,COTH,2009,,FF274E13,Data to be retrieved,yes,,,,,,,
Campaign,COTABATO-SINDANGAN CAMPAIGN,COTH,2010,,FF274E13,Data to be retrieved,yes,,,,,,,
Campaign,COTABATO-SINDANGAN CAMPAIGN,COTH,2014,,FF6AA84F,Data available,yes,,,,,,,
Campaign,COTABATO-SINDANGAN CAMPAIGN,COTH,2016,,FF6AA84F,Data available,yes,,,,,,,
Campaign,COTABATO-SINDANGAN CAMPAIGN,COTH,2018,,FF6AA84F,Data available,yes,,,,,,,
Campaign,COTABATO-SINDANGAN CAMPAIGN,KIBU,2013,,FF274E13,Data to be retrieved,yes,,,,,,,
Campaign,COTABATO-SINDANGAN CAMPAIGN,KIBU,2014,,FF6AA84F,Data available,yes,,,,,,,
Campaign,COTABATO-SINDANGAN CAMPAIGN,KIBU,2016,,FF6AA84F,Data available,yes,,,,,,,
Campaign,COTABATO-SINDANGAN CAMPAIGN,KIBU,2018,,FF6AA84F,Data available,yes,,,,,,,
Campaign,COTABATO-SINDANGAN CAMPAIGN,KIBU,2019,,FF6AA84F,Data available,yes,,,,,,,
Campaign,COTABATO-SINDANGAN CAMPAIGN,MDVS,2010,,FF274E13,Data to be retrieved,yes,,,,,,,
Campaign,COTABATO-SINDANGAN CAMPAIGN,MDVS,2012,,FF274E13,Data to be retrieved,yes,,,,,,,
Campaign,COTABATO-SINDANGAN CAMPAIGN,MDVS,2014,,FF6AA84F,Data available,yes,,,,,,,
Campaign,COTABATO-SINDANGAN CAMPAIGN,MDVS,2016,,FF6AA84F,Data available,yes,,,,,,,
Campaign,COTABATO-SINDANGAN CAMPAIGN,MDVS,2018,,FF6AA84F,Data available,yes,,,,,,,
Campaign,COTABATO-SINDANGAN CAMPAIGN,MDVS,2019,,FF6AA84F,Data available,yes,,,,,,,
Campaign,COTABATO-SINDANGAN CAMPAIGN,MDVS,2023,,FF6AA84F,Data available,yes,,,,,,,
Campaign,COTABATO-SINDANGAN CAMPAIGN,MDVS,2026,,FF6AA84F,Data available,yes,,,,,,,
Campaign,COTABATO-SINDANGAN CAMPAIGN,MSW3,2010,,FF274E13,Data to be retrieved,yes,,,False,False,,,True
Campaign,COTABATO-SINDANGAN CAMPAIGN,MSW3,2012,,FF274E13,Data to be retrieved,yes,,,False,False,,,True
Campaign,COTABATO-SINDANGAN CAMPAIGN,MSW3,2014,,FF6AA84F,Data available,yes,,,False,False,,,True
Campaign,COTABATO-SINDANGAN CAMPAIGN,MSW3,2016,,FF6AA84F,Data available,yes,,,False,False,,,True
Campaign,COTABATO-SINDANGAN CAMPAIGN,MSW3,2018,,FF6AA84F,Data available,yes,,,False,False,,,True
Campaign,COTABATO-SINDANGAN CAMPAIGN,NMJA,2010,,FF274E13,Data to be retrieved,yes,,,Processing,Processing,,,Retrieving
Campaign,COTABATO-SINDANGAN CAMPAIGN,NMJA,2011,,FF274E13,Data to be retrieved,yes,,,Processing,Processing,,,Retrieving
Campaign,COTABATO-SINDANGAN CAMPAIGN,NMJA,2012,,FF274E13,Data to be retrieved,yes,,,Processing,Processing,,,Retrieving
Campaign,COTABATO-SINDANGAN CAMPAIGN,NMJA,2013,,FF274E13,Data to be retrieved,yes,,,Processing,Processing,,,Retrieving
Campaign,COTABATO-SINDANGAN CAMPAIGN,NMJA,2014,,FF6AA84F,Data available,yes,,,Processing,Processing,,,Retrieving
Campaign,COTABATO-SINDANGAN CAMPAIGN,NMJA,2016,,FF6AA84F,Data available,yes,,,Processing,Processing,,,Retrieving
Campaign,COTABATO-SINDANGAN CAMPAIGN,NMJA,2018,,FF6AA84F,Data available,yes,,,Processing,Processing,,,Retrieving
Campaign,COTABATO-SINDANGAN CAMPAIGN,SIND,2009,,FF274E13,Data to be retrieved,yes,,,,,,,
Campaign,COTABATO-SINDANGAN CAMPAIGN,SIND,2010,,FF274E13,Data to be retrieved,yes,,,,,,,
Campaign,COTABATO-SINDANGAN CAMPAIGN,SIND,2012,,FF274E13,Data to be retrieved,yes,,,,,,,
Campaign,COTABATO-SINDANGAN CAMPAIGN,SIND,2014,,FF6AA84F,Data available,yes,,,,,,,
Campaign,COTABATO-SINDANGAN CAMPAIGN,SIND,2016,,FF6AA84F,Data available,yes,,,,,,,
Campaign,COTABATO-SINDANGAN CAMPAIGN,SIND,2018,,FF6AA84F,Data available,yes,,,,,,,
Campaign,COTABATO-SINDANGAN CAMPAIGN,MATA,2013,,FF274E13,Data to be retrieved,yes,,,,,,,
Campaign,COTABATO-SINDANGAN CAMPAIGN,MATA,2014,,FF6AA84F,Data available,yes,,,,,,,
Campaign,COTABATO-SINDANGAN CAMPAIGN,MATA,2016,,FF6AA84F,Data available,yes,,,,,,,
Campaign,COTABATO-SINDANGAN CAMPAIGN,MATA,2018,,FF6AA84F,Data available,yes,,,,,,,
Campaign,COTABATO-SINDANGAN CAMPAIGN,MATA,2019,,FF6AA84F,Data available,yes,,,,,,,
Campaign,COTABATO-SINDANGAN CAMPAIGN,SINH,2010,,FF274E13,Data to be retrieved,yes,,,,,,,
Campaign,COTABATO-SINDANGAN CAMPAIGN,SINH,2014,,FF274E13,Data to be retrieved,yes,,,,,,,
Campaign,COTABATO-SINDANGAN CAMPAIGN,SINH,2016,,FF6AA84F,Data available,yes,,,,,,,
Campaign,COTABATO-SINDANGAN CAMPAIGN,SINF,2009,,FF274E13,Data to be retrieved,yes,,,,,,,
Campaign,COTABATO-SINDANGAN CAMPAIGN,SINF,2010,,FF274E13,Data to be retrieved,yes,,,,,,,
Campaign,COTABATO-SINDANGAN CAMPAIGN,SINF,2012,,FF274E13,Data to be retrieved,yes,,,,,,,
Campaign,COTABATO-SINDANGAN CAMPAIGN,SINF,2014,,FF6AA84F,Data available,yes,,,,,,,
Campaign,COTABATO-SINDANGAN CAMPAIGN,SINF,2016,,FF6AA84F,Data available,yes,,,,,,,
Campaign,COTABATO-SINDANGAN CAMPAIGN,SINF,2018,,FF6AA84F,Data available,yes,,,,,,,
Campaign,COTABATO-SINDANGAN CAMPAIGN,SING,2010,,FF274E13,Data to be retrieved,yes,,,True,True,,,False
Campaign,COTABATO-SINDANGAN CAMPAIGN,SING,2014,,FF6AA84F,Data available,yes,,,True,True,,,False
Campaign,COTABATO-SINDANGAN CAMPAIGN,SING,2016,,FF6AA84F,Data available,yes,,,True,True,,,False
Campaign,COTABATO-SINDANGAN CAMPAIGN,SING,2018,,FF6AA84F,Data available,yes,,,True,True,,,False
Campaign,COTABATO-SINDANGAN CAMPAIGN,SINA,2009,,FF274E13,Data to be retrieved,yes,,,Finished,Finished,,,Complete
Campaign,COTABATO-SINDANGAN CAMPAIGN,SINA,2010,,FF274E13,Data to be retrieved,yes,,,Finished,Finished,,,Complete
Campaign,COTABATO-SINDANGAN CAMPAIGN,SINA,2012,,FF274E13,Data to be retrieved,yes,,,Finished,Finished,,,Complete
Campaign,COTABATO-SINDANGAN CAMPAIGN,SINA,2014,,FF6AA84F,Data available,yes,,,Finished,Finished,,,Complete
Campaign,COTABATO-SINDANGAN CAMPAIGN,SINA,2016,,FF6AA84F,Data available,yes,,,Finished,Finished,,,Complete
Campaign,COTABATO-SINDANGAN CAMPAIGN,SINA,2018,,FF6AA84F,Data available,yes,,,Finished,Finished,,,Complete
Campaign,COTABATO-SINDANGAN CAMPAIGN,SINC,2009,,FF274E13,Data to be retrieved,yes,,,,,,,
Campaign,COTABATO-SINDANGAN CAMPAIGN,SINC,2010,,FF274E13,Data to be retrieved,yes,,,,,,,
Campaign,COTABATO-SINDANGAN CAMPAIGN,SINC,2012,,FF274E13,Data to be retrieved,yes,,,,,,,
Campaign,COTABATO-SINDANGAN CAMPAIGN,SINC,2014,,FF6AA84F,Data available,yes,,,,,,,
Campaign,COTABATO-SINDANGAN CAMPAIGN,SINC,2016,,FF6AA84F,Data available,yes,,,,,,,
Campaign,COTABATO-SINDANGAN CAMPAIGN,SINC,2018,,FF6AA84F,Data available,yes,,,,,,,
Campaign,COTABATO-SINDANGAN CAMPAIGN,SINB,2009,,FF274E13,Data to be retrieved,yes,,,,,,,
Campaign,COTABATO-SINDANGAN CAMPAIGN,SINB,2010,,FF274E13,Data to be retrieved,yes,,,,,,,
Campaign,COTABATO-SINDANGAN CAMPAIGN,SINB,2012,,FF274E13,Data to be retrieved,yes,,,,,,,
Campaign,COTABATO-SINDANGAN CAMPAIGN,SINB,2014,,FF274E13,Data to be retrieved,yes,,,,,,,
Campaign,COTABATO-SINDANGAN CAMPAIGN,SINB,2016,,FF6AA84F,Data available,yes,,,,,,,
Campaign,COTABATO-SINDANGAN CAMPAIGN,SINB,2018,,FF6AA84F,Data available,yes,,,,,,,
Campaign,COTABATO-SINDANGAN CAMPAIGN,SINE,2009,,FF274E13,Data to be retrieved,yes,,,,,,,
Campaign,COTABATO-SINDANGAN CAMPAIGN,SINE,2010,,FF274E13,Data to be retrieved,yes,,,,,,,
Campaign,COTABATO-SINDANGAN CAMPAIGN,SINE,2012,,FF274E13,Data to be retrieved,yes,,,,,,,
Campaign,COTABATO-SINDANGAN CAMPAIGN,SINE,2014,,FF6AA84F,Data available,yes,,,,,,,
Campaign,COTABATO-SINDANGAN CAMPAIGN,SINE,2016,,FF6AA84F,Data available,yes,,,,,,,
Campaign,COTABATO-SINDANGAN CAMPAIGN,SINE,2018,,FF6AA84F,Data available,yes,,,,,,,
Campaign,COTABATO-SINDANGAN CAMPAIGN,TUKU,2010,,FF274E13,Data to be retrieved,yes,,,,,,,
Campaign,COTABATO-SINDANGAN CAMPAIGN,TUKU,2014,,FF6AA84F,Data available,yes,,,,,,,
Campaign,COTABATO-SINDANGAN CAMPAIGN,TUKU,2016,,FF6AA84F,Data available,yes,,,,,,,
Campaign,COTABATO-SINDANGAN CAMPAIGN,TUKU,2018,,FF6AA84F,Data available,yes,,,,,,,
Campaign,COTABATO-SINDANGAN CAMPAIGN,COTD,2009,,FF274E13,Data to be retrieved,yes,FFFF0000,Error/Old site/Obsolete,,,,,
Campaign,COTABATO-SINDANGAN CAMPAIGN,COTD,2010,,FF274E13,Data to be retrieved,yes,FFFF0000,Error/Old site/Obsolete,,,,,
Campaign,COTABATO-SINDANGAN CAMPAIGN,COTD,2012,,FF274E13,Data to be retrieved,yes,FFFF0000,Error/Old site/Obsolete,,,,,
Campaign,COTABATO-SINDANGAN CAMPAIGN,COTD,2014,,FF274E13,Data to be retrieved,yes,FFFF0000,Error/Old site/Obsolete,,,,,
Campaign,COTABATO-SINDANGAN CAMPAIGN,COTD,2016,,FF6AA84F,Data available,yes,FFFF0000,Error/Old site/Obsolete,,,,,
Campaign,COTABATO-SINDANGAN CAMPAIGN,COTD,2018,,FF6AA84F,Data available,yes,FFFF0000,Error/Old site/Obsolete,,,,,
Campaign,COTABATO-SINDANGAN CAMPAIGN,BANI,2013,,FF274E13,Data to be retrieved,yes,FFFF0000,Error/Old site/Obsolete,,,,,
Campaign,COTABATO-SINDANGAN CAMPAIGN,BANI,2014,,FF6AA84F,Data available,yes,FFFF0000,Error/Old site/Obsolete,,,,,
Campaign,COTABATO-SINDANGAN CAMPAIGN,BANI,2016,,FF6AA84F,Data available,yes,FFFF0000,Error/Old site/Obsolete,,,,,
Campaign,OTHERS,CEBM,2015,,FF274E13,Data to be retrieved,yes,FFFF0000,Error/Old site/Obsolete,,,,,
Campaign,OTHERS,KBNK,2015,,FF274E13,Data to be retrieved,yes,FFFF0000,Error/Old site/Obsolete,,,,,
Campaign,OTHERS,LEY1,2014,,FF274E13,Data to be retrieved,yes,FFFF0000,Error/Old site/Obsolete,,,,,
Campaign,OTHERS,LEY5,2014,,FF274E13,Data to be retrieved,yes,FFFF0000,Error/Old site/Obsolete,,,,,
Campaign,OTHERS,LEYB,1994,,FF274E13,Data to be retrieved,yes,FFFF0000,Error/Old site/Obsolete,,,,,
Campaign,OTHERS,LEYB,1995,,FF274E13,Data to be retrieved,yes,FFFF0000,Error/Old site/Obsolete,,,,,
Campaign,OTHERS,LEYB,1996,,FF274E13,Data to be retrieved,yes,FFFF0000,Error/Old site/Obsolete,,,,,
Campaign,OTHERS,LEYB,1997,,FF274E13,Data to be retrieved,yes,FFFF0000,Error/Old site/Obsolete,,,,,
Campaign,OTHERS,LEYB,1999,,FF274E13,Data to be retrieved,yes,FFFF0000,Error/Old site/Obsolete,,,,,
Campaign,OTHERS,LEYB,2001,,FF274E13,Data to be retrieved,yes,FFFF0000,Error/Old site/Obsolete,,,,,
Campaign,OTHERS,LEYB,2009,,FF274E13,Data to be retrieved,yes,FFFF0000,Error/Old site/Obsolete,,,,,
Campaign,OTHERS,LEYB,2011,,FF274E13,Data to be retrieved,yes,FFFF0000,Error/Old site/Obsolete,,,,,
Campaign,OTHERS,TRLC,2015,,FF274E13,Data to be retrieved,yes,FFFF0000,Error/Old site/Obsolete,,,,,
Campaign,OTHERS,VRC4,2007,,FF274E13,Data to be retrieved,yes,FFFF0000,Error/Old site/Obsolete,,,,,
Campaign,OTHERS,VRC4,2015,,FF274E13,Data to be retrieved,yes,FFFF0000,Error/Old site/Obsolete,,,,,
