# Bernese CRD site-code index -- an IDENTIFICATION index, not a
# coordinate product. Frames and epochs are NOT harmonised; rows
# derived from CODSPP are metre-level. See build_crd_catalog.py.
site,domes,x,y,z,lat,lon,height,n_files,spread_m,ambiguous,n_clusters,cluster_extent_m,frames,epoch_min,epoch_max,best_kind,nearest_other_site,nearest_other_m
0194,21752S001,-3766966.2179,3211876.6769,4008334.0458,39.1855595,139.5476697,45.271,2,0.00,,1,,ITRF2014_0,2010-01-01,2010-01-01,REFERENCE,P105,69075.2
02G1,,-3000767.2621,5045526.5161,2488496.2981,23.1108490,120.7415654,1226.827,1,0.00,,1,,ITRF2005,2000-01-01,2000-01-01,REFERENCE,02L1,171.2
02G2,,-3000659.8851,5045645.5760,2488319.8321,23.1092156,120.7400706,1201.201,1,0.00,,1,,ITRF2005,2000-01-01,2000-01-01,REFERENCE,02G3,160.1
02G3,,-3000706.3997,5045738.0779,2488197.6817,23.1078354,120.7399994,1248.254,1,0.00,,1,,ITRF2005,2000-01-01,2000-01-01,REFERENCE,02G2,160.1
02L1,,-3000674.0359,5045459.9707,2488623.5772,23.1122774,120.7411153,1180.353,1,0.00,,1,,ITRF2005,2000-01-01,2000-01-01,REFERENCE,02G1,171.2
0498,,-3355140.1021,4725716.8882,2654318.2493,24.7531236,125.3737935,127.036,58,0.02,,1,,WGS-84,1999-03-04,1999-03-15,OTHER,0747,22121.5
0499,,-3159135.2644,4875282.8733,2624177.3623,24.4541742,122.9428399,47.337,58,0.02,,1,,WGS-84,1999-03-04,1999-03-15,OTHER,0500,86165.5
0500,,-3231750.8193,4828984.3550,2621361.5059,24.4262777,123.7920319,40.624,58,0.03,,1,,WGS-84,1999-03-04,1999-03-15,OTHER,0750,39807.7
05G1,,-3003046.7056,5062060.3459,2450534.1127,22.7410870,120.6783647,603.433,1,0.00,,1,,ITRF2005,2000-01-01,2000-01-01,REFERENCE,05L3,238.2
05G2,,-3002238.8838,5062886.8766,2450671.8714,22.7411913,120.6674968,932.252,1,0.00,,1,,ITRF2005,2000-01-01,2000-01-01,REFERENCE,05L1,418.1
05G3,,-3001948.7828,5063209.4559,2449689.0731,22.7325552,120.6634664,671.848,1,0.00,,1,,ITRF2005,2000-01-01,2000-01-01,REFERENCE,05G7,267.8
05G4,,-3002503.7273,5062686.1999,2450007.6007,22.7357906,120.6707106,640.894,1,0.00,,1,,ITRF2005,2000-01-01,2000-01-01,REFERENCE,05G5,284.5
05G5,,-3002601.7827,5062634.6462,2449745.5139,22.7335882,120.6717876,544.843,1,0.00,,1,,ITRF2005,2000-01-01,2000-01-01,REFERENCE,05G4,284.5
05G6,,-3002154.2059,5062938.5626,2450121.4027,22.7366030,120.6665312,720.648,1,0.00,,1,,ITRF2005,2000-01-01,2000-01-01,REFERENCE,05L4,250.7
05G7,,-3001841.3880,5063279.9336,2449924.1055,22.7344921,120.6622173,768.074,1,0.00,,1,,ITRF2005,2000-01-01,2000-01-01,REFERENCE,05G3,267.8
05L1,,-3002400.3042,5062766.4564,2450305.4567,22.7382142,120.6694462,771.026,1,0.00,,1,,ITRF2005,2000-01-01,2000-01-01,REFERENCE,05G4,325.4
05L2,,-3002320.0538,5062836.3129,2449629.3454,22.7325170,120.6684275,527.389,1,0.00,,1,,ITRF2005,2000-01-01,2000-01-01,REFERENCE,05L4,280.2
05L3,,-3003038.2463,5062134.2171,2450307.7806,22.7389956,120.6779269,570.558,1,0.00,,1,,ITRF2005,2000-01-01,2000-01-01,REFERENCE,05G1,238.2
05L4,,-3002212.7529,5062889.0786,2449882.7500,22.7346599,120.6672671,616.698,1,0.00,,1,,ITRF2005,2000-01-01,2000-01-01,REFERENCE,05G6,250.7
0747,,-3336346.5542,4734662.8376,2661810.5084,24.8279618,125.1709756,46.618,58,0.03,,1,,WGS-84,1999-03-04,1999-03-15,OTHER,0498,22121.5
0748,,-3301599.7965,4769460.8619,2643061.3334,24.6416191,124.6924358,42.334,58,0.01,,1,,WGS-84,1999-03-04,1999-03-15,OTHER,0749,41288.9
0749,,-3271689.8859,4795887.1329,2632486.7044,24.5366292,124.3012840,42.886,58,0.03,,1,,WGS-84,1999-03-04,1999-03-15,OTHER,ISHI,18427.0
0750,,-3266005.7081,4810720.6146,2612547.1231,24.3388823,124.1726439,46.756,58,0.02,,1,,WGS-84,1999-03-04,1999-03-15,OTHER,7307,5400.7
0751,,-3241311.1111,4842573.0056,2584530.7431,24.0615058,123.7958415,62.451,58,0.02,,1,,WGS-84,1999-03-04,1999-03-15,OTHER,0500,40404.9
1181,14106S001,3800621.0195,882005.5846,5028859.6697,52.3802636,13.0652920,147.849,2,0.00,,1,,ITRF2008,2005-01-01,2005-01-01,REFERENCE,7836,40.9
1824,12356S001,3512989.2259,2068968.8914,4888817.3789,50.3631311,30.4958841,211.779,2,0.00,,1,,ITRF2008,2005-01-01,2005-01-01,REFERENCE,GLSV,132.9
1831,12368S001,3760674.7356,1670776.4304,4857165.4378,49.9175705,23.9544153,359.219,2,0.00,,1,,ITRF2008,2005-01-01,2005-01-01,REFERENCE,SULP,10089.8
1863,12340S001,1953262.4650,4588920.3495,3966841.1290,38.6857394,66.9430922,2713.959,2,0.00,,1,,ITRF2008,2005-01-01,2005-01-01,REFERENCE,1864,93.8
1864,12340S002,1953285.5730,4588973.8972,3966767.7214,38.6848952,66.9430889,2713.600,2,0.00,,1,,ITRF2008,2005-01-01,2005-01-01,REFERENCE,MAID,0.2
1868,12341S001,-2948545.4368,2774312.9783,4912302.4351,50.6946037,136.7438317,269.531,2,0.00,,1,,ITRF2008,2005-01-01,2005-01-01,REFERENCE,KOMS,0.9
1873,12337S003,3783902.2146,2551405.0049,4441257.4976,44.4131874,33.9909525,364.313,2,0.00,,1,,ITRF2008,2005-01-01,2005-01-01,REFERENCE,CRAO,8.9
1879,12372S001,543405.9360,3955302.2569,4957821.0438,51.3438998,82.1772946,369.296,2,0.00,,1,,ITRF2008,2005-01-01,2005-01-01,REFERENCE,1879X12372S001X,1.0
1879X12372S001X,,543405.8211,3955303.1790,4957820.7671,51.3438919,82.1772980,369.641,2,0.00,,1,,ITRF2008,2005-01-01,2005-01-01,REFERENCE,1879,1.0
1884,12302S002,3183895.7583,1421497.1475,5322803.7917,56.9485517,24.0590767,31.283,2,0.00,,1,,ITRF2008,2005-01-01,2005-01-01,REFERENCE,RIGA,20.0
1885,12302S006,3183892.2059,1421465.8892,5322813.9836,56.9487220,24.0586315,31.106,2,0.00,,1,,ITRF2008,2005-01-01,2005-01-01,REFERENCE,RIGA,14.8
1886,12373S001,3466773.4758,3059757.8115,4381456.7595,43.6498417,41.4314707,2077.446,2,0.00,,1,,ITRF2008,2005-01-01,2005-01-01,REFERENCE,ZECK,18812.2
1893,12337S006,3785944.4337,2550780.7065,4439461.3937,44.3931739,33.9701261,68.156,2,0.00,,1,,ITRF2008,2005-01-01,2005-01-01,REFERENCE,KTVL,61.4
1953,40701S001,1474548.0104,-5811242.3638,2168945.0002,20.0119412,-75.7622223,17.650,2,0.00,,1,,ITRF2008,2005-01-01,2005-01-01,REFERENCE,SCUB,17.2
23G1,,-2997409.4585,5047004.1320,2487993.8386,23.1082545,120.7060235,620.064,1,0.00,,1,,ITRF2005,2000-01-01,2000-01-01,REFERENCE,23G2,40.6
23G2,,-2997369.5153,5047005.8573,2487986.8163,23.1082632,120.7056797,599.912,1,0.00,,1,,ITRF2005,2000-01-01,2000-01-01,REFERENCE,23G1,40.6
23G3,,-2997559.5648,5047008.5190,2487988.4003,23.1079244,120.7072614,691.899,1,0.00,,1,,ITRF2005,2000-01-01,2000-01-01,REFERENCE,23G1,150.3
23G5,,-2997195.6310,5047010.2911,2487986.3238,23.1085603,120.7041983,521.561,1,0.00,,1,,ITRF2005,2000-01-01,2000-01-01,REFERENCE,PAOL,160.7
35G1,,-3006209.2895,5058982.2629,2452672.5234,22.7624972,120.7201377,478.634,1,0.00,,1,,ITRF2005,2000-01-01,2000-01-01,REFERENCE,35G3,137.7
35G2,,-3006098.3516,5058969.3120,2453046.4810,22.7658477,120.7192736,560.810,1,0.00,,1,,ITRF2005,2000-01-01,2000-01-01,REFERENCE,35L2,155.7
35G3,,-3006164.8572,5059072.3660,2452578.3495,22.7615218,120.7193177,492.695,1,0.00,,1,,ITRF2005,2000-01-01,2000-01-01,REFERENCE,35G1,137.7
35G4,,-3006198.6495,5058843.3269,2453023.9674,22.7658597,120.7207397,499.474,1,0.00,,1,,ITRF2005,2000-01-01,2000-01-01,REFERENCE,35L2,60.6
35L1,,-3006120.5366,5058980.7785,2452831.8122,22.7639863,120.7194022,497.283,1,0.00,,1,,ITRF2005,2000-01-01,2000-01-01,REFERENCE,35G1,182.4
35L2,,-3006191.0116,5058849.8960,2453083.7697,22.7663515,120.7206431,524.225,1,0.00,,1,,ITRF2005,2000-01-01,2000-01-01,REFERENCE,35G4,60.6
36G1,,-3003896.6096,5060175.7051,2454458.1180,22.7779041,120.6948441,1026.916,1,0.00,,1,,ITRF2005,2000-01-01,2000-01-01,REFERENCE,36L1,343.7
36G2,,-3004102.8083,5059676.9903,2455193.7096,22.7851586,120.6990494,1013.422,1,0.00,,1,,ITRF2005,2000-01-01,2000-01-01,REFERENCE,36L1,710.6
36L1,,-3004079.0628,5059890.2466,2454516.2369,22.7789204,120.6977905,908.976,1,0.00,,1,,ITRF2005,2000-01-01,2000-01-01,REFERENCE,36G1,343.7
39G1,,-2998424.7422,5057153.2422,2465756.8045,22.8908154,120.6640252,442.736,1,0.00,,1,,ITRF2005,2000-01-01,2000-01-01,REFERENCE,WS04,2584.7
5936,,-3013991.1827,4991076.1875,2580108.8078,24.0129435,121.1267708,1267.472,48,0.05,,1,,WGS-84,2000-04-07,2000-04-16,OTHER,KAFN,3014.1
7035,40436M003,-2428826.6324,-4799754.3255,3417267.0918,32.6006800,-116.8408449,988.678,2,0.00,,1,,ITRF2008,2005-01-01,2005-01-01,REFERENCE,7062,6.8
7046,40438M002,-1736003.2361,-4425049.7736,4241427.1007,41.9335387,-111.4207079,1963.360,2,0.00,,1,,ITRF2008,2005-01-01,2005-01-01,REFERENCE,7082,6.9
7051,40433M001,-2516893.4649,-4198844.9158,4076411.4712,39.9734928,-120.9395346,1059.987,2,0.00,,1,,ITRF2008,2005-01-01,2005-01-01,REFERENCE,QUIN,437.2
7062,40436M002,-2428825.6772,-4799750.5227,3417272.6078,32.6007405,-116.8408541,988.428,2,0.00,,1,,ITRF2008,2005-01-01,2005-01-01,REFERENCE,7035,6.8
7063,40451M112,1130714.5650,-4831367.7347,3994087.4308,39.0203829,-76.8277960,19.246,2,0.00,,1,,ITRF2008,2005-01-01,2005-01-01,REFERENCE,7105,26.2
7065,40451M108,1130691.1043,-4831351.0684,3994112.0018,39.0206772,-76.8280159,17.954,2,0.00,,1,,ITRF2008,2005-01-01,2005-01-01,REFERENCE,7102,5.2
7067,42501M001,2308538.3464,-4874080.0220,3393628.6997,32.3538281,-64.6560938,-22.995,2,0.00,,1,,ITRF2008,2005-01-01,2005-01-01,REFERENCE,BRMU,4204.8
7068,43602M002,1920481.0575,-5619479.2270,2318914.5853,21.4605008,-71.1319176,-18.158,2,0.00,,1,,ITRF2008,2005-01-01,2005-01-01,REFERENCE,VOIL,347096.9
7080,40442M006,-1330021.1661,-5328401.8376,3236480.7406,30.6802668,-104.0151983,2004.272,2,0.00,,1,,ITRF2008,2005-01-01,2005-01-01,REFERENCE,FDAV,0.1
7082,40438M001,-1735997.3629,-4425048.5475,4241430.5889,41.9335818,-111.4206474,1963.246,2,0.00,,1,,ITRF2008,2005-01-01,2005-01-01,REFERENCE,7046,6.9
7084,40439M003,-2410590.5518,-4477745.0371,3838648.7830,37.2321302,-118.2957667,1178.124,2,0.00,,1,,ITRF2008,2005-01-01,2005-01-01,REFERENCE,7114,181.4
7085,40405M001,-2353394.3881,-4641529.4664,3676899.1247,35.4244364,-116.8863728,965.558,2,0.00,,1,,ITRF2008,2005-01-01,2005-01-01,REFERENCE,GOLD,274.4
7086,40442M001,-1330125.5167,-5328526.6449,3236150.2188,30.6770302,-104.0159392,1961.511,2,0.00,,1,,ITRF2008,2005-01-01,2005-01-01,REFERENCE,7885,0.0
7090,50107M001,-2389007.3014,5043329.4040,-3078524.4790,-29.0464941,115.3467493,241.338,2,0.00,,1,,ITRF2008,2005-01-01,2005-01-01,REFERENCE,7847,23.2
7091,40440M001,1492453.4795,-4457278.8144,4296816.0152,42.6226958,-71.4876447,92.119,2,0.00,,1,,ITRF2008,2005-01-01,2005-01-01,REFERENCE,WES2,1139.6
7092,50505M001,-6143446.9440,1364701.3382,1034163.6737,9.3938065,167.4757169,32.990,2,0.00,,1,,ITRF2008,2005-01-01,2005-01-01,REFERENCE,KWJ1,79374.8
7096,50503M001,-6100049.2849,-996201.7459,-1568975.7123,-14.3354080,-170.7248793,51.956,2,0.00,,1,,ITRF2008,2005-01-01,2005-01-01,REFERENCE,ASPA,1064.0
7097,41703M002,-1884983.2521,-5357608.4844,-2892853.4804,-27.1478195,-109.3835525,117.534,2,0.00,,1,,ITRF2008,2005-01-01,2005-01-01,REFERENCE,EISL,51.4
7100,40451M106,1131355.3247,-4831168.3431,3994131.7209,39.0209656,-76.8200670,9.773,2,0.00,,1,,ITRF2008,2005-01-01,2005-01-01,REFERENCE,7899,9.6
7101,40451M101,1131240.0887,-4831179.7471,3994148.5178,39.0211692,-76.8213926,8.562,2,0.00,,1,,ITRF2008,2005-01-01,2005-01-01,REFERENCE,7100,117.0
7102,40451M102,1130686.3840,-4831353.0166,3994110.9330,39.0206651,-76.8280741,17.920,2,0.00,,1,,ITRF2008,2005-01-01,2005-01-01,REFERENCE,7065,5.2
7103,40451M103,1130685.4454,-4831348.7041,3994116.3958,39.0207283,-76.8280733,17.930,2,0.00,,1,,ITRF2008,2005-01-01,2005-01-01,REFERENCE,7102,7.0
7104,40451M104,1131095.6217,-4831196.9461,3994170.7848,39.0214168,-76.8230622,10.005,2,0.00,,1,,ITRF2008,2005-01-01,2005-01-01,REFERENCE,7101,147.2
7105,40451M105,1130719.5115,-4831350.5740,3994106.5598,39.0206052,-76.8276952,19.183,2,0.00,,1,,ITRF2008,2005-01-01,2005-01-01,REFERENCE,GREE,0.1
7106,40451M113,1130646.2143,-4831304.4764,3994182.8108,39.0214881,-76.8283980,19.343,2,0.00,,1,,ITRF2008,2005-01-01,2005-01-01,REFERENCE,7103,88.9
7109,40433M002,-2517235.0420,-4198556.1121,4076569.6281,39.9750011,-120.9447015,1106.361,2,0.00,,1,,ITRF2008,2005-01-01,2005-01-01,REFERENCE,7886,9.3
7110,40497M001,-2386278.4548,-4802353.9409,3444881.7246,32.8917399,-116.4226742,1839.031,2,0.00,,1,,ITRF2008,2005-01-01,2005-01-01,REFERENCE,7274,14.0
7112,40496M001,-1240678.4412,-4720463.3295,4094480.5210,40.1827793,-104.7259806,1501.480,2,0.00,,1,,ITRF2008,2005-01-01,2005-01-01,REFERENCE,PLTC,131.9
7114,40439M001,-2410422.5191,-4477802.1214,3838686.1864,37.2325587,-118.2937948,1177.359,2,0.00,,1,,ITRF2008,2005-01-01,2005-01-01,REFERENCE,7853,4.5
7115,40405M002,-2350861.8341,-4655546.1804,3660997.8116,35.2483063,-116.7919224,1038.544,2,0.00,,1,,ITRF2008,2005-01-01,2005-01-01,REFERENCE,7265,12899.1
7119,40445M004,-5466065.4889,-2404338.3297,2242108.2296,20.7064890,-156.2569209,3056.266,2,0.00,,1,,ITRF2008,2005-01-01,2005-01-01,REFERENCE,MAUI,23.3
7120,40445M002,-5465998.6526,-2404407.5420,2242229.0048,20.7076153,-156.2560548,3067.811,2,0.00,,1,,ITRF2008,2005-01-01,2005-01-01,REFERENCE,7210,46.1
7121,92202M002,-5345865.9498,-2958245.7264,-1824623.2397,-16.7335142,-151.0411422,43.604,2,0.00,,1,,ITRF2008,2005-01-01,2005-01-01,REFERENCE,7123,1.8
7122,40504M001,-1660089.4668,-5619100.4657,2511637.8407,23.3428482,-106.4590835,30.954,2,0.00,,1,,ITRF2008,2005-01-01,2005-01-01,REFERENCE,MPR1,320293.2
7123,92202M004,-5345867.4296,-2958246.5400,-1824623.7626,-16.7335143,-151.0411422,45.371,2,0.00,,1,,ITRF2008,2005-01-01,2005-01-01,REFERENCE,7121,1.8
7124,92201M007,-5246407.0936,-3077284.5687,-1913813.9246,-17.5768044,-149.6062090,94.395,2,0.00,,1,,ITRF2008,2005-01-01,2005-01-01,REFERENCE,7822,15.1
7125,40451M114,1130745.5384,-4831368.0463,3994077.1875,39.0202695,-76.8274485,18.516,2,0.00,,1,,ITRF2008,2005-01-01,2005-01-01,REFERENCE,7920,4.3
7130,40451M116,1130735.0955,-4831324.6373,3994132.4061,39.0209091,-76.8274517,18.595,2,0.00,,1,,ITRF2008,2005-01-01,2005-01-01,REFERENCE,GREE,39.8
7210,40445M001,-5466006.7029,-2404426.9176,2242188.0099,20.7072206,-156.2559157,3067.506,2,0.00,,1,,ITRF2008,2005-01-01,2005-01-01,REFERENCE,7120,46.1
7220,40497M002,-2386292.7340,-4802347.0618,3444881.1274,32.8917344,-116.4228435,1838.870,2,0.00,,1,,ITRF2008,2005-01-01,2005-01-01,REFERENCE,7274,4.4
7231,21602S004,-2279714.4182,5004767.4204,3219793.9317,30.5156569,114.4896713,86.548,2,0.00,,1,,ITRF2008,2005-01-01,2005-01-01,REFERENCE,WUHL,0.0
7236,21602S003,-2266555.9275,5009079.1114,3222265.8250,30.5417980,114.3462546,38.453,2,0.00,,1,,ITRF2008,2005-01-01,2005-01-01,REFERENCE,WUHAN,1542.8
7237,21611S001,-2674386.9328,3757189.2274,4391508.3183,43.7905120,125.4434599,274.210,2,0.00,,1,,ITRF2008,2005-01-01,2005-01-01,REFERENCE,CHAN,63.1
7249,21601S004,-2148760.5958,4426759.5667,4044509.6343,39.6069337,115.8920568,81.733,2,0.00,,1,,ITRF2008,2005-01-01,2005-01-01,REFERENCE,7357,104.4
7265,40405M006,-2356475.9650,-4646618.2443,3668424.7424,35.3312150,-116.8912909,896.081,2,0.00,,1,,ITRF2008,2005-01-01,2005-01-01,REFERENCE,7288,21.3
7274,40497M003,-2386289.8430,-4802346.1425,3444884.2474,32.8917683,-116.4228202,1838.792,2,0.00,,1,,ITRF2008,2005-01-01,2005-01-01,REFERENCE,7220,4.4
7288,40405M013,-2356494.3104,-4646607.6021,3668426.6018,35.3312349,-116.8915238,896.183,2,0.00,,1,,ITRF2008,2005-01-01,2005-01-01,REFERENCE,7265,21.3
7295,40499M002,961318.8415,-5674090.9761,2740489.6244,25.6133545,-80.3841151,-22.748,2,0.00,,1,,ITRF2008,2005-01-01,2005-01-01,REFERENCE,RCM2,0.1
7307,21736S003,-3268751.5773,4807238.1782,2615629.3449,24.3692118,124.2143135,99.457,2,0.22,,1,,ITRF2008,2005-01-01,2005-01-01,REFERENCE,ISHI,2587.2
7308,21704S002,-3942020.1201,3368097.5849,3702191.0101,35.7100847,139.4891239,122.439,2,0.00,,1,,ITRF2008,2005-01-01,2005-01-01,REFERENCE,KGNI,95.2
7328,21704M001,-3941941.2469,3368169.5548,3702195.6674,35.7101883,139.4879531,114.428,2,0.00,,1,,ITRF2008,2005-01-01,2005-01-01,REFERENCE,KGNI,24.6
7335,21701M002,-3997484.3316,3276846.9096,3724296.5575,35.9561910,140.6575923,65.720,2,0.00,,1,,ITRF2008,2005-01-01,2005-01-01,REFERENCE,KSMV,91.6
7337,21739M001,-3976161.6224,3377950.3730,3656687.3303,35.2067310,139.6504162,98.419,2,0.00,,1,,ITRF2008,2005-01-01,2005-01-01,REFERENCE,P108,6066.4
7339,21740M001,-4000955.0870,3375310.3303,3632200.9837,34.9369233,139.8481458,119.591,2,0.00,,1,,ITRF2008,2005-01-01,2005-01-01,REFERENCE,P206,2925.0
7355,21612M002,184591.8895,4606751.1983,4393756.4611,43.8136151,87.7053935,845.356,2,0.00,,1,,ITRF2008,2005-01-01,2005-01-01,REFERENCE,URUM,8450.4
7356,21613M003,-100535.9611,5550602.1007,3137036.8148,29.6348569,91.0376634,3600.762,2,0.00,,1,,ITRF2008,2005-01-01,2005-01-01,REFERENCE,LHAS,6893.8
7357,21601S005,-2148781.6538,4426678.2000,4044571.5581,39.6077309,115.8926911,71.900,2,0.00,,1,,ITRF2008,2005-01-01,2005-01-01,REFERENCE,BJFS,99.1
7358,21749S001,-3607651.5073,4147873.9774,3223722.8851,30.5565112,131.0154148,141.379,2,0.00,,1,,ITRF2008,2005-01-01,2005-01-01,REFERENCE,GMSD,15.8
7370,50186M001,-3987188.0825,2701418.3288,-4167720.3404,-41.0622150,145.8813908,129.580,2,0.00,,1,,ITRF2008,2005-01-01,2005-01-01,REFERENCE,BUR2,3122.4
7400,41705M001,1769700.2272,-5044613.2219,-3468259.6801,-33.1496332,-70.6686248,722.275,2,0.00,,1,,ITRF2008,2005-01-01,2005-01-01,REFERENCE,7404,14.9
7401,41706M001,1815517.5840,-5213464.7889,-3187998.9454,-30.1724583,-70.8000288,2155.233,2,0.00,,1,,ITRF2008,2005-01-01,2005-01-01,REFERENCE,7406,255593.5
7403,42202M003,1942807.5968,-5804069.7602,-1796915.7534,-16.4657196,-71.4929600,2488.833,2,0.00,,1,,ITRF2008,2005-01-01,2005-01-01,REFERENCE,7907,17.6
7404,41705M004,1769714.6696,-5044609.6158,-3468260.4151,-33.1496320,-70.6684660,723.831,2,0.00,,1,,ITRF2008,2005-01-01,2005-01-01,REFERENCE,7400,14.9
7405,41719M001,1492030.5002,-4887946.3557,-3803566.3509,-36.8430103,-73.0253523,169.206,2,0.00,,1,,ITRF2008,2005-01-01,2005-01-01,REFERENCE,CONT,19.6
7406,41508S003,1984104.3225,-5068867.1926,-3314482.5439,-31.5086258,-68.6231578,727.268,2,0.00,,1,,ITRF2008,2005-01-01,2005-01-01,REFERENCE,CFAG,38505.1
7410,40104M003,918212.8859,-4346066.6006,4561957.7169,45.9555923,-78.0703017,195.262,2,0.00,,1,,ITRF2008,2005-01-01,2005-01-01,REFERENCE,ALGO,86.4
7411,40132M001,749864.8991,-3709310.8070,5116945.9779,53.6982331,-78.5712573,19.535,2,0.00,,1,,ITRF2008,2005-01-01,2005-01-01,REFERENCE,KUUJ,183842.6
7501,30302M003,5085401.1002,2668330.2325,-2768688.7336,-25.8897078,27.6861755,1406.789,2,0.00,,1,,ITRF2008,2005-01-01,2005-01-01,REFERENCE,HRAO,92.4
7502,30314M001,5041543.4255,1915353.2734,-3396942.1854,-32.3791820,20.8024886,1729.909,2,0.00,,1,,ITRF2008,2005-01-01,2005-01-01,REFERENCE,SUTV,762.7
7505,11101M001,4319399.0922,1868698.0550,4292024.9273,42.5556603,23.3947169,1114.413,2,0.00,,1,,ITRF2008,2005-01-01,2005-01-01,REFERENCE,SOFI,48.8
7510,12612M001,4353444.5776,2082666.6497,4156506.8466,40.9280219,25.5662250,182.616,2,0.00,,1,,ITRF2008,2005-01-01,2005-01-01,REFERENCE,AUT1,220089.7
7512,12615M001,4573400.0288,2409322.5169,3723881.5948,35.9515176,27.7808045,73.912,2,0.00,,1,,ITRF2008,2005-01-01,2005-01-01,REFERENCE,KATC,4.6
7515,12602M002,4595216.4854,2039435.4596,3912629.3954,38.0785922,23.9324647,510.564,2,0.00,,1,,ITRF2008,2005-01-01,2005-01-01,REFERENCE,DYNG,5.2
7517,12613M001,4728694.7358,2174373.5673,3674572.7950,35.4042420,24.6941691,102.414,2,0.00,,1,,ITRF2008,2005-01-01,2005-01-01,REFERENCE,7830,58379.9
7520,12614M001,4596042.3752,1733477.0333,4055721.0762,39.7342529,20.6648367,598.631,2,0.00,,1,,ITRF2008,2005-01-01,2005-01-01,REFERENCE,ORID,155090.6
7525,12616M001,4745949.6064,1905706.0243,3799168.9447,36.7914444,21.8776153,476.192,2,0.00,,1,,ITRF2008,2005-01-01,2005-01-01,REFERENCE,PAT0,165815.3
7530,20702M001,4443965.4487,3121945.4536,3334693.9561,31.7223973,35.0885568,772.892,2,0.00,,1,,ITRF2008,2005-01-01,2005-01-01,REFERENCE,BARG,19.0
7540,12734M005,4641984.2656,1393058.0445,4133233.7295,40.6485483,16.7044843,528.621,2,0.00,,1,,ITRF2008,2005-01-01,2005-01-01,REFERENCE,7541,16.5
7541,12734M004,4641989.9927,1393042.6256,4133232.1367,40.6485312,16.7042903,528.383,2,0.00,,1,,ITRF2008,2005-01-01,2005-01-01,REFERENCE,7540,16.5
7542,12749M001,4399361.7262,910508.1319,4512942.1347,45.3218574,11.6930579,523.125,2,0.00,,1,,ITRF2008,2005-01-01,2005-01-01,REFERENCE,UPAD,17290.4
7543,12717M001,4934528.6520,1321133.4992,3806522.6512,36.8765997,14.9884134,125.476,2,0.00,,1,,ITRF2008,2005-01-01,2005-01-01,REFERENCE,NOTO,136.1
7544,12706M001,5072831.7839,1130886.6393,3684837.2701,35.5177625,12.5674489,111.980,2,0.00,,1,,ITRF2008,2005-01-01,2005-01-01,REFERENCE,LAMP,4000.1
7545,12725M002,4893397.8605,772673.6300,4004141.2241,39.1354978,8.9729906,229.995,2,0.00,,1,,ITRF2008,2005-01-01,2005-01-01,REFERENCE,CAGZ,48.7
7546,12711M002,4461399.3430,919567.1650,4449510.7433,44.5200379,11.6464930,49.437,2,0.00,,1,,ITRF2008,2005-01-01,2005-01-01,REFERENCE,MEDI,27.4
7548,12725S013,4893347.1105,772583.1006,4004255.2203,39.1366595,8.9720479,252.111,2,0.00,,1,,ITRF2008,2005-01-01,2005-01-01,REFERENCE,CAGL,103.9
7550,12718M002,4336738.5599,1071271.6090,4537911.2094,45.6429555,13.8755634,447.214,2,0.00,,1,,ITRF2008,2005-01-01,2005-01-01,REFERENCE,TRIE,11461.4
7560,12302M001,3183913.9661,1421473.6339,5322796.7555,56.9484643,24.0586019,29.225,2,0.00,,1,,ITRF2008,2005-01-01,2005-01-01,REFERENCE,RIGA,21.4
7561,12337M001,3783746.3352,2551362.8212,4441445.1283,44.4153559,33.9916075,386.461,2,0.00,,1,,ITRF2008,2005-01-01,2005-01-01,REFERENCE,CRAO,238.8
7575,20801M001,3848635.4050,3251760.9594,3898909.4038,37.9202412,40.1948918,724.738,2,0.00,,1,,ITRF2008,2005-01-01,2005-01-01,REFERENCE,TRAB,343223.1
7580,20803M001,4247620.2605,2778639.0143,3851607.7092,37.3776641,33.1912553,1357.715,2,0.00,,1,,ITRF2008,2005-01-01,2005-01-01,REFERENCE,MERS,130754.2
7585,20802M001,4029730.4489,2802093.1967,4062068.1936,39.8005301,34.8130133,1677.006,2,0.00,,1,,ITRF2008,2005-01-01,2005-01-01,REFERENCE,7589,176128.2
7587,20804M001,4117361.7199,2517077.0399,4157679.2708,40.9369969,31.4388003,822.719,2,0.00,,1,,ITRF2008,2005-01-01,2005-01-01,REFERENCE,7589,161660.8
7589,20805M001,4121934.2496,2652189.6210,4069034.4082,39.8875087,32.7585770,974.359,2,0.00,,1,,ITRF2008,2005-01-01,2005-01-01,REFERENCE,ANKR,17.7
7594,00000X001,4075594.9714,931732.0711,4801569.3602,49.1442946,12.8772395,658.401,7,1.66,,1,,IGS97|ITRF2008|ITRF97,1997-01-01,2005-01-01,REFERENCE,TIGZ,19.7
7596,14201M004,4075582.2884,931837.4121,4801560.1731,49.1441650,12.8786856,658.723,2,0.00,,1,,ITRF2008,2005-01-01,2005-01-01,REFERENCE,WTZZ,18.1
7597,14201M005,4075601.7671,931826.6851,4801547.8909,49.1439799,12.8784827,660.291,2,0.00,,1,,ITRF2008,2005-01-01,2005-01-01,REFERENCE,7596,25.4
7599,14201M007,4075515.0398,931753.7987,4801631.5445,49.1451573,12.8777739,657.631,2,0.00,,1,,ITRF2008,2005-01-01,2005-01-01,REFERENCE,7834,34.1
7602,10302M002,2102904.1676,721602.4399,5958201.3004,69.6629736,18.9394351,132.905,2,0.00,,1,,ITRF2008,2005-01-01,2005-01-01,REFERENCE,TRO1,29.9
7604,10004M002,4228878.1020,-333104.1331,4747182.3652,48.4078687,-4.5038269,106.158,2,0.00,,1,,ITRF2008,2005-01-01,2005-01-01,REFERENCE,BRST,3090.8
7805,10503S001,2892595.2576,1311807.9249,5512610.9772,60.2173096,24.3945544,78.297,2,0.00,,1,,ITRF2008,2005-01-01,2005-01-01,REFERENCE,MET3,16.7
7806,10503S014,2892607.0051,1311813.1922,5512598.7530,60.2171548,24.3945534,74.082,2,0.00,,1,,ITRF2008,2005-01-01,2005-01-01,REFERENCE,7805,17.8
7810,14001S001,4331283.4692,567549.8782,4633140.2656,46.8772300,7.4652219,951.206,2,0.12,,1,,ITRF2008,2005-01-01,2005-01-01,REFERENCE,ZIMZ,11.3
7811,12205S001,3738332.6866,1148246.6146,5021816.0978,52.2769815,17.0745883,122.647,2,0.00,,1,,ITRF2008,2005-01-01,2005-01-01,REFERENCE,BORO,0.2
7820,21609S002,-1281275.9698,5640727.3413,2682925.7547,25.0299658,102.7974322,1993.086,2,0.00,,1,,ITRF2008,2005-01-01,2005-01-01,REFERENCE,KUNM,53.5
7821,21605S010,-2830744.4452,4676580.2926,3275072.8432,31.0960947,121.1866128,99.972,2,0.00,,1,,ITRF2008,2005-01-01,2005-01-01,REFERENCE,7837,520.0
7822,92201M017,-5246415.7847,-3077274.1678,-1913807.3274,-17.5767414,-149.6063349,94.533,2,0.00,,1,,ITRF2008,2005-01-01,2005-01-01,REFERENCE,7124,15.1
7823,13402M005,5105602.9864,-555206.7057,3769654.5928,36.4627849,-6.2062191,68.179,2,0.00,,1,,ITRF2008,2005-01-01,2005-01-01,REFERENCE,ROAP,164.8
7824,13402S004,5105473.7630,-555110.5593,3769892.8108,36.4652550,-6.2053086,98.081,2,0.17,,1,,ITRF2008,2005-01-01,2005-01-01,REFERENCE,SFER,105.8
7825,50119S003,-4467064.5967,2683034.8816,-3667007.5472,-35.3161430,149.0098803,804.979,2,0.00,,1,,ITRF2008,2005-01-01,2005-01-01,REFERENCE,STRL,1.0
7830,12617M002,4744552.5948,2119414.5089,3686245.0817,35.5330419,24.0705457,160.317,2,0.00,,1,,ITRF2008,2005-01-01,2005-01-01,REFERENCE,TUC2,16.5
7831,30101S001,4728283.2206,2879670.5403,3156894.8555,29.8590110,31.3427058,131.894,2,0.00,,1,,ITRF2008,2005-01-01,2005-01-01,REFERENCE,PHLW,289.5
7832,20101S001,3992101.0582,4192172.5006,2670410.6737,24.9105453,46.4003646,760.124,7,0.39,,1,,IGS97|ITRF2008|ITRF97,1997-01-01,2005-01-01,REFERENCE,RIYL_20101S001,0.2
7833,13504S001,3899223.9988,396743.1512,5015074.0514,52.1784026,5.8098087,93.400,2,0.00,,1,,ITRF2008,2005-01-01,2005-01-01,REFERENCE,KOSG,11.8
7834,14201S002,4075529.7639,931781.5560,4801618.4101,49.1449403,12.8780998,661.133,2,0.00,,1,,ITRF2008,2005-01-01,2005-01-01,REFERENCE,7599,34.1
7835,10002S001,4581691.5261,556159.6912,4389359.5840,43.7546924,6.9211251,1322.827,2,0.00,,1,,ITRF2008,2005-01-01,2005-01-01,REFERENCE,7845,36.8
7836,14106S009,3800639.5467,881982.1703,5028831.7612,52.3800197,13.0648956,133.529,2,0.00,,1,,ITRF2008,2005-01-01,2005-01-01,REFERENCE,1181,40.9
7837,21605S001,-2831088.3229,4676203.2356,3275172.7245,31.0975391,121.1917427,27.845,2,0.00,,1,,ITRF2008,2005-01-01,2005-01-01,REFERENCE,7821,520.0
7838,21726S001,-3822388.3172,3699363.6038,3507573.0809,33.5776933,135.9370381,101.597,2,0.00,,1,,ITRF2008,2005-01-01,2005-01-01,REFERENCE,SMST,20.0
7839,11001S002,4194426.3766,1162694.1763,4647246.7304,47.0671368,15.4933632,539.385,2,0.00,,1,,ITRF2008,2005-01-01,2005-01-01,REFERENCE,GRAB,6.7
7840,13212S001,4033463.6085,23662.6167,4924305.2504,50.8673819,0.3361261,75.402,2,0.00,,1,,ITRF2008,2005-01-01,2005-01-01,REFERENCE,HERP,9.8
7841,14106S011,3800432.1796,881692.0943,5029030.1272,52.3830125,13.0614342,127.331,2,0.00,,1,,ITRF2008,2005-01-01,2005-01-01,REFERENCE,1181,403.7
7843,50103S007,-4446477.3634,2678127.0091,-3696250.8619,-35.6362477,148.9393150,1349.882,2,0.00,,1,,ITRF2008,2005-01-01,2005-01-01,REFERENCE,CANB,0.5
7845,10002S002,4581692.0596,556196.1763,4389355.1539,43.7546330,6.9215739,1323.321,2,0.00,,1,,ITRF2008,2005-01-01,2005-01-01,REFERENCE,7835,36.8
7847,50107S009,-2389018.3759,5043337.0873,-3078505.6270,-29.0462943,115.3468183,242.400,2,0.00,,1,,ITRF2008,2005-01-01,2005-01-01,REFERENCE,7090,23.2
7848,10077M002,4696991.9184,724001.6672,4239671.6437,41.9273899,8.7626958,96.808,2,0.00,,1,,ITRF2008,2005-01-01,2005-01-01,REFERENCE,AJAC,10.2
7849,00000X002,-4467063.5964,2683034.4690,-3667007.4455,-35.3161478,149.0098785,804.047,7,0.56,,1,,IGS97|ITRF2008|ITRF97,1997-01-01,2005-01-01,REFERENCE,STRL,0.3
7850,40442M008,-1330008.2992,-5328391.5857,3236502.6770,30.6804971,-104.0150940,2004.230,2,0.00,,1,,ITRF2008,2005-01-01,2005-01-01,REFERENCE,MDO1,9.5
7853,40439M004,-2410421.3385,-4477799.9973,3838689.9647,37.2325990,-118.2937945,1177.710,2,0.00,,1,,ITRF2008,2005-01-01,2005-01-01,REFERENCE,7114,4.5
7882,40505M001,-1997242.5189,-5528040.8820,2468355.5773,22.9175531,-109.8644335,111.543,2,0.00,,1,,ITRF2008,2005-01-01,2005-01-01,REFERENCE,MSD1,30821.0
7883,40506M001,-2406127.3196,-4898367.9360,3290336.8951,31.2566479,-116.1607324,164.970,2,0.00,,1,,ITRF2008,2005-01-01,2005-01-01,REFERENCE,SPMX,70352.9
7884,40429S001,-1483442.9207,-5019625.6689,3635692.0507,34.9642491,-106.4639168,1875.499,2,0.00,,1,,ITRF2008,2005-01-01,2005-01-01,REFERENCE,PIE1,168674.5
7885,40442M005,-1330125.4972,-5328526.6252,3236150.1826,30.6770300,-104.0159391,1961.472,2,0.00,,1,,ITRF2008,2005-01-01,2005-01-01,REFERENCE,7086,0.0
7886,40433M005,-2517242.6470,-4198550.8236,4076570.2745,39.9750092,-120.9448097,1106.297,2,0.00,,1,,ITRF2008,2005-01-01,2005-01-01,REFERENCE,7109,9.3
7888,40434M002,-1936744.0187,-5077635.5658,3331992.7172,31.6851097,-110.8781693,2327.827,2,0.00,,1,,ITRF2008,2005-01-01,2005-01-01,REFERENCE,7921,99.6
7891,40491M002,-1923976.8966,-4850871.6705,3658574.7776,35.2145374,-111.6345138,2144.441,2,0.00,,1,,ITRF2008,2005-01-01,2005-01-01,REFERENCE,BLYT,334457.7
7892,40492M001,-1631485.0349,-4589134.3524,4106749.8204,40.3268454,-109.5708294,1590.844,2,0.00,,1,,ITRF2008,2005-01-01,2005-01-01,REFERENCE,7046,236613.1
7894,40493M001,-2196778.0237,-4887336.9234,3448425.0419,32.9391342,-114.2031378,238.325,2,0.00,,1,,ITRF2008,2005-01-01,2005-01-01,REFERENCE,IID2,81785.2
7896,40400M001,-2493212.3419,-4655229.1285,3565574.6361,34.2055535,-118.1722741,441.520,2,0.00,,1,,ITRF2008,2005-01-01,2005-01-01,REFERENCE,JPLM,120.9
7899,40451M111,1131364.5476,-4831168.7939,3994128.9688,39.0209319,-76.8199645,10.015,2,0.00,,1,,ITRF2008,2005-01-01,2005-01-01,REFERENCE,7100,9.6
7907,42202S001,1942792.2000,-5804077.6218,-1796918.9828,-16.4657410,-71.4931201,2492.211,2,0.00,,1,,ITRF2008,2005-01-01,2005-01-01,REFERENCE,7403,17.6
7918,40451M120,1130705.0936,-4831345.4414,3994116.0196,39.0207183,-76.8278438,18.704,2,0.00,,1,,ITRF2008,2005-01-01,2005-01-01,REFERENCE,7919,2.9
7919,40451M121,1130705.5838,-4831347.6768,3994117.8005,39.0207178,-76.8278442,21.603,2,0.00,,1,,ITRF2008,2005-01-01,2005-01-01,REFERENCE,7918,2.9
7920,40451M117,1130741.6945,-4831369.7892,3994076.1487,39.0202576,-76.8274963,18.500,2,0.00,,1,,ITRF2008,2005-01-01,2005-01-01,REFERENCE,7125,4.3
7921,40434S001,-1936759.8355,-5077703.0161,3331921.2162,31.6842361,-110.8780717,2348.696,2,0.00,,1,,ITRF2008,2005-01-01,2005-01-01,REFERENCE,7888,99.6
7929,41604S001,5186467.8012,-3653856.3339,-654321.6686,-5.9278067,-35.1646200,39.590,2,0.00,,1,,ITRF2008,2005-01-01,2005-01-01,REFERENCE,RECF,235966.5
7939,12734S001,4641964.7397,1393070.2557,4133262.5104,40.6488340,16.7046890,535.843,2,0.00,,1,,ITRF2008,2005-01-01,2005-01-01,REFERENCE,7941,19.2
7940,12602S001,4595217.0983,2039465.1840,3912614.6694,38.0784177,23.9327715,511.414,2,0.00,,1,,ITRF2008,2005-01-01,2005-01-01,REFERENCE,DYNG,33.0
7941,12734S008,4641978.7136,1393067.6300,4133249.5497,40.6486714,16.7046118,536.983,2,0.00,,1,,ITRF2008,2005-01-01,2005-01-01,REFERENCE,7939,19.2
7943,50103S003,-4447549.3119,2677134.0202,-3694995.6868,-35.6249226,148.9548078,948.758,2,0.00,,1,,ITRF2008,2005-01-01,2005-01-01,REFERENCE,7843,1926.3
8833,13504M002,3899237.5996,396769.4526,5015055.3713,52.1781847,5.8101711,88.574,2,0.00,,1,,ITRF2008,2005-01-01,2005-01-01,REFERENCE,7833,35.0
8834,14201S018,4075576.7367,931785.5955,4801583.6546,49.1444184,12.8780102,665.388,2,0.00,,1,,ITRF2008,2005-01-01,2005-01-01,REFERENCE,WETT,13.7
A195,,-2970996.1528,4988615.4687,2631055.8008,24.5220964,120.7761355,123.736,53,0.00,,1,,ITRF00|ITRF2005,2000-01-01,2017-10-07,RNX2SNX,WUHU,0.0
AB07,40423M002,-3425750.1055,-1214685.8964,5223662.7782,55.3492758,-160.4767577,89.567,2,0.00,,1,,ITRF2014_0,2010-01-01,2010-01-01,REFERENCE,BAY2,142839.3
AB09,49419M001,-2583614.6744,-546236.9686,5786501.7725,65.6149810,-168.0621253,162.087,2,0.00,,1,,ITRF2014_0,2010-01-01,2010-01-01,REFERENCE,AB11,172306.9
AB11,40421M002,-2658010.3333,-693674.8140,5737338.5443,64.5644958,-165.3734587,349.451,2,0.00,,1,,ITRF2014_0,2010-01-01,2010-01-01,REFERENCE,AB09,172306.9
AB14,,-3107639.2499,5230020.2128,1909770.1754,17.5383708,120.7184677,133.548,44,2.87,,1,,ITRF2005,2009-10-12,2011-02-21,GPSEST,BR14,0.2
AB21,49381M001,-3940203.6773,-229768.0660,4993529.8690,51.8641494,-176.6626475,59.376,2,0.00,,1,,ITRF2014_0,2010-01-01,2010-01-01,REFERENCE,AV09,716234.3
AB42,49377M001,-2457270.9753,-2143703.7601,5464033.5464,59.3403756,-138.8988128,773.304,2,0.00,,1,,ITRF2014_0,2010-01-01,2010-01-01,REFERENCE,AB44,209329.9
AB44,49401M001,-2302043.3473,-2283770.7981,5474261.8598,59.5280386,-135.2282985,304.190,2,0.00,,1,,ITRF2014_0,2010-01-01,2010-01-01,REFERENCE,GUS2,126585.0
AB50,49400M001,-2348976.3544,-2386558.2789,5410237.6137,58.4167751,-134.5453015,51.564,2,0.00,,1,,ITRF2014_0,2010-01-01,2010-01-01,REFERENCE,GUS2,67311.5
ABER,13231M001,3466272.1933,-125904.1383,5334662.4750,57.1440088,-2.0802192,53.470,2,0.00,,1,,ITRF2014_0,2010-01-01,2010-01-01,REFERENCE,EDIN,154963.9
ABLA,,-3170321.6880,5333399.1070,1473377.7920,13.4452748,120.7284346,72.621,63,0.15,,1,,ITRF2005,1996-04-18,1997-04-08,GPSEST,PUER,25247.2
ABMF,97103M001,2919785.8259,-5383744.9028,1774604.9346,16.2623075,-61.5275349,-25.572,700,0.29,,1,,IGS14|IGS14_0|IGS20|IGS20_0|ITRF2014_0,2010-01-01,2026-02-12,RNX2SNX,SOUF,28101.0
ABPO,33302M001,4097216.4827,4429119.2903,-2065771.1136,-19.0183037,47.2292148,1552.964,700,0.37,,1,,IGS14|IGS14_0|IGS20|IGS20_0|ITRF2014_0,2010-01-01,2026-02-12,RNX2SNX,VOIM,322983.7
ABUY,,-3595836.4156,5132844.4766,1181541.3665,10.7470383,125.0133305,74.383,619,0.10,,1,,IGS14|IGS20,2021-09-01,2026-02-12,RNX2SNX,SOLC,4081.5
AC15,49397M001,-2720900.2165,-1588436.7265,5527227.6909,60.4813326,-149.7240071,151.449,2,0.00,,1,,ITRF2014_0,2010-01-01,2010-01-01,REFERENCE,KEN1,91727.1
ACDR,,-3196161.8409,5282435.6333,1595957.8370,14.5867845,121.1762272,250.219,52,0.00,,1,,ITRF00,2017-09-30,2017-10-07,RNX2SNX,ANTP,4416.8
ACOR,13434M001,4594489.6527,-678367.6597,4357066.1821,43.3643844,-8.3989316,66.900,2,0.00,,1,,ITRF2014_0,2010-01-01,2010-01-01,REFERENCE,VIGO,135436.8
ACU6,49671M001,1560586.4326,-4503296.2484,4224372.1496,41.7432528,-70.8865920,5.014,2,0.00,,1,,ITRF2014_0,2010-01-01,2010-01-01,REFERENCE,NPRI,44969.3
ADE0,97105M001,2960619.1496,-5360157.5811,1778271.6916,16.2968655,-61.0864578,-40.312,2,0.00,,1,,ITRF2014_0,2010-01-01,2010-01-01,REFERENCE,ABMF,47298.7
ADE1,50109S001,-3939183.0631,3467075.3828,-3613219.5716,-34.7289875,138.6473517,38.020,705,1.29,,1,,IGS08|IGS14|IGS14_0|IGS20|IGS20_0|IGb08|ITRF2014_0,2005-01-01,2026-02-12,RNX2SNX,ADE2,0.0
ADE2,50109S001,-3939183.0633,3467075.3827,-3613219.5710,-34.7289875,138.6473517,38.020,628,1.29,,1,,IGS14|IGS14_0|IGS20|IGb08|ITRF2014_0,2005-01-01,2026-02-12,RNX2SNX,ADE1,0.0
ADIS,31502M001,4913652.4622,3945922.9245,995383.6135,9.0351383,38.7663075,2439.120,700,0.48,,1,,IGS14|IGS14_0|IGS20|IGS20_0|ITRF2014_0,2010-01-01,2026-02-12,RNX2SNX,ETAD,1734.0
ADMA,,-3186099.4190,5291438.0525,1585611.8167,14.4905851,121.0531359,80.227,52,0.00,,1,,ITRF00,2017-09-30,2017-10-07,RNX2SNX,NAST,293.7
ADMI,,-3557621.2048,5149680.6607,1225063.0532,11.1470565,124.6383870,481.405,30,3.91,,1,,ITRF2005,2011-04-04,2014-06-26,GPSEST,TONW,0.3
AGUS,,-3311735.7501,5272571.1607,1378783.7674,12.5677338,122.1331932,64.702,619,0.15,,1,,IGS14|IGS20,2021-09-01,2026-02-12,RNX2SNX,ALCA,35241.6
AIRA,21742S001,-3530186.0461,4118797.1529,3344036.6154,31.8240579,130.5995984,314.663,701,0.68,,1,,IGS08|IGS14|IGS20|IGS20_0|IGb08|ITRF2014_0,2005-01-01,2026-02-12,RNX2SNX,P123,44188.6
AIS1,49998S001,-2430153.9814,-2737192.8875,5205816.5417,55.0690717,-131.5995367,32.183,2,0.00,,1,,ITRF2014_0,2010-01-01,2010-01-01,REFERENCE,AIS5,0.2
AIS5,49998M001,-2430154.0361,-2737192.9706,5205816.6746,55.0690717,-131.5995364,32.348,2,0.00,,1,,ITRF2014_0,2010-01-01,2010-01-01,REFERENCE,AIS1,0.2
AJAC,10077M005,4696989.1512,723994.8622,4239678.7858,41.9274604,8.7626198,98.774,708,0.82,,1,,IGS00|IGS14|IGS14_0|IGS20|IGS20_0|IGS97|ITRF2014_0,1997-01-01,2026-02-12,RNX2SNX,7848,10.2
ALAB,,-3279949.8114,5246269.0281,1543989.2206,14.1024243,122.0134847,58.540,1800,124.59,yes,15,34733.0,IGS14|IGS20|ITRF2005,2014-02-01,2026-02-12,RNX2SNX,ATIM,16058.4
ALAC,13433M001,5009051.1223,-42072.0981,3935057.7955,38.3389213,-0.4812283,60.317,2,0.00,,1,,ITRF2014_0,2010-01-01,2010-01-01,REFERENCE,VALE,127376.9
ALBH,40129M003,-2341333.1606,-3539049.5307,4745791.2203,48.3897797,-123.4874726,31.753,767,0.31,,1,,IGS00|IGS08|IGS14|IGS14_0|IGS20|IGS20_0|IGS97|IGb08|ITRF00|ITRF2005|ITRF2014_0|ITRF97,1997-01-01,2026-02-12,RNX2SNX,PGC5,28898.5
ALBU,,-3565179.5933,5149899.3885,1199972.7889,10.9166843,124.6941354,76.563,1517,194.97,yes,16,10662344.7,IGS14|IGS20|ITRF2005,2014-05-28,2026-02-12,RNX2SNX,ORMO,14555.8
ALBY,50191M001,-2441714.5289,4629128.5096,-3633363.2698,-34.9502265,117.8101871,36.645,2,0.00,,1,,ITRF2014_0,2010-01-01,2010-01-01,REFERENCE,PERT,392356.2
ALCA,,-3308431.5295,5283320.9734,1345384.7166,12.2585989,122.0549224,64.823,619,0.13,,1,,IGS14|IGS20,2021-09-01,2026-02-12,RNX2SNX,AGUS,35241.6
ALCO,,-3470997.5434,5242582.5215,1068530.3574,9.7087805,123.5076587,103.142,619,0.16,,1,,IGS14|IGS20,2021-09-01,2026-02-12,RNX2SNX,TCSS,39138.4
ALDI,49396M001,184948.6658,-5511274.9297,3194254.8724,30.2491688,-88.0779760,-19.204,2,0.00,,1,,ITRF2014_0,2010-01-01,2010-01-01,REFERENCE,MOB1,5713.9
ALFS,,-2970772.4200,5073745.8300,2464157.1000,22.8766011,120.3497655,58.517,53,0.00,,1,,ITRF00|ITRF2005,2000-01-01,2017-10-07,RNX2SNX,TNDR,3063.1
ALGO,40104M002,918129.0455,-4346071.3451,4561977.9359,45.9558008,-78.0713725,200.975,772,0.49,,1,,IGS00|IGS08|IGS14|IGS14_0|IGS20|IGS20_0|IGS97|IGb08|ITRF00|ITRF2005|ITRF2014_0|ITRF97,1997-01-01,2026-02-12,RNX2SNX,7410,86.4
ALIC,50137M001,-4052052.4799,4212836.1383,-2545105.0239,-23.6701140,133.8855188,603.357,3089,146.21,yes,25,478189.0,IGS00|IGS08|IGS14|IGS14_0|IGS20|IGS20_0|IGS97|IGb08|ITRF00|ITRF2005|ITRF2014_0|ITRF97,1997-01-01,2026-02-12,RNX2SNX,LARR,898415.3
ALME,13437M001,5105220.1362,-219278.6169,3804387.0582,36.8525334,-2.4594477,127.485,10,0.25,,1,,IGS00|IGS97|ITRF2014_0,1997-01-01,2010-01-01,REFERENCE,MELI,179902.6
ALON,20719M001,4470258.0424,3084589.8346,3332952.8896,31.7079371,34.6066462,55.685,2,0.00,,1,,ITRF2014_0,2010-01-01,2010-01-01,REFERENCE,TELA,43194.9
ALRT,40162M001,388042.2470,-740382.4969,6302002.0192,82.4942950,-62.3404941,78.255,762,0.60,,1,,IGS00|IGS08|IGS14|IGS14_0|IGS20|IGS20_0|IGb08|ITRF00|ITRF2005|ITRF2014_0,2000-01-01,2026-02-12,RNX2SNX,KMOR,139902.6
AMBA,51407M001,-6008441.3961,1312325.9208,-1684915.0298,-15.4195182,167.6793026,78.955,2,0.00,,1,,ITRF2014_0,2010-01-01,2010-01-01,REFERENCE,VATU,51646.3
AMBL,19967M001,4119296.1746,71494.5831,4852820.3755,49.8593862,0.9943268,129.931,2,0.00,,1,,ITRF2014_0,2010-01-01,2010-01-01,REFERENCE,EQHE,100047.0
AMC2,40472S004,-1248596.4949,-4819428.2023,3976505.8964,38.8031234,-104.5245972,1911.384,767,0.46,,1,,IGS00|IGS08|IGS14|IGS14_0|IGS20|IGS20_0|IGS97|IGb08|ITRF00|ITRF2005|ITRF2014_0|ITRF97,1997-01-01,2026-02-12,RNX2SNX,AMCT,0.5
AMCT,40472S003,-1248596.3564,-4819428.5443,3976505.5748,38.8031194,-104.5245947,1911.414,9,0.63,,1,,IGS00|IGS97|ITRF97,1997-01-01,2000-01-01,REFERENCE,AMC2,0.5
AMMN,22201M001,4386124.5209,3172638.1160,3363685.2299,32.0285456,35.8795386,1074.514,55,0.29,,1,,ITRF00|ITRF2005|ITRF2014_0,2000-01-01,2017-10-07,RNX2SNX,GILB,66364.6
AMUN,66040M001,-184.3371,159.0615,-6359568.2615,-89.9978211,139.2096224,2815.952,4,0.00,,1,,IGS00,2000-01-01,2000-01-01,REFERENCE,WHN0,1132780.7
ANCH,,-2971583.4600,5077535.8100,2455422.4700,22.7910118,120.3379318,61.051,53,0.00,,1,,ITRF00|ITRF2005,2000-01-01,2017-10-07,RNX2SNX,ICFS,3881.4
ANDE,19966M001,2169480.8097,627616.9354,5944952.3187,69.3260583,16.1348185,44.307,2,0.00,,1,,ITRF2014_0,2010-01-01,2010-01-01,REFERENCE,ANDO,7294.1
ANDO,10333M001,2175765.7883,624248.2600,5943417.8150,69.2783741,16.0086976,413.767,2,0.00,,1,,ITRF2014_0,2010-01-01,2010-01-01,REFERENCE,ANDE,7294.1
ANG1,49569S001,-532087.0968,-5541064.7159,3103079.2085,29.3014751,-95.4850749,-9.467,2,0.00,,1,,ITRF2014_0,2010-01-01,2010-01-01,REFERENCE,HOUS,53217.4
ANGT,,-3177303.0235,5282307.9109,1632706.1392,14.9306228,121.0268673,85.804,947,13.41,yes,13,34612.5,IGS14|IGS20|ITRF2005,2014-10-13,2026-02-12,RNX2SNX,MLRA,18712.5
ANJ1,,-2951799.0421,5076176.7530,2481731.0612,23.0490054,120.1780202,43.405,51,0.00,,1,,ITRF00,2017-09-30,2017-10-07,RNX2SNX,ANJH,49.4
ANJH,,-2951751.9407,5076164.2040,2481739.3167,23.0491960,120.1776844,14.868,2,49.44,,1,,ITRF00|ITRF2005,2000-01-01,2000-01-01,REFERENCE,ANJ1,49.4
ANKN,,-3025287.8240,4932043.0310,2674988.2510,24.9591173,121.5247217,44.682,53,0.00,,1,,ITRF00|ITRF2005,2000-01-01,2017-10-07,RNX2SNX,GS01,3037.4
ANKR,20805M002,4121948.3756,2652187.8369,4069023.9190,39.8873732,32.7584702,976.007,337,0.36,,1,,IGS00|IGS08|IGS20|IGS20_0|IGS97|IGb08|ITRF00|ITRF2005|ITRF2014_0|ITRF97,1997-01-01,2025-07-19,RNX2SNX,7589,17.7
ANP1,49908S101,1149298.4463,-4827706.7686,3993217.2416,39.0102874,-76.6092493,20.235,2,0.00,,1,,ITRF2014_0,2010-01-01,2010-01-01,REFERENCE,ANP5,0.2
ANP5,49908M001,1149298.4831,-4827706.8995,3993217.3581,39.0102874,-76.6092492,20.414,2,0.00,,1,,ITRF2014_0,2010-01-01,2010-01-01,REFERENCE,ANP1,0.2
ANQ0,,-3213834.5811,5213934.0362,1774469.6661,16.2603114,121.6494067,248.654,44,22.13,,1,,ITRF2005,2008-08-22,2014-04-15,GPSEST,ISB4,28504.1
ANTC,41713S001,1608538.5258,-4816370.6149,-3847798.2451,-37.3386978,-71.5320640,745.634,275,1.41,,1,,IGS08|IGS20|IGS20_0|IGb08|ITRF2014_0,2005-01-01,2025-07-19,RNX2SNX,CONZ,143694.6
ANTO,49581S002,-828648.6459,-5494331.6797,3121536.6643,29.4912109,-98.5766429,263.834,2,0.00,,1,,ITRF2014_0,2010-01-01,2010-01-01,REFERENCE,AUS5,120621.9
ANTP,,-3194838.7487,5281875.2883,1600134.3993,14.6259643,121.1684125,176.791,947,7.07,yes,12,34882.1,IGS14|IGS20|ITRF2005,2014-10-13,2026-02-12,RNX2SNX,LUZL,4315.2
AOA1,40483S001,-2547880.2895,-4628773.4897,3561050.1086,34.1574440,-118.8303183,246.543,2,0.00,,1,,ITRF2014_0,2010-01-01,2010-01-01,REFERENCE,SPK1,20179.4
AOML,49914S001,982296.5126,-5664607.2237,2752614.5469,25.7346922,-80.1622013,0.086,767,0.31,,1,,IGS00|IGS08|IGS14|IGS14_0|IGS20|IGS20_0|IGS97|IGb08|ITRF00|ITRF2005|ITRF2014_0|ITRF97,1997-01-01,2026-02-12,RNX2SNX,MIA3,292.0
APAR,,-3177351.5231,5155172.4044,1995764.1720,18.3553074,121.6472903,51.109,631,1.18,,1,,IGS14|IGS20|ITRF2005,2009-10-12,2026-02-12,RNX2SNX,CG95,10423.7
AR17,,-3198308.2266,5241964.0850,1719068.9327,15.7397743,121.3888477,144.671,54,26.02,,1,,ITRF2005,2008-08-21,2014-04-10,GPSEST,AURA,15401.3
AR30,,-3203046.5771,5253094.3022,1675674.7996,15.3329750,121.3725304,53.710,58,7.88,,1,,ITRF2005,2008-08-27,2014-04-18,GPSEST,PLYN,38639.2
AREQ,42202M005,1942826.3344,-5804070.3385,-1796894.0399,-16.4655149,-71.4927954,2488.908,762,46.06,,1,,IGS00|IGS14|IGS14_0|IGS20|IGS20_0|IGS97|ITRF00|ITRF2005|ITRF2014_0|ITRF97,1997-01-01,2026-02-12,RNX2SNX,AREV,0.0
AREV,42202M005,1942826.3367,-5804070.3413,-1796894.0385,-16.4655149,-71.4927954,2488.911,625,0.12,,1,,IGS14|IGS14_0|IGS20|ITRF2014_0,2010-01-01,2026-02-12,RNX2SNX,AREQ,0.0
ARGI,10117M002,2981489.7584,-354651.5745,5608475.0034,61.9973708,-6.7835233,110.245,2,0.00,,1,,ITRF2014_0,2010-01-01,2010-01-01,REFERENCE,TORS,3056.1
AROY,,-3428113.2747,5199274.7816,1372735.2313,12.5117130,123.3986422,69.697,619,0.10,,1,,IGS14|IGS20,2021-09-01,2026-02-12,RNX2SNX,MAB2,450.2
ARP3,49878S003,-693606.0369,-5601311.8428,2960668.9667,27.8383519,-97.0589577,-16.583,55,0.14,,1,,ITRF00|ITRF2005|ITRF2014_0,2000-01-01,2017-10-07,RNX2SNX,ARP7,0.2
ARP7,49878M001,-693606.1916,-5601311.9601,2960669.0510,27.8383520,-97.0589591,-16.424,2,0.00,,1,,ITRF2014_0,2010-01-01,2010-01-01,REFERENCE,ARP3,0.2
ARTU,12362M001,1843956.2277,3016203.2969,5291261.8097,56.4298227,58.5604651,247.576,766,0.78,,1,,IGS00|IGS08|IGS14|IGS14_0|IGS20|IGS20_0|IGS97|IGb08|ITRF00|ITRF2005|ITRF2014_0,1997-01-01,2026-02-12,RNX2SNX,KZN2,591005.6
ARUC,12312M002,3500416.4764,3390432.8415,4103027.7291,40.2857157,44.0855898,1222.166,268,0.34,,1,,IGS20|IGS20_0,2015-01-01,2025-07-19,RNX2SNX,NSSP,36116.4
ASC1,30602M001,6118526.0425,-1572344.8467,-876450.8451,-7.9512115,-14.4120734,105.101,772,0.38,,1,,IGS00|IGS08|IGS14|IGS14_0|IGS20|IGS20_0|IGS97|IGb08|ITRF00|ITRF2005|ITRF2014_0|ITRF97,1997-01-01,2026-02-12,RNX2SNX,ASCG,9570.4
ASCG,30602M004,6121151.5666,-1563978.9786,-872615.2479,-7.9162800,-14.3326649,37.968,268,0.13,,1,,IGS20|IGS20_0,2015-01-01,2025-07-19,RNX2SNX,ASC1,9570.4
ASHV,49853S001,673609.5343,-5148653.6420,3692529.5427,35.5994548,-82.5462054,659.165,2,0.00,,1,,ITRF2014_0,2010-01-01,2010-01-01,REFERENCE,COLA,212960.8
ASJ1,,-2955371.3263,5074072.2487,2481807.6240,23.0497196,120.2184749,53.076,51,0.00,,1,,ITRF00,2017-09-30,2017-10-07,RNX2SNX,ASJH,2.5
ASJH,,-2955371.6555,5074072.2638,2481805.1289,23.0496982,120.2184776,52.263,53,99.85,,1,,ITRF00|ITRF2005,2000-01-01,2017-10-07,RNX2SNX,ASJ1,2.5
ASPA,50503S006,-6100260.2483,-996502.2842,-1567977.0367,-14.3260887,-170.7224450,53.429,332,1.80,,1,,IGS00|IGS08|IGS20|IGS20_0|IGb08|ITRF00|ITRF2005|ITRF2014_0,2000-01-01,2025-07-19,RNX2SNX,7096,1064.0
ATIM,,-3272181.9095,5254482.8985,1532584.5835,13.9961621,121.9122144,61.034,976,7.11,yes,16,42381.4,IGS14|IGS20|ITRF2005,2014-10-05,2026-02-12,RNX2SNX,BURG,13387.5
ATWC,,-2610866.4351,-1560570.9820,5587439.0693,61.5981605,-149.1323318,97.943,53,0.00,,1,,ITRF00|ITRF2005,2000-01-01,2017-10-07,RNX2SNX,AC15,128488.7
AUCK,50209M001,-5105681.6614,461563.9858,-3782180.8327,-36.6028354,174.8343867,132.683,776,1.15,,1,,IGS00|IGS08|IGS14|IGS14_0|IGS20|IGS20_0|IGS97|IGb08|ITRF00|ITRF2005|ITRF2014_0|ITRF97,1997-01-01,2026-02-12,RNX2SNX,WARK,24199.0
AUKT,50216M001,-5089169.1420,465799.9005,-3803555.0116,-36.8437545,174.7704204,40.069,2,0.00,,1,,ITRF2014_0,2010-01-01,2010-01-01,REFERENCE,TAKL,50.0
AUR1,,-3213884.5181,5231702.6738,1720905.8775,15.7572686,121.5628002,47.897,24,4.08,,1,,ITRF2005,2008-08-20,2008-08-21,GPSEST,AURO,21.1
AURA,,-3211273.3912,5233685.4660,1719823.5075,15.7470607,121.5323557,65.496,1469,5.71,yes,15,34530.6,IGS14|IGS20|ITRF2005,2012-02-15,2026-02-12,RNX2SNX,AUR1,3452.7
AURO,,-3213901.1034,5231696.3522,1720894.4109,15.7571608,121.5629630,47.955,69,4.66,,1,,ITRF2005,2006-12-03,2010-04-20,GPSEST,AUR1,21.1
AUS5,49579S002,-743774.4445,-5460644.4518,3200347.6522,30.3116960,-97.7563185,192.616,2,0.00,,1,,ITRF2014_0,2010-01-01,2010-01-01,REFERENCE,ANTO,120621.9
AUT1,12619M002,4466283.3534,1896166.9798,4126096.8047,40.5668188,23.0037193,150.080,2,0.00,,1,,ITRF2014_0,2010-01-01,2010-01-01,REFERENCE,ORID,196460.8
AUTF,41515S001,1360918.9268,-3420457.9569,-5191175.1909,-54.8395245,-68.3035663,71.898,2,0.00,,1,,ITRF2014_0,2010-01-01,2010-01-01,REFERENCE,RIO2,122711.5
AV09,49411M001,-3664985.5981,-877055.3367,5128680.7057,53.8756343,-166.5418364,105.687,2,0.00,,1,,ITRF2014_0,2010-01-01,2010-01-01,REFERENCE,BAY1,288082.6
AVUN,51404M001,-5988232.8778,1372221.5005,-1708803.2018,-15.6435847,167.0933356,76.886,2,0.00,,1,,ITRF2014_0,2010-01-01,2010-01-01,REFERENCE,ESPI,38022.7
BACO,,-3205670.8742,5314789.1310,1464127.4784,13.3593454,121.0967204,62.248,913,7.54,yes,2,7933039.7,IGS14|IGS20|ITRF2005,2014-01-01,2026-02-12,RNX2SNX,CALA,10685.0
BADG,12338M002,-838282.2131,3865777.3261,4987624.5529,51.7697041,102.2349913,811.428,700,0.42,,1,,IGS14|IGS14_0|IGS20|IGS20_0|ITRF2014_0,2010-01-01,2026-02-12,RNX2SNX,IRKG,151445.9
BAGB,,-3178314.2971,5288730.5943,1609942.6475,14.7178094,121.0041736,86.606,230,0.14,,1,,ITRF2005,2012-08-08,2012-12-30,GPSEST,VCAC,4727.0
BAGU,,-3114106.1143,5268086.3058,1796105.0378,16.4610674,120.5884644,1370.849,1013,4.67,,1,,IGS14|IGS20|ITRF2005,2012-05-08,2026-02-12,RNX2SNX,LZC1,8351.3
BAHR,24901M002,3633908.1283,4425275.7363,2799862.0384,26.2091469,50.6081522,-17.085,770,1.24,,1,,IGS00|IGS14|IGS14_0|IGS20|IGS20_0|IGS97|IGb08|ITRF00|ITRF2005|ITRF2014_0|ITRF97,1997-01-01,2026-02-12,RNX2SNX,BHR1,0.0
BAIE,40151M001,1546822.9800,-3879765.2230,4804185.2040,49.1868275,-68.2633323,27.565,270,0.27,,1,,IGS20|IGS20_0|ITRF2014_0,2010-01-01,2025-07-19,RNX2SNX,ESCU,348795.1
BAKE,40152M001,-289834.3943,-2756501.2012,5725162.4210,64.3178193,-96.0023528,4.672,328,0.57,,1,,IGS08|IGS20|IGS20_0|IGb08|ITRF00|ITRF2005|ITRF2014_0,2000-01-01,2025-07-19,RNX2SNX,CHUR,627432.4
BAKO,23101M002,-1836969.2594,6065617.0265,-716257.8803,-6.4910551,106.8489118,158.130,4745,139.38,yes,15,69470.8,IGS00|IGS20|IGS20_0|IGS97|ITRF00|ITRF2005|ITRF2014_0,1997-01-01,2025-07-19,RNX2SNX,XMIS,456022.2
BAKU,25301M001,3139935.0583,3717507.9687,4109616.9374,40.3721715,49.8144139,93.976,2,0.00,,1,,ITRF2014_0,2010-01-01,2010-01-01,REFERENCE,NSSP,451755.7
BALA,,-3135076.1176,5315858.8046,1605338.9642,14.6748320,120.5303654,71.098,1068,9.44,yes,18,430716.2,IGS14|IGS20|ITRF2005,2014-04-17,2026-02-12,RNX2SNX,FLORIDABLANCA,34253.8
BALU,,-3415440.1883,5220894.3103,1321654.0243,12.0391611,123.1921823,68.912,619,0.09,,1,,IGS14|IGS20,2021-09-01,2026-02-12,RNX2SNX,MASJ,110.5
BAMF,40190M001,-2420721.3522,-3439856.1001,4778532.7597,48.8353288,-125.1351051,10.782,2,0.00,,1,,ITRF2014_0,2010-01-01,2010-01-01,REFERENCE,UCLU,31463.9
BAN2,22306M003,1344087.8537,6068610.2623,1429291.7907,13.0343171,77.5116151,831.870,60,0.55,,1,,IGS08|IGb08|ITRF00|ITRF2005|ITRF2014_0,2000-01-01,2017-10-07,RNX2SNX,IISC,6539.4
BANC,,-3017226.5716,4934851.3408,2678852.2396,24.9976559,121.4421096,31.023,96,0.33,,1,,ITRF00|ITRF2005|WGS-84,2000-01-01,2017-10-07,RNX2SNX,GS13,2679.1
BANI,,-3599863.2935,5199829.6765,827669.2526,7.5056287,124.6950136,491.162,8,4.96,,1,,ITRF2005,2014-09-22,2014-09-23,GPSEST,KIBU,23734.5
BAR1,49656M001,-2584163.1269,-4656252.7518,3498534.2793,33.4804521,-119.0297370,14.799,2,0.00,,1,,ITRF2014_0,2010-01-01,2010-01-01,REFERENCE,CAT1,50970.1
BARA,,-3110440.7636,5286247.0051,1744023.5555,15.9744282,120.4726603,57.580,8,6.66,,1,,ITRF2005,2011-02-24,2014-04-18,GPSEST,URDT,10968.5
BARB,43401S001,3143384.5334,-5359714.6071,1434871.5495,13.0879144,-59.6090776,-38.608,62,0.09,yes,2,12350808.1,IGS00|IGS97|ITRF00|ITRF2005|ITRF97,1997-01-01,2017-10-07,RNX2SNX,LMMF,224221.4
BARG,20702M002,4443959.3999,3121952.9972,3334710.2660,31.7225253,35.0886586,780.946,9,0.12,,1,,IGS00|IGS97|ITRF97,1997-01-01,2000-01-01,REFERENCE,7530,19.0
BARH,49927S001,1693644.5207,-4239067.5986,4439567.3422,44.3950492,-68.2216942,6.755,758,0.43,,1,,IGS08|IGS14|IGS14_0|IGS20|IGS20_0|IGb08|ITRF00|ITRF2005|ITRF2014_0,2000-01-01,2026-02-12,RNX2SNX,EPRT,113004.8
BASC,,-3165507.0858,5071884.6174,2214470.4792,20.4500661,121.9694568,58.478,2637,150.46,yes,14,35675.5,IGS14|IGS20|ITRF2005,2012-01-01,2026-02-12,RNX2SNX,BTS3,1474.3
BATC,,-3084053.0099,5223261.0180,1965097.9163,18.0635945,120.5595521,65.998,1510,6.65,yes,15,34228.3,IGS14|IGS20|ITRF2005,2012-02-19,2026-02-12,RNX2SNX,GABU,14175.3
BATO,,-3580054.6232,5154010.7625,1136778.7955,10.3354108,124.7844344,75.382,619,0.09,,1,,IGS14|IGS20,2021-09-01,2026-02-12,RNX2SNX,SOLB,4882.3
BATU,,-3463908.4515,5178133.6428,1362914.0514,12.4207512,123.7805126,90.274,56,0.01,,1,,IGS14|IGS20,2025-01-02,2026-02-12,RNX2SNX,MAD1,6021.4
BAY1,49804S001,-3484297.3464,-1084760.1647,5213545.5872,55.1902707,-162.7071596,50.469,2,0.00,,1,,ITRF2014_0,2010-01-01,2010-01-01,REFERENCE,BAY2,30.0
BAY2,49804S002,-3484277.0787,-1084780.1922,5213554.9251,55.1904174,-162.7067647,50.488,2,0.00,,1,,ITRF2014_0,2010-01-01,2010-01-01,REFERENCE,BAY1,30.0
BAYA,,-3180969.9357,5289504.7960,1602156.2308,14.6450814,121.0216013,78.639,52,0.00,,1,,ITRF00,2017-09-30,2017-10-07,RNX2SNX,PIVS,4075.6
BAYB,,-3577354.4625,5147501.6534,1173931.6930,10.6770152,124.7981057,79.172,56,0.01,,1,,IGS14|IGS20,2025-01-02,2026-02-12,RNX2SNX,BYBY,7466.4
BCOV,40145M001,-2435249.3540,-3250219.0030,4901513.0943,50.5442809,-126.8426428,37.340,2,0.00,,1,,ITRF2014_0,2010-01-01,2010-01-01,REFERENCE,HOLB,92138.9
BEA2,10079S001,4701531.6969,257646.5862,4288042.6853,42.5153240,3.1367036,108.153,2,0.00,,1,,ITRF2014_0,2010-01-01,2010-01-01,REFERENCE,BEAR,0.0
BEAR,10079M001,4701531.7012,257646.5787,4288042.6854,42.5153240,3.1367035,108.156,2,0.00,,1,,ITRF2014_0,2010-01-01,2010-01-01,REFERENCE,BEA2,0.0
BEGN,,-2860718.0268,4959990.4935,2800526.9033,26.2156240,119.9745758,30.570,53,0.00,,1,,ITRF00|ITRF2005,2000-01-01,2017-10-07,RNX2SNX,MZUM,7691.0
BELE,41622M001,4228139.0112,-4772752.1043,-155761.2438,-1.4087942,-48.4625500,9.065,2,0.00,,1,,ITRF2014_0,2010-01-01,2010-01-01,REFERENCE,MAPA,334493.4
BELL,13431M001,4775849.3375,116814.4631,4213019.0272,41.5996190,1.4011417,853.409,2,0.00,,1,,ITRF2014_0,2010-01-01,2010-01-01,REFERENCE,LLIV,108482.4
BGB1,,-3183655.2708,5253857.7058,1710162.2300,15.6560543,121.2144074,189.320,197,69.10,,1,,ITRF2005|WGS-84,2000-04-09,2011-02-21,GPSEST,PLYN,16020.9
BHR1,24901M002,3633908.1275,4425275.7362,2799862.0386,26.2091469,50.6081522,-17.085,703,0.88,,1,,IGS14|IGS14_0|IGS20|IGS20_0|IGb08|ITRF2014_0,2005-01-01,2026-02-12,RNX2SNX,BHR2,0.0
BHR2,24901M002,3633908.1273,4425275.7358,2799862.0389,26.2091469,50.6081522,-17.086,630,0.88,,1,,IGS08|IGS14|IGS14_0|IGS20|IGb08|ITRF2014_0,2005-01-01,2026-02-12,RNX2SNX,BHR1,0.0
BHR4,24901S002,3633909.9709,4425277.9370,2799863.4437,26.2091468,50.6081519,-13.889,268,0.45,,1,,IGS20|IGS20_0,2015-01-01,2025-07-19,RNX2SNX,BAHR,3.2
BIAZ,10074M002,4634456.1699,-124345.1638,4365785.3578,43.4719643,-1.5369105,121.414,2,0.00,,1,,ITRF2014_0,2010-01-01,2010-01-01,REFERENCE,SCOA,14493.6
BICA,,-3456565.6902,5159015.3587,1451286.9285,13.2397021,123.8222799,241.634,74,0.05,,1,,ITRF2005,2012-10-29,2012-12-19,GPSEST,SANA,4713.1
BILB,12363M002,-2323080.8552,559721.8192,5894110.9919,68.0653131,166.4533827,315.766,2,0.00,,1,,ITRF2014_0,2010-01-01,2010-01-01,REFERENCE,BILI,1373.9
BILI,12363M001,-2321893.5027,560096.7656,5894691.6362,68.0761259,166.4379670,456.136,766,0.65,yes,2,6638359.2,IGS00|IGS08|IGS14|IGS14_0|IGS20|IGS20_0|IGS97|IGb08|ITRF00|ITRF2005|ITRF2014_0,1997-01-01,2026-02-12,RNX2SNX,BILB,1373.9
BIN1,22719M001,-2497850.0567,5857731.7118,358111.9569,3.2403175,113.0943371,58.997,2,0.00,,1,,ITRF2014_0,2010-01-01,2010-01-01,REFERENCE,BINT,3817.3
BINT,22702M001,-2495021.5869,5858781.5036,360450.6158,3.2615061,113.0672223,48.768,2,0.00,,1,,ITRF2014_0,2010-01-01,2010-01-01,REFERENCE,BIN1,3817.3
BIS1,49834S001,-2494921.2312,-2448390.8682,5317113.5441,56.8544923,-135.5392973,66.606,2,0.00,,1,,ITRF2014_0,2010-01-01,2010-01-01,REFERENCE,BIS5,0.2
BIS5,49834M001,-2494921.2876,-2448390.9203,5317113.6801,56.8544923,-135.5392973,66.762,2,0.00,,1,,ITRF2014_0,2010-01-01,2010-01-01,REFERENCE,BIS1,0.2
BJCO,32701M001,6333076.4207,270973.8905,704552.3665,6.3846672,2.4500251,30.704,700,0.45,,1,,IGS14|IGS14_0|IGS20|IGS20_0|ITRF2014_0,2010-01-01,2026-02-12,RNX2SNX,DJOU,375924.5
BJFS,21601M001,-2148744.7323,4426641.1393,4044655.7724,39.6085993,115.8924927,87.482,766,0.90,,1,,IGS00|IGS08|IGS14|IGS14_0|IGS20|IGS20_0|IGS97|IGb08|ITRF00|ITRF2005|ITRF2014_0,1997-01-01,2026-02-12,RNX2SNX,7357,99.1
BJNM,21616M001,-2154287.9406,4373439.9427,4098885.5460,40.2453233,116.2241342,109.122,625,0.49,,1,,IGS14|IGS14_0|IGS20|ITRF2014_0,2010-01-01,2026-02-12,RNX2SNX,BJFS,76170.6
BLN2,,-3052606.3791,5305490.5013,1786994.4100,16.3787168,119.9147202,68.509,619,4.84,,1,,IGS14|IGS20,2021-09-01,2026-02-12,RNX2SNX,BLNA,5.2
BLNA,,-3052603.2047,5305493.0194,1786991.2082,16.3786875,119.9146826,68.182,1592,15.99,yes,12,34413.8,IGS14|IGS20|ITRF2005,2012-01-01,2026-02-12,RNX2SNX,BLN2,5.2
BLUF,50234M001,-4300030.6627,891113.1789,-4610274.6392,-46.5850615,168.2920834,124.625,2,0.00,,1,,ITRF2014_0,2010-01-01,2010-01-01,REFERENCE,OUSD,188736.2
BLYT,40479M001,-2223206.7791,-4830299.7967,3510587.5694,33.6104147,-114.7148514,85.914,2,0.00,,1,,ITRF2014_0,2010-01-01,2010-01-01,REFERENCE,7894,88407.5
BMHG,19833M001,4134869.4183,-132082.4577,4838513.8869,49.6592020,-1.8296092,231.254,2,0.00,,1,,ITRF2014_0,2010-01-01,2010-01-01,REFERENCE,HEAU,9499.6
BNBA,,-3157541.4379,5263403.8429,1729091.1155,15.8337085,120.9597473,216.455,88,6.70,,1,,ITRF2005,2008-08-22,2014-04-14,GPSEST,MUNZ,10066.6
BNDY,50185M001,-5125977.2286,2688801.3540,-2669890.7077,-24.9082212,152.3210060,80.017,2,0.00,,1,,ITRF2014_0,2010-01-01,2010-01-01,REFERENCE,RSBY,248381.5
BNOR,,-3436567.7508,5267745.9142,1055869.1327,9.5927186,123.1195925,69.492,12,0.06,,1,,ITRF2005,2012-04-17,2012-04-19,GPSEST,PMPL,13193.0
BOAC,,-3273339.0700,5270762.8062,1473522.2991,13.4466123,121.8418137,75.153,619,0.10,,1,,IGS14|IGS20,2021-09-01,2026-02-12,RNX2SNX,SIBA,20958.8
BOAV,41636M001,3117452.1404,-5555487.8886,314481.0473,2.8451851,-60.7011158,69.517,270,0.19,,1,,IGS20|IGS20_0|ITRF2014_0,2010-01-01,2025-07-19,RNX2SNX,NAUS,652557.2
BOGO,12207M002,3633739.0603,1397434.0536,5035353.4199,52.4759470,21.0353422,149.605,64,0.25,,1,,IGS00|IGS97|ITRF00|ITRF2005|ITRF2014_0|ITRF97,1997-01-01,2017-10-07,RNX2SNX,JOZ2,42075.0
BOGT,41901M001,1744399.0750,-6116037.7134,512731.6608,4.6400721,-74.0809396,2576.930,69,0.47,,1,,IGS00|IGS08|IGS97|IGb08|ITRF00|ITRF2005|ITRF2014_0|ITRF97,1997-01-01,2017-10-07,RNX2SNX,CUCU,401165.2
BOLI,,-3050565.4391,5306402.7416,1787722.1024,16.3856034,119.8939019,56.222,81,5.49,,1,,ITRF2005,2006-12-06,2010-04-21,GPSEST,BLNA,2348.3
BOMJ,41612M001,4510195.8181,-4268322.3660,-1453035.1646,-13.2555572,-43.4217356,419.385,2,0.00,,1,,ITRF2014_0,2010-01-01,2010-01-01,REFERENCE,SSA1,532655.7
BONG,,-3410175.5246,5289856.6219,1030744.3054,9.3624231,122.8083834,66.055,16,7.39,,1,,ITRF2005,2012-04-18,2014-05-21,GPSEST,PMPL,36473.8
BONT,,-3139264.0986,5229171.7544,1862703.8466,17.0907537,120.9779424,911.704,1161,1.31,,1,,IGS14|IGS20|ITRF2005,2012-02-22,2026-02-12,RNX2SNX,MPV1,1028.3
BOR1,12205M002,3738358.1034,1148174.0290,5021815.9465,52.2769595,17.0734624,124.353,767,0.72,,1,,IGS00|IGS08|IGS14|IGS14_0|IGS20|IGS20_0|IGS97|IGb08|ITRF00|ITRF2005|ITRF2014_0|ITRF97,1997-01-01,2026-02-12,RNX2SNX,BORO,76.7
BORJ,14268M002,3769402.9179,440564.3124,5109099.1291,53.5789083,6.6664312,53.032,2,0.00,,1,,ITRF2014_0,2010-01-01,2010-01-01,REFERENCE,BORK,5629.7
BORK,14268M001,3770134.4388,446054.5365,5108091.1634,53.5636429,6.7474479,54.211,2,0.00,,1,,ITRF2014_0,2010-01-01,2010-01-01,REFERENCE,TGBF,692.6
BORO,12205S001,3738332.8442,1148246.4983,5021816.0228,52.2769803,17.0745860,122.658,9,0.08,,1,,IGS00|IGS97|ITRF97,1997-01-01,2000-01-01,REFERENCE,7811,0.2
BOST,,-3747775.1125,5087133.1391,867096.6578,7.8658505,126.3796887,81.055,619,0.24,,1,,IGS14|IGS20,2021-09-01,2026-02-12,RNX2SNX,SOMK,11178.0
BR14,,-3107639.1723,5230020.3340,1909770.2285,17.5383711,120.7184665,133.625,12,8.95,,1,,ITRF2005,2011-02-20,2014-04-15,GPSEST,AB14,0.2
BRAN,40400M301,-2502254.8276,-4651654.0496,3563569.3113,34.1848945,-118.2770509,246.226,2,0.00,,1,,ITRF2014_0,2010-01-01,2010-01-01,REFERENCE,LEEP,6941.1
BRAZ,41606M001,4115014.0632,-4550641.6635,-1741443.7089,-15.9474725,-47.8778698,1106.003,767,0.40,,1,,IGS00|IGS08|IGS14|IGS14_0|IGS20|IGS20_0|IGS97|IGb08|ITRF00|ITRF2005|ITRF2014_0|ITRF97,1997-01-01,2026-02-12,RNX2SNX,BOMJ,564847.1
BRDE,,-3047460.2617,5005537.2952,2509546.8654,23.3217799,121.3337996,161.067,53,0.00,,1,,ITRF00|ITRF2005,2000-01-01,2017-10-07,RNX2SNX,LAHR,608.6
BRDW,,-3046532.1374,5006011.5673,2509731.9055,23.3235911,121.3236373,163.201,53,0.00,,1,,ITRF00|ITRF2005,2000-01-01,2017-10-07,RNX2SNX,COCN,671.8
BREW,40473M001,-2112007.4438,-3705351.8227,4726826.9932,48.1315221,-119.6826372,238.592,758,0.41,,1,,IGS08|IGS14|IGS14_0|IGS20|IGS20_0|IGb08|ITRF00|ITRF2005|ITRF2014_0,2000-01-01,2026-02-12,RNX2SNX,DRAO,132529.0
BRFT,41602M002,4985393.4824,-3954993.4986,-428426.4238,-3.8774442,-38.4255381,21.666,705,0.30,,1,,IGS08|IGS14|IGS14_0|IGS20|IGS20_0|IGb08|ITRF2014_0,2005-01-01,2026-02-12,RNX2SNX,FORT,8.7
BRG1,,-3079723.4912,5207370.7681,2013092.7647,18.5203399,120.6007581,49.377,491,115.90,,1,,ITRF2005|WGS-84,1996-03-13,2010-04-16,GPSEST,BRGC,1.8
BRGC,,-3079722.3549,5207371.5773,2013093.8731,18.5203490,120.6007450,49.841,1314,5.33,yes,2,430798.6,IGS14|IGS20|ITRF2005,2012-02-17,2026-02-12,RNX2SNX,BRG1,1.8
BRIB,49395M001,-2681173.3760,-4265460.3168,3898551.9418,37.9194048,-122.1525541,262.253,2,0.00,,1,,ITRF2014_0,2010-01-01,2010-01-01,REFERENCE,P224,8497.7
BRMU,42501S004,2304703.2030,-4874817.1701,3395187.0900,32.3704004,-64.6962757,-11.650,772,0.44,,1,,IGS00|IGS08|IGS14|IGS14_0|IGS20|IGS20_0|IGS97|IGb08|ITRF00|ITRF2005|ITRF2014_0|ITRF97,1997-01-01,2026-02-12,RNX2SNX,7067,4204.8
BRO1,50176M003,-3234207.7492,5134028.8852,-1958815.7539,-18.0039731,122.2090866,42.248,2,0.00,,1,,ITRF2014_0,2010-01-01,2010-01-01,REFERENCE,KARR,629436.7
BRST,10004M004,4231162.3422,-332746.3181,4745131.1364,48.3804967,-4.4965900,65.813,767,0.70,,1,,IGS00|IGS08|IGS14|IGS14_0|IGS20|IGS20_0|IGS97|IGb08|ITRF00|ITRF2005|ITRF2014_0|ITRF97,1997-01-01,2026-02-12,RNX2SNX,7604,3090.8
BRU1,49840S001,1578684.9514,-4324849.9564,4399278.2050,43.8898171,-69.9465768,1.902,2,0.00,,1,,ITRF2014_0,2010-01-01,2010-01-01,REFERENCE,POR4,109931.6
BRUS,13101M004,4027893.4732,307046.1750,4919475.3335,50.7978210,4.3592244,149.686,767,0.69,,1,,IGS00|IGS08|IGS14|IGS14_0|IGS20|IGS20_0|IGS97|IGb08|ITRF00|ITRF2005|ITRF2014_0|ITRF97,1997-01-01,2026-02-12,RNX2SNX,BRUX,54.3
BRUX,13101M010,4027881.3045,306998.8382,4919499.0771,50.7980654,4.3585681,158.143,700,0.37,,1,,IGS14|IGS14_0|IGS20|IGS20_0|ITRF2014_0,2010-01-01,2026-02-12,RNX2SNX,BRUS,54.3
BSCS,,-3229722.9348,5176922.6362,1851454.9331,16.9865441,121.9587717,156.286,27,8.39,,1,,ITRF2005,2009-12-08,2014-04-11,GPSEST,SMDS,39851.8
BSHM,20705M001,4395951.0399,3080707.3134,3433498.3716,32.7789885,35.0229885,225.068,700,0.46,,1,,IGS14|IGS14_0|IGS20|IGS20_0|ITRF2014_0,2010-01-01,2026-02-12,RNX2SNX,KABR,29354.7
BSLN,,-3354315.7365,5373981.8928,739625.6082,6.7038278,121.9714606,95.376,619,0.09,,1,,IGS14|IGS20,2021-09-01,2026-02-12,RNX2SNX,SINA,25221.0
BTNG,23105M002,-3674585.7660,5210904.5650,159093.4090,1.4389234,125.1904321,74.993,619,0.31,,1,,IGS14|IGS20,2021-09-01,2026-02-12,RNX2SNX,MASM,489519.8
BTS3,,-3165153.0531,5072626.8591,2213246.8515,20.4383145,121.9628128,45.473,342,80.83,,1,,ITRF2005|WGS-84,1997-05-14,2011-10-22,GPSEST,BASC,1474.3
BTU2,,-3667795.2461,5123500.4054,986049.4404,8.9530662,125.5979980,93.518,619,0.16,,1,,IGS14|IGS20,2021-09-01,2026-02-12,RNX2SNX,BTUN,1.7
BTUN,,-3667794.1626,5123499.2943,986048.7592,8.9530622,125.5979959,91.897,1871,171.01,yes,18,53959.4,IGS14|IGS20|ITRF2005,2014-03-02,2026-02-12,RNX2SNX,BTU2,1.7
BUCA,,-3239594.9029,5277275.9601,1523628.3557,13.9126994,121.5447797,84.164,215,8.38,,1,,ITRF2005,2006-12-02,2014-04-09,GPSEST,PCAN,16141.9
BUCU,11401M001,4093760.5197,2007794.1643,4445130.1811,44.4639471,26.1257466,143.243,758,0.67,,1,,IGS08|IGS14|IGS14_0|IGS20|IGS20_0|IGb08|ITRF00|ITRF2005|ITRF2014_0,2000-01-01,2026-02-12,RNX2SNX,SOFI,306072.1
BUDP,10101M003,3513638.1732,778956.4716,5248216.4777,55.7390202,12.5000255,94.027,2,0.00,,1,,ITRF2014_0,2010-01-01,2010-01-01,REFERENCE,GESR,134765.2
BUE1,41505S007,2745499.0525,-4483636.5434,-3599054.4917,-34.5737012,-58.5192993,48.656,5,0.07,,1,,IGb08|ITRF2014_0,2005-01-01,2010-01-01,REFERENCE,BUE2,0.0
BUE2,41505S007,2745499.0525,-4483636.5434,-3599054.4917,-34.5737012,-58.5192993,48.656,7,0.07,,1,,IGS08|IGb08|ITRF2014_0,2005-01-01,2010-01-01,REFERENCE,BUE1,0.0
BUEN,,-3285842.6125,5268429.7306,1454060.2126,13.2657986,121.9511870,80.124,56,0.01,yes,2,12443364.6,IGS14|IGS20,2025-01-02,2026-02-12,RNX2SNX,SIBA,4295.3
BUG2,,-3130299.3942,5246532.9020,1832215.8521,16.8001805,120.8220569,1871.983,56,0.01,,1,,IGS14|IGS20,2025-01-02,2026-02-12,RNX2SNX,BUGS,14.7
BUGS,,-3130305.9326,5246531.7761,1832202.7828,16.8000613,120.8221149,1870.487,1259,0.82,,1,,IGS14|IGS20|ITRF2005,2012-01-01,2026-02-12,RNX2SNX,BUG2,14.7
BULA,,-3241800.5150,5322630.6813,1352605.9340,12.3253938,121.3439151,71.277,619,0.09,,1,,IGS14|IGS20,2021-09-01,2026-02-12,RNX2SNX,JOSE,30213.2
BUR2,50144M003,-3989420.5257,2699532.8629,-4166620.2079,-41.0500645,145.9148520,3.814,2,0.00,,1,,ITRF2014_0,2010-01-01,2010-01-01,REFERENCE,7370,3122.4
BURA,,-3582315.9243,5136582.1149,1206240.4975,10.9743032,124.8923958,129.631,56,0.01,,1,,IGS14|IGS20,2025-01-02,2026-02-12,RNX2SNX,BURN,5.0
BURG,,-3264622.2203,5261645.8447,1524172.2515,13.9178118,121.8178009,62.798,210,8.60,,1,,ITRF2005,2006-12-02,2014-04-09,GPSEST,ATIM,13387.5
BURN,,-3582318.5623,5136586.2926,1206241.0109,10.9742993,124.8923937,134.574,563,0.09,,1,,IGS14|IGS20,2021-09-01,2025-12-31,RNX2SNX,BURA,5.0
BYBY,,-3576225.7971,5146602.0443,1181257.2122,10.7444107,124.7943260,81.883,619,0.10,,1,,IGS14|IGS20,2021-09-01,2026-02-12,RNX2SNX,BAYB,7466.4
BYSP,82009M001,2446754.5383,-5537376.0175,2001281.1522,18.4078367,-66.1611993,49.224,2,0.00,,1,,ITRF2014_0,2010-01-01,2010-01-01,REFERENCE,ZSU1,17910.4
BZRG,12751M001,4312657.1910,864635.0224,4603844.6809,46.4990268,11.3368022,329.151,273,0.76,,1,,IGS20|IGS20_0|IGS97|ITRF97,1997-01-01,2025-07-19,RNX2SNX,HFLK,90597.7
CABANATUAN,,-3161426.5074,5274258.8844,1688188.4249,15.4502125,120.9387579,76.833,35,2.90,,1,,ITRF2005,2008-12-01,2008-12-07,GPSEST,PCABNATUAN,0.0
CABL,49763M001,-2657528.4938,-3857584.2719,4314193.2703,42.8360988,-124.5633461,37.835,2,0.00,,1,,ITRF2014_0,2010-01-01,2010-01-01,REFERENCE,P365,67070.5
CABN,,-3162959.7438,5272334.3854,1691324.0661,15.4796009,120.9602334,82.180,1682,153.63,yes,14,34543.6,IGS14|IGS20|ITRF2005,2012-02-21,2026-02-12,RNX2SNX,CABANATUAN,3985.8
CABU,,-3195781.2585,5292614.0830,1562151.4046,14.2717110,121.1243796,71.606,619,0.09,,1,,IGS14|IGS20,2021-09-01,2026-02-12,RNX2SNX,CENT,12954.2
CAC2,,-3171680.5370,5317810.6060,1525512.2034,13.9302708,120.8129494,71.091,619,0.14,,1,,IGS14|IGS20,2021-09-01,2026-02-12,RNX2SNX,CACA,16.9
CACA,,-3171665.5564,5317817.6601,1525515.6423,13.9303045,120.8127969,70.351,868,14.52,yes,12,34486.6,IGS14|IGS20|ITRF2005,2014-10-11,2026-02-12,RNX2SNX,CAC2,16.9
CACC,49391M001,-2677721.1196,-3942470.2165,4224548.5805,41.7455986,-124.1843008,-21.961,2,0.00,,1,,ITRF2014_0,2010-01-01,2010-01-01,REFERENCE,PTSG,7195.7
CADZ,,-3439268.4647,5233815.4291,1204348.0747,10.9569682,123.3098971,77.563,56,0.01,,1,,IGS14|IGS20,2025-01-02,2026-02-12,RNX2SNX,MVML,52926.6
CAGL,12725M003,4893378.5449,772650.1853,4004182.4090,39.1359148,8.9727576,238.354,767,0.78,,1,,IGS00|IGS08|IGS14|IGS14_0|IGS20|IGS20_0|IGS97|IGb08|ITRF00|ITRF2005|ITRF2014_0|ITRF97,1997-01-01,2026-02-12,RNX2SNX,CAGZ,2.5
CAGS,40147M001,1096349.1317,-4335060.6002,4533255.1842,45.5850206,-75.8073269,234.942,55,0.17,,1,,ITRF00|ITRF2005|ITRF2014_0,2000-01-01,2017-10-07,RNX2SNX,NRC1,20423.1
CAGZ,12725M004,4893379.7007,772650.8755,4004180.2812,39.1358929,8.9727634,237.980,687,0.68,,1,,IGS00|IGS08|IGS14|IGS14_0|IGS20|IGb08|ITRF00|ITRF2005|ITRF2014_0,2000-01-01,2026-02-12,RNX2SNX,CAGL,2.5
CALA,,-3212679.0059,5308998.9071,1469742.4476,13.4115062,121.1797420,66.256,98,16.10,,1,,ITRF2005,1996-04-19,1997-04-08,GPSEST,BACO,10685.0
CALB,,-3447478.4544,5163752.9554,1456645.5572,13.2891538,123.7282783,386.940,108,5.23,,1,,ITRF2005,2005-06-28,2009-06-30,GPSEST,VMSM,4134.2
CALI,,-3366527.6835,5276786.2810,1222326.4579,11.1224905,122.5373974,117.718,97,6.01,,1,,ITRF2005,2010-07-26,2014-05-14,GPSEST,PTTN,22704.3
CALL,42205M001,1387454.2104,-6081996.1894,-1324212.1996,-12.0628750,-77.1493198,33.795,2,0.00,,1,,ITRF2014_0,2010-01-01,2010-01-01,REFERENCE,7907,780442.6
CALU,,-3534907.9444,5156950.5715,1257447.8456,11.4463333,124.4292643,71.578,619,0.10,,1,,IGS14|IGS20,2021-09-01,2026-02-12,RNX2SNX,NLCE,432.0
CAM2,40514M001,-56581.3746,-6001449.5637,2151509.1485,19.8444271,-90.5401658,12.179,2,0.00,,1,,ITRF2014_0,2010-01-01,2010-01-01,REFERENCE,ICAM,1663.5
CANB,50103S007,-4446477.0739,2678126.9956,-3696251.2432,-35.6362519,148.9393135,1349.897,9,0.18,,1,,IGS00|IGS97|ITRF97,1997-01-01,2000-01-01,REFERENCE,7843,0.5
CANT,13438M001,4625924.4069,-307096.4159,4365771.4445,43.4719809,-3.7980622,99.250,2,0.00,,1,,ITRF2014_0,2010-01-01,2010-01-01,REFERENCE,PASA,152130.1
CAOT,,-2975992.8120,5014387.9103,2576255.1280,23.9793865,120.6887388,141.723,53,0.00,,1,,ITRF00|ITRF2005,2000-01-01,2017-10-07,RNX2SNX,KZON,3837.3
CARI,,-3559846.1257,5143625.3105,1241651.6333,11.3006841,124.6866795,66.095,88,89.12,yes,2,14578.9,ITRF2005,1995-11-20,2011-04-06,GPSEST,NLCR,2208.2
CARR,40464M001,-2620447.4647,-4460941.2988,3718442.9350,35.8883520,-120.4308408,478.744,2,0.00,,1,,ITRF2014_0,2010-01-01,2010-01-01,REFERENCE,PKDB,11821.2
CART,41902M001,1567348.6498,-6075293.4950,1142850.8622,10.3913348,-75.5338532,4.064,2,0.00,,1,,ITRF2014_0,2010-01-01,2010-01-01,REFERENCE,MARA,428967.7
CAS1,66011M001,-901776.1228,2409383.1768,-5816748.5530,-66.2833612,110.5197067,22.478,772,0.28,,1,,IGS00|IGS08|IGS14|IGS14_0|IGS20|IGS20_0|IGS97|IGb08|ITRF00|ITRF2005|ITRF2014_0|ITRF97,1997-01-01,2026-02-12,RNX2SNX,DUM1,1299937.6
CASA,40437M002,-2444430.5540,-4428687.6190,3875747.3438,37.6446354,-118.8966647,2390.476,2,0.00,,1,,ITRF2014_0,2010-01-01,2010-01-01,REFERENCE,7084,70200.3
CASC,13909S001,4917536.9864,-815726.3100,3965857.3158,38.6934143,-9.4185219,76.023,64,0.25,,1,,IGS00|IGS97|ITRF00|ITRF2005|ITRF2014_0|ITRF97,1997-01-01,2017-10-07,RNX2SNX,LAGO,188870.1
CASI,,-3256472.7414,5186540.1214,1776319.4899,16.2782235,122.1234773,59.382,56,0.01,,1,,IGS14|IGS20,2025-01-02,2026-02-12,RNX2SNX,DINA,23868.6
CASL,49672S001,1107275.1028,-5154173.8728,3578066.6371,34.3446483,-77.8753883,-17.342,2,0.00,,1,,ITRF2014_0,2010-01-01,2010-01-01,REFERENCE,SCHY,91128.7
CAT1,40488M001,-2540622.3391,-4682555.2125,3495319.4369,33.4457725,-118.4830088,3.895,2,0.00,,1,,ITRF2014_0,2010-01-01,2010-01-01,REFERENCE,CAT2,20356.3
CAT2,49728M001,-2532493.8456,-4696708.4798,3483154.3328,33.3116168,-118.3338168,477.238,2,0.00,,1,,ITRF2014_0,2010-01-01,2010-01-01,REFERENCE,CAT1,20356.3
CATA,,-3488220.1323,5173542.9001,1318019.7167,12.0054812,123.9895051,115.839,619,0.45,yes,3,12580854.9,IGS14|IGS20,2021-09-01,2026-02-12,RNX2SNX,MPCK,14813.4
CATM,,-3680527.3371,5120747.3484,952502.5307,8.6461532,125.7066190,84.567,56,0.14,,1,,ITRF2005,2008-09-22,2011-01-27,GPSEST,NOMK,19731.6
CAYN,97302M002,3885112.8381,-5028557.6630,546544.3646,4.9487723,-52.3099747,45.956,2,0.00,,1,,ITRF2014_0,2010-01-01,2010-01-01,REFERENCE,KOUG,40143.2
CBIM,,-3409048.9125,5200441.3224,1414866.3920,12.9021038,123.2460715,71.419,56,0.09,,1,,IGS14|IGS20,2025-01-02,2026-02-12,RNX2SNX,MAA1,7221.9
CCA5,,-3194157.9931,5305608.1903,1522197.7341,13.8988316,121.0493822,328.699,11,7.17,,1,,ITRF2005,2014-04-17,2014-04-18,GPSEST,VTCT,11698.7
CCJ2,21732M002,-4490604.9971,3483895.1647,2884928.3631,27.0675333,142.1950225,104.220,270,0.56,,1,,IGS20|IGS20_0|ITRF2014_0,2010-01-01,2025-07-19,RNX2SNX,P213,2926.9
CCJM,21732S003,-4488925.1800,3483903.6013,2887743.4738,27.0955846,142.1845727,208.803,328,0.76,,1,,IGS08|IGS20|IGS20_0|IGb08|ITRF00|ITRF2005|ITRF2014_0,2000-01-01,2025-07-19,RNX2SNX,P213,1023.3
CCV3,40426M002,921807.0968,-5535343.0354,3021430.7713,28.4602279,-80.5452321,-24.415,2,0.00,,1,,ITRF2014_0,2010-01-01,2010-01-01,REFERENCE,CCV6,38.4
CCV6,40426M003,921785.7479,-5535361.2098,3021404.5434,28.4599578,-80.5454776,-24.236,2,0.00,,1,,ITRF2014_0,2010-01-01,2010-01-01,REFERENCE,CCV3,38.4
CDO2,,-3586246.6002,5190603.3737,934018.6406,8.4771373,124.6410337,91.459,56,0.01,,1,,IGS14|IGS20,2025-01-02,2026-02-12,RNX2SNX,CDOC,18.0
CDOC,,-3586264.1280,5190601.8701,934022.6317,8.4771613,124.6411725,100.678,619,2.83,,1,,IGS14|IGS20,2021-09-01,2026-02-12,RNX2SNX,CDO2,18.0
CEA1,,-3477439.4984,5222652.5788,1141950.8358,10.3829529,123.6571768,70.091,7,0.00,,1,,ITRF2005,1997-06-13,1997-06-13,GPSEST,CEBA,0.7
CEB1,,-3505877.6019,5195154.3337,1179525.4996,10.7285049,124.0128975,65.188,64,6.51,yes,2,389092.0,ITRF2005,2009-11-13,2014-05-14,GPSEST,CEB2,0.7
CEB2,,-3505877.6219,5195154.9655,1179525.7023,10.7285058,124.0128944,65.751,5,2.18,,1,,ITRF2005,2009-11-13,2009-11-13,GPSEST,CEB1,0.7
CEBA,,-3477439.7003,5222653.0892,1141951.2038,10.3829553,123.6571758,70.685,104,25.93,yes,3,726370.0,ITRF2005,1997-06-13,2014-05-15,GPSEST,CEA1,0.7
CEBB,,-3504978.6002,5195237.4933,1181809.9336,10.7495265,124.0056593,64.557,73,45.95,yes,3,125545.1,ITRF2005,1995-11-23,2001-11-21,GPSEST,CEB2,2456.2
CEBC,,-3494942.8136,5193618.2356,1217865.4618,11.0814829,123.9378030,67.122,72,8.44,,1,,ITRF2005,2009-11-12,2012-04-14,GPSEST,PBOG,5934.7
CEBD,,-3504769.2288,5190570.2921,1202672.8114,10.9415458,124.0279507,75.699,46,10.41,,1,,ITRF2005,2011-04-26,2014-05-11,GPSEST,PBOG,12771.6
CEBR,13408M001,4846664.7810,-370194.9007,4116929.7078,40.4534314,-4.3678492,775.798,270,0.38,,1,,IGS20|IGS20_0|ITRF2014_0,2010-01-01,2025-07-19,RNX2SNX,MADR,10384.6
CEDU,50138M001,-3753473.4281,3912741.0372,-3347959.4312,-31.8666548,133.8098364,144.721,772,1.89,,1,,IGS00|IGS08|IGS14|IGS14_0|IGS20|IGS20_0|IGS97|IGb08|ITRF00|ITRF2005|ITRF2014_0|ITRF97,1997-01-01,2026-02-12,RNX2SNX,SA45,394659.2
CEFE,41637M001,4562488.4894,-3871935.8351,-2200001.4517,-20.3107933,-40.3194552,14.288,2,0.00,,1,,ITRF2014_0,2010-01-01,2010-01-01,REFERENCE,CHPI,550222.7
CEMB,,-3184921.5644,5289771.5120,1593477.6791,14.5640169,121.0517496,83.100,52,0.00,,1,,ITRF00,2017-09-30,2017-10-07,RNX2SNX,PEMB,2325.3
CENT,,-3188856.7291,5296076.3469,1572537.7426,14.3640177,121.0528539,2048.531,53,0.00,yes,2,3436.7,ITRF00|ITRF2005,2000-01-01,2017-10-07,RNX2SNX,TESD,1815.3
CEU1,13449M002,5150907.7882,-478414.6516,3718518.5492,35.8919731,-5.3063897,52.448,2,0.00,,1,,ITRF2014_0,2010-01-01,2010-01-01,REFERENCE,CEUT,635.6
CEUT,13449M001,5150601.7468,-478834.3000,3718884.9270,35.8960530,-5.3113314,51.844,2,0.00,,1,,ITRF2014_0,2010-01-01,2010-01-01,REFERENCE,CEU1,635.6
CFAG,41517S001,2016585.0066,-5050165.7106,-3323308.5699,-31.6021652,-68.2326471,702.546,705,0.24,,1,,IGS08|IGS14|IGS14_0|IGS20|IGS20_0|IGb08|ITRF2014_0,2005-01-01,2026-02-12,RNX2SNX,7406,38505.1
CG95,,-3171496.3430,5161174.2246,1989571.5141,18.2963940,121.5703606,43.042,24,1.94,,1,,ITRF2005,2009-10-09,2009-10-10,GPSEST,APAR,10423.7
CHA1,49851S001,946821.6040,-5284901.5153,3431363.1388,32.7575664,-79.8428754,-29.046,2,0.00,,1,,ITRF2014_0,2010-01-01,2010-01-01,REFERENCE,SCHA,8101.9
CHAB,20405M001,-2685745.0837,-4278240.6379,3881399.5496,37.7241158,-122.1193112,213.957,2,0.00,,1,,ITRF2014_0,2010-01-01,2010-01-01,REFERENCE,WINT,8155.0
CHAN,21611M002,-2674427.8067,3757143.0242,4391521.4800,43.7906843,125.4442065,273.257,700,0.47,,1,,IGS14|IGS14_0|IGS20|IGS20_0|ITRF2014_0,2010-01-01,2026-02-12,RNX2SNX,7237,63.1
CHAT,50207M001,-4590671.6168,-275481.8840,-4404596.0831,-43.9557792,-176.5658525,57.964,772,1.50,,1,,IGS00|IGS08|IGS14|IGS14_0|IGS20|IGS20_0|IGS97|IGb08|ITRF00|ITRF2005|ITRF2014_0|ITRF97,1997-01-01,2026-02-12,RNX2SNX,CHTI,24823.6
CHB1,49856S001,430716.7363,-4445226.4354,4538513.9843,45.6534940,-84.4656469,145.047,2,0.00,,1,,ITRF2014_0,2010-01-01,2010-01-01,REFERENCE,SAG1,230449.6
CHEN,,-3055985.0188,5011702.0056,2486669.0197,23.0974065,121.3735815,60.055,43,0.05,,1,,WGS-84,2000-04-07,2000-04-16,OTHER,CHGO,142.8
CHET,40526M001,179584.7372,-6048080.6600,2010447.3484,18.4952767,-88.2992249,2.951,2,0.00,,1,,ITRF2014_0,2010-01-01,2010-01-01,REFERENCE,ELEN,241290.6
CHGO,,-3056056.0267,5011630.1831,2486769.9404,23.0983310,121.3745383,77.246,53,0.00,,1,,ITRF00|ITRF2005,2000-01-01,2017-10-07,RNX2SNX,CHEN,142.8
CHIA,,-2964473.8591,5046121.1714,2527207.3973,23.4959782,120.4332032,49.631,48,0.04,,1,,WGS-84,2000-04-07,2000-04-16,OTHER,GS18,4321.2
CHIK,,-2940925.6457,5080841.8795,2485025.3282,23.0814019,120.0633935,26.319,53,0.00,,1,,ITRF00|ITRF2005,2000-01-01,2017-10-07,RNX2SNX,ANJH,12242.8
CHIN,49582M001,827227.1829,-5745621.9377,2633858.1161,24.5504794,-81.8071276,-15.157,2,0.00,,1,,ITRF2014_0,2010-01-01,2010-01-01,REFERENCE,KWST,5365.7
CHIZ,10020M001,4427603.1807,-31505.9538,4575621.8564,46.1334636,-0.4076986,113.202,2,0.00,,1,,ITRF2014_0,2010-01-01,2010-01-01,REFERENCE,LROC,62768.7
CHL1,49845S001,1281265.5207,-4811189.0099,3973020.9202,38.7767881,-75.0876880,-13.551,2,0.00,,1,,ITRF2014_0,2010-01-01,2010-01-01,REFERENCE,NJCM,43617.4
CHNL,,-2978743.4379,5044116.9672,2515253.6190,23.3771456,120.5634709,355.318,246,0.12,,1,,WGS-84,1999-03-04,2000-04-16,OTHER,KULN,7710.5
CHPI,41609M003,4164613.9050,-4162457.0118,-2445028.5711,-22.6871434,-44.9851591,617.421,757,0.34,,1,,IGS00|IGS14|IGS14_0|IGS20|IGS20_0|ITRF00|ITRF2005|ITRF2014_0,2000-01-01,2026-02-12,RNX2SNX,NEIA,395470.2
CHR1,49847S001,1234421.3146,-4953339.5016,3810911.1279,36.9270806,-76.0063701,-26.759,2,0.00,,1,,ITRF2014_0,2010-01-01,2010-01-01,REFERENCE,COVX,26287.0
CHT1,49841S001,1635805.9023,-4482177.3119,4218387.5507,41.6712034,-69.9500478,-10.623,2,0.00,,1,,ITRF2014_0,2010-01-01,2010-01-01,REFERENCE,ACU6,78356.8
CHTI,50242M001,-4607856.3580,-272375.1344,-4386954.0448,-43.7354688,-176.6171239,75.661,703,1.08,,1,,IGS14|IGS14_0|IGS20|IGS20_0|IGb08|ITRF2014_0,2005-01-01,2026-02-12,RNX2SNX,CHAT,24823.6
CHUM,25601M001,1228950.2415,4508080.0311,4327868.5532,42.9985017,74.7511054,716.345,758,0.70,,1,,IGS08|IGS14|IGS14_0|IGS20|IGS20_0|IGb08|ITRF00|ITRF2005|ITRF2014_0,2000-01-01,2026-02-12,RNX2SNX,POL2,35731.9
CHUR,40128M002,-236439.2458,-3307616.9944,5430049.3763,58.7590771,-94.0887343,-19.133,767,0.62,,1,,IGS00|IGS08|IGS14|IGS14_0|IGS20|IGS20_0|IGS97|IGb08|ITRF00|ITRF2005|ITRF2014_0|ITRF97,1997-01-01,2026-02-12,RNX2SNX,BAKE,627432.4
CHWK,40142M001,-2215259.9069,-3543996.8380,4802098.6960,49.1566077,-122.0084277,174.021,2,0.00,,1,,ITRF2014_0,2010-01-01,2010-01-01,REFERENCE,SC02,99924.6
CHYI,,-2939615.4082,5062920.7742,2522604.2712,23.4507702,120.1401580,22.975,53,0.00,,1,,ITRF00|ITRF2005,2000-01-01,2017-10-07,RNX2SNX,SWAN,16614.7
CHYN,,-2954201.3666,5057373.7103,2516768.1587,23.3932746,120.2908003,40.251,48,0.04,,1,,WGS-84,2000-04-07,2000-04-16,OTHER,NAGA,15284.0
CIC1,40508M002,-2433176.9415,-4845045.0309,3348295.7801,31.8706771,-116.6657589,64.338,60,0.46,,1,,IGS08|IGb08|ITRF00|ITRF2005|ITRF2014_0,2000-01-01,2017-10-07,RNX2SNX,CICE,168.8
CICE,40508M001,-2433307.8724,-4844962.8597,3348363.4802,31.8712654,-116.6673851,87.627,2,0.00,,1,,ITRF2014_0,2010-01-01,2010-01-01,REFERENCE,CIC1,168.8
CIME,,-2881954.7222,5108394.1154,2497586.4519,23.2046400,119.4299791,54.887,53,0.00,,1,,ITRF00|ITRF2005,2000-01-01,2017-10-07,RNX2SNX,WIAN,40525.2
CISH,,-2982137.7293,5066459.4974,2465495.2947,22.8895937,120.4812320,90.880,53,0.00,,1,,ITRF00|ITRF2005,2000-01-01,2017-10-07,RNX2SNX,NEMN,6601.2
CIT1,40400S201,-2491490.3080,-4660803.1898,3559129.0173,34.1367090,-118.1272861,215.349,2,0.00,,1,,ITRF2014_0,2010-01-01,2010-01-01,REFERENCE,JPLV,8402.6
CK01,,-2956266.1120,5077239.8479,2474278.4148,22.9758909,120.2104679,43.520,269,0.17,,1,,ITRF00|ITRF2005|WGS-84,1999-03-04,2017-10-07,RNX2SNX,ESEQ,2525.1
CKIS,50213M003,-5583182.8429,-2054142.4368,-2292166.0370,-21.2010207,-159.8006225,18.402,700,1.11,,1,,IGS14|IGS14_0|IGS20|IGS20_0|ITRF2014_0,2010-01-01,2026-02-12,RNX2SNX,7121,1045140.3
CKSV,23606M002,-2956619.4610,5075902.1649,2476625.4590,22.9988505,120.2200115,59.655,321,0.79,,1,,IGS20|IGS20_0|ITRF00|ITRF2005,2000-01-01,2025-07-19,RNX2SNX,ESE1,209.1
CLAN,,-3033047.5251,4947156.3585,2639268.1704,24.6022515,121.5120068,453.127,53,0.00,,1,,ITRF00|ITRF2005,2000-01-01,2017-10-07,RNX2SNX,YILN,28517.9
CLAV,,-3121951.1956,5178608.3007,2022180.4754,18.6069305,121.0838945,55.227,1519,5.83,yes,15,34395.8,IGS14|IGS20|ITRF2005,2012-02-17,2026-02-12,RNX2SNX,PANC,17679.8
CLEV,59978M001,-5055209.4391,2546205.7413,-2930071.4624,-27.5261525,153.2665379,66.904,2,0.00,,1,,ITRF2014_0,2010-01-01,2010-01-01,REFERENCE,SUNM,23301.3
CLYN,,-3144960.0375,5137101.1298,2090743.2533,19.2617880,121.4751850,48.363,949,25.76,yes,5,23094.3,IGS14|IGS20|ITRF2005,2014-08-08,2026-02-12,RNX2SNX,CMGN,56956.4
CME1,49894S001,-2746197.2687,-4011270.3574,4115639.4558,40.4417743,-124.3963350,305.508,2,0.00,,1,,ITRF2014_0,2010-01-01,2010-01-01,REFERENCE,P162,30799.8
CMGN,,-3186816.7056,5126361.4848,2053639.2205,18.9071001,121.8672640,47.695,619,0.10,,1,,IGS14|IGS20,2021-09-01,2026-02-12,RNX2SNX,CLYN,56956.4
CMN2,,-3367751.2265,5189308.4337,1547421.6336,14.1344235,122.9827167,54.102,370,91.72,,1,,ITRF2005|WGS-84,1998-02-18,2014-04-14,GPSEST,TLSY,6286.1
CMS2,,-3400681.1294,5179776.2330,1507324.9107,13.7608780,123.2861205,111.538,277,138.88,,1,,ITRF2005|WGS-84,1998-02-18,2011-05-21,GPSEST,N688,7738.9
CMWL,,-3186381.8759,5284626.4649,1607730.4549,14.6969927,121.0880061,148.300,52,0.00,,1,,ITRF00,2017-09-30,2017-10-07,RNX2SNX,MRK2,1249.3
CNC0,40546M001,329976.8761,-5940950.7741,2289437.2500,21.1746531,-86.8209001,-0.204,2,0.00,,1,,ITRF2014_0,2010-01-01,2010-01-01,REFERENCE,UNPM,34250.5
CNCL,50246M001,-4549790.4716,814058.4850,-4382184.7910,-43.6662388,169.8558533,1222.323,2,0.00,,1,,ITRF2014_0,2010-01-01,2010-01-01,REFERENCE,KARA,9153.2
CNJP,,-3334983.6337,5205045.5791,1565297.9676,14.3011042,122.6485525,51.280,7,0.00,,1,,ITRF2005,2010-05-06,2010-05-06,GPSEST,MALA,15565.2
CNMR,50512M001,-5087757.6284,3465029.1261,1664653.9391,15.2296992,145.7430890,64.370,700,0.35,,1,,IGS14|IGS14_0|IGS20|IGS20_0|ITRF2014_0,2010-01-01,2026-02-12,RNX2SNX,GUAM,204539.4
CNNS,10089M001,4595116.2677,565489.6499,4372420.5444,43.5545823,7.0157264,89.851,2,0.00,,1,,ITRF2014_0,2010-01-01,2010-01-01,REFERENCE,7845,23523.6
CNTA,,-3190506.4684,5285871.9909,1595147.5415,14.5796608,121.1148166,61.677,619,1.08,,1,,IGS14|IGS20,2021-09-01,2026-02-12,RNX2SNX,MTDW,2689.9
COCN,,-3045943.4159,5006318.2475,2509835.4278,23.3246068,121.3171614,163.746,53,0.00,,1,,ITRF00|ITRF2005,2000-01-01,2017-10-07,RNX2SNX,BRDW,671.8
COCO,50127M001,-741951.3166,6190961.7408,-1337767.1055,-12.1883375,96.8339775,-35.318,767,2.00,,1,,IGS00|IGS08|IGS14|IGS14_0|IGS20|IGS20_0|IGS97|IGb08|ITRF00|ITRF2005|ITRF2014_0|ITRF97,1997-01-01,2026-02-12,RNX2SNX,XMIS,984535.4
COLA,49378M001,816177.7775,-5224934.0909,3553937.0323,34.0809953,-81.1216763,81.619,2,0.00,,1,,ITRF2014_0,2010-01-01,2010-01-01,REFERENCE,SCCC,181222.5
CONT,41719M004,1492029.7629,-4887961.6316,-3803554.1290,-36.8428444,-73.0254102,173.398,2,0.00,,1,,ITRF2014_0,2010-01-01,2010-01-01,REFERENCE,7405,19.6
CONX,41719M002,1492004.7961,-4887911.2615,-3803640.0008,-36.8437633,-73.0255131,180.502,625,0.35,,1,,IGS14|IGS14_0|IGS20|ITRF2014_0,2010-01-01,2026-02-12,RNX2SNX,CONZ,0.0
CONZ,41719M002,1492004.7959,-4887911.2615,-3803640.0047,-36.8437633,-73.0255131,180.504,762,2.84,,1,,IGS00|IGS08|IGS14|IGS14_0|IGS20|IGS20_0|IGb08|ITRF00|ITRF2005|ITRF2014_0,2000-01-01,2026-02-12,RNX2SNX,CONX,0.0
COPO,41714S001,1907040.8682,-5337379.0625,-2916334.7658,-27.3845260,-70.3382357,479.131,2,0.00,,1,,ITRF2014_0,2010-01-01,2010-01-01,REFERENCE,7401,312302.2
CORC,49578S002,-731659.1003,-5601556.9546,2951108.0933,27.7407973,-97.4416788,-10.397,2,0.00,,1,,ITRF2014_0,2010-01-01,2010-01-01,REFERENCE,ARP7,39236.4
CORD,41511M001,2345503.8581,-4910842.7991,-3316365.3991,-31.5284353,-64.4700484,746.832,61,0.08,,1,,IGS00|IGS97|ITRF00|ITRF2005,1997-01-01,2017-10-07,RNX2SNX,CFAG,357276.8
CORV,49659M001,-2498423.3269,-3802819.9288,4454736.7332,44.5855352,-123.3046049,105.612,2,0.00,,1,,ITRF2014_0,2010-01-01,2010-01-01,REFERENCE,P365,152564.7
COSO,40469M001,-2411148.3027,-4571430.2080,3727461.4486,35.9823433,-117.8088903,1455.150,2,0.00,,1,,ITRF2014_0,2010-01-01,2010-01-01,REFERENCE,GOL2,103694.6
COT1,49469M001,-1933230.5209,-5043635.2662,3381904.1102,32.2244558,-110.9718790,733.192,2,0.00,,1,,ITRF2014_0,2010-01-01,2010-01-01,REFERENCE,7888,60493.9
COTA,,-3628912.2037,5173161.5250,865896.0335,7.8545233,125.0492100,376.361,101,8.20,,1,,ITRF2005,2009-07-20,2014-09-22,GPSEST,MLBY,31231.6
COTB,,-3639559.1147,5180472.7878,772872.3971,7.0063405,125.0900923,346.056,98,6.90,,1,,ITRF2005,2009-07-16,2014-09-27,GPSEST,NCPC,14826.7
COTC,,-3665509.5196,5165980.8097,744746.5193,6.7504658,125.3575166,84.001,99,8.63,yes,2,39660.7,ITRF2005,2009-07-20,2014-09-20,GPSEST,DGOS,662.5
COTD,,-3649432.6265,5187731.3047,669622.2101,6.0668356,125.1253791,133.171,76,9.54,,1,,ITRF2005,2009-07-12,2010-08-13,GPSEST,PGEN,727.3
COTE,,-3597725.5118,5215285.1659,732105.0621,6.6353141,124.5995628,140.054,84,6.62,,1,,ITRF2005,2009-07-16,2014-09-19,GPSEST,MAGU,22208.6
COTF,,-3604168.5975,5220268.0361,661437.0508,5.9924581,124.6219091,81.960,89,5.82,,1,,ITRF2005,2009-07-12,2014-09-23,GPSEST,MASM,43937.0
COTG,,-3561005.5810,5230874.3982,796564.6669,7.2225332,124.2457338,75.857,92,7.83,,1,,ITRF2005,2009-07-13,2014-09-20,GPSEST,BANI,58661.7
COTH,,-3556196.6091,5221376.0065,881391.8006,7.9953854,124.2581582,843.179,54,7.63,yes,2,39252.4,ITRF2005,2010-08-13,2014-09-20,GPSEST,SINH,25500.5
COUD,19868M001,4016631.3522,166529.0934,4935195.0427,51.0229487,2.3741170,56.803,2,0.00,,1,,ITRF2014_0,2010-01-01,2010-01-01,REFERENCE,DGLG,3855.9
COVX,49676S001,1260167.6202,-4948417.2688,3808934.8094,36.9046332,-75.7127008,-1.159,2,0.00,,1,,ITRF2014_0,2010-01-01,2010-01-01,REFERENCE,CHR1,26287.0
COYQ,41715S001,1391587.2520,-4255574.6024,-4527925.8117,-45.5143393,-71.8920806,476.170,279,0.27,,1,,IGS00|IGS08|IGS20|IGS20_0|IGb08|ITRF2014_0,2000-01-01,2025-07-19,RNX2SNX,RWSN,593433.5
CPVG,39601M001,5626883.4568,-2380932.2420,1824484.0665,16.7320639,-22.9349306,94.071,268,0.26,,1,,IGS20|IGS20_0,2015-01-01,2025-07-19,RNX2SNX,TGCV,5685.7
CPXF,49642M001,-2332869.6878,-3696442.6283,4630011.5971,46.8400850,-122.2565194,533.626,2,0.00,,1,,ITRF2014_0,2010-01-01,2010-01-01,REFERENCE,SEAT,90578.4
CRAO,12337M002,3783896.6878,2551404.7305,4441264.4566,44.4132619,33.9909884,365.800,705,0.55,,1,,IGS08|IGS14|IGS14_0|IGS20|IGS20_0|IGb08|ITRF2014_0,2005-01-01,2026-02-12,RNX2SNX,1873,8.9
CRAR,66001M004,-1310643.6204,310590.2081,-6213367.8001,-77.8480433,166.6682410,-19.894,59,0.15,,1,,IGS00|ITRF00|ITRF2005|ITRF2014_0,2000-01-01,2017-10-07,RNX2SNX,MCMU,150.2
CRFP,40481M001,-2410446.8347,-4710490.3611,3550422.5026,34.0390521,-117.0996832,688.819,2,0.00,,1,,ITRF2014_0,2010-01-01,2010-01-01,REFERENCE,MATH,37158.5
CRIS,,-3167495.0623,5259211.4204,1723685.7940,15.7829320,121.0595324,220.580,147,34.61,,1,,ITRF2005|WGS-84,1999-03-09,2014-10-04,GPSEST,PABL,365.4
CRLN,,-3165177.3196,5254434.6180,1742509.1812,15.9596135,121.0640068,282.189,51,6.43,,1,,ITRF2005,2008-08-23,2014-04-08,GPSEST,LUZF,16997.0
CRO1,43201M001,2607771.3621,-5488076.5088,1932768.0387,17.7569007,-64.5843178,-31.978,767,0.50,,1,,IGS00|IGS08|IGS14|IGS14_0|IGS20|IGS20_0|IGS97|IGb08|ITRF00|ITRF2005|ITRF2014_0|ITRF97,1997-01-01,2026-02-12,RNX2SNX,VIKH,23120.0
CRU1,49835M001,-2628781.0595,-4592933.1778,3549529.7837,34.0292601,-119.7848121,702.183,2,0.00,,1,,ITRF2014_0,2010-01-01,2010-01-01,REFERENCE,SRS1,26056.9
CSAR,20713M001,4417211.4135,3080364.7601,3406244.2812,32.4882552,34.8901867,36.594,2,0.00,,1,,ITRF2014_0,2010-01-01,2010-01-01,REFERENCE,BSHM,34567.4
CSES,,-2968045.1500,5078057.1100,2458548.1600,22.8217075,120.3056196,40.752,53,0.00,,1,,ITRF00|ITRF2005,2000-01-01,2017-10-07,RNX2SNX,ANCH,4749.9
CTGN,,-3154328.9229,5328288.6611,1524897.1109,13.9245614,120.6253897,62.862,56,0.01,,1,,IGS14|IGS20,2025-01-02,2026-02-12,RNX2SNX,CACA,20262.9
CTGR,49404M001,1478106.8773,-4562612.6726,4190441.8301,41.3352969,-72.0497171,-19.592,2,0.00,,1,,ITRF2014_0,2010-01-01,2010-01-01,REFERENCE,MNP1,33751.0
CTNU,,-3316906.0795,5239147.9029,1488699.6039,13.5876838,122.3379128,83.697,56,0.08,,1,,IGS14|IGS20,2025-01-02,2026-02-12,RNX2SNX,SIBC,1567.4
CTPU,49403M001,1477963.8785,-4518935.3448,4237355.6573,41.8997007,-71.8891395,55.900,2,0.00,,1,,ITRF2014_0,2010-01-01,2010-01-01,REFERENCE,FMTS,57846.4
CTWN,30305M001,5023564.4298,1677795.6287,-3542025.9580,-33.9514344,18.4685510,83.590,2,0.00,,1,,ITRF2014_0,2010-01-01,2010-01-01,REFERENCE,SIMO,26370.4
CUCU,41904S001,1901228.7127,-6025504.2889,870700.5363,7.8984584,-72.4879396,311.171,2,0.00,,1,,ITRF2014_0,2010-01-01,2010-01-01,REFERENCE,MARA,321279.7
CUIB,41603M001,3430711.3975,-5099641.6153,-1699432.8093,-15.5552618,-56.0698669,237.448,2,0.00,,1,,ITRF2014_0,2010-01-01,2010-01-01,REFERENCE,ILHA,735294.5
CUPR,82008M001,2532816.0859,-5502313.6379,1990709.1210,18.3074390,-65.2825157,-30.405,2,0.00,,1,,ITRF2014_0,2010-01-01,2010-01-01,REFERENCE,STVI,32765.7
CUSV,21904S001,-1132915.0066,6092528.7366,1504633.2353,13.7359139,100.5339234,74.466,2661,632.30,yes,25,53568.6,IGS14|IGS20|IGS20_0|ITRF2005|ITRF2014_0,2010-01-01,2026-02-12,RNX2SNX,GETI,847673.1
CUYP,,-3131847.8269,5279356.9134,1726757.7440,15.8120983,120.6774882,96.873,50,8.00,,1,,ITRF2005,2009-10-17,2014-04-18,GPSEST,URDT,22484.5
CZTG,91301M002,2719994.7765,3463392.6608,-4598612.9392,-46.4318965,51.8554828,202.790,268,0.05,,1,,IGS20|IGS20_0,2015-01-01,2025-07-19,RNX2SNX,MARN,1069699.4
DA60,31509M001,4774314.7338,4016274.5127,1324730.4485,12.0661182,40.0713968,834.591,2,0.00,,1,,ITRF2014_0,2010-01-01,2010-01-01,REFERENCE,DJIG,308345.9
DAEJ,23902M002,-3120042.0738,4084614.7974,3764026.8188,36.3994281,127.3744806,116.775,5862,264.21,yes,14,33473.8,IGS00|IGS08|IGS14|IGS14_0|IGS20|IGS20_0|IGS97|IGb08|ITRF00|ITRF2005|ITRF2014_0,1997-01-01,2026-02-12,RNX2SNX,TAEJ,2875.9
DAKA,34106M001,5886683.1515,-1852122.7259,1606372.5728,14.6845478,-17.4651006,46.178,327,0.67,,1,,IGS00|IGS20|IGS20_0|ITRF00|ITRF2005|ITRF2014_0,2000-01-01,2025-07-19,RNX2SNX,DAKR,4909.6
DAKR,34108M001,5886533.4936,-1849181.3247,1610300.6562,14.7212375,-17.4394631,51.785,270,0.40,,1,,IGS20|IGS20_0|ITRF2014_0,2010-01-01,2025-07-19,RNX2SNX,DAKA,4909.6
DARM,50184M001,-4078219.2743,4709437.7299,-1363264.3994,-12.4240084,130.8914936,83.059,2,0.00,,1,,ITRF2014_0,2010-01-01,2010-01-01,REFERENCE,DARR,53316.7
DARR,50134M001,-4091359.8032,4684606.3420,-1408578.8149,-12.8436939,131.1327461,125.101,689,2.00,,1,,IGS00|IGS14|IGS14_0|IGS20|IGS97|IGb08|ITRF00|ITRF2005|ITRF2014_0,1997-01-01,2026-02-12,RNX2SNX,DARW,1.1
DARW,50134M001,-4091359.2581,4684606.5737,-1408579.6855,-12.8437020,131.1327409,125.115,4832,132.39,yes,24,205250.5,IGS00|IGS08|IGS14|IGS14_0|IGS20|IGS20_0|IGS97|IGb08|ITRF00|ITRF2005|ITRF2014_0|ITRF97,1995-11-14,2026-02-12,RNX2SNX,DARR,1.1
DAV1,66010M001,486854.5952,2285099.1398,-5914955.7100,-68.5773240,77.9726118,44.374,772,0.18,,1,,IGS00|IGS08|IGS14|IGS14_0|IGS20|IGS20_0|IGS97|IGb08|ITRF00|ITRF2005|ITRF2014_0|ITRF97,1997-01-01,2026-02-12,RNX2SNX,DAVR,0.0
DAVR,66010M001,486854.5952,2285099.1392,-5914955.7099,-68.5773240,77.9726117,44.373,694,0.17,,1,,IGS00|IGS14|IGS14_0|IGS20|IGS97|IGb08|ITRF00|ITRF2005|ITRF2014_0,1997-01-01,2026-02-12,RNX2SNX,DAV1,0.0
DAWU,,-3030190.3449,5065075.1507,2409355.2867,22.3405978,120.8900495,41.046,53,0.00,,1,,ITRF00|ITRF2005,2000-01-01,2017-10-07,RNX2SNX,FALI,30657.3
DCHU,,-3045318.3451,5012496.9210,2498534.8734,23.2131975,121.2805715,251.241,53,0.00,,1,,ITRF00|ITRF2005,2000-01-01,2017-10-07,RNX2SNX,T103,6583.8
DEAR,30316M001,5017617.2911,2233214.8268,-3234696.1690,-30.6652071,23.9926395,1321.711,2,0.00,,1,,ITRF2014_0,2010-01-01,2010-01-01,REFERENCE,SUTV,357095.8
DELF,13502M004,3924687.5639,301132.8620,5001910.8918,51.9861188,4.3875856,74.371,9,0.08,,1,,IGS00|IGS97|ITRF97,1997-01-01,2000-01-01,REFERENCE,DLFT,11.6
DENT,13112M001,4020711.6185,238850.9663,4928949.5529,50.9337046,3.3996689,63.902,5,0.02,,1,,IGS97|ITRF97,1997-01-01,1997-01-01,REFERENCE,OOST,46607.8
DGAR,30802M001,1916268.5353,6029977.8183,-801719.2396,-7.2696792,72.3702475,-64.940,772,1.64,,1,,IGS00|IGS08|IGS14|IGS14_0|IGS20|IGS20_0|IGS97|IGb08|ITRF00|ITRF2005|ITRF2014_0|ITRF97,1997-01-01,2026-02-12,RNX2SNX,DGAV,0.0
DGAV,30802M001,1916268.5324,6029977.8207,-801719.2355,-7.2696792,72.3702475,-64.939,628,1.17,,1,,IGS14|IGS14_0|IGS20|IGb08|ITRF2014_0,2005-01-01,2026-02-12,RNX2SNX,DGAR,0.0
DGLG,10017M002,4019246.9832,164574.1870,4933144.4732,50.9936549,2.3447531,56.766,2,0.00,,1,,ITRF2014_0,2010-01-01,2010-01-01,REFERENCE,COUD,3855.9
DGOS,,-3665429.9137,5166154.2064,744112.0447,6.7446672,125.3560217,104.144,619,0.26,,1,,IGS14|IGS20,2021-09-01,2026-02-12,RNX2SNX,COTC,662.5
DIMA,,-3473819.7113,5177965.2779,1338216.3744,12.1922691,123.8570713,79.049,619,0.10,,1,,IGS14|IGS20,2021-09-01,2026-02-12,RNX2SNX,MASH,5138.4
DINA,,-3243234.1813,5199865.5247,1761592.5308,16.1396539,121.9524092,51.737,34,7.70,,1,,ITRF2005,2008-08-23,2014-04-11,GPSEST,CASI,23868.6
DIPA,,-3212289.4504,5226828.7008,1738507.8706,15.9225981,121.5739333,54.024,105,7.37,,1,,ITRF2005,2008-08-22,2014-04-11,GPSEST,AUR1,18333.8
DIPL,19850M001,4224046.2966,-153115.2949,4760605.4844,48.5899334,-2.0759765,116.120,2,0.00,,1,,ITRF2014_0,2010-01-01,2010-01-01,REFERENCE,SMTG,6719.4
DJIG,39901M005,4583085.8087,4250982.7660,1266243.2932,11.5262897,42.8470683,711.391,268,0.38,,1,,IGS20|IGS20_0,2015-01-01,2025-07-19,RNX2SNX,DA60,308345.9
DJOU,32708M001,6285506.2199,182337.5337,1066767.6615,9.6920621,1.6616390,459.837,2,0.00,,1,,ITRF2014_0,2010-01-01,2010-01-01,REFERENCE,TAMA,277383.4
DKSG,43016M001,716356.3312,-1329176.7244,6176684.7670,76.3516206,-61.6776682,609.635,2,0.00,,1,,ITRF2014_0,2010-01-01,2010-01-01,REFERENCE,MARG,138663.2
DLF1,13502M009,3924697.5569,301125.3627,5001905.3884,51.9860219,4.3874657,75.818,268,0.25,,1,,IGS20|IGS20_0,2015-01-01,2025-07-19,RNX2SNX,DLFT,7.3
DLFT,13502M006,3924696.6206,301132.3859,5001903.6572,51.9860151,4.3875687,74.210,276,0.64,,1,,IGS00|IGS20|IGS20_0|IGS97,1997-01-01,2025-07-19,RNX2SNX,DLF1,7.3
DLPZ,,-3188190.4168,5286121.3722,1598948.9912,14.6151476,121.0952167,68.503,52,0.00,,1,,ITRF00,2017-09-30,2017-10-07,RNX2SNX,MARK,1582.3
DNGT,,-3654507.9602,5109115.9595,1102583.8834,10.0212213,125.5758237,136.944,619,0.16,,1,,IGS14|IGS20,2021-09-01,2026-02-12,RNX2SNX,PSUR,26926.3
DNRC,49470M001,1237934.8408,-4794885.5647,4006103.5797,39.1600878,-75.5236001,-15.201,2,0.00,,1,,ITRF2014_0,2010-01-01,2010-01-01,REFERENCE,RED5,44739.1
DOMN,,-2966067.0104,4999411.1138,2616188.6461,24.3746478,120.6799474,125.711,53,0.00,,1,,ITRF00|ITRF2005,2000-01-01,2017-10-07,RNX2SNX,LANT,2333.8
DONY,,-2901441.5872,4927694.3119,2815663.7593,26.3676940,120.4897077,101.514,53,0.00,,1,,ITRF00|ITRF2005,2000-01-01,2017-10-07,RNX2SNX,BEGN,54134.8
DOSH,,-2981621.6009,4996385.5696,2604998.9842,24.2626880,120.8268812,396.322,53,0.00,,1,,ITRF00|ITRF2005,2000-01-01,2017-10-07,RNX2SNX,S016,9537.9
DOUR,13113M001,4086778.2734,328451.8539,4869782.5378,50.0948755,4.5949502,282.696,9,0.08,,1,,IGS00|IGS97|ITRF97,1997-01-01,2000-01-01,REFERENCE,REDU,40736.6
DPES,,-2980750.2000,4977576.2000,2640698.7700,24.6180741,120.9146792,62.008,53,0.00,,1,,ITRF00|ITRF2005,2000-01-01,2017-10-07,RNX2SNX,JIES,2201.8
DRAG,20710S001,4432980.2490,3149432.3786,3322110.8412,31.5932043,35.3920753,31.874,758,0.78,,1,,IGS08|IGS14|IGS14_0|IGS20|IGS20_0|IGb08|ITRF00|ITRF2005|ITRF2014_0,2000-01-01,2026-02-12,RNX2SNX,JSLM,26706.8
DRAO,40105M002,-2059165.1130,-3621108.4095,4814432.1922,49.3226170,-119.6249859,541.877,772,0.47,,1,,IGS00|IGS08|IGS14|IGS14_0|IGS20|IGS20_0|IGS97|IGb08|ITRF00|ITRF2005|ITRF2014_0|ITRF97,1997-01-01,2026-02-12,RNX2SNX,BREW,132529.0
DSEA,20717M001,4460124.2699,3165994.2808,3269215.0077,31.0369151,35.3688245,-360.795,2,0.00,,1,,ITRF2014_0,2010-01-01,2010-01-01,REFERENCE,YRCM,42377.5
DUBO,40137M001,-417604.0548,-4064529.8452,4881432.1163,50.2588082,-95.8661856,245.286,767,0.52,,1,,IGS00|IGS08|IGS14|IGS14_0|IGS20|IGS20_0|IGS97|IGb08|ITRF00|ITRF2005|ITRF2014_0|ITRF97,1997-01-01,2026-02-12,RNX2SNX,PICL,423704.1
DUBR,11901M001,4465940.0585,1460594.4753,4299291.4296,42.6499834,18.1104345,454.297,5,0.00,,1,,IGS08|IGb08,2005-01-01,2005-01-01,REFERENCE,SPLT,166121.1
DUM1,91501M001,-1940883.7097,1628482.9811,-5833718.1467,-66.6650868,140.0019372,-1.362,705,0.29,,1,,IGS08|IGS14|IGS14_0|IGS20|IGS20_0|IGb08|ITRF2014_0,2005-01-01,2026-02-12,RNX2SNX,CAS1,1299937.6
DUND,19117M001,-4388120.6175,726671.6362,-4556533.3571,-45.8836633,170.5971662,386.914,2,0.00,,1,,ITRF2014_0,2010-01-01,2010-01-01,REFERENCE,OUSD,6888.3
DUNT,50212S001,-4393728.9759,725060.5198,-4550896.2811,-45.8143155,170.6294059,13.448,2,0.00,,1,,ITRF2014_0,2010-01-01,2010-01-01,REFERENCE,DUND,8113.3
DWH1,49837S001,-2280790.3435,-3638690.4113,4700113.8386,47.7741044,-122.0801550,109.054,63,0.12,,1,,IGS00|IGS97|ITRF00|ITRF2005|ITRF2014_0,1997-01-01,2017-10-07,RNX2SNX,SEAT,21783.2
DYNG,12602M006,4595220.0648,2039434.2408,3912625.8596,38.0785517,23.9324355,510.569,270,0.22,,1,,IGS20|IGS20_0|ITRF2014_0,2010-01-01,2025-07-19,RNX2SNX,7515,5.2
EBRE,13410M001,4833519.9182,41537.5098,4147461.7878,40.8208911,0.4923669,107.784,709,0.75,,1,,IGS00|IGS14|IGS14_0|IGS20|IGS20_0|IGS97|ITRF2014_0|ITRF97,1997-01-01,2026-02-12,RNX2SNX,BELL,115283.4
EDIN,13217S001,3575928.1539,-205860.3385,5259853.4187,55.9247865,-3.2947878,119.065,2,0.00,,1,,ITRF2014_0,2010-01-01,2010-01-01,REFERENCE,MORP,128799.4
EIIV,19002M002,4891068.2259,1318070.7974,3862815.9669,37.5136030,15.0820831,89.021,2,0.00,,1,,ITRF2014_0,2010-01-01,2010-01-01,REFERENCE,7543,71183.7
EIL1,49805S001,-2296298.6211,-1484805.0839,5743079.9472,64.6879385,-147.1129676,176.507,2,0.00,,1,,ITRF2014_0,2010-01-01,2010-01-01,REFERENCE,EIL2,0.0
EIL2,49805S001,-2296298.6211,-1484805.0839,5743079.9472,64.6879385,-147.1129676,176.507,2,0.00,,1,,ITRF2014_0,2010-01-01,2010-01-01,REFERENCE,EIL1,0.0
EISL,41703M003,-1884949.9332,-5357596.4096,-2892890.6423,-27.1482104,-109.3832759,114.516,767,1.91,,1,,IGS00|IGS08|IGS14|IGS14_0|IGS20|IGS20_0|IGS97|IGb08|ITRF00|ITRF2005|ITRF2014_0|ITRF97,1997-01-01,2026-02-12,RNX2SNX,7097,51.4
ELAT,20706M001,4555028.7848,3180067.2652,3123164.3622,29.5092784,34.9205987,29.544,64,0.33,,1,,IGS00|IGS97|ITRF00|ITRF2005|ITRF2014_0|ITRF97,1997-01-01,2017-10-07,RNX2SNX,NRIF,59711.1
ELEN,40902S001,14103.8241,-6103995.0093,1843981.7352,16.9160560,-89.8676132,118.114,55,0.09,,1,,ITRF00|ITRF2005|ITRF2014_0,2000-01-01,2017-10-07,RNX2SNX,CHET,241290.6
ELNA,,-3313335.0716,5222800.7858,1552360.4129,14.1803557,122.3909655,99.507,795,14.44,,1,,IGS14|IGS20|ITRF2005,2014-11-26,2026-02-12,RNX2SNX,MALA,24488.3
ELRO,20711S001,4336218.4316,3124003.7198,3471463.1268,33.1820072,35.7706479,1083.168,55,0.32,,1,,ITRF00|ITRF2005|ITRF2014_0,2000-01-01,2017-10-07,RNX2SNX,KATZ,22109.1
ENG1,49866S001,5629.1609,-5534933.9466,3158737.7825,29.8789626,-89.9417288,-18.608,2,0.00,,1,,ITRF2014_0,2010-01-01,2010-01-01,REFERENCE,NDBC,61806.5
EPRT,49928S001,1768544.6359,-4164839.4400,4480190.3868,44.9087094,-66.9921301,30.357,60,0.17,,1,,IGS08|IGb08|ITRF00|ITRF2005|ITRF2014_0,2000-01-01,2017-10-07,RNX2SNX,BARH,113004.8
EQHE,19932M001,4048144.0657,110780.8973,4911158.8119,50.6803526,1.5675564,89.597,2,0.00,,1,,ITRF2014_0,2010-01-01,2010-01-01,REFERENCE,DGLG,64900.9
ESBC,10118M001,3582104.9194,532590.0194,5232755.0395,55.4935664,8.4568268,59.485,2,0.00,,1,,ITRF2014_0,2010-01-01,2010-01-01,REFERENCE,ESBH,3860.4
ESBH,10115M002,3585278.9221,531971.2299,5230646.5763,55.4602724,8.4397726,50.113,2,0.00,,1,,ITRF2014_0,2010-01-01,2010-01-01,REFERENCE,ESBC,3860.4
ESCO,13435M001,4696264.8854,79978.5860,4304245.0435,42.6935765,0.9756674,2508.416,2,0.00,,1,,ITRF2014_0,2010-01-01,2010-01-01,REFERENCE,LLIV,85329.9
ESCU,40168M001,1852954.4438,-3937498.7695,4647314.6840,47.0734045,-64.7987114,-16.009,2,0.00,,1,,ITRF2014_0,2010-01-01,2010-01-01,REFERENCE,SHE2,96652.8
ESE1,,-2956536.4950,5076024.8143,2476477.8418,22.9973969,120.2187101,61.101,51,0.00,,1,,ITRF00,2017-09-30,2017-10-07,RNX2SNX,ESEQ,3.3
ESEB,,-3623265.3582,5091040.3444,1274294.8344,11.6017673,125.4392485,69.223,10,4.67,,1,,ITRF2005,2014-06-23,2014-06-24,GPSEST,SULT,23664.1
ESEQ,,-2956535.7627,5076023.6829,2476474.8199,22.9973766,120.2187095,58.681,52,3.31,,1,,ITRF00,2017-09-30,2017-10-07,RNX2SNX,ESE1,3.3
ESPA,50177M002,-2800841.8853,4500734.2022,-3534898.6909,-33.8743184,121.8943254,32.439,2,0.00,,1,,ITRF2014_0,2010-01-01,2010-01-01,REFERENCE,ALBY,393894.4
ESPI,51409M001,-5980894.2042,1359712.9882,-1743951.5560,-15.9736677,167.1919186,89.941,2,0.00,,1,,ITRF2014_0,2010-01-01,2010-01-01,REFERENCE,AVUN,38022.7
ESSJ,,-3641536.9852,5084497.8346,1248304.0563,11.3619897,125.6103846,81.767,5,16.53,,1,,ITRF2005,2014-06-24,2014-06-24,GPSEST,LLOR,8882.3
ESTI,41202S001,394283.4782,-6201541.4140,1436325.7800,13.0995356,-86.3621280,852.657,55,0.17,,1,,ITRF00|ITRF2005|ITRF2014_0,2000-01-01,2017-10-07,RNX2SNX,MANA,105887.3
ETAD,31503M001,4914067.7631,3945764.9664,993707.5481,9.0198587,38.7628236,2398.265,2,0.00,,1,,ITRF2014_0,2010-01-01,2010-01-01,REFERENCE,ADIS,1734.0
EUR2,40153M002,78804.6810,-1109590.5365,6259357.0677,79.9889460,-85.9375943,28.997,2,0.00,,1,,ITRF2014_0,2010-01-01,2010-01-01,REFERENCE,EURK,64.4
EURK,40153M001,78762.7952,-1109638.0723,6259345.7769,79.9885364,-85.9399196,25.605,55,0.24,,1,,ITRF00|ITRF2005|ITRF2014_0,2000-01-01,2017-10-07,RNX2SNX,EUR2,64.4
EUSK,14258M003,4022106.3811,477010.9387,4910840.6347,50.6741305,6.7635321,245.297,5,0.02,,1,,IGS97|ITRF97,1997-01-01,1997-01-01,REFERENCE,TITZ,46483.5
EXU0,43606M001,1427635.0394,-5672506.8996,2534091.7034,23.5640492,-75.8734019,-20.058,2,0.00,,1,,ITRF2014_0,2010-01-01,2010-01-01,REFERENCE,NAS0,230618.1
EXWI,,4325349.3161,564738.4800,4638540.7007,46.9514554,7.4387341,626.922,9,31.21,,1,,IGS00|IGS97|ITRF97,1997-01-01,2000-01-01,REFERENCE,WAB2,3642.3
EYAC,49402M001,-2598865.2573,-1769513.6877,5530917.7769,60.5487043,-145.7498596,146.023,2,0.00,,1,,ITRF2014_0,2010-01-01,2010-01-01,REFERENCE,ATWC,216785.0
EZEV,19896M001,4573470.7056,601888.5123,4390081.8799,43.7744335,7.4972868,76.740,2,0.00,,1,,ITRF2014_0,2010-01-01,2010-01-01,REFERENCE,NICA,23146.3
FAA1,92201M012,-5247393.8690,-3076866.1321,-1911520.8475,-17.5553078,-149.6143111,12.030,700,1.14,,1,,IGS14|IGS14_0|IGS20|IGS20_0|ITRF2014_0,2010-01-01,2026-02-12,RNX2SNX,TAHI,2405.8
FAIR,40408M001,-2281622.0850,-1453595.9853,5756961.6375,64.9779949,-147.4992425,319.019,776,0.73,,1,,IGS00|IGS08|IGS14|IGS14_0|IGS20|IGS20_0|IGS97|IGb08|ITRF00|ITRF2005|ITRF2014_0|ITRF97,1997-01-01,2026-02-12,RNX2SNX,FAIV,38.5
FAIV,40408M005,-2281592.7911,-1453617.9318,5756973.4737,64.9781447,-147.4985171,324.282,2,0.00,,1,,ITRF2014_0,2010-01-01,2010-01-01,REFERENCE,FAIR,38.5
FALE,50601S001,-6134112.1745,-862143.6772,-1514973.6583,-13.8322066,-171.9995381,47.466,274,1.80,,1,,IGS00|IGS20|IGS20_0|ITRF2014_0,2000-01-01,2025-07-19,RNX2SNX,SAMO,28291.4
FALI,,-3003415.2763,5079791.9958,2411880.8681,22.3652555,120.5936041,41.729,53,0.00,,1,,ITRF00|ITRF2005,2000-01-01,2017-10-07,RNX2SNX,LIUC,23218.5
FALK,80602M001,2106811.4314,-3355170.8010,-4981786.1833,-51.6936502,-57.8740673,50.821,700,0.20,,1,,IGS14|IGS14_0|IGS20|IGS20_0|ITRF2014_0,2010-01-01,2026-02-12,RNX2SNX,LKTH,1697.5
FARB,13279M001,-2752135.9300,-4237793.2255,3878892.7553,37.6972090,-123.0007687,-21.751,2,0.00,,1,,ITRF2014_0,2010-01-01,2010-01-01,REFERENCE,PTRB,33221.7
FCU1,,-2967987.0959,5008706.6557,2596383.2999,24.1783400,120.6495219,164.276,53,0.00,,1,,ITRF00|ITRF2005,2000-01-01,2017-10-07,RNX2SNX,LS02,3166.2
FCWS,,-3004311.9960,4950989.0921,2664182.9606,24.8506902,121.2498145,255.318,246,0.13,,1,,WGS-84,1999-03-04,2000-04-16,OTHER,TCYU,10883.8
FDAV,40442M006,-1330021.0577,-5328401.8624,3236480.7793,30.6802672,-104.0151971,2004.289,9,0.05,,1,,IGS00|IGS97|ITRF97,1997-01-01,2000-01-01,REFERENCE,7080,0.1
FERR,10087M001,4544321.4195,-99064.7107,4459516.6062,44.6459549,-1.2488313,106.286,2,0.00,,1,,ITRF2014_0,2010-01-01,2010-01-01,REFERENCE,BIAZ,132472.3
FG07,39402M001,6334077.7261,747732.9416,37337.4592,0.3376688,6.7325634,32.696,2,0.00,,1,,ITRF2014_0,2010-01-01,2010-01-01,REFERENCE,NKLG,327195.7
FG08,31102M001,5689022.0978,1471656.6621,-2471670.9551,-22.9503531,14.5035447,34.798,2,0.00,,1,,ITRF2014_0,2010-01-01,2010-01-01,REFERENCE,WIND,268826.8
FIVE,,-3044911.7108,4914563.1286,2686534.1773,25.0710527,121.7810780,775.141,43,0.05,,1,,WGS-84,2000-04-07,2000-04-16,OTHER,GS19,10242.9
FLIN,40135M001,-766174.9480,-3611375.3921,5184056.1955,54.7255829,-101.9780397,311.574,767,0.55,,1,,IGS00|IGS08|IGS14|IGS14_0|IGS20|IGS20_0|IGS97|IGb08|ITRF00|ITRF2005|ITRF2014_0|ITRF97,1997-01-01,2026-02-12,RNX2SNX,SASK,406560.9
FLIU,49460S001,961232.8775,-5667249.2446,2754602.1680,25.7546035,-80.3735683,1.750,2,0.00,,1,,ITRF2014_0,2010-01-01,2010-01-01,REFERENCE,RCM4,15502.1
FLM5,66061M002,-1300637.7344,466428.0791,-6207707.9076,-77.5327299,160.2714096,1869.696,2,0.00,,1,,ITRF2014_0,2010-01-01,2010-01-01,REFERENCE,ROB4,90804.3
FLNM,,-3048091.6727,4983134.3101,2552644.8240,23.7463042,121.4533592,138.595,291,1.86,,1,,ITRF00|ITRF2005|WGS-84,1999-03-04,2017-10-07,RNX2SNX,WARO,7389.2
FLORIDABLANCA,,-3127780.5049,5310053.6939,1638299.4637,14.9829322,120.4993579,91.200,35,4.94,,1,,ITRF2005,2008-12-01,2008-12-07,GPSEST,PFLO,0.3
FLRS,31907M001,4221529.8117,-2549242.3354,4031398.5145,39.4538382,-31.1263904,80.189,700,0.35,,1,,IGS14|IGS14_0|IGS20|IGS20_0|ITRF2014_0,2010-01-01,2026-02-12,RNX2SNX,TERC,353264.3
FMTS,49390M001,1503699.7748,-4478988.6883,4270342.5714,42.3000571,-71.4419107,42.820,2,0.00,,1,,ITRF2014_0,2010-01-01,2010-01-01,REFERENCE,WES2,35056.2
FNA0,97106M001,2920359.6296,-5397031.0727,1733484.2332,15.8753256,-61.5819653,80.938,2,0.00,,1,,ITRF2014_0,2010-01-01,2010-01-01,REFERENCE,HOUE,17361.0
FONB,,-3057463.0386,4985021.0286,2537581.8242,23.5981682,121.5220392,47.214,53,0.00,,1,,ITRF00|ITRF2005,2000-01-01,2017-10-07,RNX2SNX,GUFU,13419.4
FORT,41602M001,4985386.5646,-3954998.6942,-428426.1258,-3.8774429,-38.4256135,19.461,772,0.40,,1,,IGS00|IGS08|IGS14|IGS14_0|IGS20|IGS20_0|IGS97|IGb08|ITRF00|ITRF2005|ITRF2014_0|ITRF97,1997-01-01,2026-02-12,RNX2SNX,BRFT,8.7
FOSU,,-2966981.3948,4992396.1136,2628308.4186,24.4950474,120.7230191,72.674,53,0.00,,1,,ITRF00|ITRF2005,2000-01-01,2017-10-07,RNX2SNX,TSIO,3122.9
FOYL,13241M001,3638083.2042,-468414.5743,5200402.5707,54.9837565,-7.3366475,68.919,2,0.00,,1,,ITRF2014_0,2010-01-01,2010-01-01,REFERENCE,HOLY,255655.9
FRDN,40146M001,1760542.6790,-4080068.0039,4560178.5899,45.9335073,-66.6598812,94.847,2,0.00,,1,,ITRF2014_0,2010-01-01,2010-01-01,REFERENCE,SA26,2296.2
FREE,43605S001,1088671.2561,-5596851.4334,2848798.3333,26.7025381,-78.9925669,-26.100,4,0.00,,1,,IGS00,2000-01-01,2000-01-01,REFERENCE,MIA1,158604.1
FREI,66012S001,1537287.9159,-2556505.5210,-5618702.4130,-62.1941011,-58.9805004,72.284,2,0.00,,1,,ITRF2014_0,2010-01-01,2010-01-01,REFERENCE,OHIG,137157.1
FTNA,92902S002,-6178322.4353,-202695.1130,-1566024.5367,-14.3078037,-178.1209445,84.869,2,0.00,,1,,ITRF2014_0,2010-01-01,2010-01-01,REFERENCE,SUVA,562566.9
FTP4,66062M002,-1172461.3091,368220.5278,-6237888.2348,-78.9276734,162.5647010,243.178,2,0.00,,1,,ITRF2014_0,2010-01-01,2010-01-01,REFERENCE,CRAR,151713.1
FTS1,49893S001,-2469885.2289,-3667814.9850,4581028.2607,46.2048875,-123.9560948,-13.929,2,0.00,,1,,ITRF2014_0,2010-01-01,2010-01-01,REFERENCE,FTS5,0.2
FTS5,49893M001,-2469885.2828,-3667815.0833,4581028.3851,46.2048876,-123.9560947,-13.762,2,0.00,,1,,ITRF2014_0,2010-01-01,2010-01-01,REFERENCE,FTS1,0.2
FUGN,,-3046944.1291,5032655.1697,2455384.3455,22.7907513,121.1921680,31.272,53,0.00,,1,,ITRF00|ITRF2005,2000-01-01,2017-10-07,RNX2SNX,S104,3335.6
FUNC,13911S001,5143339.1709,-1563412.4073,3421191.8679,32.6479511,-16.9076127,78.409,700,0.36,,1,,IGS14|IGS14_0|IGS20|IGS20_0|ITRF2014_0,2010-01-01,2026-02-12,RNX2SNX,LPAL,440836.5
FUS2,,-2969118.8070,4994965.2403,2621322.6996,24.4253031,120.7281946,184.481,53,0.00,,1,,ITRF00|ITRF2005,2000-01-01,2017-10-07,RNX2SNX,FUSN,6.3
FUSI,,-3014041.0845,4946941.0219,2661322.6631,24.8212073,121.3528528,502.125,53,0.00,,1,,ITRF00|ITRF2005,2000-01-01,2017-10-07,RNX2SNX,FCWS,10918.9
FUSN,,-2969120.0300,4994969.5100,2621327.1400,24.4253236,120.7281834,190.228,53,0.00,,1,,ITRF00|ITRF2005,2000-01-01,2017-10-07,RNX2SNX,FUS2,6.3
GABU,,-3077987.7901,5230735.4154,1954691.8279,17.9647992,120.4743704,42.379,34,1.72,,1,,ITRF2005,2009-10-15,2011-02-23,GPSEST,BATC,14175.3
GAIA,13902M001,4759095.4145,-718818.5307,4171491.4326,41.1060234,-8.5890891,287.647,2,0.00,,1,,ITRF2014_0,2010-01-01,2010-01-01,REFERENCE,VIGO,121172.0
GAIS,,-2987712.5445,5053833.7641,2485024.7970,23.0802928,120.5906219,313.195,33,0.07,,1,,WGS-84,2000-04-10,2000-04-16,OTHER,GS52,9108.6
GAIT,49468M001,1095790.0339,-4831326.5994,4003934.3141,39.1339918,-77.2209821,107.652,2,0.00,,1,,ITRF2014_0,2010-01-01,2010-01-01,REFERENCE,USNB,27217.8
GAL1,49872S001,-459551.3166,-5545997.5385,3105820.4992,29.3298805,-94.7368099,-17.586,2,0.00,,1,,ITRF2014_0,2010-01-01,2010-01-01,REFERENCE,TXGA,3487.2
GALA,42005M001,-33794.6691,-6377522.6374,-82120.6028,-0.7426932,-90.3036091,7.426,337,1.47,,1,,IGS00|IGS08|IGS20|IGS20_0|IGS97|IGb08|ITRF00|ITRF2005|ITRF2014_0|ITRF97,1997-01-01,2025-07-19,RNX2SNX,GLPS,34.6
GAMB,92301M003,-4147127.5510,-4152221.6284,-2490032.7343,-23.1303510,-134.9648323,80.660,270,1.15,,1,,IGS20|IGS20_0|ITRF2014_0,2010-01-01,2025-07-19,RNX2SNX,TBTG,1481301.0
GANP,11515M001,3929181.1676,1455237.0509,4793654.0788,49.0347161,20.3229415,746.008,630,0.50,,1,,IGS14|IGS14_0|IGS20|IGS20_0|IGb08|ITRF2014_0,2005-01-01,2026-02-12,RNX2SNX,UZHL,151736.6
GAO1,33503M001,6125143.1029,-642.4072,1773609.2602,16.2521170,-0.0060092,285.036,2,0.00,,1,,ITRF2014_0,2010-01-01,2010-01-01,REFERENCE,OUAG,460567.2
GARI,19517M001,4439513.7389,963867.1922,4461921.5990,44.6769027,12.2494364,47.731,2,0.00,,1,,ITRF2014_0,2010-01-01,2010-01-01,REFERENCE,MEDI,50924.6
GASK,49389M001,844918.5671,-5348441.8154,3359250.9371,31.9875776,-81.0229025,-23.119,2,0.00,,1,,ITRF2014_0,2010-01-01,2010-01-01,REFERENCE,SAV1,65758.9
GB05,,-3019433.8797,4975740.0726,2604856.3591,24.2548117,121.2506790,1985.405,53,0.00,,1,,ITRF00|ITRF2005,2000-01-01,2017-10-07,RNX2SNX,GB11,289.4
GB11,,-3019660.2278,4975757.7088,2604676.9340,24.2528439,121.2524938,2032.511,53,0.00,,1,,ITRF00|ITRF2005,2000-01-01,2017-10-07,RNX2SNX,GB05,289.4
GC01,,-3019716.4069,4975393.5569,2605035.4200,24.2568400,121.2548265,1922.524,53,0.00,,1,,ITRF00|ITRF2005,2000-01-01,2017-10-07,RNX2SNX,GREF,468.2
GCGT,80401M001,902661.6342,-5954125.6633,2093986.0147,19.2929485,-81.3794473,8.422,2,0.00,,1,,ITRF2014_0,2010-01-01,2010-01-01,REFERENCE,JAMA,507744.6
GENO,12712M002,4507892.3897,707621.3852,4441603.4530,44.4193869,8.9211418,155.524,60,0.26,,1,,IGS97|ITRF00|ITRF2005|ITRF2014_0|ITRF97,1997-01-01,2017-10-07,RNX2SNX,IENG,121229.9
GESR,10116M002,3625387.2239,765504.2170,5174102.7368,54.5744304,11.9229277,43.968,2,0.00,,1,,ITRF2014_0,2010-01-01,2010-01-01,REFERENCE,WARN,46511.3
GETI,22703M001,-1329733.4694,6199766.5511,687129.5341,6.2261922,102.1054663,-0.484,2,0.00,,1,,ITRF2014_0,2010-01-01,2010-01-01,REFERENCE,KUAL,152228.9
GIBR,13301M001,5133765.7087,-482118.7881,3741507.7249,36.1481767,-5.3649881,45.630,2,0.00,,1,,ITRF2014_0,2010-01-01,2010-01-01,REFERENCE,TARI,26425.7
GILB,20708S001,4389486.7524,3121346.3098,3405662.6484,32.4793383,35.4164788,506.811,2,0.00,,1,,ITRF2014_0,2010-01-01,2010-01-01,REFERENCE,CSAR,49482.1
GJOV,10332M001,3066675.8530,578381.2059,5544140.9132,60.7894888,10.6806388,238.307,8,0.03,,1,,IGS00|IGS97,1997-01-01,2000-01-01,REFERENCE,OSLS,118584.7
GLPS,42005M002,-33800.6274,-6377516.5154,-82154.1744,-0.7429975,-90.3036629,1.771,762,1.32,,1,,IGS00|IGS08|IGS14|IGS14_0|IGS20|IGS20_0|IGb08|ITRF00|ITRF2005|ITRF2014_0,2000-01-01,2026-02-12,RNX2SNX,GALA,34.6
GLPT,49467M001,1186726.0930,-4942863.9450,3839372.5353,37.2485408,-76.4994580,-22.070,2,0.00,,1,,ITRF2014_0,2010-01-01,2010-01-01,REFERENCE,VAGP,11.7
GLSV,12356M001,3512888.5648,2068980.1742,4888903.3672,50.3641850,30.4967387,226.322,767,0.73,,1,,IGS00|IGS08|IGS14|IGS14_0|IGS20|IGS20_0|IGS97|IGb08|ITRF00|ITRF2005|ITRF2014_0|ITRF97,1997-01-01,2026-02-12,RNX2SNX,1824,132.9
GMAS,31303S004,5439112.4814,-1522134.6065,2953556.4729,27.7647859,-15.6342666,195.411,683,0.61,,1,,IGS08|IGS14|IGS14_0|IGS20|IGb08|ITRF00|ITRF2005|ITRF2014_0,2000-01-01,2026-02-12,RNX2SNX,MAS1,151.4
GMSD,21749S002,-3607665.0207,4147868.0895,3223717.2798,30.5564474,131.0155613,142.341,7,0.75,,1,,IGS08|IGb08|ITRF2014_0,2005-01-01,2010-01-01,REFERENCE,7358,15.8
GODE,40451M123,1130773.4378,-4831253.5699,3994200.4722,39.0217283,-76.8268336,14.478,772,0.44,,1,,IGS00|IGS08|IGS14|IGS14_0|IGS20|IGS20_0|IGS97|IGb08|ITRF00|ITRF2005|ITRF2014_0|ITRF97,1997-01-01,2026-02-12,RNX2SNX,GODZ,0.0
GODN,40451M127,1130760.6685,-4831298.6751,3994155.2046,39.0211790,-76.8270959,17.837,270,0.23,,1,,IGS20|IGS20_0|ITRF2014_0,2010-01-01,2025-07-19,RNX2SNX,7130,43.0
GODS,40451M128,1130752.3379,-4831349.1118,3994098.9309,39.0205174,-76.8273223,19.086,2,0.00,,1,,ITRF2014_0,2010-01-01,2010-01-01,REFERENCE,7125,29.6
GODZ,40451M123,1130773.4376,-4831253.5714,3994200.4723,39.0217283,-76.8268336,14.479,694,0.40,,1,,IGS00|IGS14|IGS14_0|IGS20|IGS97|IGb08|ITRF00|ITRF2005|ITRF2014_0,1997-01-01,2026-02-12,RNX2SNX,GODE,0.0
GOL2,40405S031,-2353614.6444,-4641385.2110,3676976.3531,35.4251553,-116.8892539,986.649,695,0.51,,1,,IGS00|IGS14|IGS14_0|IGS20|IGS97|IGb08|ITRF00|ITRF2005|ITRF2014_0|ITRF97,1997-01-01,2026-02-12,RNX2SNX,GOLD,0.0
GOLD,40405S031,-2353614.6425,-4641385.2107,3676976.3527,35.4251553,-116.8892539,986.648,772,0.51,,1,,IGS00|IGS08|IGS14|IGS14_0|IGS20|IGS20_0|IGS97|IGb08|ITRF00|ITRF2005|ITRF2014_0|ITRF97,1997-01-01,2026-02-12,RNX2SNX,GOL2,0.0
GOLI,,-3063500.3845,4905019.7679,2681141.1960,25.0203941,121.9874294,45.992,53,0.00,,1,,ITRF00|ITRF2005,2000-01-01,2017-10-07,RNX2SNX,LNDO,11031.5
GONZ,,-3210491.7708,5138476.1940,1985877.2008,18.2611730,121.9969164,66.634,36,1.22,,1,,ITRF2005,2009-10-09,2009-10-11,GPSEST,LUZI,7489.4
GOPE,11502M002,3979316.2038,1050312.3909,4857067.0436,49.9137040,14.7856209,592.585,64,0.25,,1,,IGS00|IGS97|ITRF00|ITRF2005|ITRF2014_0|ITRF97,1997-01-01,2017-10-07,RNX2SNX,VACO,115897.3
GOSH,49424M001,-1985697.2442,-4422567.1538,4133199.4687,40.6401684,-114.1796985,1560.203,2,0.00,,1,,ITRF2014_0,2010-01-01,2010-01-01,REFERENCE,7046,272151.6
GOUG,30608M001,4795578.9729,-835299.0018,-4107633.6511,-40.3488295,-9.8807113,81.251,767,0.80,,1,,IGS00|IGS08|IGS14|IGS14_0|IGS20|IGS20_0|IGS97|IGb08|ITRF00|ITRF2005|ITRF2014_0|ITRF97,1997-01-01,2026-02-12,RNX2SNX,SIMO,2573226.4
GRAB,11001M004,4194424.9806,1162700.7239,4647247.3323,47.0671378,15.4934512,540.101,8,0.04,,1,,IGS00|IGS97,1997-01-01,2000-01-01,REFERENCE,GRAZ,3.3
GRAS,10002M006,4581690.6232,556115.2235,4389361.0291,43.7547408,6.9205784,1319.308,767,81.09,,1,,IGS00|IGS08|IGS14|IGS14_0|IGS20|IGS20_0|IGS97|IGb08|ITRF00|ITRF2005|ITRF2014_0|ITRF97,1997-01-01,2026-02-12,RNX2SNX,7835,44.5
GRAZ,11001M002,4194423.4719,1162703.0583,4647245.6256,47.0671328,15.4934861,538.285,772,9.60,,1,,IGS00|IGS08|IGS14|IGS14_0|IGS20|IGS20_0|IGS97|IGb08|ITRF00|ITRF2005|ITRF2014_0|ITRF97,1997-01-01,2026-02-12,RNX2SNX,GRAB,3.3
GREE,40451M105,1130719.6272,-4831350.5692,3994106.5329,39.0206048,-76.8276939,19.183,9,42.27,,1,,IGS00|IGS97|ITRF97,1997-01-01,2000-01-01,REFERENCE,7105,0.1
GREF,,-3020147.4516,4975225.4894,2605107.6084,24.2571374,121.2593125,2025.107,53,0.00,,1,,ITRF00|ITRF2005,2000-01-01,2017-10-07,RNX2SNX,GC01,468.2
GRIS,49399M001,4149.7172,-5568493.9589,3099600.3102,29.2655282,-89.9573024,-17.033,2,0.00,,1,,ITRF2014_0,2010-01-01,2010-01-01,REFERENCE,ENG1,68012.5
GROI,10064M001,4296718.3949,-263399.2767,4690668.3899,47.6480085,-3.5079806,93.225,2,0.00,,1,,ITRF2014_0,2010-01-01,2010-01-01,REFERENCE,KONE,38219.2
GS01,,-3023308.0384,4932014.5315,2677291.6154,24.9820037,121.5081547,56.848,53,0.00,,1,,ITRF00|ITRF2005,2000-01-01,2017-10-07,RNX2SNX,ANKN,3037.4
GS02,,-2982057.1495,4966453.4412,2659985.5443,24.8097099,120.9822885,70.637,53,0.00,,1,,ITRF00|ITRF2005,2000-01-01,2017-10-07,RNX2SNX,TCMS,1397.8
GS03,,-2988241.2192,4964614.4623,2656689.1874,24.7765992,121.0440720,150.075,53,0.00,,1,,ITRF00|ITRF2005,2000-01-01,2017-10-07,RNX2SNX,GS16,3193.0
GS04,,-2968825.6999,5038698.9309,2536926.4218,23.5915408,120.5067971,90.291,53,0.00,,1,,ITRF00|ITRF2005,2000-01-01,2017-10-07,RNX2SNX,S103,4411.6
GS05,,-2974888.7077,5036597.6418,2534529.4792,23.5671162,120.5684109,296.172,53,0.00,,1,,ITRF00|ITRF2005,2000-01-01,2017-10-07,RNX2SNX,GS17,3938.5
GS06,,-2975895.7804,5041153.9478,2524197.6141,23.4655998,120.5542183,240.692,53,0.00,,1,,ITRF00|ITRF2005,2000-01-01,2017-10-07,RNX2SNX,JHCI,5376.3
GS08,,-3017398.0826,4923658.1874,2699629.8298,25.2037204,121.5014929,281.114,53,0.00,,1,,ITRF00|ITRF2005,2000-01-01,2017-10-07,RNX2SNX,SANJ,6328.0
GS09,,-3030075.5258,4915328.5803,2700012.3041,25.2086047,121.6519356,29.691,53,0.00,,1,,ITRF00|ITRF2005,2000-01-01,2017-10-07,RNX2SNX,WANL,4590.9
GS10,,-3015272.2590,4927897.9000,2693761.2250,25.1461554,121.4615462,52.225,53,0.00,,1,,ITRF00|ITRF2005,2000-01-01,2017-10-07,RNX2SNX,GS11,4003.7
GS11,,-3018780.9560,4926439.7520,2692499.4095,25.1335859,121.4987722,49.115,53,0.00,,1,,ITRF00|ITRF2005,2000-01-01,2017-10-07,RNX2SNX,GS10,4003.7
GS12,,-3010876.1938,4935946.5752,2684514.6148,25.0530425,121.3827578,274.216,53,0.00,,1,,ITRF00|ITRF2005,2000-01-01,2017-10-07,RNX2SNX,LNKO,2627.0
GS13,,-3017553.5153,4933424.3143,2681096.0164,25.0200076,121.4522481,30.892,53,0.00,,1,,ITRF00|ITRF2005,2000-01-01,2017-10-07,RNX2SNX,BANC,2679.1
GS14,,-2980225.2772,4967887.6343,2659326.4913,24.8032221,120.9594542,54.677,53,0.00,,1,,ITRF00|ITRF2005,2000-01-01,2017-10-07,RNX2SNX,GS02,2418.1
GS15,,-2983804.9736,4967749.6678,2655659.9792,24.7666463,120.9905066,82.868,53,0.00,,1,,ITRF00|ITRF2005,2000-01-01,2017-10-07,RNX2SNX,NCTU,2552.0
GS16,,-2988719.0780,4965893.7802,2653803.0144,24.7478634,121.0415974,160.269,53,0.00,,1,,ITRF00|ITRF2005,2000-01-01,2017-10-07,RNX2SNX,GS03,3193.0
GS17,,-2978631.1769,5035416.8442,2534195.9302,23.5611514,120.6058498,976.644,53,0.00,,1,,ITRF00|ITRF2005,2000-01-01,2017-10-07,RNX2SNX,GS05,3938.5
GS18,,-2968316.1269,5044476.2514,2526110.2625,23.4849876,120.4737897,97.863,53,0.00,,1,,ITRF00|ITRF2005,2000-01-01,2017-10-07,RNX2SNX,CHIA,4321.2
GS19,,-3035849.3401,4919333.4833,2686350.8359,25.0722648,121.6798205,55.453,53,0.00,,1,,ITRF00|ITRF2005,2000-01-01,2017-10-07,RNX2SNX,S101,7531.7
GS20,,-2978987.4949,4957867.7659,2679074.4630,25.0000000,121.0000000,-0.000,53,0.00,,1,,ITRF00|ITRF2005,2000-01-01,2017-10-07,RNX2SNX,SFON,7503.7
GS21,,-2957794.4675,5018858.3784,2588141.7114,24.0973158,120.5123805,37.437,53,0.00,,1,,ITRF00|ITRF2005,2000-01-01,2017-10-07,RNX2SNX,VR01,2627.3
GS22,,-2966166.5703,5014260.3649,2587494.2028,24.0908834,120.6062748,44.468,53,0.00,,1,,ITRF00|ITRF2005,2000-01-01,2017-10-07,RNX2SNX,GS23,4230.8
GS23,,-2969708.2485,5011977.2545,2587873.0880,24.0945971,120.6476868,52.776,53,0.00,,1,,ITRF00|ITRF2005,2000-01-01,2017-10-07,RNX2SNX,GS22,4230.8
GS24,,-2960651.6684,5020955.1020,2580857.2357,24.0252722,120.5261124,41.644,53,0.00,,1,,ITRF00|ITRF2005,2000-01-01,2017-10-07,RNX2SNX,GS21,8100.8
GS25,,-2971558.7196,5016590.0432,2576956.3903,23.9865189,120.6402243,91.240,53,0.00,,1,,ITRF00|ITRF2005,2000-01-01,2017-10-07,RNX2SNX,CAOT,5000.2
GS26,,-2974829.4537,5020952.9933,2565224.0233,23.8698470,120.6460219,287.565,53,0.00,,1,,ITRF00|ITRF2005,2000-01-01,2017-10-07,RNX2SNX,VR03,6601.5
GS27,,-2969785.3537,5026060.5965,2560571.4428,23.8247571,120.5778788,77.752,53,0.00,,1,,ITRF00|ITRF2005,2000-01-01,2017-10-07,RNX2SNX,VR03,4409.9
GS28,,-2954312.0015,5073090.8126,2484983.8930,23.0809938,120.2143620,26.681,53,0.00,,1,,ITRF00|ITRF2005,2000-01-01,2017-10-07,RNX2SNX,NTHM,3237.0
GS29,,-2963423.1276,5068078.2096,2484391.8566,23.0751462,120.3158187,36.216,53,0.00,,1,,ITRF00|ITRF2005,2000-01-01,2017-10-07,RNX2SNX,HH02,2176.2
GS30,,-2956701.1287,5074763.6289,2478828.8184,23.0204906,120.2262902,53.251,53,0.00,,1,,ITRF00|ITRF2005,2000-01-01,2017-10-07,RNX2SNX,CKSV,2481.5
GS31,,-2961115.0517,5072265.0518,2478669.3349,23.0189344,120.2757653,51.032,53,0.00,,1,,ITRF00|ITRF2005,2000-01-01,2017-10-07,RNX2SNX,LTPS,1799.9
GS32,,-2966397.0375,5068840.6021,2479374.7936,23.0258250,120.3371098,59.071,53,0.00,,1,,ITRF00|ITRF2005,2000-01-01,2017-10-07,RNX2SNX,SHWA,1200.3
GS33,,-2954500.1406,5078820.8039,2473107.0991,22.9644681,120.1878289,26.599,53,0.00,,1,,ITRF00|ITRF2005,2000-01-01,2017-10-07,RNX2SNX,CK01,2643.9
GS34,,-2962790.4916,5075261.9675,2470537.6455,22.9392321,120.2751413,36.912,53,0.00,,1,,ITRF00|ITRF2005,2000-01-01,2017-10-07,RNX2SNX,NCKU,110.1
GS35,,-2965910.7403,5073639.7628,2470165.4925,22.9355279,120.3093858,51.355,53,0.00,,1,,ITRF00|ITRF2005,2000-01-01,2017-10-07,RNX2SNX,NCKU,3458.8
GS36,,-2961568.1161,5002688.5533,2614896.4772,24.3620626,120.6253334,71.532,53,0.00,,1,,ITRF00|ITRF2005,2000-01-01,2017-10-07,RNX2SNX,MAMN,4775.7
GS37,,-2970285.6558,4999461.8528,2611584.1768,24.3285974,120.7154394,228.921,53,0.00,,1,,ITRF00|ITRF2005,2000-01-01,2017-10-07,RNX2SNX,MAMN,5295.4
GS38,,-2961376.6174,5007297.7347,2606647.0253,24.2798086,120.6005849,199.898,53,0.00,,1,,ITRF00|ITRF2005,2000-01-01,2017-10-07,RNX2SNX,TACH,6759.0
GS39,,-2957297.5067,5014569.2776,2596946.2607,24.1844301,120.5295993,36.347,53,0.00,,1,,ITRF00|ITRF2005,2000-01-01,2017-10-07,RNX2SNX,GS40,4764.9
GS40,,-2961563.0627,5012457.9820,2596718.7572,24.1812613,120.5763129,262.587,53,0.00,,1,,ITRF00|ITRF2005,2000-01-01,2017-10-07,RNX2SNX,GS39,4764.9
GS45,,-3007345.2848,5059278.4021,2451417.7221,22.7491331,120.7281720,763.238,1,0.00,,1,,ITRF2005,2000-01-01,2000-01-01,REFERENCE,35G3,1668.2
GS52,,-2995162.1458,5051891.9536,2480156.5572,23.0323357,120.6628240,361.147,1,0.00,,1,,ITRF2005,2000-01-01,2000-01-01,REFERENCE,LGUE,5247.8
GS55,,-2994462.5350,5061274.8021,2461367.1868,22.8489359,120.6103398,143.809,1,0.00,,1,,ITRF2005,2000-01-01,2000-01-01,REFERENCE,39G1,7208.0
GS56,,-2997606.3067,5066693.4856,2446364.0827,22.7021243,120.6098192,111.726,1,0.00,,1,,ITRF2005,2000-01-01,2000-01-01,REFERENCE,MAJA,4383.7
GS67,,-2990269.2284,5039552.0717,2511375.9304,23.3380494,120.6832038,601.609,1,0.00,,1,,ITRF2005,2000-01-01,2000-01-01,REFERENCE,CHNL,12989.2
GS76,,-2973540.7777,5074214.0719,2459956.9740,22.8353276,120.3707341,88.792,53,0.00,,1,,ITRF00|ITRF2005,2000-01-01,2017-10-07,RNX2SNX,ICFS,2531.0
GUAM,50501M002,-5071312.7171,3568363.5759,1488904.3445,13.5893294,144.8683608,201.915,8197,656.65,yes,18,34087.4,IGS00|IGS08|IGS14|IGS14_0|IGS20|IGS20_0|IGS97|IGb08|ITRF00|ITRF2005|ITRF2014_0|ITRF97|WGS-84,1995-11-14,2026-02-12,RNX2SNX,GUUG,18678.0
GUAO,21612M003,228378.3532,4631946.8909,4367028.5850,43.4711087,87.1773148,2028.731,758,0.83,,1,,IGS08|IGS14|IGS14_0|IGS20|IGS20_0|IGb08|ITRF00|ITRF2005|ITRF2014_0,2000-01-01,2026-02-12,RNX2SNX,URUM,50696.0
GUAT,40901S001,-56063.5375,-6174978.5992,1596665.2954,14.5904045,-90.5201825,1519.812,762,0.11,,1,,IGS00|IGS08|IGS14|IGS14_0|IGS20|IGS20_0|IGb08|ITRF00|ITRF2005|ITRF2014_0,2000-01-01,2026-02-12,RNX2SNX,SSIA,180948.4
GUAX,40512M001,-2648836.6768,-4921546.0701,3062675.3760,28.8840595,-118.2896845,40.472,2,0.00,,1,,ITRF2014_0,2010-01-01,2010-01-01,REFERENCE,7883,333578.8
GUES,,-3658407.0990,5080807.8292,1213955.5677,11.0453726,125.7555617,120.642,619,0.44,,1,,IGS14|IGS20,2021-09-01,2026-02-12,RNX2SNX,SOLD,2063.8
GUFU,,-3045917.1734,4991785.9421,2538585.8790,23.6073954,121.3909513,216.019,53,0.00,,1,,ITRF00|ITRF2005,2000-01-01,2017-10-07,RNX2SNX,FONB,13419.4
GUIN,,-3322165.3173,5225846.2773,1523016.4765,13.9070444,122.4448609,65.218,189,92.30,,1,,ITRF2005|WGS-84,1998-02-18,2004-04-26,GPSEST,S150,28.9
GUIP,10004M501,4226392.6891,-326080.1742,4749929.4310,48.4446044,-4.4118188,154.677,2,0.00,,1,,ITRF2014_0,2010-01-01,2010-01-01,REFERENCE,7604,7941.0
GUMA,,-3290306.9492,5245504.3704,1524568.3686,13.9215045,122.0984970,60.955,972,7.07,yes,17,83117.3,IGS14|IGS20|ITRF2005,2014-10-05,2026-02-12,RNX2SNX,LUZN,15538.0
GUNG,,-3322225.3030,5225842.4439,1522954.4762,13.9064375,122.4453483,78.415,619,1.97,,1,,IGS14|IGS20,2021-09-01,2026-02-12,RNX2SNX,GUIN,86.4
GUNY,,-3323160.5083,5225585.3944,1521701.8702,13.8948290,122.4539261,54.025,112,8.05,,1,,ITRF2005,2008-06-22,2014-04-11,GPSEST,GUNG,1584.2
GUS2,49802S002,-2396394.2862,-2338783.9863,5410267.9917,58.4177564,-135.6970517,20.025,2,0.00,,1,,ITRF2014_0,2010-01-01,2010-01-01,REFERENCE,AB50,67311.5
GUUG,82301M001,-5070465.1472,3576460.3184,1472093.8487,13.4332088,144.8027117,134.717,630,0.15,,1,,IGS08|IGS14|IGS14_0|IGS20|IGb08|ITRF2014_0,2005-01-01,2026-02-12,RNX2SNX,GUAM,18678.0
HALY,20102M001,4505447.1463,3285418.6529,3087773.5337,29.1388677,36.0999177,861.594,2,0.00,,1,,ITRF2014_0,2010-01-01,2010-01-01,REFERENCE,ELAT,121695.4
HAMM,49677S001,-44885.1901,-5499419.3688,3219506.3810,30.5130753,-90.4676266,5.811,2,0.00,,1,,ITRF2014_0,2010-01-01,2010-01-01,REFERENCE,NDBC,84172.9
HARB,30302M009,5084657.5979,2670325.5000,-2768480.8086,-25.8869596,27.7072481,1558.074,691,0.74,,1,,IGS00|IGS08|IGS14|IGS14_0|IGS20|IGS97|IGb08|ITRF00|ITRF2005|ITRF2014_0,1997-01-01,2026-02-12,RNX2SNX,HART,53.8
HARK,30302M007,5084625.3015,2670366.2917,-2768494.4902,-25.8871086,27.7077582,1555.386,64,0.26,,1,,IGS00|IGS97|ITRF00|ITRF2005|ITRF2014_0|ITRF97,1997-01-01,2017-10-07,RNX2SNX,HART,0.0
HART,30302M002,5084625.3174,2670366.2870,-2768494.4943,-25.8871086,27.7077581,1555.399,9,0.73,,1,,IGS00|IGS97|ITRF97,1997-01-01,2000-01-01,REFERENCE,HARK,0.0
HARV,40420M101,-2686069.3900,-4527084.2213,3589502.3576,34.4693995,-120.6820632,14.967,55,0.50,,1,,ITRF00|ITRF2005|ITRF2014_0,2000-01-01,2017-10-07,RNX2SNX,VNDP,11369.0
HCHM,,-2982708.4142,4967081.4453,2658292.4776,24.7925270,120.9846131,153.531,53,0.00,,1,,ITRF00|ITRF2005,2000-01-01,2017-10-07,RNX2SNX,TNML,666.2
HEAL,,-3186643.3853,5294139.8337,1575458.9426,14.3958737,121.0445344,61.121,53,0.00,,1,,ITRF00|ITRF2005,2000-01-01,2017-10-07,RNX2SNX,TATA,424.0
HEAU,10055M004,4141610.4718,-128560.5991,4832822.0080,49.5806623,-1.7779594,188.629,2,0.00,,1,,ITRF2014_0,2010-01-01,2010-01-01,REFERENCE,BMHG,9499.6
HELG,14264M001,3706067.2613,513803.7929,5148174.4070,54.1744805,7.8930903,48.388,10,0.24,,1,,IGS00|IGS97|ITRF2014_0,1997-01-01,2010-01-01,REFERENCE,HELJ,0.2
HELJ,14264M001,3706067.1098,513803.9506,5148174.5150,54.1744820,7.8930930,48.400,2,0.00,,1,,ITRF2014_0,2010-01-01,2010-01-01,REFERENCE,HELG,0.2
HENC,,-3024681.8016,5084749.6232,2374834.3745,22.0039352,120.7464517,46.631,48,0.07,,1,,WGS-84,2000-04-07,2000-04-16,OTHER,KDNM,7066.1
HER2,40522M001,-1996004.0134,-5208674.5162,3082959.5399,29.0925467,-110.9672155,186.946,2,0.00,,1,,ITRF2014_0,2010-01-01,2010-01-01,REFERENCE,USMX,148659.5
HERI,,-3021881.9497,4915665.8852,2708636.9650,25.2944554,121.5809214,83.828,53,0.00,,1,,ITRF00|ITRF2005,2000-01-01,2017-10-07,RNX2SNX,SHMN,1919.5
HERP,13212M009,4033454.6465,23664.4572,4924308.8827,50.8674649,0.3361530,72.570,8,0.04,,1,,IGS00|IGS97,1997-01-01,2000-01-01,REFERENCE,7840,9.8
HERS,13212M007,4033469.8351,23673.2296,4924301.5142,50.8673168,0.3362764,76.473,767,12.89,,1,,IGS00|IGS08|IGS14|IGS14_0|IGS20|IGS20_0|IGS97|IGb08|ITRF00|ITRF2005|ITRF2014_0|ITRF97,1997-01-01,2026-02-12,RNX2SNX,7840,12.9
HERT,13212M010,4033460.6589,23538.1344,4924318.4661,50.8674825,0.3343582,83.332,691,0.60,,1,,IGS00|IGS08|IGS14|IGS14_0|IGS20|IGS20_0|IGb08|ITRF00|ITRF2005|ITRF2014_0,2000-01-01,2026-02-12,RNX2SNX,7840,125.2
HF01,,-3039400.1406,4922721.3658,2677285.3517,24.9799821,121.6921256,522.693,52,0.00,,1,,ITRF00,2017-09-30,2017-10-07,RNX2SNX,HF07,73.6
HF02,,-3039311.0187,4922773.9003,2677273.7826,24.9798955,121.6911012,515.887,52,0.00,,1,,ITRF00,2017-09-30,2017-10-07,RNX2SNX,HF01,104.1
HF03,,-3039379.1773,4922713.8182,2677403.1654,24.9810125,121.6919882,556.643,52,0.00,,1,,ITRF00,2017-09-30,2017-10-07,RNX2SNX,HFAN,102.4
HF04,,-3039275.6453,4922766.6052,2677397.9858,24.9810063,121.6908411,545.867,53,9.13,,1,,ITRF00|ITRF2005,2000-01-01,2017-10-07,RNX2SNX,HF03,116.3
HF05,,-3039247.7731,4922744.0530,2677522.7370,24.9821560,121.6907236,567.887,53,5.22,,1,,ITRF00|ITRF2005,2000-01-01,2017-10-07,RNX2SNX,HF04,129.8
HF06,,-3039364.2851,4922788.9376,2677142.8448,24.9786687,121.6914719,497.557,52,0.00,,1,,ITRF00,2017-09-30,2017-10-07,RNX2SNX,HF02,142.2
HF07,,-3039463.2788,4922697.4136,2677255.9673,24.9796929,121.6927822,521.877,52,0.00,,1,,ITRF00,2017-09-30,2017-10-07,RNX2SNX,HF01,73.6
HF08,,-3039435.0117,4922641.2426,2677514.3725,24.9820461,121.6928363,574.221,52,0.00,,1,,ITRF00,2017-09-30,2017-10-07,RNX2SNX,HF03,144.1
HF09,,-3039500.6153,4922723.9129,2677193.5832,24.9790217,121.6929590,533.752,52,0.00,,1,,ITRF00,2017-09-30,2017-10-07,RNX2SNX,HF07,77.4
HF11,,-3039011.3147,4922890.8012,2677195.8711,24.9794790,121.6879675,430.440,52,0.00,,1,,ITRF00,2017-09-30,2017-10-07,RNX2SNX,HF12,279.3
HF12,,-3038871.8573,4923006.9339,2676983.5547,24.9776442,121.6861881,363.958,52,0.00,,1,,ITRF00,2017-09-30,2017-10-07,RNX2SNX,HF11,279.3
HF14,,-3038482.1288,4923228.7023,2676768.7397,24.9759473,121.6817501,258.764,52,0.00,,1,,ITRF00,2017-09-30,2017-10-07,RNX2SNX,HF12,497.2
HFAN,,-3039472.4536,4922680.2183,2677377.5556,24.9807252,121.6929490,564.332,53,1.84,,1,,ITRF00|ITRF2005,2000-01-01,2017-10-07,RNX2SNX,HF03,102.4
HFLK,11006S003,4248505.1272,855575.6519,4667172.2287,47.3129042,11.3860909,2384.140,64,0.27,,1,,IGS00|IGS97|ITRF00|ITRF2005|ITRF2014_0|ITRF97,1997-01-01,2017-10-07,RNX2SNX,OBET,86193.1
HH01,,-2958373.6736,5071282.0060,2483872.4634,23.0700530,120.2574979,35.020,53,4.59,,1,,ITRF00|ITRF2005,2000-01-01,2017-10-07,RNX2SNX,NMT1,2685.0
HH02,,-2965106.3730,5067775.4375,2483046.2109,23.0618848,120.3314896,50.386,53,9.60,,1,,ITRF00|ITRF2005,2000-01-01,2017-10-07,RNX2SNX,S106,1256.7
HHA1,,-2966421.6531,5067180.7045,2482738.4668,23.0587937,120.3454982,68.841,51,0.00,,1,,ITRF00,2017-09-30,2017-10-07,RNX2SNX,HHAR,2.6
HHAR,,-2966421.8493,5067180.2184,2482735.9012,23.0587736,120.3455022,67.541,53,99.86,,1,,ITRF00|ITRF2005,2000-01-01,2017-10-07,RNX2SNX,HHA1,2.6
HHH1,,-2964010.2390,5069808.8272,2480257.0819,23.0344615,120.3122408,64.330,51,0.00,,1,,ITRF00,2017-09-30,2017-10-07,RNX2SNX,HHHS,2.4
HHHS,,-2964010.4672,5069808.9789,2480254.7106,23.0344409,120.3122420,63.629,53,187.42,,1,,ITRF00|ITRF2005,2000-01-01,2017-10-07,RNX2SNX,HHH1,2.4
HHLA,,-2962433.6738,5069682.0591,2482356.2077,23.0551023,120.2995844,53.249,53,99.81,,1,,ITRF00|ITRF2005,2000-01-01,2017-10-07,RNX2SNX,HHLC,8.1
HHLB,,-2962430.3279,5069676.4795,2482351.2989,23.0550845,120.2995837,45.340,51,0.00,,1,,ITRF00,2017-09-30,2017-10-07,RNX2SNX,HHLC,0.0
HHLC,,-2962430.3428,5069676.4694,2482351.3035,23.0550846,120.2995839,45.341,51,0.00,,1,,ITRF00,2017-09-30,2017-10-07,RNX2SNX,HHLB,0.0
HIL1,50141S001,-2355571.6476,4886093.1076,-3343994.1534,-31.8255209,115.7385843,-27.255,2,0.00,,1,,ITRF2014_0,2010-01-01,2010-01-01,REFERENCE,PERT,14130.4
HILO,49979S001,-5446001.7359,-2533417.5432,2138468.1655,19.7191811,-155.0526914,29.299,55,0.72,,1,,ITRF00|ITRF2005|ITRF2014_0,2000-01-01,2017-10-07,RNX2SNX,MKEA,43445.4
HINA,,-3588831.8817,5112629.7199,1285162.1103,11.7020799,125.0670970,65.701,106,114.28,,1,,ITRF2005,1995-11-21,2011-04-07,GPSEST,LEYI,0.2
HINU,,-3615392.4782,5127642.5542,1144135.4982,10.4030171,125.1868556,79.771,619,0.10,,1,,IGS14|IGS20,2021-09-01,2026-02-12,RNX2SNX,SOLI,9144.6
HIRS,10106M002,3374902.9501,593115.6478,5361509.5373,57.5911010,9.9675474,50.141,2,0.00,,1,,ITRF2014_0,2010-01-01,2010-01-01,REFERENCE,OS0G,119414.4
HKLO,49877S001,-529863.6527,-5159629.7302,3699768.3528,35.6827543,-95.8633856,191.126,2,0.00,,1,,ITRF2014_0,2010-01-01,2010-01-01,REFERENCE,PRCO,169545.6
HKSL,23015M001,-2393383.2496,5393860.9061,2412592.1239,22.3720021,113.9279898,95.274,268,0.36,,1,,IGS20|IGS20_0,2015-01-01,2025-07-19,RNX2SNX,TNSM,343595.6
HLFX,40120M001,2018905.4345,-4069070.5173,4462415.5288,44.6835511,-63.6112836,3.085,758,0.44,,1,,IGS08|IGS14|IGS14_0|IGS20|IGS20_0|IGb08|ITRF00|ITRF2005|ITRF2014_0,2000-01-01,2026-02-12,RNX2SNX,SHE2,186002.9
HNIS,59959M001,-4960946.3383,3834778.9910,-1164513.9039,-10.5903716,142.2962120,87.703,2,0.00,,1,,ITRF2014_0,2010-01-01,2010-01-01,REFERENCE,LAE1,674087.6
HNLC,49970S001,-5506798.9793,-2240048.2521,2302721.0685,21.3032945,-157.8645578,21.959,758,1.82,,1,,IGS08|IGS14|IGS14_0|IGS20|IGS20_0|IGb08|ITRF00|ITRF2005|ITRF2014_0,2000-01-01,2026-02-12,RNX2SNX,ZHN1,5936.0
HNPT,49913S001,1196626.4072,-4846358.4793,3956723.0920,38.5888164,-76.1303728,-27.984,55,0.14,,1,,ITRF00|ITRF2005|ITRF2014_0,2000-01-01,2017-10-07,RNX2SNX,MDSI,41170.4
HNUS,30322M001,4973168.8953,1734085.7253,-3585433.8796,-34.4246279,19.2230649,63.052,270,0.39,,1,,IGS20|IGS20_0|ITRF2014_0,2010-01-01,2025-07-19,RNX2SNX,SIMO,76752.1
HOB1,50116M003,-3950184.0766,2522364.4615,-4311588.1960,-42.8039713,147.4399972,56.648,9,0.19,,1,,IGS00|IGS97|ITRF97,1997-01-01,2000-01-01,REFERENCE,HOB2,132.1
HOB2,50116M004,-3950072.4622,2522415.4100,-4311637.1861,-42.8047026,147.4387379,41.037,772,1.65,,1,,IGS00|IGS08|IGS14|IGS14_0|IGS20|IGS20_0|IGS97|IGb08|ITRF00|ITRF2005|ITRF2014_0|ITRF97,1997-01-01,2026-02-12,RNX2SNX,HOB1,132.1
HOE2,14284M002,3650022.6003,532050.6314,5185984.5351,54.7587528,8.2933894,62.717,2,0.00,,1,,ITRF2014_0,2010-01-01,2010-01-01,REFERENCE,TGDA,25546.4
HOFN,10204M002,2679689.9229,-727950.9000,5722789.6783,64.2672945,-15.1979145,82.979,767,0.70,,1,,IGS00|IGS08|IGS14|IGS14_0|IGS20|IGS20_0|IGS97|IGb08|ITRF00|ITRF2005|ITRF2014_0|ITRF97,1997-01-01,2026-02-12,RNX2SNX,REYZ,328383.5
HOKN,,-2944927.6448,5073145.6465,2495922.6150,23.1883896,120.1348829,30.421,48,0.04,,1,,WGS-84,2000-04-07,2000-04-16,OTHER,SWAN,12562.6
HOL2,14285M002,3665229.0164,656626.0458,5161071.7969,54.3729229,10.1567978,47.691,2,0.00,,1,,ITRF2014_0,2010-01-01,2010-01-01,REFERENCE,TGBU,89087.2
HOLB,40130M001,-2503040.8374,-3188233.3279,4908701.3855,50.6403514,-128.1350010,559.629,691,0.47,,1,,IGS00|IGS08|IGS14|IGS14_0|IGS20|IGS97|IGb08|ITRF00|ITRF2005|ITRF2014_0,1997-01-01,2026-02-12,RNX2SNX,BCOV,92138.9
HOLC,40404M101,-2459518.2570,-4655992.0266,3589168.8721,34.4581863,-117.8451623,1238.137,2,0.00,,1,,ITRF2014_0,2010-01-01,2010-01-01,REFERENCE,TABV,17555.5
HOLM,40148M001,-983072.4192,-1867623.7142,5998639.5258,70.7363019,-117.7612449,0.481,757,0.55,,1,,IGS00|IGS14|IGS14_0|IGS20|IGS20_0|ITRF00|ITRF2005|ITRF2014_0,2000-01-01,2026-02-12,RNX2SNX,SACH,301315.5
HOLY,19146M001,3805896.1528,-309027.6964,5091799.8103,53.3177315,-4.6420668,67.931,2,0.00,,1,,ITRF2014_0,2010-01-01,2010-01-01,REFERENCE,LIVE,109042.2
HOPB,49425M001,-2708982.0415,-4159579.2459,3992123.8599,38.9951848,-123.0747288,353.248,2,0.00,,1,,ITRF2014_0,2010-01-01,2010-01-01,REFERENCE,P059,56952.6
HORN,50247M001,-4544702.5718,792727.2725,-4390925.4061,-43.7773276,170.1055093,960.370,2,0.00,,1,,ITRF2014_0,2010-01-01,2010-01-01,REFERENCE,CNCL,23607.3
HOUE,97102M001,2907579.9183,-5400653.5035,1744662.8680,15.9796111,-61.7030628,376.977,2,0.00,,1,,ITRF2014_0,2010-01-01,2010-01-01,REFERENCE,SOUF,8489.7
HOUS,49577M001,-524578.7038,-5515562.0691,3149180.5405,29.7794192,-95.4329927,11.914,2,0.00,,1,,ITRF2014_0,2010-01-01,2010-01-01,REFERENCE,LKHU,31483.7
HRAO,30302M004,5085352.4308,2668396.2372,-2768731.2011,-25.8901016,27.6869842,1414.151,772,0.75,,1,,IGS00|IGS08|IGS14|IGS14_0|IGS20|IGS20_0|IGS97|IGb08|ITRF00|ITRF2005|ITRF2014_0|ITRF97,1997-01-01,2026-02-12,RNX2SNX,7501,92.4
HRM1,13235S001,3981776.4701,-89238.9430,4965284.6833,51.4537443,-1.2838890,163.014,2,0.00,,1,,ITRF2014_0,2010-01-01,2010-01-01,REFERENCE,HRM2,0.0
HRM2,13235S001,3981776.4701,-89238.9430,4965284.6833,51.4537443,-1.2838890,163.014,2,0.00,,1,,ITRF2014_0,2010-01-01,2010-01-01,REFERENCE,HRM1,0.0
HSIN,,-2984384.9492,4964051.8654,2661791.1700,24.8277628,121.0142592,48.208,101,1.20,,1,,ITRF00|ITRF2005|WGS-84,2000-01-01,2017-10-07,RNX2SNX,GS02,3800.9
HUAL,,-3056584.4580,4965782.5003,2575812.3336,23.9753923,121.6135132,46.794,101,1.01,,1,,ITRF00|ITRF2005|WGS-84,2000-01-01,2017-10-07,RNX2SNX,NANK,10753.5
HUAP,,-3060402.9438,4945662.3684,2609529.6244,24.3090010,121.7494488,43.036,53,0.00,,1,,ITRF00|ITRF2005,2000-01-01,2017-10-07,RNX2SNX,SICH,22478.2
HUEL,13451M001,5049612.9511,-612885.2609,3835144.1660,37.1999824,-6.9202954,81.838,2,0.00,,1,,ITRF2014_0,2010-01-01,2010-01-01,REFERENCE,7824,103518.5
HUSI,,-2895400.6169,5082480.4186,2534356.9856,23.5664066,119.6694119,44.913,53,0.00,,1,,ITRF00|ITRF2005,2000-01-01,2017-10-07,RNX2SNX,PANG,10788.7
HUTB,22312M001,-277025.8775,6263635.5350,1166568.2686,10.6095086,92.5324073,-55.257,2,0.00,,1,,ITRF2014_0,2010-01-01,2010-01-01,REFERENCE,PBRI,115422.9
HYDE,22307M001,1208443.7227,5966805.9708,1897077.5570,17.4172645,78.5508770,441.689,762,1.37,,1,,IGS00|IGS08|IGS14|IGS14_0|IGS20|IGS20_0|IGb08|ITRF00|ITRF2005|ITRF2014_0,2000-01-01,2026-02-12,RNX2SNX,BAN2,497581.1
I007,,-2988897.6313,5019017.7345,2553900.1114,23.7561927,120.7744100,766.218,48,0.04,,1,,WGS-84,2000-04-07,2000-04-16,OTHER,SINY,10408.6
IAVH,35001M001,5256828.1389,-633054.1747,3544324.4785,33.9763237,-6.8667842,99.238,9,0.09,,1,,IGS00|IGS97|ITRF97,1997-01-01,2000-01-01,REFERENCE,RABT,2678.1
IBAZ,,-3075077.7289,5329391.9414,1674486.1571,15.3218357,119.9850959,54.133,1358,18.47,yes,13,34471.5,IGS14|IGS20|ITRF2005,2012-02-01,2026-02-12,RNX2SNX,ZBS1,10282.7
IBIZ,13454S001,4967979.4991,125663.1987,3984692.9184,38.9112489,1.4489665,59.957,2,0.00,,1,,ITRF2014_0,2010-01-01,2010-01-01,REFERENCE,MALL,123986.4
ICAM,40514M002,-55248.6323,-6001113.5086,2152446.1775,19.8534574,-90.5274728,2.583,2,0.00,,1,,ITRF2014_0,2010-01-01,2010-01-01,REFERENCE,CAM2,1663.5
ICFS,,-2973758.4597,5075207.6994,2457639.3297,22.8126498,120.3676702,81.374,53,0.00,,1,,ITRF00|ITRF2005,2000-01-01,2017-10-07,RNX2SNX,GS76,2531.0
IDDR,49451M001,-1662651.6961,-4306563.9338,4389045.3234,43.7461167,-111.1102705,1863.944,2,0.00,,1,,ITRF2014_0,2010-01-01,2010-01-01,REFERENCE,7082,202998.3
IENG,12724S001,4476537.4748,600431.3354,4488761.2723,45.0151317,7.6394036,316.614,59,0.26,,1,,IGS00|ITRF00|ITRF2005|ITRF2014_0,2000-01-01,2017-10-07,RNX2SNX,TORI,5631.3
IFG1,,-3149063.4535,5230260.4814,1844836.8639,16.9205896,121.0515319,1406.922,24,1.23,yes,2,64348.4,ITRF2005,2009-10-16,2011-02-17,GPSEST,IFR3,5.7
IFR3,,-3149059.0339,5230263.8461,1844835.3972,16.9205754,121.0514801,1407.072,5,0.00,,1,,ITRF2005,2011-02-17,2011-02-17,GPSEST,IFG1,5.7
IFRN,35002M001,5301924.2159,-473973.5753,3504943.3352,33.5396265,-5.1084637,1710.099,2,0.00,,1,,ITRF2014_0,2010-01-01,2010-01-01,REFERENCE,RABT,169553.8
IGM1,41505M003,2751804.0336,-4479879.3370,-3598922.4717,-34.5722433,-58.4393196,50.687,2,0.00,,1,,ITRF2014_0,2010-01-01,2010-01-01,REFERENCE,BUE1,7340.8
IID2,49985M001,-2273075.3954,-4867570.1130,3426589.2607,32.7061688,-115.0318030,9.776,2,0.00,,1,,ITRF2014_0,2010-01-01,2010-01-01,REFERENCE,7894,81785.2
IILO2,,-3386224.0867,5268055.7557,1205569.7676,10.9681497,122.7322773,116.559,15,6.42,,1,,ITRF2005,2014-05-12,2014-05-14,GPSEST,ILO2,0.1
IISC,22306M002,1337935.5727,6070317.1340,1427877.4816,13.0211724,77.5703839,843.694,767,2.71,,1,,IGS00|IGS08|IGS14|IGS14_0|IGS20|IGS20_0|IGS97|IGb08|ITRF00|ITRF2005|ITRF2014_0|ITRF97,1997-01-01,2026-02-12,RNX2SNX,BAN2,6539.4
IJMU,13537M001,3882052.9447,309346.5035,5034330.4853,52.4619747,4.5560624,54.073,2,0.00,,1,,ITRF2014_0,2010-01-01,2010-01-01,REFERENCE,DELF,54186.8
ILAN,,-3049998.9063,4927470.4357,2655375.4957,24.7640437,121.7566224,28.673,48,0.07,,1,,WGS-84,2000-04-07,2000-04-16,OTHER,YILN,2278.6
ILHA,41634M001,3735306.3404,-4669666.4276,-2212269.3521,-20.4277836,-51.3433850,375.032,2,0.00,,1,,ITRF2014_0,2010-01-01,2010-01-01,REFERENCE,UEPP,187479.7
ILN3,,-3106956.8962,5208930.3171,1967339.0096,18.0846229,120.8146969,157.681,36,4.61,,1,,ITRF2005,2009-10-13,2011-02-23,GPSEST,BATC,27110.5
ILO1,,-3386224.0416,5268055.8901,1205569.7947,10.9681498,122.7322763,116.652,98,87.40,,1,,ITRF2005,1997-05-30,2010-07-31,GPSEST,IILO2,0.1
ILO2,,-3386224.0332,5268055.7048,1205569.8316,10.9681504,122.7322771,116.501,83,76.30,,1,,ITRF2005,1999-11-23,2012-04-13,GPSEST,IILO2,0.1
IMBT,41638M001,3714771.5441,-4221851.1334,-2999473.8111,-28.2348383,-48.6557217,31.362,2,0.00,,1,,ITRF2014_0,2010-01-01,2010-01-01,REFERENCE,PARA,313984.6
IMPZ,41615M001,4289656.4039,-4680884.9629,-606347.2044,-5.4917651,-47.4972350,104.985,2,0.00,,1,,ITRF2014_0,2010-01-01,2010-01-01,REFERENCE,BELE,463952.2
INEG,40507M001,-1260435.6903,-5788547.6242,2360340.2515,21.8561539,-102.2842023,1888.374,63,0.57,,1,,IGS00|IGS97|ITRF00|ITRF2005|ITRF2014_0,1997-01-01,2017-10-07,RNX2SNX,MPR1,334188.7
INFA,,-3237174.0452,5251937.7078,1613003.4408,14.7464638,121.6487288,64.948,938,280.73,,1,,IGS14|IGS20|ITRF2005,2014-04-01,2026-02-12,RNX2SNX,POLI,31336.9
INOP,,-3574145.0039,5154059.9735,1154895.1737,10.5019364,124.7398400,77.366,619,0.96,,1,,IGS14|IGS20,2021-09-01,2026-02-12,RNX2SNX,SOLB,14818.3
INVK,40150M001,-1628432.5138,-1714393.0961,5903844.5561,68.3061824,-133.5269667,46.338,762,0.53,,1,,IGS00|IGS08|IGS14|IGS14_0|IGS20|IGS20_0|IGb08|ITRF00|ITRF2005|ITRF2014_0,2000-01-01,2026-02-12,RNX2SNX,TUKT,128080.6
IPAZ,40521M002,-2023265.2595,-5460589.9808,2592968.1905,24.1452720,-110.3307443,-14.840,2,0.00,,1,,ITRF2014_0,2010-01-01,2010-01-01,REFERENCE,LPAZ,1362.2
IQAL,40194M001,1036000.7242,-2631455.6236,5697819.7978,63.7559649,-68.5105035,91.771,700,0.31,,1,,IGS14|IGS14_0|IGS20|IGS20_0|ITRF2014_0,2010-01-01,2026-02-12,RNX2SNX,QIKI,471084.6
IQQE,41708S002,2034208.1168,-5629172.4854,-2196141.8035,-20.2735407,-70.1317181,38.994,2,0.00,,1,,ITRF2014_0,2010-01-01,2010-01-01,REFERENCE,UCNF,378118.4
IQUI,42204M001,1832254.6615,-6095126.8159,-416285.4373,-3.7673455,-73.2687087,122.128,2,0.00,,1,,ITRF2014_0,2010-01-01,2010-01-01,REFERENCE,RIOP,642491.5
IRKG,12313M002,-968328.5778,3794426.5242,5018167.2651,52.2190207,104.3161823,502.053,5,0.14,,1,,IGb08|ITRF2014_0,2005-01-01,2010-01-01,REFERENCE,IRKJ,0.5
IRKJ,12313M002,-968329.1065,3794426.5000,5018167.1736,52.2190194,104.3161898,502.047,332,0.67,,1,,IGS00|IGS08|IGS20|IGS20_0|IGb08|ITRF00|ITRF2005|ITRF2014_0,2000-01-01,2025-07-19,RNX2SNX,IRKG,0.5
IRKM,12313M001,-968332.9257,3794425.3887,5018167.6550,52.2190230,104.3162480,502.346,681,0.67,,1,,IGS14|IGS14_0|IGS20|IGb08|ITRF00|ITRF2005|ITRF2014_0,2000-01-01,2026-02-12,RNX2SNX,IRKT,0.0
IRKT,12313M001,-968332.9253,3794425.3881,5018167.6548,52.2190230,104.3162480,502.346,772,0.75,,1,,IGS00|IGS08|IGS14|IGS14_0|IGS20|IGS20_0|IGS97|IGb08|ITRF00|ITRF2005|ITRF2014_0|ITRF97,1997-01-01,2026-02-12,RNX2SNX,IRKM,0.0
IS26,,-3089701.4910,5256909.4235,1864507.1698,17.1102180,120.4445022,42.044,24,1.40,,1,,ITRF2005,2009-10-13,2009-10-14,GPSEST,TGDN,19491.9
IS31,,-3118702.2946,5244923.4194,1851721.6207,16.9880077,120.7362882,538.846,36,5.26,,1,,ITRF2005,2009-10-12,2009-10-14,GPSEST,BUG2,22749.9
ISAB,,-3541698.9900,5165821.4653,1201053.6649,10.9266379,124.4346242,75.513,619,0.14,,1,,IGS14|IGS20,2021-09-01,2026-02-12,RNX2SNX,PALM,14609.2
ISB4,,-3217759.8843,5202472.2817,1800270.8552,16.5035901,121.7370362,147.542,68,8.99,,1,,ITRF2005,2008-08-22,2014-04-15,GPSEST,SMAT,28330.1
ISBA,20308M001,3808364.3925,3734430.2571,3485693.8508,33.3414193,44.4384073,72.363,270,0.57,,1,,IGS20|IGS20_0|ITRF2014_0,2010-01-01,2025-07-19,RNX2SNX,KUWT,557740.1
ISCO,40611M001,326077.2320,-6340127.3456,612125.4275,5.5443422,-87.0558316,10.374,2,0.00,,1,,ITRF2014_0,2010-01-01,2010-01-01,REFERENCE,LEPA,535344.6
ISHI,,-3270241.1354,4805497.2651,2616831.0060,24.3813352,124.2361041,47.379,198,0.13,,1,,WGS-84,1999-03-04,1999-03-15,OTHER,7307,2587.2
ISPA,41703M007,-1881702.3654,-5359980.1043,-2890599.3431,-27.1249839,-109.3443980,112.476,762,1.69,,1,,IGS00|IGS08|IGS14|IGS14_0|IGS20|IGS20_0|IGb08|ITRF00|ITRF2005|ITRF2014_0,2000-01-01,2026-02-12,RNX2SNX,7097,4633.6
ISTA,20807M001,4208829.9360,2334850.6553,4171267.4349,41.1044497,29.0193461,147.251,328,0.68,,1,,IGS08|IGS20|IGS20_0|IGb08|ITRF00|ITRF2005|ITRF2014_0,2000-01-01,2025-07-19,RNX2SNX,TUBI,50638.8
ITBA,,-3147284.1905,5067785.1677,2249504.8817,20.7879414,121.8418280,124.480,2142,110.54,,1,,IGS14|IGS20|ITRF2005,2012-01-01,2026-02-12,RNX2SNX,BASC,39702.5
ITGN,,-3120342.9745,5266512.5484,1789641.4624,16.4004004,120.6462123,1290.266,71,7.84,,1,,ITRF2005,2008-08-26,2014-04-11,GPSEST,LUZC,8453.1
JAB1,50136M001,-4236442.9031,4559929.5543,-1388624.4754,-12.6588511,132.8938964,82.140,69,0.70,,1,,IGS00|IGS08|IGS97|IGb08|ITRF00|ITRF2005|ITRF2014_0|ITRF97,1997-01-01,2017-10-07,RNX2SNX,JAB2,159.5
JAB2,50136M002,-4236472.6290,4559859.5162,-1388764.6264,-12.6601487,132.8945357,82.533,2,0.00,,1,,ITRF2014_0,2010-01-01,2010-01-01,REFERENCE,JAB1,159.5
JALA,,-3213254.3893,5279243.9044,1571416.4982,14.3581568,121.3271215,61.162,619,0.10,,1,,IGS14|IGS20,2021-09-01,2026-02-12,RNX2SNX,TALI,12193.3
JAMA,42601S001,1388059.8171,-5909149.0706,1951963.8304,17.9390229,-76.7808722,-2.933,63,0.10,,1,,IGS00|IGS97|ITRF00|ITRF2005|ITRF2014_0,1997-01-01,2017-10-07,RNX2SNX,1953,253272.1
JARO,,-3569884.1856,5139688.7376,1229666.1329,11.1900347,124.7827639,165.486,619,0.12,,1,,IGS14|IGS20,2021-09-01,2026-02-12,RNX2SNX,TONU,6993.3
JASK,20414M001,3068823.2854,4866406.2028,2744101.7262,25.6494890,57.7639002,-15.870,2,0.00,,1,,ITRF2014_0,2010-01-01,2010-01-01,REFERENCE,YIBL,418706.8
JAUP,,-2968066.5114,4996201.6963,2620107.7252,24.4133548,120.7130473,160.573,53,0.00,,1,,ITRF00|ITRF2005,2000-01-01,2017-10-07,RNX2SNX,FUS2,2027.9
JFNG,21602M006,-2279829.2593,5004706.4226,3219777.3367,30.5155641,114.4910235,71.312,268,0.36,,1,,IGS20|IGS20_0,2015-01-01,2025-07-19,RNX2SNX,WUHL,131.1
JHCI,,-2974176.0168,5039606.3179,2529050.6648,23.5137292,120.5474210,150.978,53,0.00,,1,,ITRF00|ITRF2005,2000-01-01,2017-10-07,RNX2SNX,GS06,5376.3
JIBE,,-2886578.2153,5078537.9135,2552107.0677,23.7414271,119.6133650,31.031,53,0.00,,1,,ITRF00|ITRF2005,2000-01-01,2017-10-07,RNX2SNX,S01R,9779.1
JIES,,-2978804.6000,4978418.9600,2641292.2300,24.6239833,120.8939182,58.198,53,0.00,,1,,ITRF00|ITRF2005,2000-01-01,2017-10-07,RNX2SNX,DPES,2201.8
JIZN,20131M001,4533845.3403,4097166.2399,1820976.2042,16.6991817,42.1036357,15.312,2,0.00,,1,,ITRF2014_0,2010-01-01,2010-01-01,REFERENCE,NAMA,278176.1
JNSA,,-2763920.3995,5107127.3171,2629163.0271,24.5036772,118.4217582,35.946,53,0.00,,1,,ITRF00|ITRF2005,2000-01-01,2017-10-07,RNX2SNX,KMNM,5549.9
JOEN,10512M001,2564139.1702,1486149.7005,5628951.3830,62.3911729,30.0961567,113.704,11,0.25,,1,,IGS00|IGS97|ITRF2014_0|ITRF97,1997-01-01,2010-01-01,REFERENCE,SVTL,207758.2
JOSE,,-3215750.0561,5337651.0797,1355537.9776,12.3525411,121.0675087,62.924,875,3.90,,1,,IGS14|IGS20|ITRF2005,2014-01-16,2026-02-12,RNX2SNX,BULA,30213.2
JOZ2,12204M002,3664880.6547,1409190.5163,5009618.4149,52.0978352,21.0323497,152.504,68,0.58,,1,,IGS00|IGS08|IGS20|IGS20_0|IGb08|ITRF00|ITRF2005|ITRF2014_0,2000-01-01,2023-01-10,RNX2SNX,JOZE,83.7
JOZE,12204M001,3664939.7946,1409154.1762,5009571.5638,52.0972776,21.0315450,141.434,767,0.73,,1,,IGS00|IGS08|IGS14|IGS14_0|IGS20|IGS20_0|IGS97|IGb08|ITRF00|ITRF2005|ITRF2014_0|ITRF97,1997-01-01,2026-02-12,RNX2SNX,JOZ2,83.7
JPIN,,-3049415.1586,5003813.1741,2511678.4830,23.3410812,121.3588930,587.031,53,0.00,,1,,ITRF00|ITRF2005,2000-01-01,2017-10-07,RNX2SNX,WATR,2860.8
JPLM,40400M007,-2493304.2867,-4655215.3781,3565497.4162,34.2048193,-118.1732239,423.987,60,0.40,,1,,IGS08|IGb08|ITRF00|ITRF2005|ITRF2014_0,2000-01-01,2017-10-07,RNX2SNX,7896,120.9
JPLV,40400M008,-2493466.9275,-4655309.1544,3565171.5952,34.2015822,-118.1742991,372.711,2,0.00,,1,,ITRF2014_0,2010-01-01,2010-01-01,REFERENCE,JPLM,376.0
JSLM,20714M001,4435438.0992,3129141.8379,3339301.1321,31.7711544,35.2024534,790.349,2,0.00,,1,,ITRF2014_0,2010-01-01,2010-01-01,REFERENCE,BARG,12056.9
JULI,,-3045649.5981,5005636.2641,2511575.9982,23.3416673,121.3181731,177.944,53,0.00,,1,,ITRF00|ITRF2005,2000-01-01,2017-10-07,RNX2SNX,YULJ,850.1
JUNA,,-2975765.0308,4976994.7030,2647324.1320,24.6839530,120.8753719,45.429,53,0.00,,1,,ITRF00|ITRF2005,2000-01-01,2017-10-07,RNX2SNX,SSES,3969.4
JXVL,49591S001,793993.3170,-5443614.4342,3216719.9870,30.4840381,-81.7014856,-19.198,2,0.00,,1,,ITRF2014_0,2010-01-01,2010-01-01,REFERENCE,XCTY,165345.2
JYGU,,-2866657.5579,4971010.1194,2775085.1600,25.9597131,119.9709765,81.063,53,0.00,,1,,ITRF00|ITRF2005,2000-01-01,2017-10-07,RNX2SNX,MZUM,22194.1
KA08,,-3168832.4097,5198565.4909,1895570.6258,17.4035022,121.3647725,262.899,31,4.40,,1,,ITRF2005,2009-10-15,2011-02-19,GPSEST,LUBU,20476.2
KABR,20709S001,4377283.1544,3081551.5444,3456136.7868,33.0228150,35.1450572,103.384,55,0.29,,1,,ITRF00|ITRF2005|ITRF2014_0,2000-01-01,2017-10-07,RNX2SNX,BSHM,29354.7
KAFN,,-3013835.8590,4992843.2137,2577671.9119,23.9875892,121.1164905,1584.866,53,0.00,,1,,ITRF00|ITRF2005,2000-01-01,2017-10-07,RNX2SNX,5936,3014.1
KARA,50248M001,-4553134.6052,821276.1322,-4377656.7644,-43.6083854,169.7751614,1403.288,2,0.00,,1,,ITRF2014_0,2010-01-01,2010-01-01,REFERENCE,CNCL,9153.2
KARL,14216M001,4146524.5061,613137.9004,4791517.0525,49.0112439,8.4112566,182.874,7,0.41,,1,,IGS97|ITRF2014_0|ITRF97,1997-01-01,2010-01-01,REFERENCE,PFAN,195105.9
KARR,50139M001,-2713833.5097,5303935.1100,-2269513.4627,-20.9814197,117.0971988,109.138,767,2.03,,1,,IGS00|IGS08|IGS14|IGS14_0|IGS20|IGS20_0|IGS97|IGb08|ITRF00|ITRF2005|ITRF2014_0|ITRF97,1997-01-01,2026-02-12,RNX2SNX,BRO1,629436.7
KASH,,-2970977.1600,5086591.5977,2437375.9697,22.6144967,120.2883524,25.654,53,0.00,,1,,ITRF00|ITRF2005,2000-01-01,2017-10-07,RNX2SNX,ANCH,20200.3
KAT1,59968M001,-4147414.0198,4581462.5172,-1573358.7766,-14.3759926,132.1532786,184.295,700,1.06,,1,,IGS14|IGS14_0|IGS20|IGS20_0|ITRF2014_0,2010-01-01,2026-02-12,RNX2SNX,KAT2,131.5
KAT2,59968M002,-4147369.1557,4581537.1264,-1573260.1871,-14.3750729,132.1525060,184.232,2,0.00,,1,,ITRF2014_0,2010-01-01,2010-01-01,REFERENCE,KAT1,131.5
KATC,12615M002,4573403.3915,2409322.0122,3723878.5605,35.9514810,27.7807822,74.349,2,0.00,,1,,ITRF2014_0,2010-01-01,2010-01-01,REFERENCE,7512,4.6
KATZ,20707M001,4349389.3143,3124004.7082,3453705.3338,32.9952451,35.6882826,347.006,64,0.31,yes,2,1271916.2,IGS00|IGS97|ITRF00|ITRF2005|ITRF2014_0|ITRF97,1997-01-01,2017-10-07,RNX2SNX,ELRO,22109.1
KAWN,,-2960797.1121,5063678.2644,2496422.7232,23.1932220,120.3153696,51.189,53,0.00,,1,,ITRF00|ITRF2005,2000-01-01,2017-10-07,RNX2SNX,S011,2811.3
KAYT,22007M001,-3186179.5624,5307362.8063,1531588.1295,13.9868803,120.9777401,61.136,1260,72.94,,1,,ITRF2005|ITRF2014_0|WGS-84,1999-03-03,2010-01-01,GPSEST,VTBM,620.2
KDNM,,-3028999.6462,5084820.6581,2369241.3906,21.9494251,120.7820240,58.297,289,0.06,,1,,ITRF00|ITRF2005|WGS-84,1999-03-04,2017-10-07,RNX2SNX,HENC,7066.1
KELS,49662M001,-2405383.4114,-3718715.9808,4574351.1223,46.1181772,-122.8960696,-15.935,2,0.00,,1,,ITRF2014_0,2010-01-01,2010-01-01,REFERENCE,FTS5,82437.7
KELY,43005M002,1575558.6976,-1941828.0375,5848076.7147,66.9874207,-50.9448469,229.957,767,0.64,,1,,IGS00|IGS08|IGS14|IGS14_0|IGS20|IGS20_0|IGS97|IGb08|ITRF00|ITRF2005|ITRF2014_0|ITRF97,1997-01-01,2026-02-12,RNX2SNX,QAAR,424365.0
KEN1,49995S001,-2748339.0741,-1501544.4957,5537749.3580,60.6750777,-151.3501833,56.127,2,0.00,,1,,ITRF2014_0,2010-01-01,2010-01-01,REFERENCE,AC15,91727.1
KERG,91201M002,1406337.1647,3918161.0981,-4816167.3918,-49.3514673,70.2555237,73.011,772,0.18,,1,,IGS00|IGS08|IGS14|IGS14_0|IGS20|IGS20_0|IGS97|IGb08|ITRF00|ITRF2005|ITRF2014_0|ITRF97,1997-01-01,2026-02-12,RNX2SNX,KRGG,8.6
KETG,91201M009,1408881.6946,3917164.8229,-4816199.6823,-49.3521831,70.2179282,47.222,2,0.00,,1,,ITRF2014_0,2010-01-01,2010-01-01,REFERENCE,KRGG,2731.3
KGN0,21704S006,-3942152.7306,3368281.3103,3701895.7257,35.7067656,139.4885323,128.869,59,0.06,,1,,IGS00|ITRF00|ITRF2005|ITRF2014_0,2000-01-01,2017-10-07,RNX2SNX,7308,372.2
KGNI,21704S005,-3941949.1489,3368156.3399,3702214.8412,35.7103421,139.4881208,123.527,7,0.24,,1,,IGS08|IGb08|ITRF2014_0,2005-01-01,2010-01-01,REFERENCE,7328,24.6
KHAB,12361M001,-2995266.4730,2990444.5820,4755575.8590,48.5214543,135.0461556,130.457,5,0.13,,1,,IGb08|ITRF2014_0,2005-01-01,2010-01-01,REFERENCE,KHAJ,0.1
KHAJ,12361M001,-2995266.3633,2990444.6437,4755575.9327,48.5214550,135.0461539,130.490,64,0.27,,1,,IGS00|IGS08|IGb08|ITRF00|ITRF2005|ITRF2014_0,2000-01-01,2017-10-07,RNX2SNX,KHAB,0.1
KHAR,12314M001,3312984.2276,2428203.5029,4863307.8595,50.0051028,36.2390093,201.029,2,0.00,,1,,ITRF2014_0,2010-01-01,2010-01-01,REFERENCE,POLV,130041.4
KIBU,,-3609035.2201,5196516.7122,806030.7009,7.3086933,124.7803831,184.494,10,5.03,,1,,ITRF2005,2014-09-25,2014-09-26,GPSEST,BANI,23734.5
KINL,19128M001,3331660.2442,-294549.1749,5412697.4698,58.4587709,-5.0523339,64.948,2,0.00,,1,,ITRF2014_0,2010-01-01,2010-01-01,REFERENCE,ULLA,63111.5
KIR0,10422M001,2248123.2698,865686.6246,5886425.7140,67.8775752,21.0602384,498.006,64,0.23,,1,,IGS00|IGS97|ITRF00|ITRF2005|ITRF2014_0|ITRF97,1997-01-01,2017-10-07,RNX2SNX,KR0G,0.0
KIRI,50305M001,-6327822.2546,785605.5435,149769.7161,1.3545875,172.9228837,36.147,700,1.16,,1,,IGS14|IGS14_0|IGS20|IGS20_0|ITRF2014_0,2010-01-01,2026-02-12,RNX2SNX,MAJU,660198.6
KIRU,10403M002,2251420.4636,862817.4471,5885476.9319,67.8573542,20.9684551,391.100,762,0.65,,1,,IGS00|IGS14|IGS14_0|IGS20|IGS20_0|IGS97|ITRF00|ITRF2005|ITRF2014_0|ITRF97,1997-01-01,2026-02-12,RNX2SNX,KIR0,4472.6
KIT3,12334M001,1944944.5825,4556652.3779,4004326.0707,39.1347679,66.8854518,622.465,772,0.81,,1,,IGS00|IGS08|IGS14|IGS14_0|IGS20|IGS20_0|IGS97|IGb08|ITRF00|ITRF2005|ITRF2014_0|ITRF97,1997-01-01,2026-02-12,RNX2SNX,1863,50155.1
KLPD,10802M001,3359228.0514,1297490.5525,5246690.3955,55.7153559,21.1188863,42.751,2,0.00,,1,,ITRF2014_0,2010-01-01,2010-01-01,REFERENCE,WLAD,199812.0
KMNM,23608M001,-2761837.5909,5110347.1845,2625151.0104,24.4638239,118.3885748,49.057,564,0.81,,1,,IGS20|IGS20_0|ITRF00|ITRF2005|WGS-84,1999-03-04,2025-07-19,RNX2SNX,JNSA,5549.9
KMOR,43018M001,433815.7437,-871142.6619,6282526.4389,81.2527146,-63.5273964,203.258,2,0.00,,1,,ITRF2014_0,2010-01-01,2010-01-01,REFERENCE,ALRT,139902.6
KOD1,40419S001,-3028720.8935,-1597307.2202,5363076.6773,57.6176919,-152.1934303,27.048,2,0.00,,1,,ITRF2014_0,2010-01-01,2010-01-01,REFERENCE,KOD5,0.2
KOD5,40419M003,-3028720.9736,-1597307.2666,5363076.8334,57.6176919,-152.1934303,27.229,2,0.00,,1,,ITRF2014_0,2010-01-01,2010-01-01,REFERENCE,KOD1,0.2
KODK,40419S003,-3027465.2415,-1575906.2604,5370077.9994,57.7351069,-152.5013757,37.874,63,0.22,,1,,IGS00|IGS97|ITRF00|ITRF2005|ITRF2014_0,1997-01-01,2017-10-07,RNX2SNX,KOD1,22552.1
KOK1,49896S001,-5551749.9264,-2047249.4312,2372727.0340,21.9834941,-159.7581692,23.641,2,0.00,,1,,ITRF2014_0,2010-01-01,2010-01-01,REFERENCE,KOKV,18545.2
KOKB,40424M004,-5543838.3830,-2054585.4710,2387810.6128,22.1262691,-159.6649402,1167.359,772,2.03,,1,,IGS00|IGS08|IGS14|IGS14_0|IGS20|IGS20_0|IGS97|IGb08|ITRF00|ITRF2005|ITRF2014_0|ITRF97,1997-01-01,2026-02-12,RNX2SNX,KOKV,0.0
KOKV,40424M004,-5543838.3833,-2054585.4698,2387810.6135,22.1262692,-159.6649402,1167.359,628,1.45,,1,,IGS14|IGS14_0|IGS20|IGb08|ITRF2014_0,2005-01-01,2026-02-12,RNX2SNX,KOKB,0.0
KOMS,12341S001,-2948544.7164,2774312.6757,4912302.9494,50.6946117,136.7438278,269.465,9,0.10,,1,,IGS00|IGS97|ITRF97,1997-01-01,2000-01-01,REFERENCE,1868,0.9
KONE,19879M001,4276913.2578,-291751.6994,4706935.1250,47.8657545,-3.9024136,80.431,2,0.00,,1,,ITRF2014_0,2010-01-01,2010-01-01,REFERENCE,GROI,38219.2
KOPE,14502M001,4346595.0470,1061559.4953,4530252.9545,45.5481093,13.7245567,52.691,2,0.00,,1,,ITRF2014_0,2010-01-01,2010-01-01,REFERENCE,7550,15815.3
KOSG,13504M003,3899224.8259,396732.2715,5015078.6156,52.1784297,5.8096492,96.834,692,0.69,,1,,IGS00|IGS08|IGS14|IGS14_0|IGS20|IGS97|IGb08|ITRF00|ITRF2005|ITRF2014_0|ITRF97,1997-01-01,2026-02-12,RNX2SNX,7833,11.8
KOU1,97301M211,3839590.2738,-5059568.3029,579957.7616,5.2521878,-52.8059717,-25.780,59,0.14,,1,,IGS00|ITRF00|ITRF2005|ITRF2014_0,2000-01-01,2017-10-07,RNX2SNX,KOUR,1.3
KOUC,92727S001,-5751223.2547,1617967.1543,-2225742.9475,-20.5586844,164.2873406,84.137,275,1.08,,1,,IGS08|IGS20|IGS20_0|IGb08|ITRF2014_0,2005-01-01,2025-07-19,RNX2SNX,NOUM,290382.9
KOUG,97301M402,3855263.2790,-5049732.0282,563040.5944,5.0984724,-52.6397508,107.249,270,0.21,,1,,IGS20|IGS20_0|ITRF2014_0,2010-01-01,2025-07-19,RNX2SNX,KOUR,25070.4
KOUR,97301M210,3839591.2903,-5059567.5950,579957.3007,5.2521836,-52.8059605,-25.772,767,0.41,,1,,IGS00|IGS14|IGS14_0|IGS20|IGS20_0|IGS97|ITRF00|ITRF2005|ITRF2014_0|ITRF97,1997-01-01,2026-02-12,RNX2SNX,KOU1,1.3
KR0G,10422M001,2248123.2698,865686.6246,5886425.7140,67.8775752,21.0602384,498.006,63,0.23,,1,,IGS00|IGS97|ITRF00|ITRF2005|ITRF2014_0,1997-01-01,2017-10-07,RNX2SNX,KIR0,0.0
KRGG,91201M007,1406336.1522,3918154.6014,-4816172.8871,-49.3515435,70.2555066,72.974,700,0.09,,1,,IGS14|IGS14_0|IGS20|IGS20_0|ITRF2014_0,2010-01-01,2026-02-12,RNX2SNX,KERG,8.6
KROT,12266M001,4737979.2139,1459859.1825,3999248.8182,39.0799397,17.1250349,61.600,2,0.00,,1,,ITRF2014_0,2010-01-01,2010-01-01,REFERENCE,TGRC,167693.1
KRSN,12349M006,-174282.0474,3571333.0405,5264196.0297,55.9932497,92.7938336,210.034,2,0.00,,1,,ITRF2014_0,2010-01-01,2010-01-01,REFERENCE,KSTU,0.3
KRTV,25602M001,798557.8109,3967218.0962,4913554.5655,50.7139506,78.6190652,126.167,2,0.00,,1,,ITRF2014_0,2010-01-01,2010-01-01,REFERENCE,1879,259237.3
KSHI,,-2999674.9205,4957730.0187,2656703.7458,24.7766682,121.1760385,168.258,53,0.00,,1,,ITRF00|ITRF2005,2000-01-01,2017-10-07,RNX2SNX,FCWS,11085.2
KSMV,21701S007,-3997525.6538,3276870.2831,3724218.2587,35.9553723,140.6576823,57.610,2,0.00,,1,,ITRF2014_0,2010-01-01,2010-01-01,REFERENCE,7335,91.6
KSNB,43019M001,2044690.6139,-1462576.6072,5844021.5017,66.8632796,-35.5763149,1720.850,2,0.00,,1,,ITRF2014_0,2010-01-01,2010-01-01,REFERENCE,PLPK,67764.9
KSTU,12349M002,-174281.7946,3571333.0159,5264196.0447,55.9932501,92.7938296,210.026,64,0.25,,1,,IGS00|IGS97|ITRF00|ITRF2005|ITRF2014_0|ITRF97,1997-01-01,2017-10-07,RNX2SNX,KRSN,0.3
KSU1,49240M001,-570504.7856,-4923591.0086,4001208.4491,39.1007498,-96.6094835,325.570,268,0.15,,1,,IGS20|IGS20_0,2015-01-01,2025-07-19,RNX2SNX,LMNO,278810.4
KTVL,12337M003,3785991.6912,2550749.1108,4439438.2809,44.3928897,33.9694658,67.377,2,0.00,,1,,ITRF2014_0,2010-01-01,2010-01-01,REFERENCE,1893,61.4
KUAL,22707M001,-1443668.3765,6184650.1099,587309.8886,5.3188887,103.1391474,54.979,2,0.00,,1,,ITRF2014_0,2010-01-01,2010-01-01,REFERENCE,GETI,152228.9
KULL,43020M001,920855.4994,-1430371.0765,6126575.8465,74.5806248,-57.2270581,93.999,2,0.00,,1,,ITRF2014_0,2010-01-01,2010-01-01,REFERENCE,SRMP,206290.8
KULN,,-2974829.3259,5048841.9366,2510583.8479,23.3309887,120.5070272,414.729,48,0.04,,1,,WGS-84,2000-04-07,2000-04-16,OTHER,CHNL,7710.5
KULU,43003M001,2107682.3430,-1596883.7116,5784773.5098,65.5793353,-37.1493579,67.486,2,0.00,,1,,ITRF2014_0,2010-01-01,2010-01-01,REFERENCE,KSNB,159739.4
KUMT,25701M001,974206.7590,4659360.2717,4237004.6015,41.8635225,78.1903894,4012.893,2,0.00,,1,,ITRF2014_0,2010-01-01,2010-01-01,REFERENCE,SELE,175134.9
KUNM,21609M001,-1281255.8463,5640746.0791,2682879.8564,25.0295377,102.7971968,1986.184,2133,102.42,,1,,IGS00|IGS08|IGS20|IGS20_0|IGS97|IGb08|ITRF00|ITRF2005|ITRF2014_0,1997-01-01,2025-07-19,RNX2SNX,7820,53.5
KUUJ,40154M001,772857.1872,-3558198.9068,5219096.1943,55.2783619,-77.7454410,-0.148,270,0.36,,1,,IGS20|IGS20_0|ITRF2014_0,2010-01-01,2025-07-19,RNX2SNX,7411,183842.6
KUWT,24002M001,3725972.5791,4133974.0387,3105364.5677,29.3249695,47.9714959,20.478,2,0.00,,1,,ITRF2014_0,2010-01-01,2010-01-01,REFERENCE,BHR2,432046.7
KVMN,,-3433303.4976,5252465.2779,1142447.2338,10.3864218,123.1708640,730.091,45,6.90,,1,,ITRF2005,2011-08-29,2014-05-21,GPSEST,MVMN,375.3
KWJ1,50506M001,-6160880.4157,1339884.8393,960811.2786,8.7222123,167.7302267,38.192,772,2.14,,1,,IGS00|IGS08|IGS14|IGS14_0|IGS20|IGS20_0|IGS97|IGb08|ITRF00|ITRF2005|ITRF2014_0|ITRF97,1997-01-01,2026-02-12,RNX2SNX,7092,79374.8
KWST,49582S001,832505.4049,-5744713.2960,2634182.9983,24.5536901,-81.7542823,-11.798,2,0.00,,1,,ITRF2014_0,2010-01-01,2010-01-01,REFERENCE,CHIN,5365.7
KYIN,,-2984965.6947,4952059.2004,2683208.6875,25.0410513,121.0804220,32.085,53,0.00,,1,,ITRF00|ITRF2005,2000-01-01,2017-10-07,RNX2SNX,GS20,9304.3
KYW1,49852S001,842464.4674,-5741929.0097,2637061.5008,24.5822724,-81.6530326,-13.790,55,0.09,,1,,ITRF00|ITRF2005|ITRF2014_0,2000-01-01,2017-10-07,RNX2SNX,KYW5,0.2
KYW5,49852S005,842464.4008,-5741929.1517,2637061.5959,24.5822727,-81.6530334,-13.631,2,0.00,,1,,ITRF2014_0,2010-01-01,2010-01-01,REFERENCE,KYW1,0.2
KZN2,12374M001,2352345.6789,2717466.6340,5251459.2365,55.7907835,49.1192518,94.503,268,0.27,,1,,IGS20|IGS20_0,2015-01-01,2025-07-19,RNX2SNX,ARTU,591005.6
KZON,,-2977526.9270,5015224.6727,2572838.8464,23.9456911,120.6975034,127.345,48,0.04,,1,,WGS-84,2000-04-07,2000-04-16,OTHER,CAOT,3837.3
LABO,,-3353643.5714,5197827.4608,1549545.9139,14.1541719,122.8301490,76.701,1465,156.09,yes,16,34722.1,IGS14|IGS20|ITRF2005,2014-04-14,2026-02-12,RNX2SNX,TLSY,10388.7
LAE1,51002M001,-5312857.4544,3451107.4202,-736321.4191,-6.6736980,146.9931930,140.185,336,1.75,,1,,IGS00|IGS08|IGS20|IGS20_0|IGS97|IGb08|ITRF00|ITRF2005|ITRF2014_0,1997-01-01,2025-07-19,RNX2SNX,PNGM,513581.8
LAFO,,-2986075.0327,5050056.4179,2494462.3806,23.1731463,120.5956288,263.286,53,0.00,,1,,ITRF00|ITRF2005,2000-01-01,2017-10-07,RNX2SNX,S092,6998.3
LAG1,,-3221154.9106,5277476.1534,1561192.5235,14.2628054,121.3981784,55.674,16,7.12,yes,2,121072.1,ITRF2005,2014-04-17,2014-04-20,GPSEST,PSTC,2729.6
LAGO,13903M001,5035246.4882,-767657.0010,3826194.3979,37.0989391,-8.6683762,62.723,2,0.00,,1,,ITRF2014_0,2010-01-01,2010-01-01,REFERENCE,HUEL,155694.5
LAGW,,-3157182.3108,5229003.1173,1831532.8574,16.7973953,121.1228585,529.960,1151,25.16,yes,4,15669.6,IGS14|IGS20|ITRF2005,2012-02-21,2026-02-12,RNX2SNX,IFG1,15636.3
LAHR,,-3047997.4607,5005252.8665,2509516.0877,23.3213945,121.3397319,182.346,53,0.00,,1,,ITRF00|ITRF2005,2000-01-01,2017-10-07,RNX2SNX,BRDE,608.6
LAM0,97206M001,2975265.1414,-5403742.4015,1620410.0733,14.8129591,-61.1631077,1209.058,2,0.00,,1,,ITRF2014_0,2010-01-01,2010-01-01,REFERENCE,LMMF,30124.3
LAMA,12209M001,3524523.0117,1329693.5557,5129846.2995,53.8923995,20.6699404,187.018,69,0.57,,1,,IGS00|IGS20|IGS20_0|IGS97|IGb08|ITRF00|ITRF2005|ITRF2014_0|ITRF97,1997-01-01,2023-01-10,RNX2SNX,BOGO,159517.5
LAMP,12706M002,5073164.8296,1134512.4796,3683181.0677,35.4997734,12.6056555,57.785,55,0.33,,1,,ITRF00|ITRF2005|ITRF2014_0,2000-01-01,2017-10-07,RNX2SNX,7544,4000.1
LANT,,-2967126.6115,4997983.5460,2617700.5985,24.3896403,120.6961107,124.268,53,0.00,,1,,ITRF00|ITRF2005,2000-01-01,2017-10-07,RNX2SNX,DOMN,2333.8
LANY,,-3095827.4726,5040450.3629,2378373.6577,22.0373119,121.5581046,347.915,43,0.05,,1,,WGS-84,2000-04-07,2000-04-16,OTHER,S102,12.4
LAPS,,-3589173.7809,5133883.5042,1197181.7701,10.8909582,124.9579658,94.076,1527,112.97,yes,18,1375803.9,IGS14|IGS20|ITRF2005,2014-05-30,2026-02-12,RNX2SNX,BURN,11677.7
LARR,59984M001,-4208011.2962,4479077.8811,-1701338.2965,-15.5731573,133.2127577,229.315,2,0.00,,1,,ITRF2014_0,2010-01-01,2010-01-01,REFERENCE,KAT1,174738.1
LAUT,50804M002,-6075194.7111,270923.6614,-1917188.8835,-17.6088078,177.4465832,89.639,700,0.55,,1,,IGS14|IGS14_0|IGS20|IGS20_0|ITRF2014_0,2010-01-01,2026-02-12,RNX2SNX,SUVA,119545.3
LBAN,,-3105597.8316,5358692.8124,1518354.8971,13.8636777,120.0941756,49.676,958,6.12,yes,18,43231.3,IGS14|IGS20|ITRF2005,2014-10-09,2026-02-12,RNX2SNX,CTGN,57809.4
LCK2,22305M003,894638.4245,5620570.0288,2869603.9671,26.9125631,80.9559753,53.109,268,0.52,,1,,IGS20|IGS20_0,2015-01-01,2025-07-19,RNX2SNX,LCKI,16.1
LCK4,22305M005,894678.0578,5620594.8938,2869567.7503,26.9121459,80.9556206,64.168,268,0.52,,1,,IGS20|IGS20_0,2015-01-01,2025-07-19,RNX2SNX,LCKI,43.6
LCKI,22305M002,894647.6091,5620574.9019,2869591.6292,26.9124383,80.9558917,53.103,2,0.00,,1,,ITRF2014_0,2010-01-01,2010-01-01,REFERENCE,LCK2,16.1
LDHI,59998M002,-5082152.6869,1942868.7296,-3317227.9835,-31.5414585,159.0785209,42.776,2,0.00,,1,,ITRF2014_0,2010-01-01,2010-01-01,REFERENCE,LORD,2903.2
LEA1,,-3535761.5013,5166013.6717,1217440.9247,11.0775762,124.3888091,64.783,52,3.41,,1,,ITRF2005,2009-11-09,2011-04-14,GPSEST,LEYA,24.1
LEB1,,-3534452.3317,5163350.7570,1232347.0704,11.2149216,124.3926885,64.836,66,4.70,,1,,ITRF2005,2009-11-09,2014-06-25,GPSEST,LEYB,554.5
LEB2,,-3534194.8604,5163624.5651,1231939.2141,11.2111633,124.3893269,64.505,40,3.54,,1,,ITRF2005,2009-11-09,2011-04-14,GPSEST,LEYB,5.2
LEC1,,-3549253.3503,5151093.9391,1241903.6023,11.3026936,124.5679703,239.500,34,89.85,,1,,ITRF2005,2001-11-27,2011-04-06,GPSEST,LYC3,1.0
LEC2,,-3549178.6353,5151141.4312,1241918.4614,11.3028312,124.5671600,239.192,19,0.31,,1,,ITRF2005,2001-11-27,2011-04-06,GPSEST,LEYC,88.8
LED1,,-3540968.7274,5155922.5947,1244839.1047,11.3299865,124.4803817,112.386,14,0.01,,1,,ITRF2005,2001-11-25,2001-11-26,GPSEST,LEYD,18.5
LEEP,49902M001,-2507463.4660,-4652631.9109,3559086.8322,34.1346013,-118.3217556,485.042,2,0.00,,1,,ITRF2014_0,2010-01-01,2010-01-01,REFERENCE,BRAN,6941.1
LEF1,,-3539033.2106,5153912.1212,1258311.1951,11.4542908,124.4761908,74.671,7,0.00,,1,,ITRF2005,1997-06-09,1997-06-09,GPSEST,LEYF,5.1
LEH1,,-3572404.5964,5131686.9138,1254821.0684,11.4221166,124.8435614,65.947,7,0.00,,1,,ITRF2005,1997-06-13,1997-06-13,GPSEST,LEYH,0.9
LEPA,40616M001,544186.5602,-6259328.5053,1094301.4566,9.9453745,-85.0311939,20.925,2,0.00,,1,,ITRF2014_0,2010-01-01,2010-01-01,REFERENCE,MOIN,212454.3
LEYA,,-3535741.6328,5166027.2864,1217440.6895,11.0775741,124.3885886,64.751,118,32.11,yes,3,53564.7,ITRF2005,1995-11-15,2014-06-26,GPSEST,LEA1,24.1
LEYB,,-3534191.1360,5163625.8937,1231942.6077,11.2111952,124.3892919,64.177,111,117.37,yes,2,28511.9,ITRF2005,1995-11-14,2011-04-14,GPSEST,LEB2,5.2
LEYC,,-3549253.6768,5151094.1455,1241914.7048,11.3027914,124.5679717,242.024,61,240.18,,1,,ITRF2005,1997-06-09,2014-06-20,GPSEST,LEC1,11.1
LEYD,,-3540962.0625,5155933.4403,1244825.6257,11.3298579,124.4802751,114.804,87,43.82,yes,2,77169.0,ITRF2005,1997-06-09,2014-06-24,GPSEST,LED1,18.5
LEYE,,-3535886.8235,5156828.3554,1255504.6823,11.4283045,124.4372961,129.968,105,127.79,yes,2,242014.4,ITRF2005,1995-11-18,2011-04-11,GPSEST,NLCE,1774.6
LEYF,,-3539036.8342,5153909.7958,1258308.5237,11.4542669,124.4762302,74.272,127,208.28,yes,2,157116.2,ITRF2005,1995-11-17,2014-06-23,GPSEST,LEF1,5.1
LEYG,,-3590557.5923,5125629.6404,1227663.0371,11.1717506,125.0116476,67.836,109,159.41,yes,2,68090.7,ITRF2005,1995-11-20,2014-06-20,GPSEST,PALO,3685.0
LEYH,,-3572404.7620,5131687.5258,1254821.7588,11.4221217,124.8435594,66.669,135,167.56,yes,2,40918.5,ITRF2005,1995-11-21,2011-04-07,GPSEST,LEH1,0.9
LEYI,,-3588831.6918,5112629.7336,1285162.1415,11.7020804,125.0670955,65.612,24,1.65,,1,,ITRF2005,2009-11-06,2011-04-07,GPSEST,HINA,0.2
LEYJ,,-3617508.4173,5086779.3850,1306996.7145,11.9037276,125.4188736,63.737,87,4.97,,1,,ITRF2005,2001-12-02,2011-04-06,GPSEST,TAFT,22.6
LEYM,,-3528612.5645,5162304.8991,1253149.8749,11.4067050,124.3539468,65.459,71,48.05,yes,2,50647.6,ITRF2005,1997-06-09,2011-04-14,GPSEST,NLSI,87.2
LEYO,,-3601772.0199,5100576.9159,1297618.8572,11.8167542,125.2278241,249.071,12,5.47,yes,2,135291.1,ITRF2005,1997-06-13,1997-06-13,GPSEST,HINA,21630.7
LEYU,,-2749025.1294,5118483.8834,2622827.9539,24.4406729,118.2392675,76.298,53,0.00,,1,,ITRF00|ITRF2005,2000-01-01,2017-10-07,RNX2SNX,KMNM,15354.5
LGUE,,-2993544.4401,5054782.4448,2476086.2075,22.9926411,120.6348756,299.698,53,0.00,,1,,ITRF00|ITRF2005,2000-01-01,2017-10-07,RNX2SNX,GS52,5247.8
LGYE,,-3087542.4216,5297594.2529,1750208.7538,16.0325894,120.2344759,52.259,1232,7.48,yes,14,34720.5,IGS14|IGS20|ITRF2005,2014-08-10,2026-02-12,RNX2SNX,LGYN,0.2
LGYN,,-3087542.6478,5297594.2219,1750208.7289,16.0325889,120.2344779,52.335,5,0.00,,1,,ITRF2005,2011-02-25,2011-02-25,GPSEST,LGYE,0.2
LHAS,21613M001,-106938.9685,5549269.3634,3139216.1578,29.6573435,91.1040000,3624.677,772,1.39,,1,,IGS00|IGS08|IGS14|IGS14_0|IGS20|IGS20_0|IGS97|IGb08|ITRF00|ITRF2005|ITRF2014_0|ITRF97,1997-01-01,2026-02-12,RNX2SNX,LHAZ,3.5
LHAV,20712S001,4472247.3240,3115975.1264,3301983.6692,31.3778230,34.8663102,488.948,2,0.00,,1,,ITRF2014_0,2010-01-01,2010-01-01,REFERENCE,YRCM,43233.5
LHAZ,21613M002,-106942.3840,5549269.7252,3139215.2899,29.6573348,91.1040352,3624.619,766,1.40,,1,,IGS00|IGS08|IGS14|IGS14_0|IGS20|IGS20_0|IGS97|IGb08|ITRF00|ITRF2005|ITRF2014_0,1997-01-01,2026-02-12,RNX2SNX,LHAS,3.5
LHCL,41518S001,2079355.5764,-4582903.5356,-3905925.6241,-38.0026591,-65.5952479,404.552,2,0.00,,1,,ITRF2014_0,2010-01-01,2010-01-01,REFERENCE,VBCA,300845.2
LHOV,,-3449134.5337,5166302.0511,1442633.1146,13.1595750,123.7279272,140.360,108,23.04,,1,,ITRF2005,2005-06-28,2009-06-30,GPSEST,PLEG,275.5
LHUE,49980S001,-5536611.2319,-2087777.6190,2372844.8894,21.9845605,-159.3392517,45.964,55,0.71,,1,,ITRF00|ITRF2005|ITRF2014_0,2000-01-01,2017-10-07,RNX2SNX,KOKB,37120.4
LIBA,,-3340955.6239,5283803.5137,1261331.4087,11.4820549,122.3052192,126.322,56,0.01,,1,,IGS14|IGS20,2025-01-02,2026-02-12,RNX2SNX,NPAK,25769.6
LIDO,,-3450906.9771,5163283.4734,1449025.7738,13.2189790,123.7569903,113.653,392,0.07,,1,,ITRF2005,2012-04-27,2012-12-21,GPSEST,VMSM,4686.4
LIUC,,-2983890.7814,5092213.8345,2409986.3205,22.3466810,120.3690754,62.028,18,0.02,,1,,WGS-84,2000-04-13,2000-04-16,OTHER,FALI,23218.5
LIVE,13233M001,3801351.5659,-200432.9168,5100558.4150,53.4496967,-3.0182254,66.046,2,0.00,,1,,ITRF2014_0,2010-01-01,2010-01-01,REFERENCE,HOLY,109042.2
LKHU,49439M001,-496256.6132,-5510740.0722,3162058.0853,29.9134606,-95.1457555,-8.450,2,0.00,,1,,ITRF2014_0,2010-01-01,2010-01-01,REFERENCE,HOUS,31483.7
LKTH,80601S001,2107961.0254,-3353969.0201,-4982126.4659,-51.6984102,-57.8507426,66.135,2,0.00,,1,,ITRF2014_0,2010-01-01,2010-01-01,REFERENCE,FALK,1697.5
LLIV,13436M001,4709586.2108,162244.7072,4285914.3242,42.4781282,1.9730528,1467.752,2,0.00,,1,,ITRF2014_0,2010-01-01,2010-01-01,REFERENCE,ESCO,85329.9
LLOR,,-3635321.7028,5087563.7434,1253859.6749,11.4132279,125.5477259,78.132,619,0.55,,1,,IGS14|IGS20,2021-09-01,2026-02-12,RNX2SNX,ESSJ,8882.3
LLOY,,-3409001.3990,5315487.1780,895071.2837,8.1212153,122.6734235,126.583,619,0.16,,1,,IGS14|IGS20,2021-09-01,2026-02-12,RNX2SNX,SINC,38458.3
LLPS,,-3506290.7235,5204921.7350,1134763.3083,10.3168820,123.9661421,79.908,824,4.62,yes,12,42355.4,IGS14|IGS20|ITRF2005,2014-09-12,2026-02-12,RNX2SNX,CEA1,34618.4
LMMF,97205M001,2993387.4421,-5399363.7586,1596748.2409,14.5948186,-60.9961749,-27.135,700,0.31,,1,,IGS14|IGS14_0|IGS20|IGS20_0|ITRF2014_0,2010-01-01,2026-02-12,RNX2SNX,LAM0,30124.3
LMNO,49420M001,-666737.0976,-5077560.9521,3789624.3663,36.6854463,-97.4807383,279.713,2,0.00,,1,,ITRF2014_0,2010-01-01,2010-01-01,REFERENCE,VCIO,170060.8
LMSA,,-3184506.3831,5285094.0537,1609770.8157,14.7161312,121.0708502,117.173,52,0.00,,1,,ITRF00,2017-09-30,2017-10-07,RNX2SNX,CMWL,2810.5
LNDO,,-3055641.9276,4905643.6387,2688858.0766,25.0973775,121.9180759,26.602,53,0.00,,1,,ITRF00|ITRF2005,2000-01-01,2017-10-07,RNX2SNX,GOLI,11031.5
LNKO,,-3009908.0870,4935245.9040,2686854.0549,25.0763874,121.3781825,266.810,53,0.00,,1,,ITRF00|ITRF2005,2000-01-01,2017-10-07,RNX2SNX,GS12,2627.0
LOPE,,-3306680.6608,5235471.4331,1523839.8809,13.9146110,122.2761694,110.058,187,14.20,,1,,ITRF2005,2006-11-29,2011-05-15,GPSEST,S150,18222.4
LORD,59998M001,-5082756.2702,1944860.7346,-3315204.0295,-31.5198847,159.0612006,71.406,2,0.00,,1,,ITRF2014_0,2010-01-01,2010-01-01,REFERENCE,LDHI,2903.2
LORE,,-3698539.9199,5117093.0312,901450.9865,8.1795195,125.8587050,101.709,56,0.10,,1,,IGS14|IGS20,2025-01-02,2026-02-12,RNX2SNX,SOMC,12375.7
LOWE,13232M001,3891549.4987,118911.0263,5035093.0180,52.4732257,1.7501976,53.840,2,0.00,,1,,ITRF2014_0,2010-01-01,2010-01-01,REFERENCE,WEYB,67154.8
LPAL,81701M001,5326646.1972,-1719825.8915,3052043.9926,28.7638748,-17.8938249,2199.182,757,0.60,,1,,IGS00|IGS14|IGS14_0|IGS20|IGS20_0|ITRF00|ITRF2005|ITRF2014_0,2000-01-01,2026-02-12,RNX2SNX,TN01,164749.6
LPAZ,40521M001,-2022283.5417,-5461274.1166,2592317.1728,24.1387986,-110.3193489,-6.849,2,0.00,,1,,ITRF2014_0,2010-01-01,2010-01-01,REFERENCE,IPAZ,1362.2
LPGS,41510M001,2780103.0249,-4437419.0884,-3629404.3214,-34.9067431,-57.9323002,29.887,772,0.37,,1,,IGS00|IGS08|IGS14|IGS14_0|IGS20|IGS20_0|IGS97|IGb08|ITRF00|ITRF2005|ITRF2014_0|ITRF97,1997-01-01,2026-02-12,RNX2SNX,IGM1,59437.8
LPIL,92732S001,-5813728.6972,1314042.5386,-2262941.5623,-20.9179852,167.2637819,73.219,2,0.00,,1,,ITRF2014_0,2010-01-01,2010-01-01,REFERENCE,NRMG,166001.3
LPPZ,19878M001,4224156.2062,-351771.9749,4750009.6289,48.4462610,-4.7603948,98.555,2,0.00,,1,,ITRF2014_0,2010-01-01,2010-01-01,REFERENCE,7604,19462.2
LPTF,,4202777.4464,171367.8869,4778660.1114,48.8359190,2.3349370,122.567,8,0.04,,1,,IGS00|IGS97,1997-01-01,2000-01-01,REFERENCE,OPMT,0.0
LROC,10023M001,4424632.3245,-94174.8507,4577544.3107,46.1589453,-1.2193119,57.851,758,0.63,,1,,IGS08|IGS14|IGS14_0|IGS20|IGS20_0|IGb08|ITRF00|ITRF2005|ITRF2014_0,2000-01-01,2026-02-12,RNX2SNX,CHIZ,62768.7
LS02,,-2967192.4291,5010439.1624,2593855.1015,24.1535027,120.6341050,119.725,53,0.46,,1,,ITRF00|ITRF2005,2000-01-01,2017-10-07,RNX2SNX,LS04,3.7
LS04,,-2967191.1147,5010440.8906,2593852.1651,24.1534755,120.6340852,119.269,53,0.00,,1,,ITRF00|ITRF2005,2000-01-01,2017-10-07,RNX2SNX,LS02,3.7
LS08,,-2967210.8355,5010437.5485,2593844.7760,24.1533882,120.6342689,122.790,53,2.64,,1,,ITRF00|ITRF2005,2000-01-01,2017-10-07,RNX2SNX,LS02,21.2
LTP1,,-2960073.2773,5072142.4114,2480164.2331,23.0335864,120.2675910,54.970,51,0.00,,1,,ITRF00,2017-09-30,2017-10-07,RNX2SNX,LTPS,106.6
LTPS,,-2960121.0946,5072047.6424,2480154.0814,23.0337061,120.2684599,-2.146,2,106.63,,1,,ITRF00|ITRF2005,2000-01-01,2000-01-01,REFERENCE,LTP1,106.6
LUBU,,-3153070.9505,5210664.9382,1890625.5537,17.3550354,121.1789179,847.040,35,4.52,,1,,ITRF2005,2010-04-14,2011-02-19,GPSEST,KA08,20476.2
LUCB,,-3237908.2960,5272443.6397,1545327.5557,14.1139233,121.5548800,486.853,945,10.15,yes,14,82700.9,IGS14|IGS20|ITRF2005,2014-10-12,2026-02-12,RNX2SNX,QZN2,20483.2
LUN1,,-3085399.6870,5279093.0681,1808630.0395,16.5825574,120.3044235,83.993,53,1.96,,1,,ITRF2005,2008-08-25,2011-02-19,GPSEST,LUN2,25266.7
LUN2,,-3094048.7423,5282099.8921,1785081.0018,16.3606542,120.3601133,84.248,41,1.34,,1,,ITRF2005,2008-08-25,2011-02-19,GPSEST,LUZR,22150.0
LUZA,,-3101061.9587,5329167.3388,1627029.9258,14.8775470,120.1952816,81.946,507,86.41,,1,,ITRF2005|WGS-84,1996-03-07,2014-04-18,GPSEST,LZA1,420.1
LUZB,,-3123723.3077,5299409.1824,1679948.4771,15.3727705,120.5171158,156.799,498,175.41,,1,,ITRF2005|WGS-84,1996-03-07,2009-10-08,GPSEST,ODON,11434.6
LUZC,,-3113517.6957,5271344.4835,1788407.0926,16.3879588,120.5682072,1597.728,548,94.30,,1,,ITRF2005|WGS-84,1996-03-11,2014-04-11,GPSEST,LZC1,33.5
LUZD,,-3083378.3499,5243834.1948,1911084.4705,17.5509278,120.4555594,97.620,561,76.59,,1,,ITRF2005|WGS-84,1996-03-13,2014-04-15,GPSEST,VIGN,7730.9
LUZE,,-3174304.5434,5262734.8200,1700016.8417,15.5610440,121.0969661,116.801,461,86.43,,1,,ITRF2005|WGS-84,1996-03-07,2014-04-18,GPSEST,PLYN,425.8
LUZF,,-3171962.7223,5255504.6951,1726962.1038,15.8135549,121.1131040,277.709,558,78.01,,1,,ITRF2005|WGS-84,1996-03-07,2011-02-26,GPSEST,PTBN,3276.9
LUZG,,-3192900.2617,5213987.8025,1811314.0481,16.6075379,121.4821369,205.268,557,92.35,,1,,ITRF2005|WGS-84,1996-03-10,2011-02-17,GPSEST,SMAT,11392.2
LUZH,,-3202973.2981,5165094.7641,1928646.7900,17.7174060,121.8038368,106.383,480,112.44,,1,,ITRF2005|WGS-84,1996-03-14,2009-10-13,GPSEST,TUAO,37035.3
LUZI,,-3204575.9859,5142775.3442,1984260.9184,18.2458456,121.9279378,50.206,438,107.08,,1,,ITRF2005|WGS-84,1996-03-13,2004-04-23,GPSEST,STCV,2065.6
LUZL,,-3198609.4098,5279866.6020,1599527.7017,14.6201243,121.2080068,250.304,456,110.55,,1,,ITRF2005|WGS-84,1996-03-07,2006-12-13,GPSEST,MRK5,2714.1
LUZN,,-3288766.3997,5250772.3512,1510032.0348,13.7860524,122.0605415,119.702,270,104.69,,1,,ITRF2005|WGS-84,1998-02-18,2006-11-30,GPSEST,GUMA,15538.0
LUZP,,-3188357.1876,5311502.6733,1513096.9693,13.8145054,120.9753004,152.277,254,162.36,,1,,ITRF2005|WGS-84,1998-02-19,2006-12-04,GPSEST,CCA5,12297.1
LUZR,,-3113272.4338,5271575.3972,1788291.6899,16.3867697,120.5651319,1636.260,26,3.18,,1,,ITRF2005,2004-04-25,2006-12-02,GPSEST,LUZC,356.1
LWTG,19159M001,3181624.2216,-63327.3782,5509083.8396,60.1540555,-1.1402706,51.606,2,0.00,,1,,ITRF2014_0,2010-01-01,2010-01-01,REFERENCE,KINL,292001.1
LYC3,,-3549253.8998,5151094.7879,1241903.3602,11.3026897,124.5679700,240.443,5,9.27,,1,,ITRF2005,2001-11-27,2001-11-27,GPSEST,LEC1,1.0
LYNS,43021M001,2108477.8066,-1781679.0594,5730747.2170,64.4304805,-40.1980527,174.020,2,0.00,,1,,ITRF2014_0,2010-01-01,2010-01-01,REFERENCE,TREO,59381.0
LYTT,50214S001,-4588535.8835,585996.6906,-4376497.2636,-43.6058446,172.7222164,18.539,2,0.00,,1,,ITRF2014_0,2010-01-01,2010-01-01,REFERENCE,MQZG,12065.1
LZA1,,-3100842.6273,5329385.8225,1626745.9782,14.8748846,120.1924989,84.949,13,2.71,,1,,ITRF2005,2006-12-13,2006-12-13,GPSEST,LUZA,420.1
LZC1,,-3113503.7352,5271339.9180,1788437.2322,16.3882481,120.5681165,1595.649,13,12.00,,1,,ITRF2005,2004-04-24,2004-04-24,GPSEST,LUZC,33.5
M0SE,12772M001,4642432.1710,1028629.7965,4236854.4804,41.8931165,12.4932635,120.566,268,0.27,,1,,IGS20|IGS20_0,2015-01-01,2025-07-19,RNX2SNX,TOLF,45078.5
MAA1,,-3407821.9238,5203043.3312,1408242.2144,12.8407035,123.2234775,61.929,55,4.41,,1,,ITRF2005,2009-09-21,2014-02-16,GPSEST,MASA,839.6
MAB1,,-3428396.8933,5199410.4096,1371765.2744,12.5026261,123.4001337,122.603,78,695.19,,1,,ITRF2005,1997-06-05,2014-02-16,GPSEST,MASB,673.6
MAB2,,-3428013.3028,5199466.2439,1372340.2141,12.5080219,123.3969047,86.462,21,0.05,,1,,ITRF2005,1997-06-05,1999-11-24,GPSEST,MASB,21.8
MABN,,-3059781.7367,5312404.4030,1754110.7246,16.0692301,119.9406209,71.667,1107,6.96,yes,13,34402.7,IGS14|IGS20|ITRF2005,2012-08-31,2026-02-12,RNX2SNX,SUAL,15010.7
MAC1,50135M001,-3464039.0015,1334173.3315,-5169223.7767,-54.4995249,158.9358285,-6.821,772,0.95,,1,,IGS00|IGS08|IGS14|IGS14_0|IGS20|IGS20_0|IGS97|IGb08|ITRF00|ITRF2005|ITRF2014_0|ITRF97,1997-01-01,2026-02-12,RNX2SNX,BLUF,1098912.4
MAC2,,-3445139.4906,5185359.1078,1382586.1011,12.6029654,123.5999627,57.278,83,3.34,,1,,ITRF2005,2009-09-15,2010-09-25,GPSEST,MACZ,0.1
MACL,,-3414753.3755,5199934.0492,1402940.4364,12.7915652,123.2925726,57.215,10,4.47,,1,,ITRF2005,2014-02-15,2014-02-16,GPSEST,MASA,8447.3
MACR,,-3141920.7604,5266410.9761,1747902.3709,16.0106601,120.8201415,146.712,86,7.35,,1,,ITRF2005,2008-08-24,2014-04-15,GPSEST,NVY3,17944.7
MACZ,,-3445139.4944,5185359.1974,1382586.2110,12.6029662,123.5999623,57.377,14,6.94,yes,2,48616.6,ITRF2005,2014-02-12,2014-02-14,GPSEST,MAC2,0.1
MAD1,,-3459400.9143,5181639.8442,1361004.4758,12.4030955,123.7281301,80.853,62,203.07,,1,,ITRF2005,1997-06-01,2002-01-31,GPSEST,MAD3,24.1
MAD2,,-3459403.7305,5181646.1428,1360981.3999,12.4028786,123.7281195,82.540,83,24.82,yes,2,10360046.7,ITRF2005,2009-09-14,2010-09-25,GPSEST,MAD3,0.4
MAD3,,-3459404.1055,5181646.2958,1360981.5190,12.4028790,123.7281216,82.893,10,1.46,,1,,ITRF2005,2009-09-16,2009-09-18,GPSEST,MAD2,0.4
MADR,13407S012,4849202.4117,-360329.0611,4114913.1323,40.4291612,-4.2496601,829.438,64,0.25,,1,,IGS00|IGS97|ITRF00|ITRF2005|ITRF2014_0|ITRF97,1997-01-01,2017-10-07,RNX2SNX,CEBR,10384.6
MAE1,,-3450594.7571,5188490.0053,1357226.9394,12.3681586,123.6258119,69.028,144,6.94,,1,,ITRF2005,2004-11-02,2014-02-15,GPSEST,MASE,447.9
MAEW,51406M001,-6029779.4624,1275336.2974,-1636706.6438,-14.9680707,168.0575870,74.762,2,0.00,,1,,ITRF2014_0,2010-01-01,2010-01-01,REFERENCE,VATU,57904.1
MAF1,,-3480415.2099,5174817.5266,1333200.3448,12.1459164,123.9235033,62.467,60,1.97,,1,,ITRF2005,2009-09-14,2009-09-18,GPSEST,MASF,13.4
MAG0,12354M001,-2825810.2077,1581232.9421,5477005.5104,59.5757545,150.7700202,361.838,64,0.22,,1,,IGS00|IGS97|ITRF00|ITRF2005|ITRF2014_0|ITRF97,1997-01-01,2017-10-07,RNX2SNX,PETR,870108.2
MAGA,,-3142467.0258,5293418.8909,1663623.3176,15.2200031,120.6957175,81.982,120,8.92,,1,,ITRF2005,2006-12-11,2014-04-18,GPSEST,PMG5,16178.2
MAGU,,-3613921.1928,5202799.3871,740766.9596,6.7142083,124.7842653,105.836,619,1.58,,1,,IGS14|IGS20,2021-09-01,2026-02-12,RNX2SNX,COTE,22208.6
MAID,12340S002,1953285.8029,4588973.8399,3966767.6645,38.6848946,66.9430862,2713.594,9,0.10,,1,,IGS00|IGS97|ITRF97,1997-01-01,2000-01-01,REFERENCE,1864,0.2
MAJA,,-3001267.1180,5064358.6310,2446967.2050,22.7076498,120.6520554,211.810,53,0.00,,1,,ITRF00|ITRF2005,2000-01-01,2017-10-07,RNX2SNX,05G3,3032.1
MAJU,51501M001,-6257572.0443,950333.8471,785215.7587,7.1191531,171.3645102,33.694,270,1.16,,1,,IGS20|IGS20_0|ITRF2014_0,2010-01-01,2025-07-19,RNX2SNX,KWJ1,438101.6
MAL1,,-3469749.7367,5167047.5365,1389537.9186,12.6673628,123.8819515,58.020,92,7.15,yes,3,43163.4,ITRF2005,2010-09-19,2014-02-10,GPSEST,MASL,0.3
MAL2,33201M003,4865385.3469,4110717.5997,-331137.2900,-2.9960523,40.1941476,-20.925,703,0.63,,1,,IGS14|IGS14_0|IGS20|IGS20_0|IGb08|ITRF2014_0,2005-01-01,2026-02-12,RNX2SNX,MALI,32.4
MALA,,-3334172.9193,5210060.6697,1550585.1935,14.1637970,122.6171685,104.081,796,4.24,yes,4,10373229.8,IGS14|IGS20|ITRF2005,2014-11-25,2026-02-12,RNX2SNX,CNJP,15565.2
MALD,22901S001,1803858.2013,6099997.8068,462749.5427,4.1886818,73.5262842,-92.002,64,0.59,,1,,IGS00|IGS08|IGb08|ITRF00|ITRF2005|ITRF2014_0,2000-01-01,2017-10-07,RNX2SNX,SGOC,763729.8
MALG,,-3194107.8143,5190574.3771,1874561.6134,17.2051052,121.6067672,111.222,1790,164.52,,1,,IGS14|IGS20|ITRF2005,2009-10-15,2026-02-12,RNX2SNX,KA08,33824.3
MALI,33201M001,4865366.0069,4110738.0062,-331121.2393,-2.9959081,40.1944001,-23.365,772,0.89,,1,,IGS00|IGS08|IGS14|IGS14_0|IGS20|IGS20_0|IGS97|IGb08|ITRF00|ITRF2005|ITRF2014_0|ITRF97,1997-01-01,2026-02-12,RNX2SNX,MAL2,32.4
MALL,13444M001,4919369.3938,225499.9777,4039849.8914,39.5526273,2.6245557,62.020,2,0.00,,1,,ITRF2014_0,2010-01-01,2010-01-01,REFERENCE,IBIZ,123986.4
MALS,,-3158746.1675,5295844.6518,1624798.3590,14.8567307,120.8142796,60.985,956,13.18,yes,16,1129000.8,IGS14|IGS20|ITRF2005,2014-10-10,2026-02-12,RNX2SNX,MARL,17389.1
MALY,,-3190180.3647,5281863.1690,1608954.0979,14.7086145,121.1314596,68.794,619,0.22,,1,,IGS14|IGS20,2021-09-01,2026-02-12,RNX2SNX,MRK4,1572.8
MAMB,,-3161993.2592,5344957.2008,1449377.6361,13.2223225,120.6078966,77.628,870,3.71,,1,,IGS14|IGS20|ITRF2005,2014-01-16,2026-02-12,RNX2SNX,ABLA,27909.9
MAMN,,-2965570.6065,5001696.4055,2612487.4671,24.3378318,120.6642510,159.265,53,0.00,,1,,ITRF00|ITRF2005,2000-01-01,2017-10-07,RNX2SNX,DOMN,4378.1
MANA,41201S001,407981.8125,-6222925.7164,1333528.9113,12.1489379,-86.2489942,71.032,60,0.13,,1,,IGS08|IGb08|ITRF00|ITRF2005|ITRF2014_0,2000-01-01,2017-10-07,RNX2SNX,ESTI,105887.3
MANL,,-3177118.3776,5293321.8082,1597133.1726,14.5982148,120.9727118,57.298,140,0.05,,1,,WGS-84,,,OTHER,RMHS,2660.3
MANZ,40513S001,-1489330.6908,-5843667.5730,2070027.8399,19.0638656,-104.2981449,-14.174,4,0.00,,1,,IGS00,2000-01-01,2000-01-01,REFERENCE,UCOM,12760.0
MAPA,41629M001,4005461.1255,-4963550.3329,5162.3594,0.0466868,-51.0973371,-4.235,2,0.00,,1,,ITRF2014_0,2010-01-01,2010-01-01,REFERENCE,BELE,334493.4
MAR2,,-3173333.5147,5289843.0097,1615968.6753,14.7741813,120.9591985,63.253,619,0.21,,1,,IGS14|IGS20,2021-09-01,2026-02-12,RNX2SNX,MARL,1394.3
MAR6,10405M002,2998189.1411,931452.0714,5533398.9553,60.5951464,17.2585331,75.597,767,0.71,,1,,IGS00|IGS08|IGS14|IGS14_0|IGS20|IGS20_0|IGS97|IGb08|ITRF00|ITRF2005|ITRF2014_0|ITRF97,1997-01-01,2026-02-12,RNX2SNX,MR6G,0.0
MARA,42402M001,1976117.1820,-5948895.1177,1173592.2930,10.6739793,-71.6244302,28.371,2,0.00,,1,,ITRF2014_0,2010-01-01,2010-01-01,REFERENCE,CUCU,321279.7
MARG,19861M001,584120.2680,-1293359.2906,6198091.0078,77.1870371,-65.6946220,670.590,2,0.00,,1,,ITRF2014_0,2010-01-01,2010-01-01,REFERENCE,THU1,106874.7
MARK,,-3188285.8931,5285606.6200,1600442.1903,14.6290989,121.0984433,66.662,955,7.51,yes,17,1152273.8,IGS14|IGS20|ITRF2005,2014-10-09,2026-02-12,RNX2SNX,DLPZ,1582.3
MARL,,-3172358.9528,5290608.4893,1615329.6643,14.7682393,120.9477789,50.407,1355,1.98,,1,,IGS14|IGS20|ITRF2005,2012-08-08,2026-02-12,RNX2SNX,MAR2,1394.3
MARN,30313S004,3448359.2936,2680706.1859,-4632432.3587,-46.8764560,37.8609941,61.913,2,0.00,,1,,ITRF2014_0,2010-01-01,2010-01-01,REFERENCE,CZTG,1069699.4
MARS,10073M008,4630532.9015,433946.1491,4350142.6161,43.2787683,5.3537851,61.824,7,0.38,,1,,IGS97|ITRF2014_0|ITRF97,1997-01-01,2010-01-01,REFERENCE,PRIE,1557.4
MAS1,31303M002,5439192.1263,-1522055.1129,2953455.1524,27.7637445,-15.6332723,197.124,772,0.70,,1,,IGS00|IGS08|IGS14|IGS14_0|IGS20|IGS20_0|IGS97|IGb08|ITRF00|ITRF2005|ITRF2014_0|ITRF97,1997-01-01,2026-02-12,RNX2SNX,MASP,0.6
MASA,,-3408508.3001,5202682.1140,1407920.8310,12.8377226,123.2305899,62.609,124,83.08,yes,3,72304.7,ITRF2005,1997-06-01,2009-09-21,GPSEST,MAA1,839.6
MASB,,-3428029.3891,5199458.4960,1372327.7067,12.5079068,123.3970675,86.082,104,5.05,,1,,ITRF2005,2002-01-30,2004-11-04,GPSEST,MAB2,21.8
MASC,,-3445134.8168,5185431.7525,1382358.8000,12.6008460,123.5995569,64.212,186,964.65,,1,,ITRF2005,1997-06-01,2010-09-25,GPSEST,MAC2,238.7
MASD,,-3459415.4620,5181643.5115,1360959.9992,12.4026812,123.7282227,82.168,122,116.05,,1,,ITRF2005,1997-06-01,2010-09-25,GPSEST,MAD3,24.5
MASE,,-3450326.7092,5188571.2776,1357576.4449,12.3714010,123.6233457,65.017,483,191.61,,1,,ITRF2005,1997-05-30,2004-11-04,GPSEST,MSBT,74.9
MASF,,-3480424.9687,5174809.6035,1333204.8782,12.1459587,123.9236184,62.318,207,164.59,yes,3,585939.3,ITRF2005,1997-06-05,2014-02-11,GPSEST,MAF1,13.4
MASG,,-3468114.3387,5182168.6263,1336745.2929,12.1786679,123.7920195,77.428,489,66.48,yes,3,88460.8,ITRF2005,1997-06-03,2014-02-11,GPSEST,MASH,4326.1
MASH,,-3469711.3846,5180257.6878,1340282.5903,12.2112572,123.8139831,141.020,232,95.70,yes,2,1970.6,ITRF2005,1997-06-05,2014-02-13,GPSEST,MASU,3170.1
MASI,,-3441833.1716,5198359.1469,1341711.1851,12.2246169,123.5085395,66.081,238,54.93,yes,2,74251.2,ITRF2005,1997-06-03,2014-02-15,GPSEST,MILA,2299.8
MASJ,,-3415474.9631,5220840.9591,1321744.3471,12.0400079,123.1927178,62.707,161,264.78,yes,2,544988.5,ITRF2005,1999-11-24,2014-02-15,GPSEST,BALU,110.5
MASK,,-3495221.8332,5172116.5159,1304829.3030,11.8837088,124.0501089,61.715,204,410.86,,1,,ITRF2005,1997-06-05,2010-09-25,GPSEST,MPCK,308.7
MASL,,-3469749.7931,5167047.3241,1389537.6695,12.6673609,123.8819530,57.824,78,9.44,,1,,ITRF2005,2002-02-07,2004-11-01,GPSEST,MAL1,0.3
MASM,,-3639110.1354,5197786.3609,647149.8276,5.8625659,124.9969003,86.186,619,2.72,yes,2,728338.3,IGS14|IGS20,2021-09-01,2026-02-12,RNX2SNX,COTD,26695.8
MASP,31303M001,5439192.2462,-1522055.5797,2953454.7677,27.7637404,-15.6332765,197.159,9,10.09,,1,,IGS00|IGS97|ITRF97,1997-01-01,2000-01-01,REFERENCE,MAS1,0.6
MASU,,-3467131.2543,5181558.0871,1341586.9454,12.2234594,123.7876318,70.339,5,5.83,,1,,ITRF2005,2014-02-11,2014-02-11,GPSEST,MASH,3170.1
MAT1,12734M009,4641951.0783,1393054.0402,4133281.1605,40.6490655,16.7045518,534.529,691,0.87,,1,,IGS00|IGS08|IGS14|IGS14_0|IGS20|IGS97|IGb08|ITRF00|ITRF2005|ITRF2014_0,1997-01-01,2026-02-12,RNX2SNX,MATE,10.7
MATE,12734M008,4641949.1809,1393045.8121,4133287.7615,40.6491352,16.7044651,535.655,772,0.87,,1,,IGS00|IGS08|IGS14|IGS14_0|IGS20|IGS20_0|IGS97|IGb08|ITRF00|ITRF2005|ITRF2014_0|ITRF97,1997-01-01,2026-02-12,RNX2SNX,MAT1,10.7
MATH,40474M001,-2443215.7009,-4706037.1703,3533477.7504,33.8566862,-117.4368165,396.868,2,0.00,,1,,ITRF2014_0,2010-01-01,2010-01-01,REFERENCE,CRFP,37158.5
MAUB,,-3252861.0723,5260329.6236,1553383.0069,14.1899723,121.7316478,62.895,1161,111.32,yes,16,34727.2,IGS14|IGS20|ITRF2005,2014-04-09,2026-02-12,RNX2SNX,QZN3,344.3
MAUI,40445S008,-5466069.1512,-2404326.8128,2242128.0923,20.7066608,-156.2570362,3062.087,767,132.68,,1,,IGS00|IGS08|IGS14|IGS14_0|IGS20|IGS20_0|IGS97|IGb08|ITRF00|ITRF2005|ITRF2014_0|ITRF97,1997-01-01,2026-02-12,RNX2SNX,7119,23.3
MAW1,66004M001,1111287.2247,2168911.1708,-5874493.5985,-67.6047670,62.8707135,59.115,767,0.25,,1,,IGS00|IGS08|IGS14|IGS14_0|IGS20|IGS20_0|IGS97|IGb08|ITRF00|ITRF2005|ITRF2014_0|ITRF97,1997-01-01,2026-02-12,RNX2SNX,DAVR,636437.7
MAYA,,-3161822.2519,5271446.4508,1696155.9801,15.5249313,120.9553992,76.047,72,3.59,,1,,ITRF2005,2008-08-26,2009-10-12,GPSEST,CABN,5042.8
MAYZ,82010M001,2352504.3793,-5585159.4958,1981262.2537,18.2175856,-67.1588674,-38.620,2,0.00,,1,,ITRF2014_0,2010-01-01,2010-01-01,REFERENCE,PUR3,28846.4
MBAR,33901M001,5482951.0559,3260442.9809,-66519.5228,-0.6014661,30.7378803,1337.538,766,0.87,,1,,IGS00|IGS08|IGS14|IGS14_0|IGS20|IGS20_0|IGS97|IGb08|ITRF00|ITRF2005|ITRF2014_0,1997-01-01,2026-02-12,RNX2SNX,NURK,165136.2
MCD1,49778S001,733468.1554,-5595633.4802,2961793.1835,27.8498217,-82.5323205,-15.887,2,0.00,,1,,ITRF2014_0,2010-01-01,2010-01-01,REFERENCE,MCD5,0.2
MCD5,49778S005,733468.1765,-5595633.6354,2961793.2753,27.8498218,-82.5323205,-15.706,2,0.00,,1,,ITRF2014_0,2010-01-01,2010-01-01,REFERENCE,MCD1,0.2
MCHL,59905M001,-4857859.1240,3018464.3353,-2814982.9628,-26.3588991,148.1449632,534.604,268,0.63,,1,,IGS20|IGS20_0,2015-01-01,2025-07-19,RNX2SNX,RSBY,443806.3
MCIL,21789S001,-5227187.2990,2551881.5842,2607618.3937,24.2900987,153.9786464,35.660,705,1.55,,1,,IGS08|IGS14|IGS14_0|IGS20|IGS20_0|IGb08|ITRF2014_0,2005-01-01,2026-02-12,RNX2SNX,CCJ2,1219878.5
MCM4,66001M003,-1311702.9923,310814.7591,-6213255.1463,-77.8383514,166.6693368,97.961,772,0.44,,1,,IGS00|IGS08|IGS14|IGS14_0|IGS20|IGS20_0|IGS97|IGb08|ITRF00|ITRF2005|ITRF2014_0|ITRF97,1997-01-01,2026-02-12,RNX2SNX,CRAR,1088.8
MCMU,66001M001,-1310658.4539,310441.4503,-6213381.9162,-77.8482438,166.6745439,-10.275,9,49.40,,1,,IGS00|IGS97|ITRF97,1997-01-01,2000-01-01,REFERENCE,CRAR,150.2
MDO1,40442M012,-1329999.0315,-5328393.3746,3236504.0594,30.6805101,-104.0149956,2004.498,772,0.38,,1,,IGS00|IGS08|IGS14|IGS14_0|IGS20|IGS20_0|IGS97|IGb08|ITRF00|ITRF2005|ITRF2014_0|ITRF97,1997-01-01,2026-02-12,RNX2SNX,7850,9.5
MDQT,,-3295059.2678,5262090.1108,1456036.6590,13.2842065,122.0543168,55.421,53,0.16,,1,,ITRF2005,2010-05-03,2011-05-21,GPSEST,BUEN,11359.7
MDSI,49907M001,1173609.4454,-4871158.5896,3933267.2509,38.3189172,-76.4538809,-18.100,2,0.00,,1,,ITRF2014_0,2010-01-01,2010-01-01,REFERENCE,SOL1,4.8
MDVJ,12309M005,2845455.6449,2160954.4947,5265993.3540,56.0214944,37.2145114,257.112,762,0.65,,1,,IGS00|IGS08|IGS14|IGS14_0|IGS20|IGS20_0|IGb08|ITRF00|ITRF2005|ITRF2014_0,2000-01-01,2026-02-12,RNX2SNX,MDVO,874.9
MDVO,12309M002,2844671.6507,2161070.4291,5266364.0129,56.0274822,37.2235969,254.787,767,4.34,,1,,IGS00|IGS08|IGS14|IGS14_0|IGS20|IGS20_0|IGS97|IGb08|ITRF00|ITRF2005|ITRF2014_0|ITRF97,1997-01-01,2026-02-12,RNX2SNX,MDVJ,874.9
MDVS,,-3648589.5276,5177571.2772,748256.6596,6.7823096,125.1720207,194.376,43,5.74,,1,,ITRF2005,2010-08-18,2014-09-27,GPSEST,DGOS,20763.6
MEDI,12711M003,4461400.3757,919593.9685,4449504.9984,44.5199605,11.6468206,49.988,767,0.83,,1,,IGS00|IGS08|IGS14|IGS14_0|IGS20|IGS20_0|IGS97|IGb08|ITRF00|ITRF2005|ITRF2014_0|ITRF97,1997-01-01,2026-02-12,RNX2SNX,7546,27.4
MELI,19379M001,5205628.0032,-268410.5614,3663428.6858,35.2811915,-2.9516487,88.806,268,0.27,,1,,IGS20|IGS20_0,2015-01-01,2025-07-19,RNX2SNX,ALME,179902.6
MERI,40520M001,39480.7403,-5957733.0990,2269335.1185,20.9800453,-89.6203176,7.860,2,0.00,,1,,ITRF2014_0,2010-01-01,2010-01-01,REFERENCE,ICAM,156584.0
MERS,20814M001,4239149.4095,2886967.9621,3778877.0592,36.5663893,34.2558532,38.475,2,0.00,,1,,ITRF2014_0,2010-01-01,2010-01-01,REFERENCE,7580,130754.2
MET3,10503M010,2892583.8420,1311799.6908,5512619.9469,60.2174571,24.3945042,79.228,268,0.25,,1,,IGS20|IGS20_0,2015-01-01,2025-07-19,RNX2SNX,7805,16.7
METS,10503S011,2892570.4429,1311843.7352,5512634.3246,60.2174745,24.3953276,94.682,767,0.69,,1,,IGS00|IGS08|IGS14|IGS14_0|IGS20|IGS20_0|IGS97|IGb08|ITRF00|ITRF2005|ITRF2014_0|ITRF97,1997-01-01,2026-02-12,RNX2SNX,METZ,0.6
METZ,10503M005,2892569.9203,1311843.5797,5512634.4827,60.2174794,24.3953290,94.550,68,0.24,,1,,IGS00|IGS08|IGS97|IGb08|ITRF00|ITRF2005|ITRF2014_0,1997-01-01,2017-10-07,RNX2SNX,METS,0.6
MFKG,30321M001,5185375.3883,2477739.2199,-2760201.1099,-25.8050158,25.5399720,1310.890,2,0.00,,1,,ITRF2014_0,2010-01-01,2010-01-01,REFERENCE,7501,215387.6
MGUE,41558M001,1823327.9575,-4850352.3965,-3709085.5559,-35.7773511,-69.3979263,1553.709,2,0.00,,1,,ITRF2014_0,2010-01-01,2010-01-01,REFERENCE,ANTC,257935.0
MHCB,49416M001,-2664063.8141,-4323171.8952,3848361.4901,37.3415327,-121.6425791,1261.774,2,0.00,,1,,ITRF2014_0,2010-01-01,2010-01-01,REFERENCE,WINT,55979.8
MIA1,49914S002,982509.2876,-5664641.7588,2752416.9925,25.7328099,-80.1601708,-22.286,2,0.00,,1,,ITRF2014_0,2010-01-01,2010-01-01,REFERENCE,MIA3,6.1
MIA3,49914M001,982510.2156,-5664647.1685,2752419.6686,25.7328102,-80.1601709,-16.179,2,0.00,,1,,ITRF2014_0,2010-01-01,2010-01-01,REFERENCE,MIA1,6.1
MIG1,49741M001,-2673548.3452,-4565823.1878,3550037.3325,34.0382591,-120.3513922,130.926,2,0.00,,1,,ITRF2014_0,2010-01-01,2010-01-01,REFERENCE,SRS1,26698.2
MIKL,12335M001,3698553.5885,2308676.3285,4639769.6853,46.9727869,31.9728469,93.937,270,0.42,,1,,IGS20|IGS20_0|ITRF2014_0,2010-01-01,2025-07-19,RNX2SNX,7561,324787.9
MIL1,49862S001,172135.8174,-4668696.6177,4327808.3177,43.0025364,-87.8884491,147.332,2,0.00,,1,,ITRF2014_0,2010-01-01,2010-01-01,REFERENCE,NLIB,332871.7
MILA,,-3442268.4245,5197451.9901,1343779.2585,12.2438753,123.5164778,-0.000,619,0.10,,1,,IGS14|IGS20,2021-09-01,2026-02-12,RNX2SNX,MASI,2299.8
MIZU,21702M002,-3857171.2780,3108692.7794,4004040.1347,39.1351508,141.1328720,117.178,323,4.52,,1,,IGS20|IGS20_0|ITRF00|ITRF2005|ITRF2014_0,2000-01-01,2025-07-19,RNX2SNX,0194,137121.5
MKEA,40477M001,-5464105.4820,-2495165.1114,2148291.8458,19.8013602,-155.4563523,3754.642,767,2.05,,1,,IGS00|IGS08|IGS14|IGS14_0|IGS20|IGS20_0|IGS97|IGb08|ITRF00|ITRF2005|ITRF2014_0|ITRF97,1997-01-01,2026-02-12,RNX2SNX,HILO,43445.4
MLBY,,-3633540.0935,5165142.0281,895723.6374,8.1264866,125.1253674,658.599,619,0.15,,1,,IGS14|IGS20,2021-09-01,2026-02-12,RNX2SNX,COTA,31231.6
MLF1,49484M001,246129.3054,-5403152.2932,3368920.0144,32.0902609,-87.3918136,9.050,2,0.00,,1,,ITRF2014_0,2010-01-01,2010-01-01,REFERENCE,PCLA,180777.8
MLPA,,-3187133.0057,5293600.4082,1576270.7149,14.4034512,121.0510037,59.958,619,0.24,,1,,IGS14|IGS20,2021-09-01,2026-02-12,RNX2SNX,MUNT,0.3
MLRA,,-3184551.9135,5283330.4659,1615485.0191,14.7694939,121.0796661,133.288,52,0.00,,1,,ITRF00,2017-09-30,2017-10-07,RNX2SNX,MRK1,5106.4
MNAY,,-3767582.1953,5084320.9947,795225.3432,7.2103224,126.5391757,79.115,2019,89.85,yes,6,30188.2,IGS14|IGS20|ITRF2005,2014-01-01,2026-02-12,RNX2SNX,SMDM,480.1
MNP1,49843S001,1499280.9553,-4576355.4210,4168038.1569,41.0671101,-71.8604475,-10.568,2,0.00,,1,,ITRF2014_0,2010-01-01,2010-01-01,REFERENCE,CTGR,33751.0
MOB1,49863S001,190172.1367,-5512307.0793,3192181.6669,30.2275185,-88.0241048,-18.594,2,0.00,,1,,ITRF2014_0,2010-01-01,2010-01-01,REFERENCE,ALDI,5713.9
MOBJ,12365M002,2936424.5371,2178374.0999,5208858.4681,55.1148828,36.5697153,182.643,2,0.00,,1,,ITRF2014_0,2010-01-01,2010-01-01,REFERENCE,MOBK,0.0
MOBK,12365M002,2936424.5371,2178374.0999,5208858.4681,55.1148828,36.5697153,182.643,2,0.00,,1,,ITRF2014_0,2010-01-01,2010-01-01,REFERENCE,MOBJ,0.0
MOBN,12365M001,2936432.1545,2178364.4811,5208858.1960,55.1148786,36.5695231,182.642,55,0.26,,1,,ITRF00|ITRF2005|ITRF2014_0,2000-01-01,2017-10-07,RNX2SNX,MOBJ,12.3
MOBS,50182M001,-4130636.9705,2894953.1608,-3890529.9990,-37.8294004,144.9753423,40.572,758,1.53,,1,,IGS08|IGS14|IGS14_0|IGS20|IGS20_0|IGb08|ITRF00|ITRF2005|ITRF2014_0,2000-01-01,2026-02-12,RNX2SNX,STNY,64096.2
MOIN,40601M001,755369.1116,-6236567.8111,1098850.9600,9.9871273,-83.0940107,26.664,9,0.06,,1,,IGS00|IGS97|ITRF97,1997-01-01,2000-01-01,REFERENCE,LEPA,212454.3
MONP,40497M004,-2386247.7351,-4802358.8542,3444902.5235,32.8919427,-116.4223569,1842.542,767,37.33,,1,,IGS00|IGS08|IGS14|IGS14_0|IGS20|IGS20_0|IGS97|IGb08|ITRF00|ITRF2005|ITRF2014_0|ITRF97,1997-01-01,2026-02-12,RNX2SNX,7110,37.4
MONT,,-3714664.9357,5114488.0898,849051.9386,7.7010972,125.9909937,144.236,56,0.11,,1,,IGS14|IGS20,2025-01-02,2026-02-12,RNX2SNX,SOMI,11435.0
MOPI,11507M001,4053738.0487,1260571.4584,4744940.7579,48.3727258,17.2738757,578.988,5,0.03,,1,,IGS97|ITRF97,1997-01-01,1997-01-01,REFERENCE,MTBG,95846.0
MORP,13299S001,3645667.8958,-107277.3216,5215053.4813,55.2127896,-1.6854976,144.438,68,0.51,,1,,IGS00|IGS08|IGS20|IGS20_0|IGb08|ITRF00|ITRF2005|ITRF2014_0,2000-01-01,2023-01-10,RNX2SNX,NSTG,27721.4
MPCK,,-3494968.5126,5172280.9016,1304893.2666,11.8842851,124.0473376,69.378,41,6.52,,1,,ITRF2005,2010-09-23,2014-02-11,GPSEST,MASK,308.7
MPL2,41544M001,2698449.9849,-4247372.2307,-3905981.3503,-38.0057669,-57.5712976,53.577,2,0.00,,1,,ITRF2014_0,2010-01-01,2010-01-01,REFERENCE,MPLA,4837.5
MPLA,41521M001,2700316.8553,-4243736.7646,-3908569.6940,-38.0356031,-57.5311420,20.125,2,0.00,,1,,ITRF2014_0,2010-01-01,2010-01-01,REFERENCE,MPL2,4837.5
MPR1,40549M001,-1570142.0820,-5759530.2060,2238184.6140,20.6790035,-105.2492029,10.534,2,0.00,,1,,ITRF2014_0,2010-01-01,2010-01-01,REFERENCE,UCOM,193660.9
MPV1,,-3138571.7290,5229873.6312,1862996.1188,17.0926258,120.9689726,1232.234,24,1.76,,1,,ITRF2005,2009-10-15,2009-10-16,GPSEST,BONT,1028.3
MQZG,50214M001,-4580569.9166,590466.5471,-4384379.5524,-43.7027290,172.6546920,154.644,705,1.07,,1,,IGS08|IGS14|IGS14_0|IGS20|IGS20_0|IGb08|ITRF2014_0,2005-01-01,2026-02-12,RNX2SNX,LYTT,12065.1
MR6G,10405M002,2998189.1403,931452.0714,5533398.9553,60.5951464,17.2585331,75.597,689,0.70,,1,,IGS00|IGS14|IGS14_0|IGS20|IGS97|IGb08|ITRF00|ITRF2005|ITRF2014_0,1997-01-01,2026-02-12,RNX2SNX,MAR6,0.0
MRHO,,-3442636.9846,5167659.4912,1456248.2031,13.2844875,123.6711090,844.355,108,3.80,,1,,ITRF2005,2005-06-28,2009-06-30,GPSEST,VMRH,162.7
MRIK,,-3184576.5485,5248371.7703,1725496.7629,15.7997600,121.2482955,290.546,90,6.18,,1,,ITRF2005,2008-08-21,2014-04-10,GPSEST,PTBN,11303.5
MRK1,,-3188720.7907,5281599.6390,1613097.5999,14.7470836,121.1211222,174.308,192,84.53,,1,,ITRF2005|WGS-84,1996-03-11,1996-03-19,GPSEST,MTLB,2236.3
MRK2,,-3187427.9685,5284117.8212,1607274.7353,14.6927688,121.0987622,133.947,140,0.01,,1,,WGS-84,,,OTHER,CMWL,1249.3
MRK3,,-3189661.1502,5283593.4324,1604325.5197,14.6653704,121.1190290,68.431,140,0.02,,1,,WGS-84,,,OTHER,TUMA,2210.2
MRK4,,-3190640.5718,5281177.1221,1610292.4784,14.7211156,121.1384113,70.940,140,0.03,,1,,WGS-84,,,OTHER,RGMH,1476.4
MRK5,,-3199539.1506,5278799.8136,1601843.7425,14.6413594,121.2205185,418.744,205,58.54,,1,,ITRF2005|WGS-84,1996-03-18,1998-02-20,GPSEST,LUZL,2714.1
MRO1,59913M001,-2556630.2924,5097138.3196,-2848384.5085,-26.6966319,116.6374960,354.066,268,0.72,,1,,IGS20|IGS20_0,2015-01-01,2025-07-19,RNX2SNX,7847,289731.0
MSBT,,-3450301.5563,5188581.7044,1357646.2430,12.3720274,123.6231001,74.847,619,0.10,,1,,IGS14|IGS20,2021-09-01,2026-02-12,RNX2SNX,MASE,74.9
MSD1,40552M001,-1979519.4808,-5523222.7215,2493106.5686,23.1604465,-109.7176469,103.836,2,0.00,,1,,ITRF2014_0,2010-01-01,2010-01-01,REFERENCE,7882,30821.0
MSKU,32810M001,6198407.1041,1494056.6839,-180399.5217,-1.6316017,13.5519979,359.634,61,0.14,,1,,IGS00|IGS97|ITRF00|ITRF2005,1997-01-01,2017-10-07,RNX2SNX,NKLG,484358.0
MSW3,,-3515305.4638,5242501.2136,913661.0890,8.2911044,123.8434240,75.443,29,4.78,,1,,ITRF2005,2010-08-20,2014-09-26,GPSEST,SINE,22343.2
MTBG,11030M001,4122590.7654,1213676.7237,4697542.0115,47.7378695,16.4042498,293.816,8,0.04,,1,,IGS00|IGS97,1997-01-01,2000-01-01,REFERENCE,MOPI,95846.0
MTDW,,-3191727.8822,5284543.8828,1597142.4411,14.5982601,121.1308908,74.837,52,0.00,,1,,ITRF00,2017-09-30,2017-10-07,RNX2SNX,CNTA,2689.9
MTJO,50204M001,-4533815.8501,761552.8971,-4407673.5364,-43.9857030,170.4649395,1043.636,2,0.00,,1,,ITRF2014_0,2010-01-01,2010-01-01,REFERENCE,HORN,37025.2
MTKA,21741S002,-3947762.6966,3364399.8157,3699428.4995,35.6795153,139.5613849,108.940,66,0.35,,1,,IGS00|IGS08|IGS97|IGb08|ITRF00|ITRF2005,1997-01-01,2017-10-07,RNX2SNX,KGN0,7254.3
MTLB,,-3190524.1544,5280311.4889,1613396.7055,14.7500895,121.1416430,85.772,52,0.00,,1,,ITRF00,2017-09-30,2017-10-07,RNX2SNX,RGMH,1987.5
MTY2,40518M001,-1029483.5089,-5657637.2335,2750926.0934,25.7155065,-100.3129063,521.739,2,0.00,,1,,ITRF2014_0,2010-01-01,2010-01-01,REFERENCE,CORC,363204.1
MUNT,,-3187133.3035,5293600.2835,1576270.6210,14.4034502,121.0510066,59.980,998,17.08,yes,12,34579.2,IGS14|IGS20|ITRF2005,2014-04-08,2026-02-12,RNX2SNX,MLPA,0.3
MUNZ,,-3157351.6365,5266575.5577,1719539.1491,15.7441987,120.9430041,140.930,1594,6.91,yes,16,34612.0,IGS14|IGS20|ITRF2005,2012-01-01,2026-02-12,RNX2SNX,BNBA,10066.6
MVBM,,-3443442.8320,5245807.3250,1140793.1157,10.3717356,123.2816193,418.653,75,0.17,,1,,ITRF2005,2010-06-15,2012-04-19,GPSEST,MVCH,8152.1
MVCH,,-3436989.9305,5249648.7931,1143964.8580,10.4004682,123.2131116,670.614,104,6.57,yes,2,395244.4,ITRF2005,2010-06-19,2014-05-20,GPSEST,MVUP,4174.6
MVIC,,-3437341.8635,5247904.9772,1151265.4934,10.4674452,123.2245245,747.662,72,9.14,yes,2,695386.1,ITRF2005,2010-06-19,2014-05-21,GPSEST,MVCH,7514.3
MVLC,,-3413468.9598,5263979.3792,1145462.5817,10.4151468,122.9617103,121.100,135,6.78,,1,,ITRF2005,2010-06-15,2014-05-18,GPSEST,NVSM,6508.8
MVMH,,-3427731.6527,5256578.1398,1139367.4240,10.3583882,123.1077363,566.967,35,0.06,,1,,ITRF2005,2010-06-15,2010-06-19,GPSEST,MVMR,2549.1
MVML,,-3426329.6731,5253508.2241,1156956.0469,10.5202235,123.1123264,471.896,67,0.18,,1,,ITRF2005,2010-06-19,2012-04-17,GPSEST,MVMY,5316.8
MVMN,,-3433060.0208,5252635.7712,1142676.3003,10.3884430,123.1681514,780.739,28,0.08,,1,,ITRF2005,2010-06-20,2010-06-23,GPSEST,KVMN,375.3
MVMP,,-3424561.5672,5259994.3848,1130524.9533,10.2779098,123.0664624,96.537,57,7.79,,1,,ITRF2005,2010-06-19,2014-05-18,GPSEST,MVMR,7557.2
MVMR,,-3426409.9408,5257641.0252,1137464.4403,10.3411912,123.0923278,390.948,98,5.19,yes,2,19926.0,ITRF2005,2010-06-15,2014-05-18,GPSEST,MVMH,2549.1
MVMY,,-3423069.3904,5256373.1250,1153884.9305,10.4919040,123.0730874,521.596,75,0.16,yes,2,128262.2,ITRF2005,2010-06-15,2012-04-19,GPSEST,MVML,5316.8
MVSB,,-3425568.6745,5256884.0093,1146875.0365,10.4266491,123.0896661,1011.515,90,5.15,,1,,ITRF2005,2010-06-15,2014-05-18,GPSEST,MVMY,7459.6
MVSC,,-3449042.2489,5240602.8535,1145914.0682,10.4193486,123.3504519,89.979,119,8.85,yes,2,706471.7,ITRF2005,2010-06-15,2014-05-18,GPSEST,MVBM,9201.3
MVSM,,-3419012.8149,5260570.4246,1145561.2269,10.4157633,123.0211267,295.742,66,6.21,,1,,ITRF2005,2010-06-15,2014-05-18,GPSEST,NVSM,0.7
MVUP,,-3433790.3164,5251887.0914,1145441.3756,10.4133976,123.1774734,1056.592,82,5.83,yes,2,12319.1,ITRF2005,2010-06-19,2014-05-21,GPSEST,MVMN,2956.3
MZUM,,-2858574.6752,4964558.3413,2794722.3480,26.1571084,119.9331812,60.226,299,2.22,,1,,ITRF00|ITRF2005|WGS-84,1999-03-04,2017-10-07,RNX2SNX,BEGN,7691.0
N132,,-3147271.6087,5280152.2007,1696094.9233,15.5243882,120.7973513,64.267,71,6.79,,1,,ITRF2005,2008-08-22,2011-02-25,GPSEST,MAYA,16956.3
N47A,,-3161434.8356,5237199.3867,1800203.1388,16.5023256,121.1172761,381.524,12,3.70,,1,,ITRF2005,2009-10-08,2009-10-08,GPSEST,NV47,4.6
N668,,-3403514.0481,5176040.6119,1513482.0893,13.8182998,123.3269859,57.875,35,0.03,,1,,ITRF2005,2010-05-03,2010-05-07,GPSEST,N688,0.1
N688,,-3403514.0839,5176040.6510,1513482.0572,13.8182994,123.3269859,57.918,103,5.78,,1,,ITRF2005,2006-12-01,2011-05-21,GPSEST,N668,0.1
NAGA,,-2967311.3781,5049526.6293,2517159.3407,23.3970301,120.4402622,64.061,53,0.00,yes,2,3485564.8,ITRF00|ITRF2005,2000-01-01,2017-10-07,RNX2SNX,KULN,10011.3
NAIN,40164M001,1671836.2926,-3103473.3410,5297671.4064,56.5369775,-61.6887221,32.868,758,0.50,,1,,IGS08|IGS14|IGS14_0|IGS20|IGS20_0|IGb08|ITRF00|ITRF2005|ITRF2014_0,2000-01-01,2026-02-12,RNX2SNX,SCH2,374942.0
NAMA,20103M001,4476294.5082,4036794.9186,2086353.5747,19.2114293,42.0446528,2703.119,700,0.68,,1,,IGS14|IGS14_0|IGS20|IGS20_0|ITRF2014_0,2010-01-01,2026-02-12,RNX2SNX,JIZN,278176.1
NAMRIA,,-3184319.3136,5291066.4994,1590418.2276,14.5354390,121.0407651,87.767,130,322.90,,1,,ITRF2005,2008-12-01,2014-06-30,GPSEST,PTAG,1.0
NANK,,-3052991.4101,4972124.7140,2567906.3251,23.8972522,121.5508190,57.448,53,0.00,,1,,ITRF00|ITRF2005,2000-01-01,2017-10-07,RNX2SNX,SOFN,5673.0
NANO,40138M001,-2335727.0404,-3451608.3587,4812009.8575,49.2948090,-124.0864815,6.600,766,0.37,,1,,IGS00|IGS08|IGS14|IGS14_0|IGS20|IGS20_0|IGS97|IGb08|ITRF00|ITRF2005|ITRF2014_0,1997-01-01,2026-02-12,RNX2SNX,PGC5,85610.2
NANP,,-2985418.8500,4973954.0700,2642472.3300,24.6352850,120.9726188,159.265,53,0.00,,1,,ITRF00|ITRF2005,2000-01-01,2017-10-07,RNX2SNX,SANW,2854.2
NAPL,49528S001,819477.2000,-5670155.7178,2793845.7357,26.1486450,-81.7762900,-19.054,2,0.00,,1,,ITRF2014_0,2010-01-01,2010-01-01,REFERENCE,FLIU,147116.2
NAS0,43607S001,1255070.7695,-5643661.8669,2684338.9804,25.0525391,-77.4622564,-21.255,2,0.00,,1,,ITRF2014_0,2010-01-01,2010-01-01,REFERENCE,EXU0,230618.1
NAST,,-3185856.5041,5291601.3756,1585588.0924,14.4903444,121.0504240,88.446,52,0.00,,1,,ITRF00,2017-09-30,2017-10-07,RNX2SNX,ADMA,293.7
NAUJ,,-3225098.7535,5304209.6915,1459828.0355,13.3194167,121.3006996,57.314,935,3.08,,1,,IGS14|IGS20|ITRF2005,2014-01-01,2026-02-12,RNX2SNX,CALA,16597.7
NAUR,50701M001,-6212554.8002,1442788.0194,-61006.1564,-0.5517254,166.9255384,46.225,700,1.13,,1,,IGS14|IGS14_0|IGS20|IGS20_0|ITRF2014_0,2010-01-01,2026-02-12,RNX2SNX,KIRI,699715.6
NAUS,41614M002,3179409.3566,-5519130.6954,-334110.0503,-3.0229186,-60.0550169,93.894,2,0.00,,1,,ITRF2014_0,2010-01-01,2010-01-01,REFERENCE,BOAV,652557.2
NAV1,,-3530675.9892,5156756.5449,1269977.3106,11.5619247,124.3982684,69.880,143,111.86,,1,,ITRF2005,1997-06-09,1999-11-17,GPSEST,NAVA,45.0
NAVA,,-3530710.9364,5156730.3350,1269988.1813,11.5620244,124.3986685,70.213,261,13.65,,1,,ITRF2005,2001-11-20,2014-06-23,GPSEST,NAV1,45.0
NBE1,,-2966591.2258,5066591.4766,2483760.2320,23.0687781,120.3498313,80.106,51,0.00,,1,,ITRF00,2017-09-30,2017-10-07,RNX2SNX,NBES,50.8
NBES,,-2966543.0906,5066577.2391,2483768.0723,23.0689728,120.3494962,49.497,2,50.81,,1,,ITRF00|ITRF2005,2000-01-01,2000-01-01,REFERENCE,NBE1,50.8
NCDU,49846M001,1268582.8497,-4995545.1594,3744466.4571,36.1816776,-75.7513360,-26.151,2,0.00,,1,,ITRF2014_0,2010-01-01,2010-01-01,REFERENCE,COVX,80299.6
NCKU,,-2962870.1912,5075261.7459,2470461.7125,22.9384599,120.2758134,44.145,53,0.00,,1,,ITRF00|ITRF2005,2000-01-01,2017-10-07,RNX2SNX,GS34,110.1
NCPC,,-3628004.9934,5187443.9675,779015.3365,7.0624893,124.9682494,181.735,619,0.18,,1,,IGS14|IGS20,2021-09-01,2026-02-12,RNX2SNX,COTB,14826.7
NCTU,,-2983882.0505,4966539.6147,2657905.5873,24.7888269,120.9973213,118.246,231,0.14,,1,,WGS-84,1999-03-04,2000-04-16,OTHER,HCHM,1349.3
NDBC,49459M001,37467.3937,-5508265.0843,3204510.4758,30.3562809,-89.6102783,-11.672,2,0.00,,1,,ITRF2014_0,2010-01-01,2010-01-01,REFERENCE,ENG1,61806.5
NE21,,-3150211.6408,5273319.7472,1711806.4028,15.6717404,120.8535377,88.775,76,5.96,,1,,ITRF2005,2008-08-20,2011-02-26,GPSEST,MUNZ,12500.4
NEAH,40139M001,-2415625.6404,-3498394.1032,4739316.8441,48.2978548,-124.6249071,459.897,2,0.00,,1,,ITRF2014_0,2010-01-01,2010-01-01,REFERENCE,BAMF,70643.8
NEIA,41620M002,3875254.9673,-4292588.7489,-2681108.6458,-25.0202381,-47.9249689,6.035,2,0.00,,1,,ITRF2014_0,2010-01-01,2010-01-01,REFERENCE,UFPR,139883.6
NEMN,,-2976330.7209,5068961.0355,2467391.6819,22.9081315,120.4200841,104.276,53,0.00,,1,,ITRF00|ITRF2005,2000-01-01,2017-10-07,RNX2SNX,TNDR,5326.4
NEWL,13273M103,4079953.8978,-395930.1732,4870196.9880,50.1030298,-5.5427873,64.509,2,0.00,,1,,ITRF2014_0,2010-01-01,2010-01-01,REFERENCE,SCIL,57905.7
NICA,10012M002,4581808.9503,581032.1251,4384492.9614,43.7032649,7.2272625,256.486,2,0.00,,1,,ITRF2014_0,2010-01-01,2010-01-01,REFERENCE,EZEV,23146.3
NICO,14302M001,4359415.3460,2874117.2943,3650778.0820,35.1409892,33.3964502,190.016,767,0.71,,1,,IGS00|IGS08|IGS14|IGS14_0|IGS20|IGS20_0|IGS97|IGb08|ITRF00|ITRF2005|ITRF2014_0|ITRF97,1997-01-01,2026-02-12,RNX2SNX,MERS,176177.1
NIST,49507M002,-1288398.6126,-4721696.9305,4078625.3238,39.9950662,-105.2626077,1648.345,700,0.24,,1,,IGS14|IGS14_0|IGS20|IGS20_0|ITRF2014_0,2010-01-01,2026-02-12,RNX2SNX,NISU,50.2
NISU,49507M001,-1288363.9468,-4721684.2159,4078659.2813,39.9954242,-105.2622553,1653.782,704,0.39,,1,,IGS00|IGS14|IGS14_0|IGS20|IGS20_0|ITRF2014_0,2000-01-01,2026-02-12,RNX2SNX,NIST,50.2
NIUM,50210M001,-5937161.0305,-1054674.8538,-2071385.8158,-19.0765215,-169.9270772,89.688,700,1.10,,1,,IGS14|IGS14_0|IGS20|IGS20_0|ITRF2014_0,2010-01-01,2026-02-12,RNX2SNX,7096,531382.7
NJCM,49373M001,1299237.1088,-4782943.6787,4000979.8469,39.1006744,-74.8028997,-26.600,2,0.00,,1,,ITRF2014_0,2010-01-01,2010-01-01,REFERENCE,CHL1,43617.4
NJGT,49387M001,1314928.1902,-4751401.3222,4033112.7188,39.4745238,-74.5308203,-12.375,2,0.00,,1,,ITRF2014_0,2010-01-01,2010-01-01,REFERENCE,NJCM,47682.8
NJI2,49795S002,1319481.9362,-4656034.4850,4140725.0020,40.7414827,-74.1777058,16.783,2,0.00,,1,,ITRF2014_0,2010-01-01,2010-01-01,REFERENCE,SA22,8292.8
NKLG,32809M002,6287385.6846,1071574.9783,39133.2930,0.3539100,9.6721290,31.500,766,0.83,,1,,IGS00|IGS08|IGS14|IGS14_0|IGS20|IGS20_0|IGS97|IGb08|ITRF00|ITRF2005|ITRF2014_0,1997-01-01,2026-02-12,RNX2SNX,FG07,327195.7
NLCE,,-3534987.2727,5156993.6736,1257025.3928,11.4424460,124.4296406,66.561,73,3.21,,1,,ITRF2005,2009-11-09,2014-06-23,GPSEST,CALU,432.0
NLCR,,-3561597.8192,5142326.7883,1242000.2289,11.3038992,124.7066414,65.285,66,7.85,,1,,ITRF2005,2009-11-06,2014-06-20,GPSEST,CARI,2208.2
NLIB,40465M001,-130934.9239,-4762291.7124,4226854.6116,41.7715907,-91.5748991,206.998,772,0.45,,1,,IGS00|IGS08|IGS14|IGS14_0|IGS20|IGS20_0|IGS97|IGb08|ITRF00|ITRF2005|ITRF2014_0|ITRF97,1997-01-01,2026-02-12,RNX2SNX,STP1,282587.1
NLL1,,-3540942.4945,5154817.5366,1249218.5403,11.3704496,124.4859152,66.645,73,6.34,,1,,ITRF2005,2009-11-06,2014-06-23,GPSEST,LED1,4516.8
NLL2,,-3544694.2400,5152725.5442,1247273.5044,11.3524961,124.5250966,76.969,63,3.43,,1,,ITRF2005,2009-11-06,2011-04-06,GPSEST,NLL1,4715.4
NLSB,,-3594289.4389,5120032.9487,1239942.0955,11.2849249,125.0690523,65.877,88,5.36,,1,,ITRF2005,2009-11-03,2014-06-21,GPSEST,TCDR,8020.2
NLSI,,-3528600.2048,5162292.7859,1253235.3226,11.4074926,124.3539159,65.719,42,6.40,,1,,ITRF2005,2009-11-11,2014-06-23,GPSEST,LEYM,87.2
NLSN,,-3550412.5871,5152038.6983,1234390.4633,11.2335486,124.5718029,179.464,66,6.59,,1,,ITRF2005,2009-11-03,2014-06-20,GPSEST,SNNI,3.8
NMAB,,-3667631.8792,5123541.0640,986361.2976,8.9559387,125.5965749,80.782,51,8.00,yes,2,435140.2,ITRF2005,2011-03-09,2014-03-19,GPSEST,BTU2,354.4
NMCO,,-3586716.4305,5190170.6424,934515.3572,8.4816978,124.6467781,76.752,75,9.65,,1,,ITRF2005,2010-03-06,2014-03-19,GPSEST,CDOC,795.8
NMEA,92733M001,-5740949.2098,1384373.2307,-2401599.8853,-22.2647877,166.4425159,71.206,2,0.00,,1,,ITRF2014_0,2010-01-01,2010-01-01,REFERENCE,NOUM,3376.9
NMJA,,-3596412.8308,5180985.5408,948183.0693,8.6066307,124.7666849,99.952,25,14.09,,1,,ITRF2005,2014-03-15,2014-03-19,GPSEST,NMMB,15407.4
NMLM,,-3655151.7879,5119842.6435,1049588.7211,9.5350810,125.5237540,106.028,45,7.38,,1,,ITRF2005,2011-03-09,2014-03-19,GPSEST,NMMA,0.1
NMMA,,-3655151.8337,5119842.6685,1049588.7073,9.5350808,125.5237542,106.072,35,0.02,,1,,ITRF2005,2010-03-06,2010-03-10,GPSEST,NMLM,0.1
NMMB,,-3596347.4789,5178186.5087,963333.9447,8.7452365,124.7807024,75.701,50,105.27,,1,,ITRF2005,2010-03-06,2014-03-17,GPSEST,NMJA,15407.4
NMSF,,-3653397.2867,5154835.5965,872777.9483,7.9172330,125.3264235,461.317,51,8.04,,1,,ITRF2005,2010-03-07,2014-03-18,GPSEST,COTA,31348.4
NMSM,,-3643389.6897,5126305.7538,1058654.7323,9.6182514,125.4023304,76.085,80,9.15,yes,2,903633.0,ITRF2005,2010-03-07,2014-03-19,GPSEST,NOMC,14564.0
NMT1,,-2956622.9343,5072923.6683,2482668.6376,23.0581546,120.2346695,56.848,51,0.00,,1,,ITRF00,2017-09-30,2017-10-07,RNX2SNX,NMTH,2.3
NMTH,,-2956623.2272,5072923.9818,2482666.3399,23.0581340,120.2346704,56.333,51,2.74,,1,,ITRF00,2017-09-30,2017-10-07,RNX2SNX,NMT1,2.3
NNOR,50181M001,-2414152.6421,4907778.6927,-3270643.9391,-31.0487246,116.1927262,234.809,758,1.77,,1,,IGS08|IGS14|IGS14_0|IGS20|IGS20_0|IGb08|ITRF00|ITRF2005|ITRF2014_0,2000-01-01,2026-02-12,RNX2SNX,PERT,88486.9
NNVN,43022M001,2152869.1161,-2145447.0792,5591017.3102,61.6318758,-44.9010657,2134.579,2,0.00,,1,,ITRF2014_0,2010-01-01,2010-01-01,REFERENCE,QAQ1,119364.5
NOMA,,-3586949.8907,5174220.5739,1017796.2577,9.2437752,124.7310476,80.518,53,0.06,yes,3,115710.6,ITRF2005,2008-09-22,2011-01-27,GPSEST,NMMB,55409.3
NOMB,,-3659668.0291,5124628.6619,1009797.2379,9.1705224,125.5318953,72.121,68,2.40,,1,,ITRF2005,2007-10-25,2011-01-28,GPSEST,NOMF,10526.2
NOMC,,-3654216.9955,5117678.4942,1063176.7815,9.6596852,125.5282792,99.255,86,2.83,,1,,ITRF2005,2007-10-25,2011-01-28,GPSEST,SURI,5329.8
NOMD,,-3698761.3972,5077188.1735,1102125.8405,10.0171207,126.0735578,71.466,53,0.12,,1,,ITRF2005,2008-09-17,2011-01-27,GPSEST,NOMI,27550.1
NOME,,-3624806.5454,5156695.6922,971836.8773,8.8230315,125.1046117,73.174,56,0.10,,1,,ITRF2005,2008-09-21,2011-01-27,GPSEST,NMMB,36661.6
NOMF,,-3660524.2564,5122044.5712,1019965.2957,9.2635914,125.5519041,116.585,99,2.25,,1,,ITRF2005,2007-10-24,2011-01-28,GPSEST,NOMB,10526.2
NOMG,,-3664420.8450,5111499.3081,1057638.8192,9.6089426,125.6366425,71.518,78,2.46,,1,,ITRF2005,2007-10-25,2011-01-28,GPSEST,SURI,7955.3
NOMH,,-3694689.0549,5095047.5191,1031579.5044,9.3700657,125.9478579,73.133,62,0.12,,1,,ITRF2005,2008-09-17,2011-02-02,GPSEST,NOMG,43196.2
NOMI,,-3708807.8738,5075381.5597,1076536.4890,9.7822786,126.1572670,67.697,53,0.07,,1,,ITRF2005,2008-09-17,2011-01-27,GPSEST,NOMD,27550.1
NOMK,,-3677774.6134,5119085.3946,971970.3903,8.8241883,125.6951177,119.398,93,3.27,,1,,ITRF2005,2007-10-20,2011-01-28,GPSEST,BTUN,17812.7
NOML,,-3721956.6438,5082411.4867,995490.1919,9.0395176,126.2161010,71.782,54,0.35,,1,,ITRF2005,2008-09-17,2011-02-02,GPSEST,TNDG,103.0
NORF,50189M001,-5457454.1801,1166108.5430,-3078179.3922,-29.0433454,167.9388326,159.013,2,0.00,,1,,ITRF2014_0,2010-01-01,2010-01-01,REFERENCE,NMEA,765355.3
NOT1,12717M004,4934545.8673,1321265.3635,3806456.4271,36.8758480,14.9897921,126.320,766,0.84,,1,,IGS00|IGS08|IGS14|IGS14_0|IGS20|IGS20_0|IGS97|IGb08|ITRF00|ITRF2005|ITRF2014_0,1997-01-01,2026-02-12,RNX2SNX,NOTO,29.6
NOTO,12717M003,4934528.1494,1321262.7093,3806479.9490,36.8761138,14.9898148,126.195,332,0.83,,1,,IGS00|IGS20|IGS20_0|IGS97|ITRF00|ITRF2005|ITRF2014_0|ITRF97,1997-01-01,2025-07-19,RNX2SNX,NOT1,29.6
NOUM,92701M003,-5739972.1002,1387563.2052,-2402122.3127,-22.2698420,166.4102055,83.021,767,1.47,,1,,IGS00|IGS08|IGS14|IGS14_0|IGS20|IGS20_0|IGS97|IGb08|ITRF00|ITRF2005|ITRF2014_0|ITRF97,1997-01-01,2026-02-12,RNX2SNX,NMEA,3376.9
NOVJ,12367M001,452288.0222,3635913.1832,5203396.7631,55.0299250,82.9091385,125.893,325,0.65,,1,,IGS00|IGS20|IGS20_0|ITRF00|ITRF2005,2000-01-01,2025-07-19,RNX2SNX,NOVM,72.2
NOVM,12367M002,452260.5758,3635877.6110,5203453.3087,55.0305008,82.9094958,150.056,270,0.39,,1,,IGS20|IGS20_0|ITRF2014_0,2010-01-01,2025-07-19,RNX2SNX,NOVJ,72.2
NPAK,,-3344972.8718,5275350.2933,1285341.3289,11.7037446,122.3778022,60.300,43,6.85,,1,,ITRF2005,2010-07-29,2014-05-14,GPSEST,LIBA,25769.6
NPAL,,-3302084.5651,5300527.3862,1292586.3628,11.7706385,121.9217849,59.662,79,6.20,,1,,ITRF2005,2010-07-28,2014-05-11,GPSEST,PAND,19804.5
NPIE,,-3418587.1479,5234562.3929,1258395.1335,11.4550610,123.1477434,76.865,89,6.66,,1,,ITRF2005,2010-07-26,2014-05-11,GPSEST,RCSS,43461.0
NPLB,,3985503.3946,-23628.4608,4962939.3936,51.4209459,-0.3396799,72.789,9,5.68,,1,,IGS00|IGS97|ITRF97,1997-01-01,2000-01-01,REFERENCE,NPLD,4.8
NPLD,13234M003,3985500.3641,-23625.5365,4962941.6433,51.4209799,-0.3396381,72.647,63,0.23,,1,,IGS00|IGS97|ITRF00|ITRF2005|ITRF2014_0,1997-01-01,2017-10-07,RNX2SNX,NPLB,4.8
NPLY,50227M001,-4924806.7694,507350.5071,-4008310.2042,-39.1825537,174.1181741,416.934,2,0.00,,1,,ITRF2014_0,2010-01-01,2010-01-01,REFERENCE,WEL2,238786.2
NPRI,49684S001,1531392.2426,-4531473.9695,4204982.6004,41.5098470,-71.3275378,-13.105,2,0.00,,1,,ITRF2014_0,2010-01-01,2010-01-01,REFERENCE,ACU6,44969.3
NRC1,40114M001,1112776.8736,-4341475.9226,4522955.9037,45.4541632,-75.6238322,82.550,767,0.49,,1,,IGS00|IGS08|IGS14|IGS14_0|IGS20|IGS20_0|IGS97|IGb08|ITRF00|ITRF2005|ITRF2014_0|ITRF97,1997-01-01,2026-02-12,RNX2SNX,CAGS,20423.1
NRIF,20716M001,4525066.8901,3172729.9731,3174290.3487,30.0384193,35.0360424,457.526,2,0.00,,1,,ITRF2014_0,2010-01-01,2010-01-01,REFERENCE,ELAT,59711.1
NRIL,12364M001,64536.7372,2253782.9262,5946363.5129,69.3618329,88.3597921,47.943,762,0.57,,1,,IGS00|IGS08|IGS14|IGS14_0|IGS20|IGS20_0|IGb08|ITRF00|ITRF2005|ITRF2014_0,2000-01-01,2026-02-12,RNX2SNX,TIXJ,1497596.8
NRL1,40451S301,1117249.0953,-4848758.6945,3976821.2100,38.8207471,-77.0244035,-18.192,2,0.00,,1,,ITRF2014_0,2010-01-01,2010-01-01,REFERENCE,USNO,11491.8
NRMD,92701M005,-5743538.2352,1380503.7789,-2397895.7830,-22.2283184,166.4848885,160.328,703,1.03,,1,,IGS14|IGS14_0|IGS20|IGS20_0|IGb08|ITRF2014_0,2005-01-01,2026-02-12,RNX2SNX,NRMG,0.0
NRMG,92701M005,-5743538.2339,1380503.7799,-2397895.7783,-22.2283184,166.4848885,160.326,625,0.78,,1,,IGS14|IGS14_0|IGS20|ITRF2014_0,2010-01-01,2026-02-12,RNX2SNX,NRMD,0.0
NSEV,,-3512850.2334,5144916.4238,1363309.6986,12.4244699,124.3245117,61.892,5,3.81,,1,,ITRF2005,2014-06-27,2014-06-27,GPSEST,VICT,2699.1
NSLG,13216M002,3664667.3350,-91646.7933,5201998.1579,55.0089092,-1.4325666,55.934,2,0.00,,1,,ITRF2014_0,2010-01-01,2010-01-01,REFERENCE,NSTG,495.5
NSNC,,-3541898.1487,5135044.6455,1325101.2634,12.0710343,124.5959789,64.399,9,6.59,,1,,ITRF2005,2014-06-26,2014-06-27,GPSEST,WSBC,38935.2
NSPC,,-3565195.2453,5104699.6974,1378410.1573,12.5642834,124.9309988,59.902,10,6.26,,1,,ITRF2005,2014-06-27,2014-06-28,GPSEST,NSNC,65615.6
NSSP,12312M001,3478646.0538,3418806.1000,4097987.5052,40.2264583,44.5029337,1194.747,332,0.99,,1,,IGS00|IGS20|IGS20_0|IGS97|ITRF00|ITRF2005|ITRF2014_0|ITRF97,1997-01-01,2025-07-19,RNX2SNX,ARUC,36116.4
NSSS,49898M001,-2440112.7519,-4794640.7082,3414804.7231,32.5793153,-116.9726831,123.583,2,0.00,,1,,ITRF2014_0,2010-01-01,2010-01-01,REFERENCE,7035,12632.8
NSTG,13216M001,3664792.0014,-92117.0329,5201903.8728,55.0074196,-1.4398651,56.920,2,0.00,,1,,ITRF2014_0,2010-01-01,2010-01-01,REFERENCE,NSLG,495.5
NTHM,,-2956575.7623,5072911.1222,2482677.0657,23.0583469,120.2343334,28.321,2,49.53,,1,,ITRF00|ITRF2005,2000-01-01,2000-01-01,REFERENCE,NMT1,49.5
NTUS,22601M001,-1508023.3494,6195576.5163,148799.2944,1.3458007,103.6799614,75.386,1171,4.73,,1,,IGS00|IGS14|IGS20|IGS20_0|IGS97|ITRF00|ITRF2005|ITRF2014_0|ITRF97|WGS-84,1997-01-01,2026-02-12,RNX2SNX,NTUS-01,0.5
NTUS-01,,-1508022.9262,6195576.6820,148799.3638,1.3458013,103.6799574,75.449,2661,107.56,,1,,ITRF2005,1998-02-11,2014-12-31,GPSEST,NTUS,0.5
NURK,34001M001,5516756.3576,3196625.1723,-215026.9650,-1.9445487,30.0896862,1483.783,700,0.48,,1,,IGS14|IGS14_0|IGS20|IGS20_0|ITRF2014_0,2010-01-01,2026-02-12,RNX2SNX,MBAR,165136.2
NV47,,-3161432.9495,5237195.2944,1800202.0961,16.5023280,121.1172808,376.934,29,4.24,,1,,ITRF2005,2008-08-20,2011-02-16,GPSEST,N47A,4.6
NVSK,12319M001,433605.7103,3655558.4931,5191286.6611,54.8406110,83.2354422,123.050,60,0.27,,1,,IGS08|IGb08|ITRF00|ITRF2005|ITRF2014_0,2000-01-01,2017-10-07,RNX2SNX,NOVJ,29692.1
NVSM,,-3419012.4082,5260569.8373,1145561.1084,10.4157634,123.0211265,295.018,16,0.04,,1,,ITRF2005,2011-08-23,2011-08-26,GPSEST,MVSM,0.7
NVY2,,-3177651.6051,5234320.5481,1781752.6049,16.3272545,121.2611025,861.060,56,6.81,,1,,ITRF2005,2008-08-25,2014-04-09,GPSEST,PBAY,21242.7
NVY3,,-3150498.7837,5257846.4519,1761134.1235,16.1329250,120.9300187,976.203,58,6.23,,1,,ITRF2005,2008-08-21,2014-04-09,GPSEST,MACR,17944.7
NVY9,,-3143192.0489,5254315.7808,1785104.4873,16.3579950,120.8883483,1170.228,37,6.35,,1,,ITRF2005,2008-08-25,2014-04-10,GPSEST,NVY3,25306.8
NYA1,10317M003,1202433.5466,252632.4431,6237772.7936,78.9295574,11.8653193,84.387,692,0.55,,1,,IGS00|IGS08|IGS14|IGS14_0|IGS20|IGS97|IGb08|ITRF00|ITRF2005|ITRF2014_0|ITRF97,1997-01-01,2026-02-12,RNX2SNX,NYAC,5.3
NYAC,10317M001,1202432.7938,252632.1214,6237767.5514,78.9295554,11.8653118,79.088,2,0.00,,1,,ITRF2014_0,2010-01-01,2010-01-01,REFERENCE,NYA1,5.3
NYAL,10317M001,1202430.2403,252626.8608,6237767.8281,78.9295874,11.8650962,78.672,772,8.05,,1,,IGS00|IGS08|IGS14|IGS14_0|IGS20|IGS20_0|IGS97|IGb08|ITRF00|ITRF2005|ITRF2014_0|ITRF97,1997-01-01,2026-02-12,RNX2SNX,NYAC,5.9
NYBP,49386M001,1333553.0489,-4655043.8463,4137302.4622,40.7010692,-74.0143232,-15.749,2,0.00,,1,,ITRF2014_0,2010-01-01,2010-01-01,REFERENCE,NJI2,14515.2
NYQN,49384M010,1356258.7477,-4647097.7755,4138865.2951,40.7195262,-73.7300780,-1.657,2,0.00,,1,,ITRF2014_0,2010-01-01,2010-01-01,REFERENCE,NYBP,24106.7
OAX2,40517M001,-713483.0610,-6058316.0825,1861594.6976,17.0783398,-96.7167396,1607.250,2,0.00,,1,,ITRF2014_0,2010-01-01,2010-01-01,REFERENCE,OXEC,93807.7
OBE2,14208M003,4186558.4232,835027.3349,4723759.4033,48.0861692,11.2798689,641.429,59,0.26,,1,,IGS00|ITRF00|ITRF2005|ITRF2014_0,2000-01-01,2017-10-07,RNX2SNX,OBER,0.3
OBE3,14208M005,4186558.6860,835022.6244,4723761.2230,48.0861846,11.2798062,642.340,2,0.00,,1,,ITRF2014_0,2010-01-01,2010-01-01,REFERENCE,OBER,4.9
OBER,14208M001,4186558.4805,835027.1022,4723759.2878,48.0861684,11.2798657,641.350,64,6.20,,1,,IGS00|IGS97|ITRF00|ITRF2005|ITRF2014_0|ITRF97,1997-01-01,2017-10-07,RNX2SNX,OBE2,0.3
OBET,14208M004,4186739.7217,834887.9151,4723619.6110,48.0843221,11.2775580,637.961,57,15.13,,1,,IGS00|ITRF00|ITRF2005,2000-01-01,2017-10-07,RNX2SNX,OBE3,266.4
OCN1,,4325943.3723,527643.7973,4642212.8047,47.0006713,6.9541285,542.991,8,0.04,,1,,IGS00|IGS97,1997-01-01,2000-01-01,REFERENCE,EXWI,37280.7
ODON,,-3115789.3275,5305811.3621,1674770.3105,15.3240686,120.4231975,227.647,40,6.07,,1,,ITRF2005,2008-08-27,2014-04-20,GPSEST,LUZB,11434.6
ODS5,49572M001,-1156491.8339,-5297413.6882,3349021.1031,31.8739247,-102.3151651,858.772,2,0.00,,1,,ITRF2014_0,2010-01-01,2010-01-01,REFERENCE,MDO1,209104.2
OGHS,49817M001,-2430835.5445,-4762197.7281,3466199.1316,33.1306077,-117.0417690,185.242,2,0.00,,1,,ITRF2014_0,2010-01-01,2010-01-01,REFERENCE,SIO3,35354.1
OHI2,66008M005,1525812.2405,-2432478.2390,-5676165.5470,-63.3210793,-57.9013266,32.522,762,0.47,,1,,IGS00|IGS08|IGS14|IGS14_0|IGS20|IGS20_0|IGb08|ITRF00|ITRF2005|ITRF2014_0,2000-01-01,2026-02-12,RNX2SNX,OHIX,3.0
OHI3,66008M006,1525809.4082,-2432478.7548,-5676166.2449,-63.3210907,-57.9013800,32.666,762,0.47,,1,,IGS00|IGS08|IGS14|IGS14_0|IGS20|IGS20_0|IGb08|ITRF00|ITRF2005|ITRF2014_0,2000-01-01,2026-02-12,RNX2SNX,OHIX,0.0
OHIG,66008M001,1525873.0011,-2432481.3439,-5676146.0521,-63.3207209,-57.9003325,30.780,776,0.52,,1,,IGS00|IGS08|IGS14|IGS14_0|IGS20|IGS20_0|IGS97|IGb08|ITRF00|ITRF2005|ITRF2014_0|ITRF97,1997-01-01,2026-02-12,RNX2SNX,OHIZ,27.9
OHIX,66008M006,1525809.4086,-2432478.7550,-5676166.2449,-63.3210907,-57.9013800,32.666,625,0.28,,1,,IGS14|IGS14_0|IGS20|ITRF2014_0,2010-01-01,2026-02-12,RNX2SNX,OHI3,0.0
OHIZ,66008M004,1525868.4975,-2432457.6025,-5676160.0002,-63.3209575,-57.9001569,33.139,8,0.03,,1,,IGS00|IGS97,1997-01-01,2000-01-01,REFERENCE,OHIG,27.9
OKOM,49494M001,104973.1140,-5286698.4533,3554802.0203,34.0902637,-88.8624798,105.729,2,0.00,,1,,ITRF2014_0,2010-01-01,2010-01-01,REFERENCE,MLF1,260842.3
ONSA,10402M004,3370658.2502,711877.4348,5349787.1575,57.3953016,11.9255232,45.630,772,0.66,,1,,IGS00|IGS08|IGS14|IGS14_0|IGS20|IGS20_0|IGS97|IGb08|ITRF00|ITRF2005|ITRF2014_0|ITRF97,1997-01-01,2026-02-12,RNX2SNX,OS0G,0.0
OOST,13104M003,3997350.4558,204056.1900,4949342.4412,51.2254087,2.9222904,70.351,2,0.00,,1,,ITRF2014_0,2010-01-01,2010-01-01,REFERENCE,ZEEB,23431.6
OPMT,10001S006,4202777.4337,171367.9135,4778660.1472,48.8359193,2.3349374,122.586,59,0.24,,1,,IGS00|ITRF00|ITRF2005|ITRF2014_0,2000-01-01,2017-10-07,RNX2SNX,LPTF,0.0
ORAS,,-3616244.6988,5080979.4511,1332644.7456,12.1407699,125.4402936,67.195,619,0.10,,1,,IGS14|IGS20,2021-09-01,2026-02-12,RNX2SNX,TAFT,26316.8
ORID,15601M001,4498451.3817,1708267.3881,4173592.0401,41.1273137,20.7940561,773.011,270,0.41,,1,,IGS20|IGS20_0|ITRF2014_0,2010-01-01,2025-07-19,RNX2SNX,7520,155090.6
ORMO,,-3555940.9487,5153804.9127,1210521.0134,11.0138100,124.6042864,80.455,619,0.10,,1,,IGS14|IGS20,2021-09-01,2026-02-12,RNX2SNX,TONA,11740.5
OS0G,10402M004,3370658.2501,711877.4348,5349787.1586,57.3953016,11.9255232,45.631,694,0.61,,1,,IGS00|IGS14|IGS14_0|IGS20|IGS97|IGb08|ITRF00|ITRF2005|ITRF2014_0,1997-01-01,2026-02-12,RNX2SNX,ONSA,0.0
OSLO,10307M001,3169981.9958,579956.6949,5485936.5846,59.7365857,10.3677557,221.509,11,0.28,,1,,IGS00|IGS97|ITRF2014_0|ITRF97,1997-01-01,2010-01-01,REFERENCE,OSLS,0.3
OSLS,10307M001,3169981.8033,579956.8374,5485936.7354,59.7365876,10.3677588,221.557,2,0.00,,1,,ITRF2014_0,2010-01-01,2010-01-01,REFERENCE,OSLO,0.3
OSN1,23904S001,-3067863.7417,4067640.7674,3824295.5683,37.0775653,127.0240391,51.761,630,3.02,,1,,IGS08|IGS14|IGS14_0|IGS20|IGb08|ITRF2014_0,2005-01-01,2026-02-12,RNX2SNX,OSN2,0.0
OSN2,23904S001,-3067863.7418,4067640.7674,3824295.5683,37.0775653,127.0240391,51.761,628,3.02,,1,,IGS14|IGS14_0|IGS20|IGb08|ITRF2014_0,2005-01-01,2026-02-12,RNX2SNX,OSN1,0.0
OUAG,33101M001,6229497.6353,-164484.7856,1356011.3997,12.3563911,-1.5124967,331.050,2,0.00,,1,,ITRF2014_0,2010-01-01,2010-01-01,REFERENCE,TAMA,317992.5
OUS2,50212M002,-4387891.1544,733421.1569,-4555175.8944,-45.8694688,170.5109240,26.080,758,1.16,,1,,IGS08|IGS14|IGS14_0|IGS20|IGS20_0|IGb08|ITRF00|ITRF2005|ITRF2014_0,2000-01-01,2026-02-12,RNX2SNX,OUSD,3.4
OUSD,50212M001,-4387888.7476,733421.3529,-4555178.2651,-45.8694988,170.5109164,26.151,2,0.00,,1,,ITRF2014_0,2010-01-01,2010-01-01,REFERENCE,OUS2,3.4
OXEC,40550M001,-645257.5701,-6083156.1936,1802196.5526,16.5199682,-96.0548843,808.487,2,0.00,,1,,ITRF2014_0,2010-01-01,2010-01-01,REFERENCE,OAX2,93807.7
P043,49226M001,-1128701.9453,-4465270.5782,4399615.8570,43.8811448,-104.1857063,1490.913,268,0.17,,1,,IGS20|IGS20_0,2015-01-01,2025-07-19,RNX2SNX,7112,413242.8
P059,49374M001,-2758534.7259,-4132154.0050,3986124.8822,38.9283462,-123.7261979,-11.297,2,0.00,,1,,ITRF2014_0,2010-01-01,2010-01-01,REFERENCE,HOPB,56952.6
P101,21753S001,-3611192.8148,2939102.3213,4344522.8239,43.2095256,140.8583105,38.365,2,0.00,,1,,ITRF2014_0,2010-01-01,2010-01-01,REFERENCE,STK2,87465.2
P102,21754S001,-3604633.3878,3079823.5992,4252131.4504,42.0787861,139.4891948,42.255,2,0.00,,1,,ITRF2014_0,2010-01-01,2010-01-01,REFERENCE,P204,107642.8
P103,21755S001,-3744649.3658,3047623.1526,4153854.1100,40.8974933,140.8592097,44.213,2,0.00,,1,,ITRF2014_0,2010-01-01,2010-01-01,REFERENCE,P204,98840.1
P104,21756S001,-3734879.9138,3167020.2165,4073088.4562,39.9421123,139.7034650,44.746,2,0.00,,1,,ITRF2014_0,2010-01-01,2010-01-01,REFERENCE,0194,85057.4
P105,21757S001,-3799859.4401,3240117.1295,3954557.7422,38.5633369,139.5459734,45.559,2,0.00,,1,,ITRF2014_0,2010-01-01,2010-01-01,REFERENCE,0194,69075.2
P106,21758S001,-3917847.7324,3176869.1788,3890656.7338,37.8307881,140.9624058,48.858,2,0.00,,1,,ITRF2014_0,2010-01-01,2010-01-01,REFERENCE,MIZU,145552.2
P107,21759S001,-4015023.7753,3339324.6888,3649638.3865,35.1293832,140.2494545,39.404,2,0.00,,1,,ITRF2014_0,2010-01-01,2010-01-01,REFERENCE,7339,42390.5
P108,21760S001,-3976337.7525,3382270.2241,3652431.8853,35.1601541,139.6155338,42.873,2,0.00,,1,,ITRF2014_0,2010-01-01,2010-01-01,REFERENCE,7337,6066.4
P109,21761S001,-3765764.1420,3357383.6431,3889248.7473,37.8147574,138.2812591,44.790,2,0.00,,1,,ITRF2014_0,2010-01-01,2010-01-01,REFERENCE,P110,54674.5
P110,21762S001,-3802287.3708,3362971.8694,3848948.2821,37.3565449,138.5085199,45.564,2,0.00,,1,,ITRF2014_0,2010-01-01,2010-01-01,REFERENCE,P109,54674.5
P111,21763S001,-3703988.5940,3466091.5082,3853284.8332,37.4057286,136.9003275,43.923,2,0.00,,1,,ITRF2014_0,2010-01-01,2010-01-01,REFERENCE,P207,77020.5
P112,21764S001,-3713434.2180,3567423.2043,3751032.9599,36.2545739,136.1488611,42.680,2,0.00,,1,,ITRF2014_0,2010-01-01,2010-01-01,REFERENCE,P207,111617.4
P113,21765S001,-3960457.6226,3426670.2811,3628389.8899,34.8954851,139.1329592,47.165,2,0.00,,1,,ITRF2014_0,2010-01-01,2010-01-01,REFERENCE,P114,35127.0
P114,21766S001,-3942545.0237,3455790.7364,3620325.0675,34.8068985,138.7642020,47.439,2,0.00,,1,,ITRF2014_0,2010-01-01,2010-01-01,REFERENCE,P113,35127.0
P115,21767S001,-3913066.4571,3483057.9312,3626131.2139,34.8706701,138.3274142,46.524,2,0.00,,1,,ITRF2014_0,2010-01-01,2010-01-01,REFERENCE,P114,40573.4
P116,21768S001,-3818785.9097,3583089.2771,3629161.4298,34.9039657,136.8238433,47.010,2,0.00,,1,,ITRF2014_0,2010-01-01,2010-01-01,REFERENCE,P115,137492.8
P117,21715S002,-3749061.9960,3724079.4314,3559716.5877,34.1441455,135.1915379,45.744,2,0.00,,1,,ITRF2014_0,2010-01-01,2010-01-01,REFERENCE,P208,91615.7
P118,21769S001,-3627486.7448,3715156.2922,3691650.1514,35.5936861,134.3159335,42.547,2,0.00,,1,,ITRF2014_0,2010-01-01,2010-01-01,REFERENCE,P117,179629.1
P119,21770S001,-3488617.5383,3928682.6060,3603969.7771,34.6275880,131.6046474,39.352,2,0.00,,1,,ITRF2014_0,2010-01-01,2010-01-01,REFERENCE,P209,51778.4
P120,21771S001,-3654514.4011,3885746.1372,3484943.9786,33.3334997,133.2435021,43.195,2,0.00,,1,,ITRF2014_0,2010-01-01,2010-01-01,REFERENCE,P122,178213.3
P121,21772S001,-3412582.9117,4088751.1795,3497865.6326,33.4730798,129.8492936,39.070,2,0.00,,1,,ITRF2014_0,2010-01-01,2010-01-01,REFERENCE,P210,81859.8
P122,21773S001,-3582625.8267,4025348.9074,3400664.2777,32.4286219,131.6696013,36.543,2,0.00,,1,,ITRF2014_0,2010-01-01,2010-01-01,REFERENCE,P211,97587.0
P123,21774S001,-3493262.0736,4135025.1848,3362089.4588,32.0174089,130.1910655,39.787,2,0.00,,1,,ITRF2014_0,2010-01-01,2010-01-01,REFERENCE,AIRA,44188.6
P124,21775S001,-3512442.8142,4524189.8206,2796936.2773,26.1794698,127.8246729,38.473,2,0.00,,1,,ITRF2014_0,2010-01-01,2010-01-01,REFERENCE,P212,16374.1
P162,49408M001,-2724770.7612,-4003808.7653,4136468.7107,40.6910946,-124.2370370,-6.463,2,0.00,,1,,ITRF2014_0,2010-01-01,2010-01-01,REFERENCE,CME1,30799.8
P201,21776S001,-3519364.1115,2780889.4260,4519305.0921,45.4078196,141.6853329,31.691,2,0.00,,1,,ITRF2014_0,2010-01-01,2010-01-01,REFERENCE,YSSK,197056.4
P202,21777S001,-3730050.1591,2681715.7053,4409668.2166,44.0194114,144.2857926,36.487,2,0.00,,1,,ITRF2014_0,2010-01-01,2010-01-01,REFERENCE,P203,116178.8
P203,21778S001,-3798936.1476,2722640.6594,4325540.9690,42.9755699,144.3713977,35.937,2,0.00,,1,,ITRF2014_0,2010-01-01,2010-01-01,REFERENCE,P202,116178.8
P204,21779S001,-3687263.9769,3015354.7728,4227576.8126,41.7816566,140.7245352,39.543,2,0.00,,1,,ITRF2014_0,2010-01-01,2010-01-01,REFERENCE,P103,98840.1
P206,21781S001,-4000420.0782,3377635.8032,3630509.3697,34.9187915,139.8249191,45.552,2,0.00,,1,,ITRF2014_0,2010-01-01,2010-01-01,REFERENCE,7339,2925.0
P207,21782S001,-3755156.0666,3474321.8050,3796308.4692,36.7621740,137.2245772,44.226,2,0.00,,1,,ITRF2014_0,2010-01-01,2010-01-01,REFERENCE,P111,77020.5
P208,21783S001,-3816227.3423,3714594.7323,3498134.9583,33.4759472,135.7731913,46.410,2,0.00,,1,,ITRF2014_0,2010-01-01,2010-01-01,REFERENCE,7838,18947.9
P209,21784S001,-3508722.3916,3887786.1606,3628551.7686,34.8973119,132.0662145,39.563,2,0.00,,1,,ITRF2014_0,2010-01-01,2010-01-01,REFERENCE,P119,51778.4
P210,21785S001,-3442441.7324,4122053.2805,3429305.8145,32.7351177,129.8661991,38.572,2,0.00,,1,,ITRF2014_0,2010-01-01,2010-01-01,REFERENCE,P121,81859.8
P211,21786S001,-3597405.1594,4079119.6049,3320579.9050,31.5769683,131.4093046,36.915,2,0.00,,1,,ITRF2014_0,2010-01-01,2010-01-01,REFERENCE,AIRA,81504.2
P212,21787S001,-3498825.8702,4532637.4309,2800302.0225,26.2133256,127.6652081,38.656,2,0.00,,1,,ITRF2014_0,2010-01-01,2010-01-01,REFERENCE,P124,16374.1
P213,21732S006,-4489493.5385,3483084.7568,2887511.9202,27.0939419,142.1946092,56.186,2,0.00,,1,,ITRF2014_0,2010-01-01,2010-01-01,REFERENCE,CCJM,1023.3
P224,49405M001,-2688201.3599,-4265643.6063,3893778.5954,37.8638963,-122.2190606,407.354,2,0.00,,1,,ITRF2014_0,2010-01-01,2010-01-01,REFERENCE,BRIB,8497.7
P231,49375M001,-2708724.8536,-4350832.5919,3783764.2755,36.6216765,-121.9054106,-26.341,2,0.00,,1,,ITRF2014_0,2010-01-01,2010-01-01,REFERENCE,SAOB,43945.6
P365,49418M001,-2612714.5027,-3836783.8589,4359552.8937,43.3955182,-124.2534828,27.093,2,0.00,,1,,ITRF2014_0,2010-01-01,2010-01-01,REFERENCE,CABL,67070.5
P435,49398M001,-2357519.4902,-3561380.5611,4721518.0099,48.0595489,-123.5032790,287.332,2,0.00,,1,,ITRF2014_0,2010-01-01,2010-01-01,REFERENCE,ALBH,36740.5
PABL,,-3167645.5665,5259051.0594,1723977.5984,15.7856163,121.0615077,242.490,164,102.55,,1,,ITRF2005|WGS-84,1999-03-09,2014-10-04,GPSEST,CRIS,365.4
PADO,12750S001,4388882.1126,924567.3734,4519588.6769,45.4111529,11.8960607,64.705,63,0.27,,1,,IGS00|IGS97|ITRF00|ITRF2005|ITRF2014_0,1997-01-01,2017-10-07,RNX2SNX,UPAD,1502.5
PAGP,,-3095967.7989,5196121.6972,2017219.8071,18.5596579,120.7874500,52.165,2299,206.56,yes,15,34578.9,IGS14|IGS20|ITRF2005,2014-01-01,2026-02-12,RNX2SNX,PAGU,0.5
PAGU,,-3095967.9087,5196121.2801,2017219.5616,18.5596567,120.7874530,51.800,10,0.04,,1,,ITRF2005,2011-02-21,2011-02-22,GPSEST,PAGP,0.5
PALA,,-3480522.8539,5174728.1339,1333292.5253,12.1467579,123.9247823,68.078,619,0.28,yes,3,1271390.9,IGS14|IGS20,2021-09-01,2026-02-12,RNX2SNX,MASF,154.6
PALK,23503M001,1022268.7159,6244415.7796,802112.9264,7.2727542,80.7026235,380.283,2,0.00,,1,,ITRF2014_0,2010-01-01,2010-01-01,REFERENCE,SGOC,100743.2
PALM,,-3535541.1440,5166930.8671,1214255.1816,11.0482143,124.3824041,74.200,619,0.10,yes,2,11351104.5,IGS14|IGS20,2021-09-01,2026-02-12,RNX2SNX,LEYA,3317.2
PALO,,-3587697.2728,5127829.6324,1226916.2615,11.1648441,124.9786438,81.949,619,0.10,,1,,IGS14|IGS20,2021-09-01,2026-02-12,RNX2SNX,LEYG,3685.0
PALV,66005M002,1192671.9079,-2450887.6120,-5747096.0200,-64.7750902,-64.0511225,31.039,5,0.09,,1,,IGb08|ITRF2014_0,2005-01-01,2010-01-01,REFERENCE,VNAD,53369.5
PAMA,92201M003,-5245195.4491,-3080472.0224,-1912825.2808,-17.5667380,-149.5745378,337.862,62,0.24,,1,,IGS00|IGS97|ITRF00|ITRF2005|ITRF97,1997-01-01,2017-10-07,RNX2SNX,7124,3550.4
PANC,,-3108782.4705,5188830.6673,2016292.8496,18.5508169,120.9270766,54.574,54,5.90,,1,,ITRF2005,2009-10-14,2014-04-11,GPSEST,PAGU,14772.4
PAND,,-3318816.7045,5291418.6097,1287175.0396,11.7206383,122.0962395,79.114,619,0.14,,1,,IGS14|IGS20,2021-09-01,2026-02-12,RNX2SNX,NPAL,19804.5
PANG,,-2886041.3030,5087845.4373,2534228.8449,23.5652061,119.5637423,29.226,48,0.04,,1,,WGS-84,2000-04-07,2000-04-16,OTHER,WIAN,8471.8
PAOL,,-2997037.1957,5047007.1488,2487959.4754,23.1086335,120.7028843,434.133,53,0.00,,1,,ITRF00|ITRF2005,2000-01-01,2017-10-07,RNX2SNX,23G5,160.7
PAPE,92201M011,-5245798.3929,-3081049.6397,-1909175.5018,-17.5330831,-149.5727226,11.936,2,0.00,,1,,ITRF2014_0,2010-01-01,2010-01-01,REFERENCE,PAMA,3744.1
PAPH,49385M001,1251540.0024,-4728978.9611,4079121.9821,40.0131611,-75.1763342,26.540,2,0.00,,1,,ITRF2014_0,2010-01-01,2010-01-01,REFERENCE,RED5,60434.4
PARA,41610M001,3763751.6568,-4365113.8591,-2724404.5817,-25.4483675,-49.2309551,925.758,2,0.00,,1,,ITRF2014_0,2010-01-01,2010-01-01,REFERENCE,UFPR,0.2
PARC,41716S001,1255992.5935,-3622975.2750,-5079719.1085,-53.1369526,-70.8798807,22.277,705,0.26,,1,,IGS08|IGS14|IGS14_0|IGS20|IGS20_0|IGb08|ITRF2014_0,2005-01-01,2026-02-12,RNX2SNX,RIO2,219956.2
PARK,50108M001,-4554254.8549,2816652.4573,-3454060.1671,-32.9987648,148.2646119,397.371,2,0.00,,1,,ITRF2014_0,2010-01-01,2010-01-01,REFERENCE,STRR,266025.7
PASA,19351S001,4644909.1588,-156645.2510,4353622.9640,43.3217656,-1.9315150,67.373,2,0.00,,1,,ITRF2014_0,2010-01-01,2010-01-01,REFERENCE,SCOA,21836.3
PASO,49437S001,-1533953.7647,-5207253.2722,3339340.2314,31.7697657,-106.4139301,1113.286,2,0.00,,1,,ITRF2014_0,2010-01-01,2010-01-01,REFERENCE,WSMN,70948.2
PAT0,12622M001,4655002.7830,1860619.6749,3930281.8503,38.2836560,21.7867499,121.046,2,0.00,,1,,ITRF2014_0,2010-01-01,2010-01-01,REFERENCE,7525,165815.3
PATT,49876S001,-540765.6065,-5400118.7045,3339605.9375,31.7782726,-95.7185111,94.851,2,0.00,,1,,ITRF2014_0,2010-01-01,2010-01-01,REFERENCE,LKHU,213872.3
PBAI,23112M001,-945635.3598,6307644.4242,-3493.8695,-0.0315975,98.5262233,-1.167,2,0.00,,1,,ITRF2014_0,2010-01-01,2010-01-01,REFERENCE,SAMP,404431.2
PBAY,,-3164088.2455,5236293.7321,1797982.0541,16.4815516,121.1429331,322.992,388,5.22,,1,,ITRF2005,2012-01-01,2014-04-01,GPSEST,NV47,3576.6
PBIL,19153M001,4059564.8898,-174226.3434,4899976.4706,50.5217834,-2.4574831,107.456,2,0.00,,1,,ITRF2014_0,2010-01-01,2010-01-01,REFERENCE,PMTG,100174.5
PBL1,49891S001,-2703286.6504,-4256585.8702,3892573.5355,37.8530547,-122.4189489,-8.076,2,0.00,,1,,ITRF2014_0,2010-01-01,2010-01-01,REFERENCE,TIBB,4896.8
PBOG,,-3499087.8994,5191752.4907,1214049.9581,11.0462987,123.9788069,88.511,56,0.01,,1,,IGS14|IGS20,2025-01-02,2026-02-12,RNX2SNX,CEBC,5934.7
PBR2,22308M002,-295647.7035,6240847.6410,1278181.2094,11.6378056,92.7122455,-22.489,2,0.00,,1,,ITRF2014_0,2010-01-01,2010-01-01,REFERENCE,PBRI,12.0
PBRI,22308M001,-295636.0084,6240848.8598,1278178.6963,11.6377821,92.7121378,-22.345,270,0.44,,1,,IGS20|IGS20_0|ITRF2014_0,2010-01-01,2025-07-19,RNX2SNX,PBR2,12.0
PCAB,,-3161426.5081,5274258.8988,1688188.4035,15.4502123,120.9387578,76.839,227,460.02,yes,2,175038.4,ITRF2005,2009-07-14,2012-08-28,GPSEST,PCABNATUAN,0.0
PCABNATUAN,,-3161426.5195,5274258.8888,1688188.4132,15.4502124,120.9387579,76.839,49,0.03,,1,,ITRF2005,2008-12-01,2008-12-07,GPSEST,CABANATUAN,0.0
PCAN,,-3225693.1011,5285202.4679,1525743.1135,13.9323326,121.3967754,110.542,412,67.70,yes,2,151239.7,ITRF2005,2008-12-01,2014-07-30,GPSEST,BUCA,16141.9
PCB2,,-3161495.0160,5274363.0507,1687745.5864,15.4460553,120.9388064,78.942,2,0.00,,1,,ITRF2005,2012-11-26,2012-11-26,GPSEST,PCAB,460.0
PCLA,49413M001,269789.9870,-5495458.7658,3215296.0882,30.4690227,-87.1894199,1.944,2,0.00,,1,,ITRF2014_0,2010-01-01,2010-01-01,REFERENCE,MOB1,84599.9
PDCS,,-3492726.0041,5140468.4964,1429695.7646,13.0396870,124.1944125,56.858,5,5.44,,1,,ITRF2005,2014-02-08,2014-02-08,GPSEST,BICA,46018.8
PDEL,31906M004,4551595.8581,-2186892.7915,3883411.0749,37.7477524,-25.6627607,110.588,766,0.62,,1,,IGS00|IGS08|IGS14|IGS14_0|IGS20|IGS20_0|IGS97|IGb08|ITRF00|ITRF2005|ITRF2014_0,1997-01-01,2026-02-12,RNX2SNX,TERC,169250.0
PEMB,,-3185759.4796,5289910.9992,1591313.0873,14.5438284,121.0577425,73.193,52,0.00,,1,,ITRF00,2017-09-30,2017-10-07,RNX2SNX,PTAGIA,2051.6
PENC,11206M006,4052449.1170,1417681.4801,4701407.3048,47.7896058,19.2815348,291.730,332,0.77,,1,,IGS00|IGS20|IGS20_0|IGS97|ITRF00|ITRF2005|ITRF2014_0|ITRF97,1997-01-01,2025-07-19,RNX2SNX,GANP,158476.7
PERT,50133M001,-2368687.2832,4881316.5908,-3341795.7566,-31.8019659,115.8852502,12.718,1681,176.97,,1,,IGS00|IGS08|IGS14|IGS14_0|IGS20|IGS20_0|IGS97|IGb08|ITRF00|ITRF2005|ITRF2014_0|ITRF97,1996-03-07,2026-02-12,RNX2SNX,HIL1,14130.4
PETP,12355M002,-3576239.7278,1401003.6603,5075177.3278,53.0667311,158.6070745,210.206,337,0.29,,1,,IGS00|IGS08|IGS20|IGS20_0|IGS97|IGb08|ITRF00|ITRF2005|ITRF2014_0|ITRF97,1997-01-01,2025-07-19,RNX2SNX,PETR,4.0
PETR,12355M001,-3576237.8533,1401007.0472,5075178.1918,53.0667394,158.6070173,210.590,9,4.17,,1,,IGS00|IGS97|ITRF97,1997-01-01,2000-01-01,REFERENCE,PETP,4.0
PETS,12355M003,-3580828.3528,1399698.3119,5072184.9874,53.0232994,158.6501308,101.962,323,0.32,,1,,IGS20|IGS20_0|ITRF00|ITRF2005|ITRF2014_0,2000-01-01,2025-07-19,RNX2SNX,PETP,5631.5
PFAN,11005M002,4253561.7866,733533.7389,4681452.5620,47.5153273,9.7845133,1089.844,5,11.22,,1,,IGS97|ITRF97,1997-01-01,1997-01-01,REFERENCE,HFLK,122978.6
PFLO,,-3127780.2967,5310053.5033,1638299.4525,14.9829327,120.4993571,90.936,1108,43.05,,1,,ITRF2005,2009-07-12,2014-07-27,GPSEST,PFLOIDABLANCA,0.2
PFLOIDABLANCA,,-3127780.3253,5310053.3160,1638299.4512,14.9829330,120.4993582,90.794,49,0.03,,1,,ITRF2005,2008-12-01,2008-12-07,GPSEST,PFLO,0.2
PGC5,40129M007,-2327195.0688,-3522532.6349,4764828.7882,48.6485326,-123.4511290,3.571,2,0.00,,1,,ITRF2014_0,2010-01-01,2010-01-01,REFERENCE,ALBH,28898.5
PGEN,22013M001,-3650007.4612,5187339.8260,669409.4462,6.0649123,125.1316607,121.220,442,5.40,yes,2,591812.3,IGS14|IGS20|ITRF2005,2012-01-01,2026-02-12,RNX2SNX,COTD,727.3
PHIC,,-3184317.3540,5287302.0791,1602902.5347,14.6519756,121.0587688,111.371,94,79.40,,1,,ITRF2005|WGS-84,1998-02-21,2006-12-05,GPSEST,PIVS,0.5
PHIV,,-3184310.3235,5287299.3641,1602925.2697,14.6521880,121.0587259,111.363,236,67.31,,1,,ITRF2005|WGS-84,1998-02-15,2008-08-28,GPSEST,PIVS,23.8
PHLW,30101M001,4728141.2071,2879662.4752,3157147.0114,29.8615473,31.3433990,148.614,2,0.00,,1,,ITRF2014_0,2010-01-01,2010-01-01,REFERENCE,7831,289.5
PIBU,,-3197922.5223,5278722.2573,1605490.5019,14.6753111,121.2080573,466.870,619,0.50,,1,,IGS14|IGS20,2021-09-01,2026-02-12,RNX2SNX,MRK5,3989.8
PICL,40155M001,-11253.4444,-3980586.7986,4967210.3110,51.4798084,-90.1619794,315.219,270,0.30,,1,,IGS20|IGS20_0|ITRF2014_0,2010-01-01,2025-07-19,RNX2SNX,DUBO,423704.1
PIE1,40456M001,-1640917.1827,-5014781.1919,3575446.9836,34.3015047,-108.1189300,2347.727,772,0.42,,1,,IGS00|IGS08|IGS14|IGS14_0|IGS20|IGS20_0|IGS97|IGb08|ITRF00|ITRF2005|ITRF2014_0|ITRF97,1997-01-01,2026-02-12,RNX2SNX,7884,168674.5
PILC,,-3372134.8455,5282116.2617,1183263.5698,10.7628843,122.5544061,75.464,374,191.92,,1,,ITRF2005,2012-01-04,2014-08-02,GPSEST,PTTN,21902.0
PIMO,22003M001,-3186293.7782,5286624.2800,1601158.3100,14.6357199,121.0777304,95.521,7071,76.48,yes,23,41612.3,IGS00|IGS08|IGS14|IGS20|IGS20_0|IGS97|IGb08|ITRF00|ITRF2005|ITRF2014_0|WGS-84,1997-01-01,2026-02-12,RNX2SNX,PRJ4,2032.5
PIN1,40407M003,-2369510.7593,-4761206.9175,3511396.2579,33.6121563,-116.4581611,1256.162,2,0.00,,1,,ITRF2014_0,2010-01-01,2010-01-01,REFERENCE,PIN2,50.4
PIN2,40407M004,-2369466.7617,-4761231.4479,3511396.7312,33.6121480,-116.4576190,1258.388,2,0.00,,1,,ITRF2014_0,2010-01-01,2010-01-01,REFERENCE,PIN1,50.4
PINT,,-2976963.5610,5025645.9425,2553711.0644,23.7560684,120.6405670,328.202,48,0.04,,1,,WGS-84,2000-04-07,2000-04-16,OTHER,GS27,9938.0
PIVS,,-3184316.8940,5287302.2556,1602902.5408,14.6519759,121.0587643,111.289,949,19.17,,1,,ITRF2005,2012-01-01,2014-03-12,GPSEST,PHIC,0.5
PKDB,49428M001,-2627226.8325,-4452757.4760,3723620.4507,35.9452389,-120.5415586,589.833,2,0.00,,1,,ITRF2014_0,2010-01-01,2010-01-01,REFERENCE,CARR,11821.2
PKGM,,-2951343.4956,5049506.4448,2535725.3909,23.5798942,120.3054992,43.073,294,1.34,,1,,ITRF00|ITRF2005|WGS-84,1999-03-04,2017-10-07,RNX2SNX,CHIA,16013.2
PL11,,-3020765.1537,5514266.0806,1068408.8087,9.7077389,118.7143290,55.766,140,0.48,,1,,WGS-84,,,OTHER,PPPC,7750.8
PLAN,,-2997102.3259,4970980.2799,2637200.0917,24.5789549,121.0866061,1122.779,53,0.00,,1,,ITRF00|ITRF2005,2000-01-01,2017-10-07,RNX2SNX,WIPN,11012.4
PLAR,,-3447132.6892,5174254.1035,1418658.5551,12.9372322,123.6718947,90.423,56,0.01,,1,,IGS14|IGS20,2025-01-02,2026-02-12,RNX2SNX,LHOV,25338.2
PLEG,,-3449311.3836,5166215.9030,1442826.0272,13.1612183,123.7297250,210.136,613,299.30,,1,,ITRF2005,2012-03-07,2014-06-30,GPSEST,LHOV,275.5
PLIN,,-3042294.3622,4923212.2695,2672523.4984,24.9336269,121.7139529,271.100,53,0.00,,1,,ITRF00|ITRF2005,2000-01-01,2017-10-07,RNX2SNX,HF09,5463.8
PLO5,49886M001,-2460295.9113,-4778387.5935,3422768.5464,32.6654212,-117.2430302,-22.522,2,0.00,,1,,ITRF2014_0,2010-01-01,2010-01-01,REFERENCE,SIO5,19453.7
PLPK,43023M001,2079880.2263,-1404664.8437,5844059.8881,66.8977270,-34.0334598,122.237,2,0.00,,1,,ITRF2014_0,2010-01-01,2010-01-01,REFERENCE,KSNB,67764.9
PLTC,40496M003,-1240696.8328,-4720547.4949,4094380.6870,40.1815925,-104.7259382,1502.827,2,0.00,,1,,ITRF2014_0,2010-01-01,2010-01-01,REFERENCE,7112,131.9
PLUZ,31308M001,5425838.5883,-1495300.0297,2990874.1940,28.1467101,-15.4076073,49.384,2,0.00,,1,,ITRF2014_0,2010-01-01,2010-01-01,REFERENCE,GMAS,47842.5
PLWN,,-2943935.9238,5574423.8248,966510.8444,8.7743212,117.8391989,60.121,619,0.09,yes,2,182785.2,IGS14|IGS20,2021-09-01,2026-02-12,RNX2SNX,PL11,141084.7
PLYN,,-3174642.0085,5262498.0775,1700123.5317,15.5620417,121.1007999,118.054,109,9.27,,1,,ITRF2005|WGS-84,2000-04-11,2011-02-19,GPSEST,LUZE,425.8
PMAT,,-3741994.4371,5107657.8203,766449.3774,6.9480861,126.2274125,114.675,56,0.01,,1,,IGS14|IGS20,2025-01-02,2026-02-12,RNX2SNX,SOMM,3559.2
PMG5,,-3130885.7832,5302502.5672,1656907.9973,15.1568975,120.5599120,171.954,10,0.00,,1,,WGS-84,1999-03-09,1999-03-10,OTHER,SAPN,5069.6
PMPL,,-3437921.7395,5269521.0259,1042866.4226,9.4734496,123.1210869,111.792,619,0.22,,1,,IGS14|IGS20,2021-09-01,2026-02-12,RNX2SNX,BNOR,13193.0
PMTG,13289M003,4038372.4034,-78330.5852,4919720.1849,50.8023299,-1.1112024,56.552,2,0.00,,1,,ITRF2014_0,2010-01-01,2010-01-01,REFERENCE,HRM1,73472.5
PMTH,13229M001,4061825.1999,-293020.8704,4892572.4746,50.4164710,-4.1261809,175.572,2,0.00,,1,,ITRF2014_0,2010-01-01,2010-01-01,REFERENCE,NEWL,106862.7
PNBO,,-3689612.3815,5139942.2237,803273.1447,7.2836596,125.6719758,94.880,619,3.72,,1,,IGS14|IGS20,2021-09-01,2026-02-12,RNX2SNX,SOMF,26294.8
PNCY,49584S001,415741.1887,-5501178.3709,3189985.6133,30.2045940,-85.6781946,-18.642,2,0.00,,1,,ITRF2014_0,2010-01-01,2010-01-01,REFERENCE,PCLA,148240.0
PNG3,,-3075374.5791,5303613.2866,1753482.4246,16.0632973,120.1079034,81.010,231,86.77,,1,,ITRF2005|WGS-84,1996-03-10,1998-02-16,GPSEST,PNR3,4.6
PNG5,,-3091887.1146,5300963.2341,1732686.5700,15.8676808,120.2536836,139.631,87,9.60,,1,,ITRF2005,2008-08-22,2014-04-15,GPSEST,LGYN,18364.4
PNGM,51006M001,-5367942.4336,3437432.3725,-225885.4372,-2.0432258,147.3659996,116.318,696,1.51,,1,,IGS14|IGS20|IGS20_0|ITRF2014_0,2010-01-01,2026-02-12,RNX2SNX,LAE1,513581.8
PNR1,,-3075373.7444,5303611.8699,1753487.4362,16.0633449,120.1079033,80.816,42,0.18,,1,,WGS-84,,,OTHER,PNG3,5.3
PNR3,,-3075374.6486,5303613.6367,1753477.8536,16.0632567,120.1079023,80.069,140,0.23,,1,,WGS-84,,,OTHER,PNG3,4.6
POAL,41616M001,3467519.4418,-4300378.6945,-3177517.4637,-30.0740397,-51.1197655,76.741,270,0.19,,1,,IGS20|IGS20_0|ITRF2014_0,2010-01-01,2025-07-19,RNX2SNX,IMBT,314642.2
POHN,51601M001,-5879158.0926,2350293.1110,767748.7488,6.9599489,158.2101024,90.668,700,1.15,,1,,IGS14|IGS14_0|IGS20|IGS20_0|ITRF2014_0,2010-01-01,2026-02-12,RNX2SNX,7092,1054616.8
POL2,12348M001,1239970.8120,4530790.1847,4302578.8956,42.6797709,74.6942719,1714.217,767,0.80,,1,,IGS00|IGS08|IGS14|IGS14_0|IGS20|IGS20_0|IGS97|IGb08|ITRF00|ITRF2005|ITRF2014_0|ITRF97,1997-01-01,2026-02-12,RNX2SNX,CHUM,35731.9
POLI,,-3264110.6927,5236298.9696,1609561.5990,14.7143125,121.9378526,59.754,1958,229.14,yes,14,35095.4,IGS14|IGS20|ITRF2005,2014-03-11,2026-02-12,RNX2SNX,INFA,31336.9
POLV,12336M001,3411556.9247,2348464.2448,4834397.0377,49.6026162,34.5429367,178.349,758,0.65,,1,,IGS08|IGS14|IGS14_0|IGS20|IGS20_0|IGb08|ITRF00|ITRF2005|ITRF2014_0,2000-01-01,2026-02-12,RNX2SNX,KHAR,130041.4
POR2,49842S002,1541610.6918,-4404569.6811,4333255.6435,43.0709785,-70.7098228,-14.189,2,0.00,,1,,ITRF2014_0,2010-01-01,2010-01-01,REFERENCE,POR4,24.6
POR4,49842S004,1541631.5026,-4404556.5579,4333256.6460,43.0710190,-70.7095284,-17.531,2,0.00,,1,,ITRF2014_0,2010-01-01,2010-01-01,REFERENCE,POR2,24.6
POTR,,-3177189.6583,5291181.5822,1604077.7260,14.6630484,120.9835043,71.446,619,0.10,yes,2,10290912.0,IGS14|IGS20,2021-09-01,2026-02-12,RNX2SNX,VNHS,1080.0
POTS,14106M003,3800689.3050,882077.7116,5028791.5104,52.3793002,13.0660971,144.419,772,115.01,,1,,IGS00|IGS08|IGS14|IGS14_0|IGS20|IGS20_0|IGS97|IGb08|ITRF00|ITRF2005|ITRF2014_0|ITRF97,1997-01-01,2026-02-12,RNX2SNX,7836,115.0
POVE,41628M001,2774265.5672,-5662060.1950,-959415.6865,-8.7093339,-63.8963205,119.579,270,0.19,,1,,IGS20|IGS20_0|ITRF2014_0,2010-01-01,2025-07-19,RNX2SNX,RIOB,450978.6
PPPC,,-3022676.3651,5511839.5733,1075517.5702,9.7729324,118.7402321,66.641,470,5.32,yes,2,740515.5,ITRF2005,2012-01-26,2014-07-15,GPSEST,PL11,7750.8
PPT1,49890S001,-2725253.2813,-4295976.7823,3833959.2940,37.1870862,-122.3899540,7.810,2,0.00,,1,,ITRF2014_0,2010-01-01,2010-01-01,REFERENCE,SBRN,55426.2
PPTE,41611M002,3687624.3655,-4620818.7200,-2386880.2562,-22.1199036,-51.4085343,431.028,2,0.00,,1,,ITRF2014_0,2010-01-01,2010-01-01,REFERENCE,UEPP,0.1
PRCO,49422M001,-684650.2652,-5186967.8622,3636211.8541,34.9798657,-97.5192501,305.116,2,0.00,,1,,ITRF2014_0,2010-01-01,2010-01-01,REFERENCE,HKLO,169545.6
PRDS,40124M001,-1659603.3152,-3676725.7924,4925493.4101,50.8713498,-114.2935011,1247.950,766,0.52,,1,,IGS00|IGS08|IGS14|IGS14_0|IGS20|IGS20_0|IGS97|IGb08|ITRF00|ITRF2005|ITRF2014_0,1997-01-01,2026-02-12,RNX2SNX,DRAO,418422.7
PRE1,30310S001,5066232.0272,2719227.4077,-2754392.2838,-25.7463420,28.2240417,1416.312,630,0.52,,1,,IGS08|IGS14|IGS14_0|IGS20|IGb08|ITRF2014_0,2005-01-01,2026-02-12,RNX2SNX,PRE2,0.0
PRE2,30310S001,5066232.0272,2719227.4078,-2754392.2838,-25.7463420,28.2240417,1416.312,628,0.52,,1,,IGS14|IGS14_0|IGS20|IGb08|ITRF2014_0,2005-01-01,2026-02-12,RNX2SNX,PRE1,0.0
PRIE,19867M001,4630631.7736,435498.4589,4350065.6306,43.2767611,5.3727107,186.349,2,0.00,,1,,ITRF2014_0,2010-01-01,2010-01-01,REFERENCE,MARS,1557.4
PRJ4,,-3185311.5910,5287657.8456,1599709.8108,14.6221895,121.0649704,95.788,52,0.00,,1,,ITRF00,2017-09-30,2017-10-07,RNX2SNX,PIMO,2032.5
PRMI,82002M001,2366882.0293,-5588324.2130,1955260.3511,17.9703980,-67.0453713,-25.478,2,0.00,,1,,ITRF2014_0,2010-01-01,2010-01-01,REFERENCE,MAYZ,29880.3
PSTC,,-3222394.9926,5276125.7912,1563214.8221,14.2816471,121.4145081,63.544,120,23.85,,1,,ITRF2005,2014-04-10,2014-08-02,GPSEST,LAG1,2729.6
PSUR,,-3649683.2024,5117858.0488,1077577.3988,9.7918086,125.4936964,80.397,494,185.17,yes,2,169943.4,ITRF2005,2012-01-01,2014-08-02,GPSEST,NOMC,15098.5
PTAC,,-3588937.8195,5124729.1881,1236144.5765,11.2498915,125.0042295,81.836,302,12.20,,1,,ITRF2005,2012-06-05,2014-08-02,GPSEST,TACLOBAN,0.0
PTAG,22006M005,-3184318.8195,5291065.6430,1590418.2177,14.5354412,121.0407652,86.808,3004,110.08,yes,17,34542.4,IGS14|IGS20|IGS20_0|ITRF2005|ITRF2014_0,2009-07-12,2026-02-12,RNX2SNX,PTAGIA,0.2
PTAGIA,,-3184318.8513,5291065.4132,1590418.1968,14.5354414,121.0407666,86.628,49,0.03,,1,,ITRF2005,2008-12-01,2008-12-07,GPSEST,PTAG,0.2
PTBA,,3844064.5781,709657.4969,5023126.4766,52.2961451,10.4596790,130.162,9,0.05,,1,,IGS00|IGS97|ITRF97,1997-01-01,2000-01-01,REFERENCE,PTBB,6.6
PTBB,14234M001,3844060.0344,709661.2322,5023129.4981,52.2961887,10.4597449,130.234,68,0.57,,1,,IGS00|IGS20|IGS20_0|IGS97|IGb08|ITRF00|ITRF2005|ITRF2014_0,1997-01-01,2023-01-10,RNX2SNX,PTBA,6.6
PTBN,,-3174850.4138,5254059.1460,1726405.5260,15.8080869,121.1431506,371.794,1193,2.54,,1,,IGS14|IGS20|ITRF2005,2012-01-01,2026-02-12,RNX2SNX,LUZF,3276.9
PTGY,,-3181286.0598,5307489.8850,1543919.5332,14.1002796,120.9382866,717.163,987,52.75,,1,,ITRF2005,2009-07-12,2014-07-03,GPSEST,PTGYYTAY,0.2
PTGYYTAY,,-3181286.0684,5307489.7115,1543919.5194,14.1002798,120.9382875,717.020,49,0.03,,1,,ITRF2005,2008-12-01,2008-12-07,GPSEST,PTGY,0.2
PTKL,50145M004,-4599806.0853,2558779.0002,-3590075.5658,-34.4755468,150.9136983,34.451,2,0.00,,1,,ITRF2014_0,2010-01-01,2010-01-01,REFERENCE,SYDN,80090.5
PTLD,50158M003,-3926098.5058,3110284.5187,-3935497.5671,-38.3443961,141.6134722,0.865,2,0.00,,1,,ITRF2014_0,2010-01-01,2010-01-01,REFERENCE,MOBS,300375.9
PTRB,49427M001,-2742441.2943,-4219970.0348,3905199.1802,37.9961756,-123.0187205,145.752,2,0.00,,1,,ITRF2014_0,2010-01-01,2010-01-01,REFERENCE,FARB,33221.7
PTSG,49769M001,-2681055.8456,-3936889.8390,4227633.4927,41.7827411,-124.2551999,-10.203,2,0.00,,1,,ITRF2014_0,2010-01-01,2010-01-01,REFERENCE,CACC,7195.7
PTSV,50178M003,-3912011.6384,3462794.5433,-3646501.4204,-35.0947019,138.4857163,57.714,2,0.00,,1,,ITRF2014_0,2010-01-01,2010-01-01,REFERENCE,ADE1,43177.5
PTTN,,-3377820.0096,5274057.6624,1202819.5079,10.9428581,122.6379139,97.661,56,0.01,,1,,IGS14|IGS20,2025-01-02,2026-02-12,RNX2SNX,ILO1,10687.1
PTVL,51402M002,-5950573.1922,1230677.9617,-1932016.8947,-17.7494318,168.3150178,86.495,268,0.57,,1,,IGS20|IGS20_0,2015-01-01,2025-07-19,RNX2SNX,VANU,604.2
PUER,,-3190563.7006,5319597.9561,1479477.7982,13.5019937,120.9542911,62.223,639,6.97,,1,,IGS14|IGS20|ITRF2005,2014-03-05,2026-02-12,RNX2SNX,BACO,22067.7
PUGA,,-3166608.0896,5261649.3144,1717610.5678,15.7260920,121.0407083,140.878,196,67.78,,1,,ITRF2005|WGS-84,1999-03-08,2011-02-25,GPSEST,CRIS,6605.9
PUR3,82001S003,2358177.8823,-5573619.7085,2007083.8938,18.4629760,-67.0669579,89.575,55,0.16,,1,,ITRF00|ITRF2005|ITRF2014_0,2000-01-01,2017-10-07,RNX2SNX,PUR5,0.2
PUR5,82001M003,2358178.0083,-5573619.7623,2007084.0562,18.4629772,-67.0669570,89.720,2,0.00,,1,,ITRF2014_0,2010-01-01,2010-01-01,REFERENCE,PUR3,0.2
PUR6,82001M002,2358186.6385,-5573607.2924,2007106.4971,18.4631927,-67.0668357,89.124,2,0.00,,1,,ITRF2014_0,2010-01-01,2010-01-01,REFERENCE,PUR5,27.1
PURD,,-3119485.2404,5279888.8185,1747197.0567,16.0041956,120.5756148,82.582,888,10.18,,1,,ITRF2005,2009-07-12,2014-08-02,GPSEST,PURDNETA,0.0
PURDNETA,,-3119485.2611,5279888.7973,1747197.0547,16.0041956,120.5756151,82.574,49,0.03,,1,,ITRF2005,2008-12-01,2008-12-07,GPSEST,PURD,0.0
PVE3,40403M005,-2525524.6433,-4670030.8933,3522844.7977,33.7432967,-118.4042563,71.047,2,0.00,,1,,ITRF2014_0,2010-01-01,2010-01-01,REFERENCE,PVEP,1.9
PVEP,40403M002,-2525523.5431,-4670030.3289,3522843.3076,33.7432906,-118.4042487,69.371,2,0.00,,1,,ITRF2014_0,2010-01-01,2010-01-01,REFERENCE,PVE3,1.9
QAAR,43024M001,1279062.0797,-1678302.3580,5998840.1414,70.7404055,-52.6883732,53.003,2,0.00,,1,,ITRF2014_0,2010-01-01,2010-01-01,REFERENCE,RINK,137730.2
QAQ1,43007M001,2170941.7243,-2251830.0476,5539988.5517,60.7152660,-46.0477689,110.500,762,0.55,,1,,IGS00|IGS08|IGS14|IGS14_0|IGS20|IGS20_0|IGb08|ITRF00|ITRF2005|ITRF2014_0,2000-01-01,2026-02-12,RNX2SNX,NNVN,119364.5
QIKI,40166M001,1069080.8783,-2195214.2472,5872519.1574,67.5593407,-64.0336744,13.344,705,0.42,,1,,IGS08|IGS14|IGS14_0|IGS20|IGS20_0|IGb08|ITRF2014_0,2005-01-01,2026-02-12,RNX2SNX,IQAL,471084.6
QN42,,-3326433.5036,5228386.6582,1504952.7750,13.7389300,122.4655632,55.047,113,8.53,,1,,ITRF2005,2008-06-22,2014-04-11,GPSEST,SIBD,0.1
QUAD,49130M010,-2369026.5177,-3342081.3646,4872243.2895,50.1324946,-125.3308314,-7.446,2,0.00,,1,,ITRF2014_0,2010-01-01,2010-01-01,REFERENCE,TFNO,116519.1
QUAR,50250M001,-4558539.2011,818911.4976,-4370553.8613,-43.5316760,169.8158178,58.018,2,0.00,,1,,ITRF2014_0,2010-01-01,2010-01-01,REFERENCE,KARA,9233.2
QUI1,42003S003,1272867.3206,-6252772.1237,-23801.7647,-0.2151571,-78.4936080,2922.535,5,0.06,,1,,IGb08|ITRF2014_0,2005-01-01,2010-01-01,REFERENCE,QUI2,0.0
QUI2,42003S003,1272867.3206,-6252772.1237,-23801.7647,-0.2151571,-78.4936080,2922.535,7,0.06,,1,,IGS08|IGb08|ITRF2014_0,2005-01-01,2010-01-01,REFERENCE,QUI1,0.0
QUIN,40433M004,-2517231.5582,-4198594.9250,4076531.1493,39.9745533,-120.9444329,1105.777,767,54.74,,1,,IGS00|IGS08|IGS14|IGS14_0|IGS20|IGS20_0|IGS97|IGb08|ITRF00|ITRF2005|ITRF2014_0|ITRF97,1997-01-01,2026-02-12,RNX2SNX,7109,54.8
QZN2,,-3252604.3501,5260532.2187,1553182.8247,14.1881356,121.7286380,49.987,65,7.33,,1,,ITRF2005,2006-12-03,2008-06-29,GPSEST,QZN6,5.7
QZN3,,-3252589.1911,5260513.3969,1553278.8871,14.1890305,121.7286102,50.284,30,0.12,,1,,ITRF2005,2011-05-10,2011-05-15,GPSEST,QZN6,95.9
QZN6,,-3252607.7282,5260528.9641,1553186.1192,14.1881667,121.7286804,49.834,218,90.75,,1,,ITRF2005|WGS-84,1998-02-16,2004-04-26,GPSEST,QZN2,5.7
RABT,35001M002,5255617.4911,-631745.3335,3546322.8414,33.9981069,-6.8542858,90.067,766,0.73,,1,,IGS00|IGS08|IGS14|IGS14_0|IGS20|IGS20_0|IGS97|IGb08|ITRF00|ITRF2005|ITRF2014_0,1997-01-01,2026-02-12,RNX2SNX,IAVH,2678.1
RAMO,20703S001,4514721.4270,3133508.1264,3228025.0567,30.5976091,34.7631444,886.846,767,0.88,,1,,IGS00|IGS08|IGS14|IGS14_0|IGS20|IGS20_0|IGS97|IGb08|ITRF00|ITRF2005|ITRF2014_0|ITRF97,1997-01-01,2026-02-12,RNX2SNX,YRCM,46454.6
RBAY,30315M001,4739765.7611,2970758.6588,-3054077.3660,-28.7955432,32.0783878,31.752,336,0.71,,1,,IGS00|IGS08|IGS20|IGS20_0|IGS97|IGb08|ITRF00|ITRF2005|ITRF2014_0,1997-01-01,2025-07-19,RNX2SNX,ULDI,85095.9
RCA2,49710M001,-2609202.4835,-4570711.4524,3592958.1346,34.4999812,-119.7199973,1179.207,2,0.00,,1,,ITRF2014_0,2010-01-01,2010-01-01,REFERENCE,CRU1,52565.6
RCM2,40499M002,961318.9406,-5674091.0083,2740489.6029,25.6133542,-80.3841141,-22.714,9,0.01,,1,,IGS00|IGS97|ITRF97,1997-01-01,2000-01-01,REFERENCE,7295,0.1
RCM4,40499M005,961242.8407,-5674021.6738,2740657.6536,25.6150384,-80.3847458,-23.168,9,0.04,,1,,IGS00|IGS97|ITRF97,1997-01-01,2000-01-01,REFERENCE,RCMV,124.5
RCM5,40499S018,961334.7208,-5674074.1758,2740535.1520,25.6137794,-80.3839313,-15.611,11,0.10,,1,,IGS00|IGS97|ITRF2014_0|ITRF97,1997-01-01,2010-01-01,REFERENCE,RCM6,0.1
RCM6,,961334.7223,-5674074.1225,2740535.1440,25.6137795,-80.3839312,-15.662,53,0.00,,1,,ITRF00|ITRF2005,2000-01-01,2017-10-07,RNX2SNX,RICH,0.1
RCMN,33203M001,5101056.4343,3829074.6103,-135015.9959,-1.2208272,36.8934853,1591.933,700,0.49,,1,,IGS14|IGS14_0|IGS20|IGS20_0|ITRF2014_0,2010-01-01,2026-02-12,RNX2SNX,MAL2,416325.8
RCMV,40499M006,961317.6185,-5674054.8260,2740563.7831,25.6140980,-80.3840670,-23.013,2,0.00,,1,,ITRF2014_0,2010-01-01,2010-01-01,REFERENCE,RCM6,38.5
RCPS,,-3382221.0193,5255383.4848,1269922.0053,11.5613387,122.7642241,110.808,105,5.29,,1,,ITRF2005,2010-07-25,2014-05-13,GPSEST,RCSS,0.4
RCSS,,-3382221.4104,5255383.6680,1269922.0166,11.5613382,122.7642262,111.169,619,0.12,,1,,IGS14|IGS20,2021-09-01,2026-02-12,RNX2SNX,RCPS,0.4
RDSD,40805M001,2078678.9427,-5683737.2163,2006887.0037,18.4613986,-69.9113225,-9.191,268,0.11,,1,,IGS20|IGS20_0,2015-01-01,2025-07-19,RNX2SNX,VOIL,253262.1
RECF,41617M001,5176588.5526,-3618162.2261,-887363.5897,-8.0509609,-34.9515174,20.088,700,0.21,,1,,IGS14|IGS14_0|IGS20|IGS20_0|ITRF2014_0,2010-01-01,2026-02-12,RNX2SNX,7929,235966.5
RED5,49417M001,1227008.2001,-4768508.7866,4040548.6643,39.5614521,-75.5699831,-26.904,2,0.00,,1,,ITRF2014_0,2010-01-01,2010-01-01,REFERENCE,DNRC,44739.1
REDU,13102M001,4091423.4144,368380.4982,4863179.7428,50.0015014,5.1448815,369.898,55,0.24,,1,,ITRF00|ITRF2005|ITRF2014_0,2000-01-01,2017-10-07,RNX2SNX,DOUR,40736.6
REDZ,12227M001,3550066.5187,1093332.0696,5167562.1852,54.4723801,17.1175290,108.265,2,0.00,,1,,ITRF2014_0,2010-01-01,2010-01-01,REFERENCE,WLAD,91454.5
RESO,40149M001,-144108.0144,-1683119.8865,6129763.3733,74.6908195,-94.8937056,20.079,762,0.56,,1,,IGS00|IGS08|IGS14|IGS14_0|IGS20|IGS20_0|IGb08|ITRF00|ITRF2005|ITRF2014_0,2000-01-01,2026-02-12,RNX2SNX,EURK,628764.2
REUN,97401M003,3364098.8669,4907944.7405,-2293466.6293,-21.2082235,55.5717234,1558.362,762,0.55,,1,,IGS00|IGS08|IGS14|IGS14_0|IGS20|IGS20_0|IGb08|ITRF00|ITRF2005|ITRF2014_0,2000-01-01,2026-02-12,RNX2SNX,SLEU,29531.0
REY2,10202M003,2587383.5321,-1043032.7301,5716564.5395,64.1387943,-21.9554766,93.043,2,0.00,,1,,ITRF2014_0,2010-01-01,2010-01-01,REFERENCE,REYZ,0.2
REYK,10202M001,2587383.8804,-1043033.5697,5716564.1844,64.1387878,-21.9554900,93.001,332,0.66,,1,,IGS00|IGS20|IGS20_0|IGS97|ITRF00|ITRF2005|ITRF2014_0|ITRF97,1997-01-01,2025-07-19,RNX2SNX,REYZ,0.9
REYZ,10202M003,2587383.7355,-1043032.7221,5716564.4718,64.1387926,-21.9554749,93.063,63,0.21,,1,,IGS00|IGS97|ITRF00|ITRF2005|ITRF2014_0,1997-01-01,2017-10-07,RNX2SNX,REY2,0.2
RGMH,,-3191133.3921,5280513.1236,1611515.6206,14.7325270,121.1455170,78.731,52,0.00,,1,,ITRF00,2017-09-30,2017-10-07,RNX2SNX,MRK4,1476.4
RIC1,49848S001,1102093.8509,-4942503.1035,3864934.7047,37.5379050,-77.4296644,55.525,2,0.00,,1,,ITRF2014_0,2010-01-01,2010-01-01,REFERENCE,GLPT,88409.1
RICH,40499S020,961334.7679,-5674074.1202,2740535.1161,25.6137793,-80.3839307,-15.669,9,0.01,,1,,IGS00|IGS97|ITRF97,1997-01-01,2000-01-01,REFERENCE,RCM6,0.1
RIGA,12302M002,3183898.8311,1421478.7840,5322810.9637,56.9486221,24.0587806,34.742,714,19.88,,1,,IGS00|IGS08|IGS14|IGS14_0|IGS20|IGS20_0|IGS97|IGb08|ITRF2014_0|ITRF97,1997-01-01,2026-02-12,RNX2SNX,1885,14.8
RINK,43025M001,1254672.4098,-1549057.5998,6039712.2738,71.8484998,-50.9939624,1337.824,2,0.00,,1,,ITRF2014_0,2010-01-01,2010-01-01,REFERENCE,QAAR,137730.2
RIO2,41507M006,1429907.9316,-3495354.9847,-5122698.4989,-53.7854698,-67.7511170,32.041,700,0.20,,1,,IGS14|IGS14_0|IGS20|IGS20_0|ITRF2014_0,2010-01-01,2026-02-12,RNX2SNX,RIOG,0.0
RIOB,41645M001,2373576.7628,-5817088.3970,-1096515.6501,-9.9654580,-67.8028120,172.622,2,0.00,,1,,ITRF2014_0,2010-01-01,2010-01-01,REFERENCE,POVE,450978.6
RIOG,41507M004,1429907.9437,-3495354.9985,-5122698.5218,-53.7854698,-67.7511169,32.070,771,0.38,,1,,IGS00|IGS08|IGS14|IGS14_0|IGS20|IGS20_0|IGS97|IGb08|ITRF00|ITRF2005|ITRF2014_0,1997-01-01,2026-02-12,RNX2SNX,RIO2,0.0
RIOP,42006M001,1255144.9699,-6253609.4360,-182569.8654,-1.6505960,-78.6511070,2817.174,10,0.21,,1,,IGS00|IGS97|ITRF2014_0,1997-01-01,2010-01-01,REFERENCE,QUI1,159756.4
RIYL,20101S001,3992100.9389,4192172.5503,2670410.7922,24.9105465,46.4003657,760.132,4,0.00,,1,,IGS00,2000-01-01,2000-01-01,REFERENCE,RIYL_20101S001,0.0
RIYL_20101S001,,3992100.9429,4192172.5616,2670410.7734,24.9105463,46.4003658,760.134,4,0.08,,1,,IGS00,2000-01-01,2000-01-01,REFERENCE,RIYL,0.0
RMHS,,-3178877.5300,5291858.1100,1598489.7800,14.6108754,120.9937022,61.380,52,0.00,,1,,ITRF00,2017-09-30,2017-10-07,RNX2SNX,MANL,2660.3
ROAP,13402M006,5105509.6770,-555200.5764,3769790.2537,36.4642684,-6.2062637,73.668,2,0.00,,1,,ITRF2014_0,2010-01-01,2010-01-01,REFERENCE,SFER,57.4
ROB4,66063M002,-1374250.6336,415169.5921,-6193596.4441,-77.0344393,163.1901095,-41.627,2,0.00,,1,,ITRF2014_0,2010-01-01,2010-01-01,REFERENCE,FLM5,90804.3
ROSA,41632M001,3551520.4882,-4704836.1560,-2428155.6097,-22.5233026,-52.9520887,299.680,2,0.00,,1,,ITRF2014_0,2010-01-01,2010-01-01,REFERENCE,PPTE,165187.3
ROTG,19938M001,4205957.7843,-291581.0338,4770000.5559,48.7184369,-3.9657259,56.119,2,0.00,,1,,ITRF2014_0,2010-01-01,2010-01-01,REFERENCE,GUIP,44840.0
ROTH,66007M003,909246.0678,-2264764.1488,-5873056.3068,-67.5713884,-68.1257756,39.702,2,0.00,,1,,ITRF2014_0,2010-01-01,2010-01-01,REFERENCE,VNAD,311552.3
ROXA,,-3255695.5101,5306633.8461,1381539.1948,12.5932579,121.5297091,62.573,935,3.57,,1,,IGS14|IGS20|ITRF2005,2014-01-01,2026-02-12,RNX2SNX,BULA,35862.3
RSBY,59953M001,-5121089.1211,2863243.3581,-2493143.8300,-23.1609889,150.7900827,58.138,2,0.00,,1,,ITRF2014_0,2010-01-01,2010-01-01,REFERENCE,BNDY,248381.5
RWSN,41513M001,1956973.4358,-4217335.3690,-4351745.4494,-43.2988802,-65.1072486,27.394,2,0.00,,1,,ITRF2014_0,2010-01-01,2010-01-01,REFERENCE,VBCA,563434.7
S011,,-2962663.5657,5061986.7936,2497671.2732,23.2054252,120.3394496,67.329,246,0.12,,1,,WGS-84,1999-03-04,2000-04-16,OTHER,KAWN,2811.3
S012,,-2979081.3179,5059845.2298,2482856.4265,23.0594782,120.4882687,191.948,246,0.10,,1,,WGS-84,1999-03-04,2000-04-16,OTHER,GAIS,10739.5
S016,,-2981676.0097,5001238.6078,2596788.2684,24.1795510,120.8028691,854.232,48,0.04,,1,,WGS-84,2000-04-07,2000-04-16,OTHER,DOSH,9537.9
S01R,23601M002,-2886619.7490,5082944.9868,2543377.4350,23.6552742,119.5923732,49.889,8347,141.66,yes,15,33499.3,IGS14|IGS20|ITRF00|ITRF2005|WGS-84,1995-11-14,2026-02-12,RNX2SNX,JIBE,9779.1
S051,,3633908.9554,4425275.4939,2799861.3524,26.2091400,50.6081443,-17.085,53,0.00,,1,,ITRF00|ITRF2005,2000-01-01,2017-10-07,RNX2SNX,BAHR,1.1
S058,,-3058013.8367,4999158.3285,2509286.2639,23.3194316,121.4543648,106.083,183,0.21,,1,,WGS-84,2000-04-08,2000-04-16,OTHER,JPIN,10066.2
S092,,-2979876.8184,5053083.0136,2495644.9529,23.1849007,120.5284734,227.308,188,0.09,,1,,WGS-84,2000-04-07,2000-04-16,OTHER,LAFO,6998.3
S101,,-3030967.5086,4924099.3887,2683160.1797,25.0404536,121.6138527,59.211,246,0.15,,1,,WGS-84,1999-03-04,2000-04-16,OTHER,SDHS,4233.2
S102,,-3095834.4472,5040451.8339,2378363.5621,22.0372108,121.5581547,348.673,238,0.16,,1,,WGS-84,1999-03-05,2000-04-15,OTHER,LANY,12.4
S103,,-2966672.3766,5041400.7516,2534183.1048,23.5643768,120.4751908,125.404,188,0.18,,1,,WGS-84,2000-04-07,2000-04-16,OTHER,GS04,4411.6
S104,,-3046038.4634,5031710.1956,2458452.3965,22.8207611,121.1893886,42.925,241,0.10,,1,,WGS-84,1999-03-04,2000-04-16,OTHER,FUGN,3335.6
S105,,-3036718.0804,5031463.6935,2472063.1387,22.9516553,121.1128989,699.957,246,0.07,,1,,WGS-84,1999-03-04,2000-04-16,OTHER,T110,6418.6
S106,,-2965580.9769,5068057.0409,2481917.2007,23.0507974,120.3340991,52.403,101,0.11,,1,,ITRF00|ITRF2005|WGS-84,2000-01-01,2017-10-07,RNX2SNX,HH02,1256.7
S150,,-3322141.6409,5225862.5291,1523012.8559,13.9070104,122.4445953,65.331,23,0.05,,1,,WGS-84,1999-03-14,2000-04-15,OTHER,GUIN,28.9
S167,,-2998222.6633,5002905.1510,2573906.6936,23.9544220,120.9341020,580.724,48,0.05,,1,,WGS-84,2000-04-07,2000-04-16,OTHER,SUN1,8531.9
S23R,,-2998517.9165,5068969.1378,2440519.0896,22.6449894,120.6061792,94.102,246,0.07,,1,,WGS-84,1999-03-04,2000-04-16,OTHER,GS56,6338.3
S289,,-3145125.1326,5168395.3440,2012395.3791,18.5137216,121.3217793,40.694,41,1.62,,1,,ITRF2005,2009-10-11,2011-02-19,GPSEST,CLAV,27149.3
SA15,49410M001,1136930.6808,-4813064.4637,4014274.2170,39.2546280,-76.7093528,44.603,2,0.00,,1,,ITRF2014_0,2010-01-01,2010-01-01,REFERENCE,7100,27650.6
SA22,49409M001,1316068.9818,-4661570.9773,4135580.1610,40.6805295,-74.2344031,-4.776,2,0.00,,1,,ITRF2014_0,2010-01-01,2010-01-01,REFERENCE,NJI2,8292.8
SA26,40146M005,1761245.7020,-4078264.1385,4561413.2958,45.9501381,-66.6423382,24.240,2,0.00,,1,,ITRF2014_0,2010-01-01,2010-01-01,REFERENCE,UNB1,49.5
SA45,59987M001,-3998750.1624,3608798.4559,-3404652.4432,-32.4702908,137.9343289,201.880,2,0.00,,1,,ITRF2014_0,2010-01-01,2010-01-01,REFERENCE,ADE2,259102.1
SABL,,-3182859.2851,5343535.8528,1408578.5981,12.8438201,120.7800013,62.900,1236,6.39,yes,2,9883288.0,IGS14|IGS20|ITRF2005,2014-01-12,2026-02-12,RNX2SNX,MAMB,45847.3
SACH,40163M001,-1141586.3351,-1615315.9032,6043418.4515,71.9903262,-125.2498562,69.232,55,0.22,,1,,ITRF00|ITRF2005|ITRF2014_0,2000-01-01,2017-10-07,RNX2SNX,HOLM,301315.5
SAG1,49475M001,496374.7417,-4597431.5045,4378421.3411,43.6286445,-83.8377690,149.191,2,0.00,,1,,ITRF2014_0,2010-01-01,2010-01-01,REFERENCE,CHB1,230449.6
SAGA,41639M001,2486243.7454,-5873685.3276,-15906.7035,-0.1438534,-67.0577813,94.888,2,0.00,,1,,ITRF2014_0,2010-01-01,2010-01-01,REFERENCE,BOAV,780275.4
SALU,41640M001,4566947.8305,-4443098.5671,-286674.4841,-2.5934565,-44.2124798,18.963,700,0.21,,1,,IGS14|IGS14_0|IGS20|IGS20_0|ITRF2014_0,2010-01-01,2026-02-12,RNX2SNX,IMPZ,485410.7
SALV,41618M001,4863495.7188,-3870312.3892,-1426347.6916,-13.0086688,-38.5123595,35.743,2,0.00,,1,,ITRF2014_0,2010-01-01,2010-01-01,REFERENCE,SSA1,3734.5
SAMO,50603M001,-6129702.3317,-890029.0909,-1516807.1460,-13.8492086,-171.7384237,76.839,2,0.00,,1,,ITRF2014_0,2010-01-01,2010-01-01,REFERENCE,FALE,28291.4
SAMP,23104M001,-964464.9994,6291996.9805,400195.6619,3.6216092,98.7147178,1.810,2,0.00,,1,,ITRF2014_0,2010-01-01,2010-01-01,REFERENCE,PBAI,404431.2
SANA,,-3452821.6446,5160711.8137,1453592.8770,13.2613848,123.7848652,114.785,36,2.28,,1,,ITRF2005,2007-06-28,2007-06-30,GPSEST,BICA,4713.1
SANC,,-2965515.4400,4997442.5100,2620430.0700,24.4168834,120.6851740,79.399,53,0.00,yes,2,6400391.7,ITRF00|ITRF2005,2000-01-01,2017-10-07,RNX2SNX,JAUP,2855.1
SANI,,-2972978.9695,4993412.2698,2620280.8079,24.4143539,120.7687326,335.515,48,0.05,,1,,WGS-84,2000-04-07,2000-04-16,OTHER,FUS2,4289.3
SANJ,,-3015838.4041,4921232.1476,2705262.4039,25.2608099,121.5008757,73.867,53,0.00,,1,,ITRF00|ITRF2005,2000-01-01,2017-10-07,RNX2SNX,GS08,6328.0
SANT,41705M003,1769693.6006,-5044574.2702,-3468320.8170,-33.1502867,-70.6685536,723.097,772,0.48,,1,,IGS00|IGS08|IGS14|IGS14_0|IGS20|IGS20_0|IGS97|IGb08|ITRF00|ITRF2005|ITRF2014_0|ITRF97,1997-01-01,2026-02-12,RNX2SNX,7400,72.8
SANW,,-2983425.1600,4974012.8200,2644514.0000,24.6557094,120.9554339,124.123,53,0.00,,1,,ITRF00|ITRF2005,2000-01-01,2017-10-07,RNX2SNX,NANP,2854.2
SAOB,49379M001,-2669035.4212,-4364495.2060,3796775.6795,36.7653045,-121.4471866,359.828,2,0.00,,1,,ITRF2014_0,2010-01-01,2010-01-01,REFERENCE,P231,43945.6
SAPN,,-3126572.7558,5304686.5095,1658433.9873,15.1709418,120.5150215,271.500,619,0.18,,1,,IGS14|IGS20,2021-09-01,2026-02-12,RNX2SNX,PMG5,5069.6
SARI,19917M001,4693638.6676,777237.9066,4233935.1129,41.8583286,9.4025077,57.240,2,0.00,,1,,ITRF2014_0,2010-01-01,2010-01-01,REFERENCE,7848,53649.3
SARZ,19855M001,4309876.4079,-208511.6340,4681398.4575,47.5244875,-2.7698077,83.810,2,0.00,,1,,ITRF2014_0,2010-01-01,2010-01-01,REFERENCE,GROI,57198.9
SASK,40167M001,-1106130.0583,-3758704.9155,5016675.4100,52.1962536,-106.3983593,578.871,270,0.28,,1,,IGS20|IGS20_0|ITRF2014_0,2010-01-01,2025-07-19,RNX2SNX,FLIN,406560.9
SASS,14281M001,3606145.9953,875303.4200,5170193.9906,54.5135913,13.6432939,68.220,2,0.00,,1,,ITRF2014_0,2010-01-01,2010-01-01,REFERENCE,WARN,107330.0
SAV1,49474M001,780718.0178,-5349232.7007,3373459.7815,32.1386002,-81.6963360,8.415,2,0.00,,1,,ITRF2014_0,2010-01-01,2010-01-01,REFERENCE,GASK,65758.9
SAVO,41643M001,4870283.7383,-3864605.4019,-1418872.3082,-12.9392439,-38.4322547,76.309,700,0.21,,1,,IGS14|IGS14_0|IGS20|IGS20_0|ITRF2014_0,2010-01-01,2026-02-12,RNX2SNX,SSA1,9965.9
SBOK,30320M001,5279492.0872,1703114.6223,-3139092.7098,-29.6693220,17.8792142,1043.086,270,0.40,,1,,IGS20|IGS20_0|ITRF2014_0,2010-01-01,2025-07-19,RNX2SNX,7502,410062.4
SBRN,49415M001,-2708736.1070,-4266566.0949,3877939.5199,37.6862193,-122.4104427,-2.175,2,0.00,,1,,ITRF2014_0,2010-01-01,2010-01-01,REFERENCE,UCSF,9501.6
SC02,49670M001,-2304501.5403,-3547589.3937,4757288.5866,48.5461945,-123.0076110,-15.033,2,0.00,,1,,ITRF2014_0,2010-01-01,2010-01-01,REFERENCE,PGC5,34636.6
SCCC,49406M001,937783.1397,-5284982.0192,3433737.2779,32.7829238,-79.9379960,-11.383,2,0.00,,1,,ITRF2014_0,2010-01-01,2010-01-01,REFERENCE,SCHA,1243.5
SCH2,40133M002,1448636.4485,-3385243.8353,5191047.3221,54.8320911,-66.8326217,498.469,767,0.65,,1,,IGS00|IGS08|IGS14|IGS14_0|IGS20|IGS20_0|IGS97|IGb08|ITRF00|ITRF2005|ITRF2014_0|ITRF97,1997-01-01,2026-02-12,RNX2SNX,NAIN,374942.0
SCHA,49383M001,938983.9435,-5284976.2493,3433414.1465,32.7794769,-79.9253649,-14.618,2,0.00,,1,,ITRF2014_0,2010-01-01,2010-01-01,REFERENCE,SCCC,1243.5
SCHY,49382M001,1034724.3322,-5194920.7236,3540911.2936,33.9399340,-78.7352499,-17.453,2,0.00,,1,,ITRF2014_0,2010-01-01,2010-01-01,REFERENCE,CASL,91128.7
SCIL,19201M001,4090376.0399,-451277.7986,4856740.0696,49.9145569,-6.2957941,85.362,2,0.00,,1,,ITRF2014_0,2010-01-01,2010-01-01,REFERENCE,NEWL,57905.7
SCIP,49915M001,-2556587.8046,-4711013.6462,3446241.6161,32.9144275,-118.4879389,452.853,2,0.00,,1,,ITRF2014_0,2010-01-01,2010-01-01,REFERENCE,CAT2,46343.3
SCOA,10088M002,4639940.6034,-136225.1213,4359552.3084,43.3952355,-1.6816774,59.457,2,0.00,,1,,ITRF2014_0,2010-01-01,2010-01-01,REFERENCE,BIAZ,14493.6
SCOR,43006M002,1982095.6589,-798821.0398,5989464.7340,70.4853373,-21.9503422,128.576,705,0.47,,1,,IGS08|IGS14|IGS14_0|IGS20|IGS20_0|IGb08|ITRF2014_0,2005-01-01,2026-02-12,RNX2SNX,PLPK,630675.1
SCRZ,41801M001,2743005.9176,-5420745.2932,-1937116.9255,-17.7967896,-63.1596741,442.046,268,0.13,,1,,IGS20|IGS20_0,2015-01-01,2025-07-19,RNX2SNX,YCBA,470300.5
SCTB,66071M001,-1311028.5903,308512.4162,-6213390.8830,-77.8489876,166.7580266,-18.982,268,0.15,,1,,IGS20|IGS20_0,2015-01-01,2025-07-19,RNX2SNX,MCMU,1964.2
SCUB,40701M001,1474537.9636,-5811243.2576,2168958.9104,20.0120642,-75.7623175,20.902,762,0.19,,1,,IGS00|IGS08|IGS14|IGS14_0|IGS20|IGS20_0|IGb08|ITRF00|ITRF2005|ITRF2014_0,2000-01-01,2026-02-12,RNX2SNX,1953,17.2
SDHS,,-3034189.4218,4923736.7360,2680438.4907,25.0129177,121.6429177,158.994,53,0.00,,1,,ITRF00|ITRF2005,2000-01-01,2017-10-07,RNX2SNX,S101,4233.2
SEAT,40457M002,-2300593.6390,-3637846.9911,4691079.1807,47.6539767,-122.3094765,44.210,2,0.00,,1,,ITRF2014_0,2010-01-01,2010-01-01,REFERENCE,DWH1,21783.2
SELE,12352M001,1046790.7461,4540257.0563,4342920.7624,43.1787319,77.0168965,1341.994,69,0.28,,1,,IGS00|IGS08|IGS97|IGb08|ITRF00|ITRF2005|ITRF2014_0|ITRF97,1997-01-01,2017-10-07,RNX2SNX,SHAS,152197.9
SETE,19940M001,4632081.0645,299471.6115,4359743.3514,43.3976492,3.6991176,53.910,2,0.00,,1,,ITRF2014_0,2010-01-01,2010-01-01,REFERENCE,BEA2,108229.9
SEY1,39801M001,3602870.1648,5238174.7436,-516275.1765,-4.6737169,55.4794089,537.182,332,0.81,,1,,IGS00|IGS20|IGS20_0|IGS97|ITRF00|ITRF2005|ITRF2014_0|ITRF97,1997-01-01,2025-07-19,RNX2SNX,SEYG,5739.5
SEYG,39801M004,3597835.7812,5240884.1852,-516780.8937,-4.6787304,55.5306335,-37.619,268,0.28,,1,,IGS20|IGS20_0,2015-01-01,2025-07-19,RNX2SNX,SEY1,5739.5
SFER,13402M004,5105518.8140,-555145.5239,3769803.6567,36.4643488,-6.2056420,84.152,767,0.69,,1,,IGS00|IGS08|IGS14|IGS14_0|IGS20|IGS20_0|IGS97|IGb08|ITRF00|ITRF2005|ITRF2014_0|ITRF97,1997-01-01,2026-02-12,RNX2SNX,ROAP,57.4
SFON,,-2981507.7577,4960069.3049,2672358.3250,24.9328988,121.0101619,52.770,53,0.00,,1,,ITRF00|ITRF2005,2000-01-01,2017-10-07,RNX2SNX,GS20,7503.7
SG02,10531M001,2878964.8106,1345332.1712,5511632.7975,60.2001867,25.0465522,43.368,2,0.00,,1,,ITRF2014_0,2010-01-01,2010-01-01,REFERENCE,SG40,4753.6
SG06,49414M001,1401155.1596,-4618977.6166,4155283.2314,40.9146799,-73.1249589,23.785,2,0.00,,1,,ITRF2014_0,2010-01-01,2010-01-01,REFERENCE,NYQN,55461.5
SG21,40536M001,-959340.6186,-5930616.8570,2141522.7442,19.7412383,-99.1886113,2267.961,2,0.00,,1,,ITRF2014_0,2010-01-01,2010-01-01,REFERENCE,UNIP,47462.1
SG26,23909M001,-3047514.5124,4050725.9451,3858384.6598,37.4625173,126.9555294,200.258,2,0.00,,1,,ITRF2014_0,2010-01-01,2010-01-01,REFERENCE,SUWN,22522.4
SG40,10505M001,2880657.5889,1340895.9116,5511858.7436,60.2038502,24.9611573,69.990,2,0.00,,1,,ITRF2014_0,2010-01-01,2010-01-01,REFERENCE,SG02,4753.6
SGOC,23501M003,1113279.4375,6233644.3362,760277.4094,6.8920795,79.8741823,-78.504,270,0.89,,1,,IGS20|IGS20_0|ITRF2014_0,2010-01-01,2025-07-19,RNX2SNX,PALK,100743.2
SHAO,21605M002,-2831733.6296,4675665.9204,3275369.3551,31.0996418,121.2004455,22.055,6066,134.48,,1,,IGS00|IGS08|IGS14|IGS14_0|IGS20|IGS20_0|IGS97|IGb08|ITRF00|ITRF2005|ITRF2014_0|ITRF97|WGS-84,1995-11-14,2026-02-12,RNX2SNX,7837,862.4
SHAS,25702M001,1191988.4913,4548593.6759,4298062.0737,42.6207140,75.3154718,2171.531,2,0.00,,1,,ITRF2014_0,2010-01-01,2010-01-01,REFERENCE,POL2,51377.7
SHE2,40169M002,1899507.9077,-3991722.3591,4582242.8633,46.2206913,-64.5520110,-15.289,2,0.00,,1,,ITRF2014_0,2010-01-01,2010-01-01,REFERENCE,ESCU,96652.8
SHEE,13236M001,3983074.2152,51683.2535,4964639.8737,51.4456818,0.7434122,53.323,2,0.00,,1,,ITRF2014_0,2010-01-01,2010-01-01,REFERENCE,SHOE,13456.0
SHJU,,-2975958.3520,4968143.5730,2663522.5700,24.8450855,120.9219512,24.439,53,0.00,,1,,ITRF00|ITRF2005,2000-01-01,2017-10-07,RNX2SNX,GS14,5989.9
SHK1,49473M001,1338341.0262,-4670918.2156,4117936.3037,40.4714927,-74.0115984,-24.594,2,0.00,,1,,ITRF2014_0,2010-01-01,2010-01-01,REFERENCE,SHK5,0.1
SHK5,49473M002,1338341.0413,-4670918.2628,4117936.3416,40.4714927,-74.0115984,-24.532,2,0.00,,1,,ITRF2014_0,2010-01-01,2010-01-01,REFERENCE,SHK1,0.1
SHMN,,-3020328.0740,4916747.6440,2708321.3000,25.2914621,121.5621523,46.692,53,0.00,,1,,ITRF00|ITRF2005,2000-01-01,2017-10-07,RNX2SNX,HERI,1919.5
SHOE,19197M001,3973492.6730,57358.1920,4972193.1839,51.5547885,0.8270190,48.976,2,0.00,,1,,ITRF2014_0,2010-01-01,2010-01-01,REFERENCE,SHEE,13456.0
SHWA,,-2967454.5895,5068475.1329,2478940.2590,23.0214409,120.3478147,90.521,53,0.00,,1,,ITRF00|ITRF2005,2000-01-01,2017-10-07,RNX2SNX,GS32,1200.3
SIBA,,-3282148.7459,5270576.0687,1454505.8318,13.2699931,121.9117833,53.776,138,4.58,,1,,ITRF2005,2005-10-23,2011-05-21,GPSEST,BUEN,4295.3
SIBB,,-3293154.5894,5258079.6226,1474688.3928,13.4574427,122.0590650,78.312,255,9.50,,1,,ITRF2005,2005-10-14,2011-05-21,GPSEST,MDQT,19172.9
SIBC,,-3315608.2344,5239748.9518,1489340.7247,13.5937120,122.3248095,53.326,200,8.56,,1,,ITRF2005,2005-10-18,2011-05-16,GPSEST,CTNU,1567.4
SIBD,,-3326433.5380,5228386.6291,1504952.7184,13.7389295,122.4655636,55.028,39,6.71,,1,,ITRF2005,2005-10-17,2005-10-19,GPSEST,QN42,0.1
SIBE,,-3349649.4424,5210856.3171,1514182.1059,13.8248148,122.7337732,58.216,207,20.27,,1,,ITRF2005,2005-10-14,2014-04-14,GPSEST,SIBD,30520.0
SIBF,,-3303384.1918,5266814.0383,1419932.1570,12.9490953,122.0962368,65.932,129,6.12,,1,,ITRF2005,2005-10-23,2011-05-20,GPSEST,MDQT,37351.8
SIBH,,-3379408.9104,5201145.1515,1481302.5461,13.5189673,123.0135246,57.161,175,8.49,,1,,ITRF2005,2005-10-14,2011-05-15,GPSEST,CMS2,39828.4
SIBI,,-3365157.8147,5244285.9553,1357252.9699,12.3684211,122.6875117,58.111,103,5.08,,1,,ITRF2005,2005-10-23,2011-05-15,GPSEST,AGUS,64168.1
SIBJ,,-3382147.0327,5211372.2559,1438981.7211,13.1257623,122.9833113,102.786,229,6.51,,1,,ITRF2005,2005-10-14,2011-05-20,GPSEST,CBIM,37745.8
SIBK,,-3426065.1011,5184998.9867,1430245.2487,13.0447578,123.4553263,69.975,156,200.57,,1,,ITRF2005,2005-10-14,2011-05-16,GPSEST,PLAR,26335.3
SIBL,,-3351378.4831,5225190.7479,1460353.6496,13.3242992,122.6756552,57.228,148,6.02,,1,,ITRF2005,2005-10-18,2011-05-16,GPSEST,SIBJ,39930.1
SICH,,-3056570.9730,4957829.2430,2591021.4760,24.1257298,121.6544120,55.040,53,0.00,,1,,ITRF00|ITRF2005,2000-01-01,2017-10-07,RNX2SNX,HUAL,17163.1
SIMO,30307M001,5010435.8017,1670594.5723,-3563732.6607,-34.1879402,18.4395728,39.541,68,0.26,,1,,IGS00|IGS08|IGS97|IGb08|ITRF00|ITRF2005|ITRF2014_0,1997-01-01,2017-10-07,RNX2SNX,CTWN,26370.4
SIN1,22601M003,-1507972.8824,6195613.8103,148487.9268,1.3429804,103.6794416,92.375,268,0.28,,1,,IGS20|IGS20_0,2015-01-01,2025-07-19,RNX2SNX,NTUS-01,317.6
SINA,,-3361297.7611,5366348.2892,762627.3095,6.9133197,122.0616272,70.951,92,8.44,yes,2,38612.8,ITRF2005,2009-07-12,2014-09-19,GPSEST,ZMPS,2517.1
SINB,,-3403889.8895,5324894.8426,857743.5335,7.7804871,122.5883722,80.132,71,7.05,,1,,ITRF2005,2009-07-13,2014-09-20,GPSEST,LLOY,38832.9
SINC,,-3438689.8532,5294206.4922,907103.2677,8.2311889,123.0045058,75.294,85,6.66,,1,,ITRF2005,2009-07-16,2014-09-22,GPSEST,SIND,32935.9
SIND,,-3444140.6394,5285175.1340,938304.1529,8.5163436,123.0907047,70.359,108,5.97,yes,2,1821719.6,ITRF2005,2009-07-16,2014-09-23,GPSEST,SINC,32935.9
SINE,,-3509729.1154,5242389.8721,935296.9608,8.4888519,123.8019243,70.111,64,6.77,,1,,ITRF2005,2009-07-20,2014-09-26,GPSEST,MSW3,22343.2
SINF,,-3509367.3053,5250769.2250,888817.5542,8.0641714,123.7569057,72.553,72,7.38,,1,,ITRF2005,2009-07-21,2014-09-26,GPSEST,MSW3,26848.1
SING,,-3482359.3737,5273007.3276,863563.5562,7.8335502,123.4412668,123.024,34,6.74,,1,,ITRF2005,2010-08-19,2014-09-23,GPSEST,TUKU,14928.3
SINH,,-3552052.2448,5218940.8253,906435.1591,8.2250864,124.2395117,74.384,49,71.15,,1,,ITRF2005,2010-08-13,2014-09-19,GPSEST,COTH,25500.5
SINI,,-3223608.2085,5271156.2008,1577292.7168,14.4129952,121.4481291,56.836,1090,246.15,,1,,IGS14|IGS20|ITRF2005,2014-04-17,2026-02-12,RNX2SNX,JALA,14392.4
SINY,,-2997053.5090,5017006.1000,2547754.1070,23.6964954,120.8532032,536.345,53,0.00,,1,,ITRF00|ITRF2005,2000-01-01,2017-10-07,RNX2SNX,I007,10408.6
SIO3,40460M004,-2455456.5980,-4767480.6110,3441383.7000,32.8647021,-117.2504059,34.877,55,0.44,,1,,ITRF00|ITRF2005|ITRF2014_0,2000-01-01,2017-10-07,RNX2SNX,SIO5,2663.2
SIO5,40460M006,-2456115.1891,-4768905.7334,3439232.4692,32.8407348,-117.2496899,185.529,2,0.00,,1,,ITRF2014_0,2010-01-01,2010-01-01,REFERENCE,SIO3,2663.2
SISN,,-3111468.4112,5279013.1685,1764049.1453,16.1626083,120.5152429,111.753,64,8.85,,1,,ITRF2005,2008-08-27,2014-04-17,GPSEST,SRQE,18437.1
SJAQ,,-3315670.2134,5317997.4890,1182103.6966,10.7522165,121.9427541,72.221,60,0.16,,1,,ITRF2005,2010-07-27,2012-04-12,GPSEST,SVAQ,0.2
SJDB,,-3315633.7405,5318243.7360,1181151.1142,10.7434361,121.9412800,80.914,619,0.09,,1,,IGS14|IGS20,2021-09-01,2026-02-12,RNX2SNX,SVAQ,984.5
SJDV,10090M001,4433469.9214,362672.7293,4556211.6555,45.8790837,4.6765742,432.417,64,0.25,,1,,IGS00|IGS97|ITRF00|ITRF2005|ITRF2014_0|ITRF97,1997-01-01,2017-10-07,RNX2SNX,OCN1,214880.5
SKE0,10426M001,2534030.8169,975174.6348,5752078.6283,64.8791981,21.0482922,81.339,2,0.00,,1,,ITRF2014_0,2010-01-01,2010-01-01,REFERENCE,VIL0,214322.5
SLCR,40554M001,-555003.6825,-6102266.9772,1764636.4654,16.1684293,-95.1967769,-0.939,2,0.00,,1,,ITRF2014_0,2010-01-01,2010-01-01,REFERENCE,OXEC,99608.0
SLEU,97403S001,3387826.1129,4890457.9023,-2291647.1340,-21.1959616,55.2880242,27.638,2,0.00,,1,,ITRF2014_0,2010-01-01,2010-01-01,REFERENCE,REUN,29531.0
SLSB,,-3624930.7842,5103007.0304,1220922.1161,11.1096403,125.3881549,68.146,59,8.33,,1,,ITRF2005,2010-02-10,2014-06-20,GPSEST,ESSJ,36988.2
SMAT,,-3197820.5998,5207958.2801,1819633.7419,16.6862114,121.5509973,128.239,47,4.13,,1,,ITRF2005,2009-10-09,2011-02-17,GPSEST,LUZG,11392.2
SMCL,,-3695883.8873,5125980.4356,862125.5885,7.8202993,125.7919861,225.069,75,158.61,,1,,ITRF2005,2010-03-06,2014-03-19,GPSEST,MONT,25607.1
SMCP,,-3711075.5421,5126960.5835,787146.5920,7.1367020,125.8983502,74.505,80,8.13,,1,,ITRF2005,2010-03-06,2014-03-19,GPSEST,SMSK,26778.6
SMD1,,-3730582.3293,5120668.3010,734455.9954,6.6567876,126.0746207,71.948,82,7.96,,1,,ITRF2005,2010-03-06,2014-03-19,GPSEST,SOML,27685.4
SMDB,,-3766824.1869,5078506.7898,834667.8658,7.5699603,126.5650245,72.880,76,7.73,,1,,ITRF2005,2010-03-06,2014-03-19,GPSEST,SOMK,27599.9
SMDM,,-3767380.1383,5084394.5183,795654.5678,7.2142424,126.5373095,72.264,84,800.81,yes,2,1016276.2,ITRF2005,2010-03-06,2014-03-19,GPSEST,MNAY,480.1
SMDS,,-3198696.7986,5199753.6262,1841242.6878,16.8901925,121.5982975,116.779,41,8.99,yes,2,1230501.3,ITRF2005,2009-12-08,2014-04-11,GPSEST,SMAT,23130.7
SMDT,,-3675743.6889,5154255.0738,774806.6597,7.0242445,125.4944685,92.239,60,9.30,,1,,ITRF2005,2010-03-06,2014-03-19,GPSEST,SMSK,26529.0
SMMM,,-3746766.4704,5103227.5236,772925.0198,7.0070304,126.2859463,156.611,86,827.52,,1,,ITRF2005,2010-03-06,2014-03-19,GPSEST,SOMM,9074.8
SMPH,,-3187157.2119,5288624.5747,1592734.2571,14.5571250,121.0750111,61.806,52,0.00,,1,,ITRF00,2017-09-30,2017-10-07,RNX2SNX,PEMB,2372.4
SMSK,,-3697132.1140,5139955.7900,768337.0616,6.9652679,125.7271847,127.008,48,9.14,,1,,ITRF2005,2010-03-07,2014-03-19,GPSEST,SMDT,26529.0
SMST,21726M001,-3822373.3225,3699359.9720,3507585.7379,33.5778547,135.9369539,97.516,270,0.04,,1,,IGS20|IGS20_0|ITRF2014_0,2010-01-01,2025-07-19,RNX2SNX,7838,20.0
SMTC,,-3189101.6715,5282895.8215,1607703.4255,14.6969327,121.1179294,67.097,52,0.00,,1,,ITRF00,2017-09-30,2017-10-07,RNX2SNX,MALY,1947.9
SMTG,19936M001,4219870.8946,-149386.5275,4764322.0689,48.6410826,-2.0274660,57.755,2,0.00,,1,,ITRF2014_0,2010-01-01,2010-01-01,REFERENCE,DIPL,6719.4
SNFD,49692S001,978158.1010,-5107368.3377,3680831.1710,35.4735291,-79.1580562,94.068,2,0.00,,1,,ITRF2014_0,2010-01-01,2010-01-01,REFERENCE,CASL,171529.9
SNFO,,-3616726.9704,5135046.9222,1106350.0066,10.0558869,125.1578825,82.212,619,0.09,,1,,IGS14|IGS20,2021-09-01,2026-02-12,RNX2SNX,SOLL,20514.0
SNI1,49909S001,-2631346.6487,-4646278.8745,3477113.3033,33.2478732,-119.5243615,239.679,55,0.50,,1,,ITRF00|ITRF2005|ITRF2014_0,2000-01-01,2017-10-07,RNX2SNX,BAR1,52769.5
SNNI,,-3550410.3325,5152040.3260,1234387.8748,11.2335255,124.5717775,179.020,52,81.28,,1,,ITRF2005,1999-11-09,2001-11-26,GPSEST,NLSN,3.8
SNP1,,-3450093.9466,5264662.3898,1028308.5032,9.3397671,123.2380488,292.496,12,6.43,,1,,ITRF2005,2014-05-19,2014-05-21,GPSEST,PMPL,19588.3
SODA,10513M001,2200146.8158,1091638.2552,5866870.6777,67.4208583,26.3890486,299.745,9,0.09,,1,,IGS00|IGS97|ITRF97,1997-01-01,2000-01-01,REFERENCE,KIR0,231815.2
SOFI,11101M002,4319371.7370,1868688.1592,4292064.1082,42.5560968,23.3947386,1119.523,758,0.68,,1,,IGS08|IGS14|IGS14_0|IGS20|IGS20_0|IGb08|ITRF00|ITRF2005|ITRF2014_0,2000-01-01,2026-02-12,RNX2SNX,7505,48.8
SOFN,,-3057733.6170,4970632.2060,2565173.6940,23.8702640,121.5981627,58.806,53,0.00,,1,,ITRF00|ITRF2005,2000-01-01,2017-10-07,RNX2SNX,NANK,5673.0
SOGO,,-3597139.9419,5140906.5570,1142158.4992,10.3848450,124.9808388,80.131,619,0.67,,1,,IGS14|IGS20,2021-09-01,2026-02-12,RNX2SNX,SOLG,12576.3
SOL1,49907S001,1173608.8153,-4871160.8494,3933263.1012,38.3188764,-76.4538940,-19.065,55,0.15,,1,,ITRF00|ITRF2005|ITRF2014_0,2000-01-01,2017-10-07,RNX2SNX,MDSI,4.8
SOLA,,-3167040.6326,5233138.4498,1801879.8954,16.5183301,121.1818873,306.079,1161,0.26,yes,3,7286356.8,IGS14|IGS20|ITRF2005,2012-02-21,2026-02-12,RNX2SNX,PBAY,5819.4
SOLB,,-3577053.7249,5155276.2966,1140416.1132,10.3688506,124.7553366,68.148,155,11.16,,1,,ITRF2005,2004-11-18,2014-06-26,GPSEST,BATO,4882.3
SOLC,,-3595925.3518,5133733.2032,1177558.8345,10.7103530,125.0093351,98.312,167,10.47,,1,,ITRF2005,2004-11-13,2011-04-10,GPSEST,ABUY,4081.5
SOLD,,-3657200.5735,5081909.7838,1212694.8649,11.0338585,125.7407092,65.185,154,5.24,yes,2,631866.9,ITRF2005,2004-11-13,2014-06-20,GPSEST,GUES,2063.8
SOLE,,-3554242.9724,5182253.7751,1088737.3640,9.8942028,124.4442345,86.490,200,7.99,,1,,ITRF2005,2004-11-22,2014-05-13,GPSEST,TRIN,23300.5
SOLF,,-3581337.2906,5156777.0223,1120708.5825,10.1876121,124.7796463,168.282,150,7.32,,1,,ITRF2005,2004-11-18,2014-06-28,GPSEST,BATO,16356.9
SOLG,,-3604588.9390,5137830.6632,1132503.7202,10.2961287,125.0526548,73.859,125,7.54,,1,,ITRF2005,2004-11-18,2014-06-28,GPSEST,SOGO,12576.3
SOLH,,-3615489.9177,5130896.5932,1129204.3935,10.2658151,125.1704659,73.032,178,8.13,,1,,ITRF2005,2004-11-22,2014-06-28,GPSEST,SOLI,12767.8
SOLI,,-3621704.4415,5124476.9728,1138325.0343,10.3496296,125.2506128,69.960,364,513.52,,1,,ITRF2005,2004-11-14,2014-06-27,GPSEST,HINU,9144.6
SOLJ,,-3659035.4087,5088297.9514,1180441.4736,10.7368410,125.7202114,118.965,92,7.14,,1,,ITRF2005,2004-11-14,2011-04-14,GPSEST,SOLD,32931.1
SOLK,,-3503726.1754,5221223.1506,1066308.1717,9.6883988,123.8637711,102.897,455,8.21,,1,,ITRF2005,2004-11-14,2012-04-13,GPSEST,TCSS,6.9
SOLL,,-3628916.9732,5129821.7596,1090699.8418,9.9122114,125.2761917,87.925,57,6.52,,1,,ITRF2005,2010-02-05,2014-06-27,GPSEST,SNFO,20514.0
SOLO,51202M001,-5911340.1180,2156887.9538,-1038663.3822,-9.4349096,159.9543431,122.938,268,0.55,,1,,IGS20|IGS20_0,2015-01-01,2025-07-19,RNX2SNX,AVUN,1034747.0
SOMA,,-3689450.4029,5118349.2159,930905.1529,8.4486586,125.7851262,104.734,91,2.58,,1,,ITRF2005,2007-10-21,2011-02-01,GPSEST,TCGN,49.6
SOMB,,-3718293.9750,5092744.8114,955905.9609,8.6772843,126.1337760,81.731,101,2.87,,1,,ITRF2005,2007-10-13,2011-02-03,GPSEST,SOME,16487.8
SOMC,,-3693691.0764,5118564.0405,912741.8253,8.2826874,125.8152120,88.758,59,2.75,,1,,ITRF2005,2007-10-21,2011-02-01,GPSEST,LORE,12375.7
SOMD,,-3706504.8282,5104916.2566,936848.2819,8.5029893,125.9821163,103.180,169,3.88,,1,,ITRF2005,2007-10-20,2011-01-28,GPSEST,SOME,15525.4
SOME,,-3718598.9468,5095599.1502,939669.9266,8.5287761,126.1207258,110.340,122,6.41,,1,,ITRF2005,2007-10-19,2011-02-01,GPSEST,SOMD,15525.4
SOMF,,-3682948.5828,5140673.9870,828698.9779,7.5154764,125.6190619,108.019,106,2.88,,1,,ITRF2005,2007-10-12,2011-02-01,GPSEST,SOMG,24109.9
SOMG,,-3700878.4832,5126501.4445,836376.4786,7.5855271,125.8259373,88.349,93,2.62,,1,,ITRF2005,2007-10-17,2011-02-04,GPSEST,SOMH,13728.8
SOMH,,-3710111.2903,5121300.3008,827648.2013,7.5058697,125.9213429,127.699,86,2.90,,1,,ITRF2005,2007-10-17,2011-02-04,GPSEST,SOMG,13728.8
SOMI,,-3723771.3107,5108402.5170,845765.6676,7.6711216,126.0901878,137.798,96,6.49,,1,,ITRF2005,2007-10-17,2011-02-05,GPSEST,MONT,11435.0
SOMJ,,-3739039.4085,5083709.7518,922651.7132,8.3732671,126.3342689,71.518,135,2.91,,1,,ITRF2005,2007-10-13,2011-02-03,GPSEST,SOME,29134.0
SOMK,,-3754351.2560,5083701.9045,858734.3102,7.7895368,126.4461405,73.786,83,2.89,,1,,ITRF2005,2007-10-16,2011-01-31,GPSEST,BOST,11178.0
SOML,,-3722786.6188,5122443.7442,760961.7442,6.8981493,126.0081501,70.855,99,2.83,,1,,ITRF2005,2007-10-13,2011-02-03,GPSEST,PMAT,24853.1
SOMM,,-3744542.3553,5106018.5481,764581.4651,6.9311186,126.2547772,71.796,70,2.96,,1,,ITRF2005,2007-10-13,2011-02-03,GPSEST,PMAT,3559.2
SOUF,97107M001,2910909.5279,-5397728.7458,1751904.0709,16.0449814,-61.6627188,1417.670,2,0.00,,1,,ITRF2014_0,2010-01-01,2010-01-01,REFERENCE,HOUE,8489.7
SP0G,10425M001,3328984.5948,761910.1952,5369033.6277,57.7149580,12.8913478,219.935,63,0.23,,1,,IGS00|IGS97|ITRF00|ITRF2005|ITRF2014_0,1997-01-01,2017-10-07,RNX2SNX,SPT0,0.0
SPAB,,-3217091.6237,5286073.7518,1541033.6698,14.0745871,121.3245921,189.064,625,6.84,,1,,IGS14|IGS20|ITRF2005,2014-10-08,2026-02-12,RNX2SNX,PCAN,17565.5
SPBY,50162M004,-3988046.3154,2498705.4546,-4290517.2882,-42.5464381,147.9308502,1.069,2,0.00,,1,,ITRF2014_0,2010-01-01,2010-01-01,REFERENCE,HOB1,49368.8
SPK1,40458M001,-2535991.9874,-4642434.9178,3552148.2872,34.0593430,-118.6461620,440.131,2,0.00,,1,,ITRF2014_0,2010-01-01,2010-01-01,REFERENCE,UCLP,18890.3
SPLT,11904M001,4444024.9267,1311189.2152,4368530.1661,43.5066415,16.4384534,48.202,2,0.00,,1,,ITRF2014_0,2010-01-01,2010-01-01,REFERENCE,DUBR,166121.1
SPLY,,-3371373.0163,5305842.2239,1075081.2336,9.7689020,122.4321914,84.287,619,0.17,,1,,IGS14|IGS20,2021-09-01,2026-02-12,RNX2SNX,BONG,61048.6
SPMX,40511M001,-2352721.1956,-4940155.3568,3271598.5983,31.0450454,-115.4658623,2763.655,2,0.00,,1,,ITRF2014_0,2010-01-01,2010-01-01,REFERENCE,7883,70352.9
SPT0,10425M001,3328984.5948,761910.1952,5369033.6277,57.7149580,12.8913478,219.935,59,0.23,,1,,IGS00|ITRF00|ITRF2005|ITRF2014_0,2000-01-01,2017-10-07,RNX2SNX,SP0G,0.0
SQJR,,-3476733.4930,5249770.5598,1013645.8029,9.2056996,123.5150707,120.527,56,0.09,,1,,IGS14|IGS20,2025-01-02,2026-02-12,RNX2SNX,SNP1,33858.9
SRMP,43026M001,1094652.5635,-1528639.6471,6074674.3849,72.9106778,-54.3937047,370.384,2,0.00,,1,,ITRF2014_0,2010-01-01,2010-01-01,REFERENCE,RINK,165062.4
SRQE,,-3127471.1838,5271186.2483,1759297.6409,16.1178253,120.6812701,143.943,66,9.21,,1,,ITRF2005,2009-10-10,2014-04-17,GPSEST,PURDNETA,16909.6
SRS1,49734M001,-2651739.2636,-4580896.6344,3546883.4376,34.0043360,-120.0652217,68.214,2,0.00,,1,,ITRF2014_0,2010-01-01,2010-01-01,REFERENCE,CRU1,26056.9
SSA1,41644M001,4863840.3150,-3871158.6461,-1422726.6710,-12.9751572,-38.5164850,-2.099,2,0.00,,1,,ITRF2014_0,2010-01-01,2010-01-01,REFERENCE,SALV,3734.5
SSES,,-2979277.6700,4975367.8300,2646446.1900,24.6752148,120.9134070,49.169,53,0.00,,1,,ITRF00|ITRF2005,2000-01-01,2017-10-07,RNX2SNX,TOFN,1860.2
SSIA,41401S001,95566.9717,-6197785.5751,1500590.4782,13.6970844,-89.1165957,626.608,64,0.11,,1,,IGS00|IGS08|IGb08|ITRF00|ITRF2005|ITRF2014_0,2000-01-01,2017-10-07,RNX2SNX,GUAT,180948.4
STAS,10330M001,3275753.5576,321111.1098,5445042.1225,59.0177127,5.5986256,104.920,2,0.00,,1,,ITRF2014_0,2010-01-01,2010-01-01,REFERENCE,STAV,0.3
STAV,10330M001,3275753.7325,321110.9456,5445041.9715,59.0177108,5.5986224,104.872,11,0.28,,1,,IGS00|IGS97|ITRF2014_0|ITRF97,1997-01-01,2010-01-01,REFERENCE,STAS,0.3
STCV,,-3202792.9180,5143718.6476,1984705.2448,18.2500599,121.9089110,54.431,56,0.01,,1,,IGS14|IGS20,2025-01-02,2026-02-12,RNX2SNX,LUZI,2065.6
STHL,30606M003,6104817.3013,-605827.6873,-1740738.5876,-15.9425316,-5.6673426,453.179,700,0.45,,1,,IGS14|IGS14_0|IGS20|IGS20_0|ITRF2014_0,2010-01-01,2026-02-12,RNX2SNX,ASCG,1293042.5
STJ2,40101M004,2612598.0932,-3426832.7826,4686757.1324,47.5952323,-52.6783060,152.605,2,0.00,,1,,ITRF2014_0,2010-01-01,2010-01-01,REFERENCE,STJ3,22.8
STJ3,40101M005,2612588.4311,-3426820.6605,4686773.8700,47.5954367,-52.6783105,154.513,268,0.20,,1,,IGS20|IGS20_0,2015-01-01,2025-07-19,RNX2SNX,STJ2,22.8
STJO,40101M001,2612630.7290,-3426807.0577,4686758.0467,47.5952423,-52.6777536,152.828,767,0.57,,1,,IGS00|IGS08|IGS14|IGS14_0|IGS20|IGS20_0|IGS97|IGb08|ITRF00|ITRF2005|ITRF2014_0|ITRF97,1997-01-01,2026-02-12,RNX2SNX,STJ2,41.6
STK2,21731S004,-3642161.5280,2861487.8770,4370351.1923,43.5286418,141.8448206,118.622,270,0.31,,1,,IGS20|IGS20_0|ITRF2014_0,2010-01-01,2025-07-19,RNX2SNX,P101,87465.2
STL3,49865S003,21018.2298,-4990461.9308,3958770.8147,38.6110884,-89.7586899,157.152,2,0.00,,1,,ITRF2014_0,2010-01-01,2010-01-01,REFERENCE,NLIB,383432.3
STNA,,-3219918.4162,5124473.8456,2006499.7138,18.4575285,122.1428418,50.923,2211,91.25,yes,14,34538.9,IGS14|IGS20|ITRF2005,2014-01-01,2026-02-12,RNX2SNX,GONZ,26649.9
STNY,50160M002,-4111952.4233,2856387.5901,-3938194.5824,-38.3751795,145.2140373,29.216,2,0.00,,1,,ITRF2014_0,2010-01-01,2010-01-01,REFERENCE,MOBS,64096.2
STP1,49870S001,-151856.0669,-4569681.7681,4432570.8666,44.3039489,-91.9033078,353.757,2,0.00,,1,,ITRF2014_0,2010-01-01,2010-01-01,REFERENCE,WIS1,266997.4
STPM,97501M005,2436207.9043,-3634804.8956,4624885.5818,46.7778259,-56.1682482,0.434,268,0.20,,1,,IGS20|IGS20_0,2015-01-01,2025-07-19,RNX2SNX,STJ2,279631.9
STR1,50119M002,-4467102.4699,2683039.4729,-3666949.6690,-35.3155359,149.0100514,799.942,55,0.59,,1,,ITRF00|ITRF2005|ITRF2014_0,2000-01-01,2017-10-07,RNX2SNX,STRR,0.6
STR2,50119M001,-4467074.5235,2683011.8495,-3667007.9698,-35.3161635,149.0101536,802.490,63,0.58,,1,,IGS00|IGS97|ITRF00|ITRF2005|ITRF2014_0,1997-01-01,2017-10-07,RNX2SNX,STRL,25.1
STRL,50119S001,-4467063.7531,2683034.4762,-3667007.2326,-35.3161455,149.0098793,804.037,4,0.00,,1,,IGS00,2000-01-01,2000-01-01,REFERENCE,7849,0.3
STRR,50119M002,-4467102.8410,2683039.4736,-3666949.2127,-35.3155309,149.0100535,799.938,2,0.00,,1,,ITRF2014_0,2010-01-01,2010-01-01,REFERENCE,STR1,0.6
STVI,82101M001,2561887.1101,-5487593.7288,1994143.1144,18.3400948,-64.9744473,-21.473,2,0.00,,1,,ITRF2014_0,2010-01-01,2010-01-01,REFERENCE,VITH,659.6
SUAL,,-3072766.3994,5304881.8595,1754473.5640,16.0724297,120.0808689,153.307,102,5.88,,1,,ITRF2005,2006-12-06,2014-04-18,GPSEST,PNR1,3063.3
SUAO,,-3063681.6614,4928320.7332,2638097.8151,24.5923996,121.8670756,25.306,91,1.18,,1,,ITRF00|ITRF2005|WGS-84,2000-01-01,2017-10-07,RNX2SNX,YILN,20996.3
SULP,12366M001,3765296.6179,1677559.5178,4851297.5897,49.8355911,24.0144942,370.525,270,0.39,,1,,IGS20|IGS20_0|ITRF2014_0,2010-01-01,2025-07-19,RNX2SNX,1831,10089.8
SULT,,-3621719.9293,5086259.0464,1297419.2660,11.8152491,125.4531347,70.235,619,0.10,,1,,IGS14|IGS20,2021-09-01,2026-02-12,RNX2SNX,TAFT,10474.7
SUMK,25703M001,1262670.6575,4402617.4998,4425403.8506,44.2081314,73.9971091,1012.149,2,0.00,,1,,ITRF2014_0,2010-01-01,2010-01-01,REFERENCE,CHUM,147555.2
SUN1,,-2997875.7821,5007428.8499,2566681.1408,23.8812425,120.9083517,1035.871,48,0.04,,1,,WGS-84,2000-04-07,2000-04-16,OTHER,S167,8531.9
SUNM,50143M001,-5046793.8136,2567554.7019,-2926028.0601,-27.4848959,153.0352986,92.022,10,0.59,,1,,IGS00|IGS97|ITRF2014_0,1997-01-01,2010-01-01,REFERENCE,WOOL,7.8
SURI,,-3658610.9006,5114994.1120,1061800.2821,9.6468545,125.5750705,233.975,11,15.53,,1,,ITRF2005,1997-06-01,1997-06-01,GPSEST,NOMC,5329.8
SUTH,30314M002,5041274.9183,1916054.5459,-3397075.6135,-32.3802070,20.8104663,1799.762,767,0.74,,1,,IGS00|IGS08|IGS14|IGS14_0|IGS20|IGS20_0|IGS97|IGb08|ITRF00|ITRF2005|ITRF2014_0|ITRF97,1997-01-01,2026-02-12,RNX2SNX,SUTV,0.0
SUTM,30314M004,5041190.2955,1916067.5216,-3397189.0666,-32.3814304,20.8109145,1797.612,758,0.64,,1,,IGS08|IGS14|IGS14_0|IGS20|IGS20_0|IGb08|ITRF00|ITRF2005|ITRF2014_0,2000-01-01,2026-02-12,RNX2SNX,SUTH,142.1
SUTV,30314M002,5041274.9184,1916054.5462,-3397075.6103,-32.3802070,20.8104663,1799.761,628,0.52,,1,,IGS14|IGS14_0|IGS20|IGb08|ITRF2014_0,2005-01-01,2026-02-12,RNX2SNX,SUTH,0.0
SUVA,50801S001,-6060677.1011,166617.2214,-1973761.6237,-18.1459273,178.4252486,72.636,4,0.00,,1,,IGS00,2000-01-01,2000-01-01,REFERENCE,LAUT,119545.3
SUWN,23903M001,-3062023.4468,4055447.7586,3841818.0740,37.2755125,127.0542478,82.264,767,0.90,,1,,IGS00|IGS08|IGS14|IGS14_0|IGS20|IGS20_0|IGS97|IGb08|ITRF00|ITRF2005|ITRF2014_0|ITRF97,1997-01-01,2026-02-12,RNX2SNX,OSN1,22131.8
SVAQ,,-3315670.3095,5317997.6144,1182103.6945,10.7522162,121.9427542,72.375,15,6.86,yes,2,115479.2,ITRF2005,2014-05-09,2014-05-11,GPSEST,SJAQ,0.2
SVTL,12350M001,2730154.9765,1562365.0135,5529989.4294,60.5328643,29.7808828,76.725,275,0.73,,1,,IGS20|IGS20_0|IGS97|ITRF2014_0|ITRF97,1997-01-01,2025-07-19,RNX2SNX,JOEN,207758.2
SWAN,,-2941544.4770,5069395.4747,2507425.1442,23.3014313,120.1246850,29.467,53,0.00,,1,,ITRF00|ITRF2005,2000-01-01,2017-10-07,RNX2SNX,HOKN,12562.6
SWAS,19193M001,3963403.5024,-275880.6159,4972970.3004,51.5655592,-3.9817647,89.976,2,0.00,,1,,ITRF2014_0,2010-01-01,2010-01-01,REFERENCE,PMTH,128235.8
SWTG,19158M001,3347545.1197,-374833.4204,5398005.4542,58.2075867,-6.3889464,60.082,2,0.00,,1,,ITRF2014_0,2010-01-01,2010-01-01,REFERENCE,ULLA,80520.2
SWYH,,-2981315.4300,4976174.7800,2642961.7000,24.6400751,120.9265802,176.211,53,0.00,,1,,ITRF00|ITRF2005,2000-01-01,2017-10-07,RNX2SNX,TOFN,2442.5
SYDN,50124M003,-4648241.0502,2560636.4409,-3526317.5504,-33.7808692,151.1503834,85.578,700,0.88,,1,,IGS14|IGS14_0|IGS20|IGS20_0|ITRF2014_0,2010-01-01,2026-02-12,RNX2SNX,PTKL,80090.5
SYOG,66006S002,1766207.9614,1460290.3081,-5932297.6539,-69.0069568,39.5837415,49.995,766,0.16,,1,,IGS00|IGS08|IGS14|IGS14_0|IGS20|IGS20_0|IGS97|IGb08|ITRF00|ITRF2005|ITRF2014_0,1997-01-01,2026-02-12,RNX2SNX,MAW1,966646.8
T101,,-3053375.6739,5017260.1401,2478835.6174,23.0203382,121.3236201,110.354,53,0.00,,1,,ITRF00|ITRF2005,2000-01-01,2017-10-07,RNX2SNX,T102,4823.8
T102,,-3049384.4524,5019934.9566,2478405.4602,23.0160148,121.2767962,137.261,53,0.00,,1,,ITRF00|ITRF2005,2000-01-01,2017-10-07,RNX2SNX,T101,4823.8
T103,,-3045512.7531,5015417.0839,2492637.2948,23.1550165,121.2673883,316.509,53,0.00,,1,,ITRF00|ITRF2005,2000-01-01,2017-10-07,RNX2SNX,T104,2787.1
T104,,-3043123.2032,5016851.4281,2492607.8294,23.1548201,121.2401747,292.436,53,0.00,,1,,ITRF00|ITRF2005,2000-01-01,2017-10-07,RNX2SNX,T105,1315.2
T105,,-3041978.3312,5017496.1134,2492667.2154,23.1554637,121.2273514,276.796,53,0.00,,1,,ITRF00|ITRF2005,2000-01-01,2017-10-07,RNX2SNX,T104,1315.2
T106,,-3042294.1186,5010100.1176,2506928.6068,23.2957286,121.2674718,240.676,53,0.00,,1,,ITRF00|ITRF2005,2000-01-01,2017-10-07,RNX2SNX,YUL1,4391.8
T107,,-3042625.6547,5020205.2764,2486554.2200,23.0952973,121.2190455,315.139,53,0.00,,1,,ITRF00|ITRF2005,2000-01-01,2017-10-07,RNX2SNX,T108,6230.4
T108,,-3041678.8312,5023403.3116,2481291.7322,23.0436386,121.1949731,318.245,53,0.00,,1,,ITRF00|ITRF2005,2000-01-01,2017-10-07,RNX2SNX,T109,4706.9
T109,,-3040648.8793,5025852.3221,2477406.3225,23.0058346,121.1740068,235.964,53,0.00,,1,,ITRF00|ITRF2005,2000-01-01,2017-10-07,RNX2SNX,T108,4706.9
T110,,-3034722.8519,5034701.9038,2466892.9455,22.9025317,121.0799412,290.595,53,0.00,,1,,ITRF00|ITRF2005,2000-01-01,2017-10-07,RNX2SNX,S105,6418.6
TABA,,-3446552.7700,5161896.0498,1463968.0350,13.3578443,123.7306893,71.461,384,0.12,,1,,ITRF2005,2012-04-23,2012-12-30,GPSEST,CALB,7610.8
TABL,49901M001,-2448550.1487,-4668099.0418,3582741.0051,34.3818488,-117.6782828,2228.006,2,0.00,,1,,ITRF2014_0,2010-01-01,2010-01-01,REFERENCE,TABV,0.0
TABV,49901M001,-2448550.1487,-4668099.0414,3582741.0048,34.3818488,-117.6782828,2228.006,2,0.00,,1,,ITRF2014_0,2010-01-01,2010-01-01,REFERENCE,TABL,0.0
TACB,,-3589341.4068,5124619.2450,1235471.0996,11.2436706,125.0078344,89.237,619,0.10,,1,,IGS14|IGS20,2021-09-01,2026-02-12,RNX2SNX,TCDR,81.5
TACH,,-2955322.0330,5010114.2060,2607692.8310,24.2908434,120.5351300,33.845,53,0.00,,1,,ITRF00|ITRF2005,2000-01-01,2017-10-07,RNX2SNX,GS38,6759.0
TACLOBAN,,-3588937.8123,5124729.1944,1236144.5685,11.2498914,125.0042294,81.835,10,0.04,,1,,ITRF2005,2012-03-13,2012-03-29,GPSEST,PTAC,0.0
TAEJ,23902M001,-3120423.6650,4086355.1681,3761769.3435,36.3744186,127.3660872,77.471,762,0.84,,1,,IGS00|IGS14|IGS14_0|IGS20|IGS20_0|IGS97|ITRF00|ITRF2005|ITRF2014_0|ITRF97,1997-01-01,2026-02-12,RNX2SNX,DAEJ,2875.9
TAFT,,-3617525.0535,5086765.8102,1307003.9171,11.9037940,125.4190703,63.832,26,188.64,,1,,ITRF2005,1997-06-13,1999-11-15,GPSEST,LEYJ,22.6
TAGAYTAY,,-3181286.4570,5307490.6408,1543919.5571,14.1002779,120.9382862,717.996,230,323.38,,1,,ITRF2005,2008-12-01,2014-07-26,GPSEST,PTGY,0.9
TAGB,,-3668043.2870,5120644.3646,999857.2800,9.0794503,125.6149549,106.669,53,0.08,,1,,ITRF2005,2008-09-22,2011-01-28,GPSEST,NOMB,13594.9
TAH1,92201S011,-5246404.7845,-3077284.2582,-1913838.6216,-17.5770229,-149.6062005,99.804,630,1.50,,1,,IGS08|IGS14|IGS14_0|IGS20|IGb08|ITRF2014_0,2005-01-01,2026-02-12,RNX2SNX,TAH2,0.0
TAH2,92201S011,-5246404.7847,-3077284.2581,-1913838.6216,-17.5770229,-149.6062005,99.804,628,1.50,,1,,IGS14|IGS14_0|IGS20|IGb08|ITRF2014_0,2005-01-01,2026-02-12,RNX2SNX,TAH1,0.0
TAHI,92201M006,-5246568.9032,-3076989.3378,-1913777.4292,-17.5765167,-149.6093791,74.043,62,318.37,,1,,IGS00|IGS97|ITRF00|ITRF2005|ITRF97,1997-01-01,2017-10-07,RNX2SNX,THTI,316.3
TAIW,23601M001,-3024781.9974,4928936.8347,2681234.4503,25.0213316,121.5365409,43.983,251,6.84,,1,,IGS00|IGS97|ITRF2005|ITRF2014_0|ITRF97|WGS-84,1995-11-14,2010-01-01,GPSEST,TAIWAN,0.0
TAIWAN,,-3024781.9849,4928936.8139,2681234.4566,25.0213317,121.5365409,43.964,286,142.69,,1,,ITRF2005,1996-03-07,1997-05-17,GPSEST,TAIW,0.0
TAKL,50216S001,-5089175.8401,465847.6148,-3803541.6381,-36.8435985,174.7698945,40.868,2,0.00,,1,,ITRF2014_0,2010-01-01,2010-01-01,REFERENCE,AUKT,50.0
TALA,25704M001,1440489.6290,4489412.6551,4283257.7913,42.4454652,72.2104491,1498.512,2,0.00,,1,,ITRF2014_0,2010-01-01,2010-01-01,REFERENCE,POL2,205653.1
TALI,,-3202997.0596,5285765.4703,1570450.2933,14.3491373,121.2144612,63.565,619,0.09,,1,,IGS14|IGS20,2021-09-01,2026-02-12,RNX2SNX,JALA,12193.3
TAMA,32903M001,6289725.4577,-94603.9592,1051694.9793,9.5542565,-0.8617226,194.494,2,0.00,,1,,ITRF2014_0,2010-01-01,2010-01-01,REFERENCE,DJOU,277383.4
TAMP,40516M001,-807922.6837,-5849358.2527,2402967.6662,22.2783209,-97.8640274,21.047,2,0.00,,1,,ITRF2014_0,2010-01-01,2010-01-01,REFERENCE,SG21,312863.9
TANS,,-3011412.8309,4928282.3052,2697297.2153,25.1815154,121.4268971,30.320,53,0.00,,1,,ITRF00|ITRF2005,2000-01-01,2017-10-07,RNX2SNX,GS10,5248.4
TANY,,-3214233.6953,5272149.5837,1595513.4142,14.5815555,121.3691100,709.064,1469,167.53,yes,15,34631.1,IGS14|IGS20|ITRF2005,2014-04-20,2026-02-12,RNX2SNX,MRK5,17327.1
TANZ,30902M001,4908011.7922,4004007.3555,-746405.3883,-6.7655853,39.2079254,70.454,2,0.00,,1,,ITRF2014_0,2010-01-01,2010-01-01,REFERENCE,MAL2,430873.2
TARI,19350M001,5140808.1556,-504297.6650,3728985.0437,36.0085116,-5.6026165,49.911,2,0.00,,1,,ITRF2014_0,2010-01-01,2010-01-01,REFERENCE,GIBR,26425.7
TARL,,-3129784.5263,5293308.0919,1687593.1173,15.4445891,120.5946335,93.622,74,2.56,,1,,ITRF2005,2006-12-08,2009-10-08,GPSEST,TRL1,2.6
TASH,12327M001,1695944.6848,4487138.6833,4190140.7679,41.3280500,69.2955724,439.692,625,0.38,,1,,IGS14|IGS14_0|IGS20|ITRF2014_0,2010-01-01,2026-02-12,RNX2SNX,TALA,271906.7
TASI,,-2937915.0000,5050110.0000,2549964.0000,23.7202696,120.1888188,36.253,53,0.00,,1,,ITRF00|ITRF2005,2000-01-01,2017-10-07,RNX2SNX,PKGM,19581.3
TASO,,-2965374.0000,4995237.0000,2624935.0000,24.4612635,120.6950753,150.806,53,0.00,,1,,ITRF00|ITRF2005,2000-01-01,2017-10-07,RNX2SNX,TSIO,1573.8
TATA,,-3187010.4697,5293941.4623,1575383.8180,14.3951725,121.0483991,61.199,53,0.00,,1,,ITRF00|ITRF2005,2000-01-01,2017-10-07,RNX2SNX,HEAL,424.0
TAW2,,-3154392.9092,5515655.6858,554873.7502,5.0242937,119.7651564,155.255,619,0.09,,1,,IGS14|IGS20,2021-09-01,2026-02-12,RNX2SNX,TAWI,0.6
TAWI,,-3154392.2867,5515655.5571,554873.6927,5.0242935,119.7651521,154.831,942,11.76,,1,,IGS14|IGS20|ITRF2005,2012-06-13,2026-02-12,RNX2SNX,TAW2,0.6
TAYN,,-3001407.0120,5042068.0640,2493207.7760,23.1593476,120.7641964,645.677,53,0.00,,1,,ITRF00|ITRF2005,2000-01-01,2017-10-07,RNX2SNX,02L1,5749.5
TBTG,92401M002,-5047203.4996,-2975933.3283,-2511520.6193,-23.3417985,-149.4755382,4.508,2,0.00,,1,,ITRF2014_0,2010-01-01,2010-01-01,REFERENCE,THTG,638100.9
TCDR,,-3589404.6576,5124569.1446,1235482.8411,11.2437831,125.0085721,86.868,619,0.46,,1,,IGS14|IGS20,2021-09-01,2026-02-12,RNX2SNX,TACB,81.5
TCGN,,-3689418.8767,5118380.4035,930927.2603,8.4488472,125.7847283,114.773,1124,9.19,yes,17,53315.1,IGS14|IGS20|ITRF2005,2014-08-01,2026-02-12,RNX2SNX,SOMA,49.6
TCMS,23604S002,-2982783.5165,4966659.8343,2658809.2709,24.7979843,120.9873964,77.239,758,0.81,,1,,IGS08|IGS14|IGS14_0|IGS20|IGS20_0|IGb08|ITRF00|ITRF2005|ITRF2014_0,2000-01-01,2026-02-12,RNX2SNX,TNML,6.1
TCSS,,-3503721.0522,5221226.8842,1066311.0025,9.6884237,123.8637134,103.616,619,0.09,,1,,IGS14|IGS20,2021-09-01,2026-02-12,RNX2SNX,SOLK,6.9
TCYU,,-3000308.7572,4948091.1965,2673879.9948,24.9473993,121.2308130,207.355,53,0.00,,1,,ITRF00|ITRF2005,2000-01-01,2017-10-07,RNX2SNX,TWTF,6731.6
TEHN,20404M002,3240498.7448,4049740.5074,3701663.4023,35.6972856,51.3340988,1194.589,630,0.67,,1,,IGS08|IGS14|IGS14_0|IGS20|IGb08|ITRF2014_0,2005-01-01,2026-02-12,RNX2SNX,BAKU,535646.9
TELA,20704M001,4443535.4943,3086140.8312,3366854.1511,32.0679950,34.7808959,58.360,64,0.30,,1,,IGS00|IGS97|ITRF00|ITRF2005|ITRF2014_0|ITRF97,1997-01-01,2017-10-07,RNX2SNX,ALON,43194.9
TERC,31909M001,4434022.2118,-2274181.0498,3968280.1909,38.7189939,-27.1529914,406.863,2,0.00,,1,,ITRF2014_0,2010-01-01,2010-01-01,REFERENCE,PDEL,169250.0
TERS,13534M001,3798580.6626,346993.9647,5094780.9677,53.3627380,5.2193877,56.094,11,0.24,,1,,IGS00|IGS97|ITRF2014_0|ITRF97,1997-01-01,2010-01-01,REFERENCE,BORJ,99054.3
TESD,,-3189209.6189,5295357.9168,1574167.0717,14.3792503,121.0590909,2033.104,53,0.00,,1,,ITRF00|ITRF2005,2000-01-01,2017-10-07,RNX2SNX,CENT,1815.3
TETN,35003M001,5171749.5154,-485505.9561,3688771.0476,35.5616447,-5.3630121,63.730,2,0.00,,1,,ITRF2014_0,2010-01-01,2010-01-01,REFERENCE,CEU1,37007.8
TFNO,40191M001,-2451194.5950,-3385217.2923,4801784.8358,49.1541428,-125.9078394,-3.867,2,0.00,,1,,ITRF2014_0,2010-01-01,2010-01-01,REFERENCE,UCLU,36913.6
TGBF,14268M003,3770680.3087,446150.5173,5107675.8694,53.5574267,6.7479184,48.798,2,0.00,,1,,ITRF2014_0,2010-01-01,2010-01-01,REFERENCE,BORK,692.6
TGBU,14294M001,3701580.9502,576949.9988,5144738.1552,54.1217357,8.8591713,51.246,2,0.00,,1,,ITRF2014_0,2010-01-01,2010-01-01,REFERENCE,HELJ,63398.4
TGCV,39601S001,5624175.6237,-2385323.6927,1826873.6609,16.7547724,-22.9827576,35.204,4,0.00,,1,,IGS00,2000-01-01,2000-01-01,REFERENCE,CPVG,5685.7
TGDA,14293M001,3648811.9471,557503.0267,5184159.5032,54.7305074,8.6870550,50.358,2,0.00,,1,,ITRF2014_0,2010-01-01,2010-01-01,REFERENCE,HOE2,25546.4
TGDE,10320M001,3358080.8284,445364.9805,5386152.9728,58.0063774,7.5547559,45.844,2,0.00,,1,,ITRF2014_0,2010-01-01,2010-01-01,REFERENCE,HIRS,150733.3
TGDN,,-3092681.8691,5261789.9098,1845872.9785,16.9340942,120.4454080,54.294,1301,5.55,yes,2,260923.1,IGS14|IGS20|ITRF2005,2012-02-22,2026-02-12,RNX2SNX,IS26,19491.9
TGEM,14295M001,3786730.6312,477454.2305,5093051.7942,53.3367700,7.1862817,51.111,2,0.00,,1,,ITRF2014_0,2010-01-01,2010-01-01,REFERENCE,TGKN,10421.1
TGKN,14290M001,3788865.1037,467273.8866,5092415.8045,53.3271717,7.0306832,53.515,2,0.00,,1,,ITRF2014_0,2010-01-01,2010-01-01,REFERENCE,TGEM,10421.1
TGME,14297M001,3740165.0783,531813.9365,5121826.8416,53.7717100,8.0926368,73.328,2,0.00,,1,,ITRF2014_0,2010-01-01,2010-01-01,REFERENCE,HELG,46703.5
TGRC,12755M001,4838809.0072,1355666.7794,3914997.4944,38.1083228,15.6510329,139.083,2,0.00,,1,,ITRF2014_0,2010-01-01,2010-01-01,REFERENCE,EIIV,82869.8
THTG,92201M016,-5246415.5523,-3077260.2988,-1913841.5885,-17.5770562,-149.6064465,97.999,268,0.77,,1,,IGS20|IGS20_0,2015-01-01,2025-07-19,RNX2SNX,THTI,1.6
THTI,92201M009,-5246416.3744,-3077258.9679,-1913841.5389,-17.5770557,-149.6064613,98.018,767,2.12,,1,,IGS00|IGS08|IGS14|IGS14_0|IGS20|IGS20_0|IGS97|IGb08|ITRF00|ITRF2005|ITRF2014_0|ITRF97,1997-01-01,2026-02-12,RNX2SNX,THTG,1.6
THU1,43001M001,538980.7904,-1388714.9199,6181005.2711,76.5373382,-68.7880310,55.114,346,0.67,,1,,IGS00|IGS08|IGS20|IGS20_0|IGS97|IGb08|ITRF00|ITRF2005|ITRF2014_0|ITRF97,1997-01-01,2025-07-19,RNX2SNX,THU2,963.3
THU2,43001M002,538093.0953,-1389088.1508,6180979.3847,76.5370484,-68.8250544,36.241,764,0.65,,1,,IGS00|IGS14|IGS14_0|IGS20|IGS20_0|IGS97|IGb08|ITRF00|ITRF2005|ITRF2014_0,1997-01-01,2026-02-12,RNX2SNX,THU3,0.0
THU3,43001M002,538093.0950,-1389088.1505,6180979.3842,76.5370484,-68.8250544,36.241,687,0.60,,1,,IGS00|IGS08|IGS14|IGS14_0|IGS20|IGb08|ITRF00|ITRF2005|ITRF2014_0,2000-01-01,2026-02-12,RNX2SNX,THU2,0.0
TIAN,,-2986842.0830,4982610.7066,2625465.1845,24.4650412,120.9407160,511.334,53,0.00,,1,,ITRF00|ITRF2005,2000-01-01,2017-10-07,RNX2SNX,DPES,17161.6
TIBB,49426M001,-2704026.9129,-4253049.9800,3895879.2811,37.8908755,-122.4476034,-21.084,2,0.00,,1,,ITRF2014_0,2010-01-01,2010-01-01,REFERENCE,PBL1,4896.8
TID1,50103M108,-4460997.1574,2682557.0885,-3674442.3934,-35.3991945,148.9800023,665.319,756,1.48,,1,,IGS14|IGS14_0|IGS20|IGS20_0|IGb08|ITRF00|ITRF2005|ITRF2014_0,2000-01-01,2026-02-12,RNX2SNX,TID2,0.0
TID2,50103M108,-4460997.1581,2682557.0885,-3674442.3938,-35.3991945,148.9800023,665.319,695,1.68,,1,,IGS00|IGS14|IGS14_0|IGS20|IGS97|IGb08|ITRF00|ITRF2005|ITRF2014_0|ITRF97,1997-01-01,2026-02-12,RNX2SNX,TIDB,0.0
TIDB,50103M108,-4460997.1579,2682557.0885,-3674442.3943,-35.3991945,148.9800023,665.320,772,1.68,,1,,IGS00|IGS08|IGS14|IGS14_0|IGS20|IGS20_0|IGS97|IGb08|ITRF00|ITRF2005|ITRF2014_0|ITRF97,1997-01-01,2026-02-12,RNX2SNX,TID2,0.0
TIGZ,,4075582.3464,931722.9297,4801581.3292,49.1444625,12.8771559,658.070,8,0.04,,1,,IGS00|IGS97,1997-01-01,2000-01-01,REFERENCE,7594,19.7
TIMM,43027M001,2182031.1821,-1984531.6691,5636567.4395,62.5355424,-42.2861504,313.265,2,0.00,,1,,ITRF2014_0,2010-01-01,2010-01-01,REFERENCE,NNVN,169761.6
TITZ,14278M001,3993780.5292,450206.8017,4936136.9486,51.0353064,6.4316286,156.178,2,0.00,,1,,ITRF2014_0,2010-01-01,2010-01-01,REFERENCE,EUSK,46483.5
TIXG,12360M001,-1264873.6045,1569455.7444,6031003.3705,71.6344715,128.8664302,47.078,628,0.42,,1,,IGS14|IGS14_0|IGS20|IGb08|ITRF2014_0,2005-01-01,2026-02-12,RNX2SNX,TIXI,0.0
TIXI,12360M001,-1264873.6039,1569455.7447,6031003.3706,71.6344715,128.8664302,47.078,767,0.60,,1,,IGS00|IGS08|IGS14|IGS14_0|IGS20|IGS20_0|IGS97|IGb08|ITRF00|ITRF2005|ITRF2014_0|ITRF97,1997-01-01,2026-02-12,RNX2SNX,TIXG,0.0
TIXJ,12360M002,-1264873.1830,1569457.2239,6031003.0725,71.6344631,128.8663945,47.075,2,0.00,,1,,ITRF2014_0,2010-01-01,2010-01-01,REFERENCE,TIXI,1.6
TLSE,10003M009,4627851.5874,119640.4085,4372993.7875,43.5606977,1.4808954,207.181,766,0.74,,1,,IGS00|IGS08|IGS14|IGS14_0|IGS20|IGS20_0|IGS97|IGb08|ITRF00|ITRF2005|ITRF2014_0,1997-01-01,2026-02-12,RNX2SNX,TOUL,13.7
TLSY,,-3362468.5082,5192711.9359,1547576.7027,14.1358216,122.9245148,74.836,56,0.01,,1,,IGS14|IGS20,2025-01-02,2026-02-12,RNX2SNX,CMN2,6286.1
TMAM,,-3034565.0380,5048869.4975,2437552.2838,22.6160994,121.0074885,58.101,53,0.00,,1,,ITRF00|ITRF2005,2000-01-01,2017-10-07,RNX2SNX,TMLM,2.2
TMGO,49433M001,-1283387.8219,-4713015.4500,4090190.2842,40.1309348,-105.2327117,1672.967,2,0.00,,1,,ITRF2014_0,2010-01-01,2010-01-01,REFERENCE,NISU,15260.2
TMLM,,-3034565.2690,5048871.0266,2437550.6654,22.6160810,121.0074827,58.798,246,0.10,,1,,WGS-84,1999-03-04,2000-04-16,OTHER,TMAM,2.2
TN01,31314M001,5386836.3805,-1569217.3317,3023119.1062,28.4771846,-16.2411541,51.755,2,0.00,,1,,ITRF2014_0,2010-01-01,2010-01-01,REFERENCE,PLUZ,89580.5
TN22,49450M001,419473.0377,-5188697.5030,3673388.6457,35.3904843,-85.3780541,206.194,2,0.00,,1,,ITRF2014_0,2010-01-01,2010-01-01,REFERENCE,ASHV,257983.0
TNDG,,-3721894.0491,5082455.0049,995559.4081,9.0401383,126.2154079,80.809,1115,9.03,yes,20,53273.8,IGS14|IGS20|ITRF2005,2014-09-04,2026-02-12,RNX2SNX,NOML,103.0
TNDR,,-2973386.6919,5072157.0339,2464311.2155,22.8780564,120.3795738,72.977,53,0.00,,1,,ITRF00|ITRF2005,2000-01-01,2017-10-07,RNX2SNX,ALFS,3063.1
TNHS,,-3181508.6734,5287998.0122,1606098.2412,14.6818667,121.0330972,96.031,52,0.00,,1,,ITRF00,2017-09-30,2017-10-07,RNX2SNX,UP02,4090.1
TNML,23604S001,-2982779.4304,4966662.6552,2658805.6455,24.7979534,120.9873474,76.004,2624,198.84,yes,9,34504.8,IGS08|IGS14|IGS14_0|IGS20|IGS20_0|IGb08|ITRF00|ITRF2005|ITRF2014_0,2000-01-01,2026-02-12,RNX2SNX,TCMS,6.1
TNSM,,-2684180.8715,5331205.6965,2240635.6889,20.7026424,116.7245585,18.268,198,0.07,,1,,WGS-84,1999-03-04,1999-03-15,OTHER,HKSL,343595.6
TOF1,,-3556132.2755,5150000.7838,1228965.5993,11.1826858,124.6255062,665.337,14,0.02,,1,,ITRF2005,1997-06-11,1997-06-13,GPSEST,TONF,0.7
TOFN,,-2980616.4007,4975357.5540,2645154.7228,24.6620612,120.9248056,127.237,53,0.00,,1,,ITRF00|ITRF2005,2000-01-01,2017-10-07,RNX2SNX,SSES,1860.2
TOLF,19075M001,4638873.2495,986019.1797,4251128.1446,42.0640135,11.9999555,362.759,2,0.00,,1,,ITRF2014_0,2010-01-01,2010-01-01,REFERENCE,M0SE,45078.5
TONA,,-3559635.2343,5149502.4433,1220801.1051,11.1075131,124.6544805,638.508,239,103.89,,1,,ITRF2005,1995-11-14,2014-06-25,GPSEST,TONW,4716.9
TONF,,-3556132.5025,5150001.3108,1228966.0008,11.1826884,124.6255052,665.967,313,351.97,,1,,ITRF2005,1995-11-17,2014-06-26,GPSEST,TOF1,0.7
TONG,50902M001,-5930303.6409,-500147.8219,-2286366.2133,-21.1447132,-175.1792173,56.301,2,0.00,,1,,ITRF2014_0,2010-01-01,2010-01-01,REFERENCE,NIUM,594780.5
TONU,,-3565163.2501,5144038.8537,1226892.1593,11.1638869,124.7245501,493.968,24,15.50,,1,,ITRF2005,2001-11-29,2001-11-30,GPSEST,JARO,6993.3
TONW,,-3557621.3187,5149680.8215,1225062.7790,11.1470537,124.6383870,481.545,97,527.99,,1,,ITRF2005,1997-05-30,1999-11-13,GPSEST,ADMI,0.3
TOPL,41648M001,4174345.5773,-4690236.8050,-1118921.1143,-10.1710507,-48.3306800,256.540,270,0.19,,1,,IGS20|IGS20_0|ITRF2014_0,2010-01-01,2025-07-19,RNX2SNX,IMPZ,525467.5
TORI,12724M002,4472544.2823,601634.4367,4492545.2569,45.0633682,7.6612826,310.741,2,0.00,,1,,ITRF2014_0,2010-01-01,2010-01-01,REFERENCE,IENG,5631.3
TORP,49912M001,-2517894.6058,-4670259.8421,3527827.6563,33.7977984,-118.3306043,-5.209,2,0.00,,1,,ITRF2014_0,2010-01-01,2010-01-01,REFERENCE,PVEP,9115.8
TORS,10108S001,2979075.6133,-353362.1914,5609834.8805,62.0232968,-6.7645161,114.605,2,0.00,,1,,ITRF2014_0,2010-01-01,2010-01-01,REFERENCE,ARGI,3056.1
TOUL,10003M004,4627845.7856,119629.7186,4373000.0623,43.5607763,1.4807650,207.102,762,0.73,,1,,IGS00|IGS14|IGS14_0|IGS20|IGS20_0|IGS97|ITRF00|ITRF2005|ITRF2014_0|ITRF97,1997-01-01,2026-02-12,RNX2SNX,TLSE,13.7
TOW2,50140M001,-5054583.5677,3275504.0335,-2091538.1856,-19.2692697,147.0556937,88.100,767,1.82,,1,,IGS00|IGS08|IGS14|IGS14_0|IGS20|IGS20_0|IGS97|IGb08|ITRF00|ITRF2005|ITRF2014_0|ITRF97,1997-01-01,2026-02-12,RNX2SNX,RSBY,579369.4
TRAB,20808M001,3705249.8978,3084421.9773,4162044.9765,40.9947105,39.7755677,99.279,758,0.73,,1,,IGS08|IGS14|IGS14_0|IGS20|IGS20_0|IGb08|ITRF00|ITRF2005|ITRF2014_0,2000-01-01,2026-02-12,RNX2SNX,1886,324993.6
TRAK,40480M001,-2480029.3997,-4703110.6797,3511298.6455,33.6179353,-117.8034358,115.525,2,0.00,,1,,ITRF2014_0,2010-01-01,2010-01-01,REFERENCE,MATH,43078.1
TRC3,,-3107842.1631,5300617.4750,1705192.6212,15.6095267,120.3838211,146.959,63,46.60,,1,,ITRF2005,2008-08-22,2014-04-14,GPSEST,TRLC,25910.6
TRDS,10331M001,2820170.7455,513486.1068,5678935.9983,63.3713845,10.3191587,317.757,2,0.00,,1,,ITRF2014_0,2010-01-01,2010-01-01,REFERENCE,TRON,0.3
TREO,43028M001,2082987.4295,-1834790.7065,5723297.7517,64.2770689,-41.3750765,121.882,2,0.00,,1,,ITRF2014_0,2010-01-01,2010-01-01,REFERENCE,LYNS,59381.0
TRIE,12718M003,4333581.6420,1061504.6777,4543010.6922,45.7097578,13.7635214,323.409,2,0.00,,1,,ITRF2014_0,2010-01-01,2010-01-01,REFERENCE,7550,11461.4
TRIN,,-3543089.6132,5185584.4484,1108922.0560,10.0794932,124.3431365,88.906,619,0.11,,1,,IGS14|IGS20,2021-09-01,2026-02-12,RNX2SNX,SOLE,23300.5
TRL1,,-3129785.8563,5293310.1759,1687594.0104,15.4445909,120.5946343,96.242,12,2.15,,1,,ITRF2005,2008-08-23,2008-08-23,GPSEST,TARL,2.6
TRLC,,-3128662.1431,5292548.0799,1692048.3663,15.4863468,120.5892347,100.587,314,0.05,,1,,ITRF2005,2012-02-23,2012-11-05,GPSEST,TRL1,4656.7
TRO1,10302M006,2102928.1303,721619.6559,5958196.4209,69.6627209,18.9396544,138.148,767,0.61,,1,,IGS00|IGS08|IGS14|IGS14_0|IGS20|IGS20_0|IGS97|IGb08|ITRF00|ITRF2005|ITRF2014_0|ITRF97,1997-01-01,2026-02-12,RNX2SNX,7602,29.9
TROM,10302M003,2102939.8436,721569.6573,5958192.3279,69.6627514,18.9383376,132.521,772,51.16,,1,,IGS00|IGS08|IGS14|IGS14_0|IGS20|IGS20_0|IGS97|IGb08|ITRF00|ITRF2005|ITRF2014_0|ITRF97,1997-01-01,2026-02-12,RNX2SNX,7602,49.3
TRON,10331M001,2820170.9828,513485.9507,5678935.8954,63.3713825,10.3191548,317.757,11,0.30,,1,,IGS00|IGS97|ITRF2014_0|ITRF97,1997-01-01,2010-01-01,REFERENCE,TRDS,0.3
TRSA,,-3199432.1562,5281215.7073,1592891.7393,14.5584871,121.2080499,108.011,52,0.00,,1,,ITRF00,2017-09-30,2017-10-07,RNX2SNX,ACDR,4645.9
TSHI,,-3027243.9232,4914415.5021,2704863.5943,25.2569273,121.6327648,50.851,53,0.00,,1,,ITRF00|ITRF2005,2000-01-01,2017-10-07,RNX2SNX,GS09,5690.9
TSHO,,-2970361.2483,5072618.4988,2466978.2062,22.9042158,120.3518591,68.223,48,0.04,,1,,WGS-84,2000-04-07,2000-04-16,OTHER,WNHE,1711.5
TSIO,,-2965850.3565,4994246.3014,2626061.2390,24.4727940,120.7041043,63.257,53,0.00,,1,,ITRF00|ITRF2005,2000-01-01,2017-10-07,RNX2SNX,TASO,1573.8
TSK2,21730S010,-3957184.4466,3310231.2332,3737703.9388,36.1055764,140.0871226,69.874,2,0.00,,1,,ITRF2014_0,2010-01-01,2010-01-01,REFERENCE,TSKB,35.7
TSKB,21730S005,-3957199.2448,3310199.6830,3737711.6402,36.1056797,140.0874968,67.228,7933,276.08,yes,12,33955.3,IGS00|IGS08|IGS20|IGS20_0|IGS97|IGb08|ITRF00|ITRF2005|ITRF2014_0|ITRF97|WGS-84,1995-11-14,2025-07-19,RNX2SNX,TSK2,35.7
TUA2,,-3171161.5595,5183968.5134,1930495.4259,17.7350011,121.4551552,85.658,56,0.01,,1,,IGS14|IGS20,2025-01-02,2026-02-12,RNX2SNX,TUAO,1.4
TUAO,,-3171161.4134,5183968.0795,1930494.1074,17.7349910,121.4551562,84.831,1828,93.15,,1,,IGS14|IGS20|ITRF2005,2012-02-16,2026-02-12,RNX2SNX,TUA2,1.4
TUBI,20806M001,4211317.0034,2377866.1674,4144663.4428,40.7867271,29.4506882,220.320,270,0.43,,1,,IGS20|IGS20_0|ITRF2014_0,2010-01-01,2025-07-19,RNX2SNX,ISTA,50638.8
TUC2,12617M003,4744543.8067,2119411.9548,3686258.8034,35.5331900,24.0705595,160.915,2,0.00,,1,,ITRF2014_0,2010-01-01,2010-01-01,REFERENCE,7830,16.5
TUCU,41520S001,2386117.1905,-5171223.2996,-2862949.0635,-26.8432548,-65.2303516,485.023,2,0.00,,1,,ITRF2014_0,2010-01-01,2010-01-01,REFERENCE,UNSA,235092.0
TUKT,40165M001,-1532091.4377,-1643291.7322,5949315.9159,69.4382343,-132.9943507,-1.537,2,0.00,,1,,ITRF2014_0,2010-01-01,2010-01-01,REFERENCE,INVK,128080.6
TUKU,,-3494516.3144,5264571.2668,865536.9907,7.8516250,123.5754055,72.627,41,6.41,,1,,ITRF2005,2010-08-19,2014-09-23,GPSEST,SING,14928.3
TUMA,,-3188313.2868,5284798.5293,1603054.2964,14.6534884,121.1025356,71.137,52,0.00,,1,,ITRF00,2017-09-30,2017-10-07,RNX2SNX,MRK3,2210.2
TUNA,,-3187471.7957,5294127.9134,1573851.1629,14.3808618,121.0511720,65.561,53,0.00,,1,,ITRF00|ITRF2005,2000-01-01,2017-10-07,RNX2SNX,TATA,1611.4
TUVA,51101M001,-6307543.8090,88455.7090,-939277.4226,-8.5252851,179.1965483,38.384,700,1.12,,1,,IGS14|IGS14_0|IGS20|IGS20_0|ITRF2014_0,2010-01-01,2026-02-12,RNX2SNX,FTNA,703049.7
TWTF,23603S002,-2994428.4327,4951309.3360,2674496.8001,24.9535642,121.1645028,201.698,2312,140.14,yes,14,34331.4,IGS00|IGS08|IGb08|ITRF00|ITRF2005,2000-01-01,2017-10-07,RNX2SNX,TCYU,6731.6
TXGA,49872M001,-463028.9544,-5545823.9584,3105629.4207,29.3278681,-94.7726392,-10.676,2,0.00,,1,,ITRF2014_0,2010-01-01,2010-01-01,REFERENCE,GAL1,3487.2
TXGV,49372M001,-464834.7820,-5547993.4730,3101495.9133,29.2851366,-94.7893014,-17.441,2,0.00,,1,,ITRF2014_0,2010-01-01,2010-01-01,REFERENCE,TXGA,5005.4
TYTY,,-3192364.3758,5285653.0152,1592228.3742,14.5523691,121.1306256,75.525,52,0.00,,1,,ITRF00,2017-09-30,2017-10-07,RNX2SNX,CNTA,3467.2
UCLP,40487M002,-2519007.2809,-4650672.2715,3552862.8137,34.0691213,-118.4419107,111.544,2,0.00,,1,,ITRF2014_0,2010-01-01,2010-01-01,REFERENCE,WRHS,12380.2
UCLU,40140M001,-2440669.0569,-3416437.0629,4785136.8274,48.9256378,-125.5416406,10.045,63,0.09,,1,,IGS00|IGS97|ITRF00|ITRF2005|ITRF2014_0,1997-01-01,2017-10-07,RNX2SNX,BAMF,31463.9
UCNF,41761M002,1959617.3397,-5506063.4372,-2545790.0226,-23.6789671,-70.4092693,72.782,2,0.00,,1,,ITRF2014_0,2010-01-01,2010-01-01,REFERENCE,IQQE,378118.4
UCOM,40551M001,-1499330.8347,-5838862.1579,2076330.5164,19.1241050,-104.4015267,-9.714,2,0.00,,1,,ITRF2014_0,2010-01-01,2010-01-01,REFERENCE,MANZ,12760.0
UCSF,49371M001,-2709557.0570,-4260015.8053,3884773.2754,37.7629679,-122.4581511,154.613,2,0.00,,1,,ITRF2014_0,2010-01-01,2010-01-01,REFERENCE,SBRN,9501.6
UEPP,41611M001,3687624.3224,-4620818.6603,-2386880.2248,-22.1199036,-51.4085342,430.948,2,0.00,,1,,ITRF2014_0,2010-01-01,2010-01-01,REFERENCE,PPTE,0.1
UFPR,41610M002,3763751.6916,-4365113.9760,-2724404.4262,-25.4483658,-49.2309556,925.791,700,0.20,,1,,IGS14|IGS14_0|IGS20|IGS20_0|ITRF2014_0,2010-01-01,2026-02-12,RNX2SNX,PARA,0.2
ULAB,24201M001,-1257409.1418,4099404.3169,4707992.5307,47.8650663,107.0523331,1575.558,328,0.75,,1,,IGS08|IGS20|IGS20_0|IGb08|ITRF00|ITRF2005|ITRF2014_0,2000-01-01,2025-07-19,RNX2SNX,IRKM,522289.0
ULDI,30318M001,4796680.8792,2930311.7936,-3005435.5401,-28.2931148,31.4209271,607.945,270,0.37,,1,,IGS20|IGS20_0|ITRF2014_0,2010-01-01,2025-07-19,RNX2SNX,RBAY,85095.9
ULLA,31302M001,3384245.1521,-305570.7825,5379585.3876,57.8949745,-5.1593688,65.435,2,0.00,,1,,ITRF2014_0,2010-01-01,2010-01-01,REFERENCE,KINL,63111.5
UMSS,22715M001,-2791752.1453,5695647.5764,666580.6355,6.0392323,116.1120312,76.357,2,0.00,,1,,ITRF2014_0,2010-01-01,2010-01-01,REFERENCE,PLWN,357509.8
UNB1,40146S001,1761287.8613,-4078238.7165,4561418.0406,45.9502106,-66.6417090,23.045,331,0.58,,1,,IGS00|IGS20|IGS20_0|IGS97|ITRF00|ITRF2005|ITRF2014_0,1997-01-01,2025-07-19,RNX2SNX,UNBJ,0.3
UNB3,40146M002,1761287.7816,-4078238.5203,4561417.8297,45.9502106,-66.6417089,22.746,625,0.27,,1,,IGS14|IGS14_0|IGS20|ITRF2014_0,2010-01-01,2026-02-12,RNX2SNX,UNBN,0.0
UNBJ,40146M002,1761287.7817,-4078238.5204,4561417.8297,45.9502106,-66.6417089,22.747,700,0.27,,1,,IGS14|IGS14_0|IGS20|IGS20_0|ITRF2014_0,2010-01-01,2026-02-12,RNX2SNX,UNB3,0.0
UNBN,40146M002,1761287.7816,-4078238.5203,4561417.8297,45.9502106,-66.6417089,22.746,625,0.27,,1,,IGS14|IGS14_0|IGS20|ITRF2014_0,2010-01-01,2026-02-12,RNX2SNX,UNB3,0.0
UNBT,40146M002,1761287.7816,-4078238.5203,4561417.8297,45.9502106,-66.6417089,22.746,625,0.27,,1,,IGS14|IGS14_0|IGS20|ITRF2014_0,2010-01-01,2026-02-12,RNX2SNX,UNB3,0.0
UNIP,40509M002,-961121.1303,-5946435.5806,2096809.8241,19.3126972,-99.1813029,2308.246,2,0.00,,1,,ITRF2014_0,2010-01-01,2010-01-01,REFERENCE,SG21,47462.1
UNPG,12752M001,4555145.6630,997822.5160,4337432.8019,43.1193922,12.3557044,351.097,2,0.00,,1,,ITRF2014_0,2010-01-01,2010-01-01,REFERENCE,TOLF,120822.7
UNPM,40547M001,325739.2105,-5953361.8177,2257796.9801,20.8685025,-86.8681744,-0.458,2,0.00,,1,,ITRF2014_0,2010-01-01,2010-01-01,REFERENCE,CNC0,34250.5
UNSA,41514M001,2412830.4955,-5271936.7947,-2652208.8008,-24.7274542,-65.4076431,1257.778,766,0.38,,1,,IGS00|IGS08|IGS14|IGS14_0|IGS20|IGS20_0|IGS97|IGb08|ITRF00|ITRF2005|ITRF2014_0,1997-01-01,2026-02-12,RNX2SNX,TUCU,235092.0
UP02,,-3184327.0824,5287171.5033,1603251.7161,14.6552731,121.0594715,96.344,319,116.61,,1,,ITRF2005|WGS-84,1997-05-08,2006-12-13,GPSEST,PHIV,351.0
UPAD,12750M001,4389531.2255,923253.6991,4519256.3796,45.4067177,11.8779319,84.028,64,6.26,,1,,IGS00|IGS97|ITRF00|ITRF2005|ITRF2014_0|ITRF97,1997-01-01,2017-10-07,RNX2SNX,PADO,1502.5
UPO1,49895S001,-5464031.8138,-2446032.4304,2193283.1446,20.2458857,-155.8838123,78.201,55,0.68,,1,,ITRF00|ITRF2005|ITRF2014_0,2000-01-01,2017-10-07,RNX2SNX,7119,64237.2
URDANETA,,-3119485.3212,5279888.9150,1747197.0639,16.0041953,120.5756150,82.703,35,5.06,,1,,ITRF2005,2008-12-01,2008-12-07,GPSEST,PURD,0.1
URDT,,-3119572.1986,5280370.0455,1745568.2300,15.9889044,120.5740274,74.507,1193,9.03,yes,14,34754.1,IGS14|IGS20|ITRF2005,2012-02-23,2026-02-12,RNX2SNX,URDANETA,1700.6
URUM,21612M001,193029.9984,4606851.2983,4393311.5375,43.8079500,87.6006739,858.877,336,0.89,,1,,IGS00|IGS08|IGS20|IGS20_0|IGS97|IGb08|ITRF00|ITRF2005|ITRF2014_0,1997-01-01,2025-07-19,RNX2SNX,7355,8450.4
USC1,40487M001,-2507564.9542,-4659953.1835,3548661.0385,34.0239512,-118.2851157,21.903,2,0.00,,1,,ITRF2014_0,2010-01-01,2010-01-01,REFERENCE,LEEP,12740.0
USLO,49714M001,-2657201.2459,-4482167.2368,3666227.2359,35.3118044,-120.6610939,134.623,2,0.00,,1,,ITRF2014_0,2010-01-01,2010-01-01,REFERENCE,VAN1,54559.6
USMX,40537M001,-1865330.4384,-5215100.1666,3153548.2331,29.8216537,-109.6810498,625.469,2,0.00,,1,,ITRF2014_0,2010-01-01,2010-01-01,REFERENCE,HER2,148659.5
USN1,40451S006,1112161.0666,-4842855.2686,3985494.2440,38.9205444,-77.0662902,57.420,57,0.02,,1,,IGS00|ITRF00|ITRF2005,2000-01-01,2017-10-07,RNX2SNX,WDC4,2.5
USN3,40451S007,1112161.8208,-4842853.5398,3985496.0661,38.9205657,-77.0662773,57.385,687,0.40,,1,,IGS00|IGS08|IGS14|IGS14_0|IGS20|IGb08|ITRF00|ITRF2005|ITRF2014_0,2000-01-01,2026-02-12,RNX2SNX,USN4,0.0
USN4,40451S007,1112161.8194,-4842853.5398,3985496.0663,38.9205657,-77.0662773,57.385,625,0.24,,1,,IGS14|IGS14_0|IGS20|ITRF2014_0,2010-01-01,2026-02-12,RNX2SNX,USN5,0.0
USN5,40451S007,1112161.8194,-4842853.5398,3985496.0663,38.9205657,-77.0662773,57.385,625,0.24,,1,,IGS14|IGS14_0|IGS20|ITRF2014_0,2010-01-01,2026-02-12,RNX2SNX,USN4,0.0
USNA,49908S001,1160668.8872,-4826883.3327,3990863.0642,38.9833485,-76.4793877,-27.302,55,0.15,,1,,ITRF00|ITRF2005|ITRF2014_0,2000-01-01,2017-10-07,RNX2SNX,ANP5,11640.7
USNB,,1112158.3057,-4842853.5182,3985494.7617,38.9205612,-77.0663167,55.938,9,4.66,,1,,IGS00|IGS97|ITRF97,1997-01-01,2000-01-01,REFERENCE,WDC4,2.5
USNO,40451S003,1112189.4654,-4842955.0281,3985352.3117,38.9189635,-77.0662285,48.846,692,0.44,,1,,IGS00|IGS08|IGS14|IGS14_0|IGS20|IGS97|IGb08|ITRF00|ITRF2005|ITRF2014_0|ITRF97,1997-01-01,2026-02-12,RNX2SNX,WDC1,165.2
USUD,21729S007,-3855263.0331,3427432.5240,3741020.2929,36.1331104,138.3620439,1508.600,5990,419.87,yes,9,33117.4,IGS00|IGS20|IGS20_0|IGS97|ITRF00|ITRF2005|ITRF2014_0|ITRF97|WGS-84,1995-11-14,2025-07-19,RNX2SNX,USUDA,0.3
USUDA,,-3855262.7861,3427432.3503,3741020.1996,36.1331113,138.3620435,1508.302,218,198.67,,1,,ITRF2005,1996-03-07,1996-04-24,GPSEST,USUD,0.3
UZHL,12301M001,3907587.0967,1602429.0236,4763783.9366,48.6319802,22.2976247,232.007,683,0.65,,1,,IGS08|IGS14|IGS14_0|IGS20|IGb08|ITRF00|ITRF2005|ITRF2014_0,2000-01-01,2026-02-12,RNX2SNX,GANP,151736.6
VAAS,10511M001,2699864.4018,1078263.9375,5658064.8108,62.9611927,21.7706346,58.085,11,0.25,,1,,IGS00|IGS97|ITRF2014_0|ITRF97,1997-01-01,2010-01-01,REFERENCE,SKE0,216718.2
VACO,11516M001,4062325.8028,992104.7179,4800911.3268,49.1337859,13.7241798,799.405,2,0.00,,1,,ITRF2014_0,2010-01-01,2010-01-01,REFERENCE,WTZT,61692.8
VACS,39003M001,3215946.8294,5047449.8301,-2198718.0969,-20.2970738,57.4970396,421.149,700,0.32,,1,,IGS14|IGS14_0|IGS20|IGS20_0|ITRF2014_0,2010-01-01,2026-02-12,RNX2SNX,REUN,224472.7
VAGP,49467M002,1186732.2399,-4942857.6456,3839380.2144,37.2486215,-76.4993741,-21.156,2,0.00,,1,,ITRF2014_0,2010-01-01,2010-01-01,REFERENCE,GLPT,11.7
VALD,40156M001,919075.4773,-4167766.3881,4724323.6841,48.0970577,-77.5641710,312.941,270,0.28,,1,,IGS20|IGS20_0|ITRF2014_0,2010-01-01,2025-07-19,RNX2SNX,ALGO,241142.5
VALE,13439M001,4929533.7745,-29050.3086,4033710.2193,39.4808287,-0.3376467,77.568,2,0.00,,1,,ITRF2014_0,2010-01-01,2010-01-01,REFERENCE,ALAC,127376.9
VALN,41712M001,1686528.3263,-5080258.0688,-3456620.9976,-33.0279296,-71.6350257,119.196,2,0.00,,1,,ITRF2014_0,2010-01-01,2010-01-01,REFERENCE,VALP,842.7
VALP,41712S001,1687310.3127,-5079964.4344,-3456509.1880,-33.0272428,-71.6260916,31.229,2,0.00,,1,,ITRF2014_0,2010-01-01,2010-01-01,REFERENCE,VALN,842.7
VAN1,49472M001,-2665275.3614,-4513292.3444,3622150.1865,34.8266148,-120.5635096,98.896,2,0.00,,1,,ITRF2014_0,2010-01-01,2010-01-01,REFERENCE,VNDP,30376.0
VANU,51402M001,-5950766.5526,1230704.0442,-1931445.0787,-17.7439752,168.3151462,97.573,2,0.00,,1,,ITRF2014_0,2010-01-01,2010-01-01,REFERENCE,PTVL,604.2
VARD,10322M002,1844607.4646,1109719.1265,5983936.0940,70.3363720,31.0311905,174.864,11,0.31,,1,,IGS00|IGS97|ITRF2014_0|ITRF97,1997-01-01,2010-01-01,REFERENCE,VARS,0.3
VARS,10322M002,1844607.2011,1109719.2584,5983936.1900,70.3363736,31.0311971,174.901,2,0.00,,1,,ITRF2014_0,2010-01-01,2010-01-01,REFERENCE,VARD,0.3
VATU,15518M001,-6017542.9245,1261942.0434,-1691695.2122,-15.4825397,168.1561074,298.519,2,0.00,,1,,ITRF2014_0,2010-01-01,2010-01-01,REFERENCE,AMBA,51646.3
VBCA,41512M001,2319240.7935,-4411743.9906,-3966484.0638,-38.7007677,-62.2692277,59.470,2,0.00,,1,,ITRF2014_0,2010-01-01,2010-01-01,REFERENCE,LHCL,300845.2
VCAC,,-3175339.3807,5291294.7376,1607312.2226,14.6932856,120.9682352,63.668,52,0.00,,1,,ITRF00,2017-09-30,2017-10-07,RNX2SNX,VNHS,2878.0
VCIO,49490M001,-826818.1876,-5095172.2649,3734993.1664,36.0717076,-99.2173161,623.897,2,0.00,,1,,ITRF2014_0,2010-01-01,2010-01-01,REFERENCE,LMNO,170060.8
VEN1,19513M001,4379846.4855,959292.3474,4521100.4141,45.4305709,12.3540792,60.422,2,0.00,,1,,ITRF2014_0,2010-01-01,2010-01-01,REFERENCE,VENE,1870.1
VENE,12741M001,4379724.8532,957495.7950,4521605.2059,45.4369815,12.3319831,67.183,60,0.27,,1,,IGS97|ITRF00|ITRF2005|ITRF2014_0|ITRF97,1997-01-01,2017-10-07,RNX2SNX,VEN1,1870.1
VESL,66009M001,2009329.9868,-99741.4890,-6033158.3651,-71.6737944,-2.8417828,862.359,767,0.30,,1,,IGS00|IGS08|IGS14|IGS14_0|IGS20|IGS20_0|IGS97|IGb08|ITRF00|ITRF2005|ITRF2014_0|ITRF97,1997-01-01,2026-02-12,RNX2SNX,SYOG,1582081.0
VICT,,-3511621.9506,5145120.7517,1365704.4641,12.4466287,124.3141218,66.116,619,0.10,,1,,IGS14|IGS20,2021-09-01,2026-02-12,RNX2SNX,NSEV,2699.1
VIGN,,-3076592.8376,5247404.5474,1912072.8106,17.5604143,120.3834174,55.529,1459,7.31,yes,15,34449.9,IGS14|IGS20|ITRF2005,2012-02-21,2026-02-12,RNX2SNX,LUZD,7730.9
VIGO,13450M001,4677480.8459,-725204.7177,4260827.4748,42.1839809,-8.8130678,87.771,2,0.00,,1,,ITRF2014_0,2010-01-01,2010-01-01,REFERENCE,GAIA,121172.0
VIKH,49376M001,2587868.6690,-5499033.7894,1928483.5271,17.7161830,-64.7981252,-6.387,2,0.00,,1,,ITRF2014_0,2010-01-01,2010-01-01,REFERENCE,CRO1,23120.0
VIL0,10424M001,2620258.6634,779138.0869,5743799.4081,64.6978469,16.5599296,449.974,11,0.24,,1,,IGS00|IGS97|ITRF2014_0|ITRF97,1997-01-01,2010-01-01,REFERENCE,SKE0,214322.5
VILA,51402S001,-5951373.4263,1230358.9489,-1929859.7983,-17.7288894,168.3194911,114.131,2,0.00,,1,,ITRF2014_0,2010-01-01,2010-01-01,REFERENCE,VANU,1732.2
VILL,13406M001,4849833.7545,-335049.1288,4116014.8809,40.4435926,-3.9519804,647.361,78,0.58,,1,,IGS00|IGS08|IGS20|IGS20_0|IGS97|IGb08|ITRF00|ITRF2005|ITRF2014_0|ITRF97,1997-01-01,2023-01-10,RNX2SNX,MADR,25311.8
VIMS,49880S001,1250692.5270,-4902017.1560,3871080.2749,37.6083541,-75.6870060,-29.124,2,0.00,,1,,ITRF2014_0,2010-01-01,2010-01-01,REFERENCE,WLPS,41176.5
VIS0,10423M001,3246469.9358,1077900.8120,5365278.3005,57.6538725,18.3673236,79.881,275,0.70,,1,,IGS20|IGS20_0|IGS97|ITRF2014_0|ITRF97,1997-01-01,2025-07-19,RNX2SNX,VS0G,0.4
VITH,13140M001,2562351.0957,-5487279.8023,1994491.2960,18.3433313,-64.9692133,4.419,2,0.00,,1,,ITRF2014_0,2010-01-01,2010-01-01,REFERENCE,STVI,659.6
VLAD,,-3111691.5977,3464879.7803,4343567.5184,43.1973157,131.9259406,87.265,198,0.13,,1,,WGS-84,1999-03-04,1999-03-15,OTHER,CHAN,528125.9
VLIS,13538M001,3975804.8984,249950.3809,4964446.3520,51.4428787,3.5973292,54.416,2,0.00,,1,,ITRF2014_0,2010-01-01,2010-01-01,REFERENCE,ZEEB,29586.5
VMAN,,-3443620.1810,5168619.7777,1450377.6902,13.2300591,123.6737460,806.578,580,1.72,,1,,ITRF2005,2012-01-18,2012-12-30,GPSEST,VMRH,5871.0
VMRH,,-3442685.7479,5167712.8253,1456102.4088,13.2830568,123.6712106,880.366,516,1.42,,1,,ITRF2005,2012-01-18,2012-12-26,GPSEST,MRHO,162.7
VMSM,,-3448200.5769,5164517.4101,1452647.3181,13.2518306,123.7299032,478.213,522,4.37,,1,,ITRF2005,2012-01-19,2012-12-30,GPSEST,CALB,4134.2
VNAD,66038M002,1163305.8283,-2412230.4279,-5769267.1707,-65.2460052,-64.2541624,20.997,2,0.00,,1,,ITRF2014_0,2010-01-01,2010-01-01,REFERENCE,PALV,53369.5
VNDP,40420M007,-2678090.7527,-4525436.6920,3597432.1055,34.5563152,-120.6164589,-11.526,758,1.23,,1,,IGS08|IGS14|IGS14_0|IGS20|IGS20_0|IGb08|ITRF00|ITRF2005|ITRF2014_0,2000-01-01,2026-02-12,RNX2SNX,HARV,11369.0
VNHS,,-3177151.8292,5290882.8903,1605114.8943,14.6727472,120.9846307,67.508,619,0.77,,1,,IGS14|IGS20,2021-09-01,2026-02-12,RNX2SNX,POTR,1080.0
VOIL,41001M001,1838472.8991,-5763685.4651,2014028.6118,18.5286778,-72.3086053,240.572,2,0.00,,1,,ITRF2014_0,2010-01-01,2010-01-01,REFERENCE,RDSD,253262.1
VOIM,33303M001,4054014.0386,4316070.4331,-2365223.8596,-21.9062996,46.7932701,1163.389,268,0.24,,1,,IGS20|IGS20_0,2015-01-01,2025-07-19,RNX2SNX,ABPO,322983.7
VR01,,-2956100.5760,5018816.0650,2590149.6480,24.1171685,120.4982369,39.438,53,0.00,,1,,ITRF00|ITRF2005,2000-01-01,2017-10-07,RNX2SNX,GS21,2627.3
VR02,,-2950116.9890,5033689.1590,2568172.6750,23.8999411,120.3734811,42.820,53,0.00,,1,,ITRF00|ITRF2005,2000-01-01,2017-10-07,RNX2SNX,GS24,20833.5
VR03,,-2969200.1000,5024342.6000,2564590.5720,23.8644327,120.5815122,77.371,53,0.00,,1,,ITRF00|ITRF2005,2000-01-01,2017-10-07,RNX2SNX,GS27,4409.9
VRAC,,-3488311.1927,5126845.6881,1487855.5148,13.5798699,124.2314121,67.675,619,0.10,,1,,IGS14|IGS20,2021-09-01,2026-02-12,RNX2SNX,VRC3,11483.9
VRC1,,-3497936.9273,5120717.4626,1486361.5038,13.5659825,124.3367909,65.710,71,132.34,,1,,ITRF2005,1997-05-30,1999-03-13,GPSEST,VRC2,25.1
VRC2,,-3497917.4448,5120732.2760,1486355.7413,13.5659292,124.3365650,65.567,228,79.90,,1,,ITRF2005|WGS-84,1996-03-07,1999-03-13,GPSEST,VRC3,1.6
VRC3,,-3497916.5805,5120733.0376,1486354.6513,13.5659193,124.3365545,65.449,54,64.50,,1,,ITRF2005|WGS-84,2000-04-12,2000-04-14,GPSEST,VRC2,1.6
VRC4,,-3497934.8136,5120709.7327,1486418.3906,13.5664984,124.3368150,71.691,52,6.78,,1,,ITRF2005,2002-02-03,2007-01-17,GPSEST,VRC1,57.4
VS0G,10423M001,3246470.1721,1077900.5829,5365278.1458,57.6538706,18.3673187,79.832,2,0.00,,1,,ITRF2014_0,2010-01-01,2010-01-01,REFERENCE,VIS0,0.4
VTBM,,-3186331.5780,5307468.9291,1530996.2611,13.9813197,120.9784408,82.324,627,2.91,,1,,ITRF2005,2010-11-17,2012-12-30,GPSEST,KAYT,620.2
VTCT,,-3189177.6520,5305219.3724,1532776.2758,13.9979419,121.0117445,63.642,662,6.20,,1,,ITRF2005,2010-11-17,2012-12-30,GPSEST,VTDK,2469.3
VTDK,,-3188032.0505,5305513.2630,1534943.9035,14.0176906,121.0012542,260.141,680,0.81,,1,,ITRF2005,2010-11-17,2012-12-30,GPSEST,VTCT,2469.3
VTIS,49956M001,-2517409.2744,-4676543.9767,3520010.3492,33.7126402,-118.2938238,59.504,2,0.00,,1,,ITRF2014_0,2010-01-01,2010-01-01,REFERENCE,TORP,10041.7
VTSP,49449M001,1400224.0513,-4434888.8078,4350424.8260,43.2814655,-72.4775701,155.265,2,0.00,,1,,ITRF2014_0,2010-01-01,2010-01-01,REFERENCE,7091,109002.2
WAB1,14014M001,4327307.9556,566979.4489,4636431.3592,46.9238291,7.4645776,610.307,8,29.67,,1,,IGS00|IGS97,1997-01-01,2000-01-01,REFERENCE,WAB2,26.4
WAB2,14014M002,4327318.3250,566955.8288,4636425.8268,46.9237477,7.4642525,611.192,10,53.48,,1,,IGS00|IGS97|ITRF2014_0,1997-01-01,2010-01-01,REFERENCE,WAB1,26.4
WAB3,,4327299.9106,567006.8739,4636434.5892,46.9238779,7.4649483,609.652,8,0.04,,1,,IGS00|IGS97,1997-01-01,2000-01-01,REFERENCE,WABB,2.0
WABA,,4327298.5707,567004.6139,4636435.8392,46.9238963,7.4649212,609.457,8,0.04,,1,,IGS00|IGS97,1997-01-01,2000-01-01,REFERENCE,WABB,2.6
WABB,,4327298.4026,567007.2148,4636435.8943,46.9238955,7.4649553,609.614,9,0.05,,1,,IGS00|IGS97|ITRF97,1997-01-01,2000-01-01,REFERENCE,WAB3,2.0
WANL,,-3029973.7295,4917924.4514,2696227.1750,25.1694004,121.6375644,370.157,53,0.00,,1,,ITRF00|ITRF2005,2000-01-01,2017-10-07,RNX2SNX,GS09,4590.9
WARE,13114M001,4031947.3298,370150.8844,4911905.8837,50.6898733,5.2453071,187.871,5,0.02,,1,,IGS97|ITRF97,1997-01-01,1997-01-01,REFERENCE,BRUS,63686.2
WARK,50243M001,-5115333.2400,477886.8996,-3767147.4392,-36.4344105,174.6627800,111.277,2,0.00,,1,,ITRF2014_0,2010-01-01,2010-01-01,REFERENCE,AUCK,24199.0
WARN,14277M002,3658785.4805,784471.1945,5147870.7766,54.1697911,12.1014306,50.743,270,0.37,,1,,IGS20|IGS20_0|ITRF2014_0,2010-01-01,2025-07-19,RNX2SNX,GESR,46511.3
WARO,,-3045513.7410,4981347.2430,2559335.2150,23.8120281,121.4409293,210.326,53,0.00,,1,,ITRF00|ITRF2005,2000-01-01,2017-10-07,RNX2SNX,FLNM,7389.2
WATR,,-3048677.5565,5005009.4652,2509186.7124,23.3181420,121.3466486,185.922,53,0.00,,1,,ITRF00|ITRF2005,2000-01-01,2017-10-07,RNX2SNX,LAHR,793.9
WDC1,40451S005,1112167.3627,-4842857.9060,3985484.1043,38.9204508,-77.0662262,54.146,2,0.00,,1,,ITRF2014_0,2010-01-01,2010-01-01,REFERENCE,WDC2,0.0
WDC2,40451S005,1112167.3627,-4842857.9060,3985484.1043,38.9204508,-77.0662262,54.146,2,0.00,,1,,ITRF2014_0,2010-01-01,2010-01-01,REFERENCE,WDC1,0.0
WDC3,40451S008,1112160.1638,-4842854.1989,3985496.3524,38.9205662,-77.0662976,57.777,2,0.00,,1,,ITRF2014_0,2010-01-01,2010-01-01,REFERENCE,WDC4,0.0
WDC4,40451S008,1112160.1634,-4842854.1986,3985496.3519,38.9205662,-77.0662976,57.776,2,0.00,,1,,ITRF2014_0,2010-01-01,2010-01-01,REFERENCE,WDC3,0.0
WEL1,50208S003,-4780787.1770,436877.4037,-4185258.6431,-41.2726457,174.7787045,46.800,2,0.00,,1,,ITRF2014_0,2010-01-01,2010-01-01,REFERENCE,WEL2,0.0
WEL2,50208S003,-4780787.1771,436877.4039,-4185258.6432,-41.2726457,174.7787045,46.800,2,0.00,,1,,ITRF2014_0,2010-01-01,2010-01-01,REFERENCE,WEL1,0.0
WES2,40440S020,1492232.9318,-4458089.5121,4296046.1190,42.6133367,-71.4933307,85.013,697,0.47,,1,,IGS00|IGS08|IGS14|IGS14_0|IGS20|IGS97|IGb08|ITRF00|ITRF2005|ITRF2014_0|ITRF97,1997-01-01,2026-02-12,RNX2SNX,7091,1139.6
WETT,14201M009,4075578.5299,931785.5072,4801570.0725,49.1443268,12.8780036,656.246,9,67.22,,1,,IGS00|IGS97|ITRF97,1997-01-01,2000-01-01,REFERENCE,8834,13.7
WEYB,19178M001,3850873.2504,75980.4685,5066907.8109,52.9448661,1.1303398,74.144,2,0.00,,1,,ITRF2014_0,2010-01-01,2010-01-01,REFERENCE,LOWE,67154.8
WGTN,50208M003,-4777269.9763,434270.7005,-4189483.8270,-41.3234484,174.8058871,26.046,270,0.70,,1,,IGS20|IGS20_0|ITRF2014_0,2010-01-01,2025-07-19,RNX2SNX,WGTT,4193.0
WGTT,50208S004,-4779508.1429,436517.5834,-4186740.8926,-41.2904364,174.7815927,42.950,2,0.00,,1,,ITRF2014_0,2010-01-01,2010-01-01,REFERENCE,WEL2,1990.6
WHC1,40461M001,-2488199.3776,-4673487.1092,3544649.2801,33.9798851,-118.0311700,94.246,2,0.00,,1,,ITRF2014_0,2010-01-01,2010-01-01,REFERENCE,CIT1,19528.8
WHES,,-2969666.3789,5072276.7948,2468504.5407,22.9191819,120.3476970,67.429,53,0.00,,1,,ITRF00|ITRF2005,2000-01-01,2017-10-07,RNX2SNX,WNHE,0.0
WHIT,40136M001,-2218338.2960,-2201205.1314,5543057.4340,60.7505093,-135.2221164,1427.426,767,0.50,,1,,IGS00|IGS08|IGS14|IGS14_0|IGS20|IGS20_0|IGS97|IGb08|ITRF00|ITRF2005|ITRF2014_0|ITRF97,1997-01-01,2026-02-12,RNX2SNX,AB44,136222.1
WHN0,66069M001,-1016195.5136,490807.9465,-6258686.6004,-79.8456985,154.2201197,2192.649,2,0.00,,1,,ITRF2014_0,2010-01-01,2010-01-01,REFERENCE,FTP4,199697.9
WIAN,,-2878629.3057,5091941.1061,2534471.8440,23.5675364,119.4807977,45.312,53,0.00,,1,,ITRF00|ITRF2005,2000-01-01,2017-10-07,RNX2SNX,PANG,8471.8
WIDC,49917M001,-2354850.2602,-4745523.9403,3540693.1127,33.9347575,-116.3917824,445.033,2,0.00,,1,,ITRF2014_0,2010-01-01,2010-01-01,REFERENCE,PIN2,36313.2
WILL,40134M001,-2084258.5026,-3313873.0103,5019852.9263,52.2368657,-122.1678163,1095.710,767,0.53,,1,,IGS00|IGS08|IGS14|IGS14_0|IGS20|IGS20_0|IGS97|IGb08|ITRF00|ITRF2005|ITRF2014_0|ITRF97,1997-01-01,2026-02-12,RNX2SNX,WSLR,240634.7
WIND,31101M001,5633708.8146,1732018.1457,-2433985.4078,-22.5749166,17.0894358,1734.676,705,0.57,,1,,IGS08|IGS14|IGS14_0|IGS20|IGS20_0|IGb08|ITRF2014_0,2005-01-01,2026-02-12,RNX2SNX,FG08,268826.8
WINT,49423M001,-2689810.1418,-4281187.8289,3874973.5101,37.6526437,-122.1405691,-28.788,2,0.00,,1,,ITRF2014_0,2010-01-01,2010-01-01,REFERENCE,CHAB,8155.0
WIPN,,-2991960.9727,4967951.4874,2646455.7070,24.6746456,121.0585564,209.204,53,0.00,,1,,ITRF00|ITRF2005,2000-01-01,2017-10-07,RNX2SNX,GS16,8290.2
WIS1,49871S001,-154082.6110,-4379009.1208,4619457.4664,46.7050559,-92.0152145,159.225,2,0.00,,1,,ITRF2014_0,2010-01-01,2010-01-01,REFERENCE,STP1,266997.4
WLAD,12222M001,3496344.6588,1164350.2756,5188401.8947,54.7967600,18.4187542,34.740,2,0.00,,1,,ITRF2014_0,2010-01-01,2010-01-01,REFERENCE,REDZ,91454.5
WLPS,40422M001,1263659.9969,-4875636.5303,3899914.5305,37.9368788,-75.4698826,-9.930,2,0.00,,1,,ITRF2014_0,2010-01-01,2010-01-01,REFERENCE,VIMS,41176.5
WNFL,49488M001,-263063.8568,-5413758.6431,3350797.6540,31.8972281,-92.7819125,68.027,2,0.00,,1,,ITRF2014_0,2010-01-01,2010-01-01,REFERENCE,HAMM,268657.9
WNHE,,-2969666.3789,5072276.7948,2468504.5407,22.9191819,120.3476970,67.429,53,0.00,,1,,ITRF00|ITRF2005,2000-01-01,2017-10-07,RNX2SNX,WHES,0.0
WOOL,50143M003,-5046788.7821,2567555.1237,-2926033.9963,-27.4849613,153.0352717,90.953,2,0.00,,1,,ITRF2014_0,2010-01-01,2010-01-01,REFERENCE,SUNM,7.8
WRHS,40487M006,-2521083.1934,-4657280.7040,3542601.7488,33.9581522,-118.4276077,7.866,2,0.00,,1,,ITRF2014_0,2010-01-01,2010-01-01,REFERENCE,UCLP,12380.2
WROC,12217M001,3835751.3736,1177249.8734,4941605.1815,51.1132603,17.0620387,180.790,64,0.25,,1,,IGS00|IGS97|ITRF00|ITRF2005|ITRF2014_0|ITRF97,1997-01-01,2017-10-07,RNX2SNX,BOR1,129478.3
WS01,,-2999392.7500,5055541.5400,2467621.1000,22.9094577,120.6801527,346.097,53,0.00,,1,,ITRF00|ITRF2005,2000-01-01,2017-10-07,RNX2SNX,WS02,46.4
WS02,,-2999375.2200,5055546.9400,2467663.7700,22.9098277,120.6799789,358.746,53,0.00,,1,,ITRF00|ITRF2005,2000-01-01,2017-10-07,RNX2SNX,WS03,38.1
WS03,,-2999341.6600,5055564.9000,2467663.5900,22.9098321,120.6796083,357.131,53,0.00,,1,,ITRF00|ITRF2005,2000-01-01,2017-10-07,RNX2SNX,WS02,38.1
WS04,,-2999311.8900,5055603.0600,2467625.0700,22.9094498,120.6791689,358.375,53,0.00,,1,,ITRF00|ITRF2005,2000-01-01,2017-10-07,RNX2SNX,WS03,61.9
WSBC,,-3566563.8375,5125299.5598,1296595.4179,11.8076353,124.8330617,73.008,5,6.35,,1,,ITRF2005,2014-06-25,2014-06-25,GPSEST,LEYI,28055.3
WSLR,40141M001,-2227013.7886,-3439649.1212,4872522.1572,50.1265388,-122.9211905,909.269,2,0.00,,1,,ITRF2014_0,2010-01-01,2010-01-01,REFERENCE,NANO,124993.3
WSMN,49884S001,-1517577.8972,-5173006.2489,3399278.6464,32.4071362,-106.3498311,1204.061,2,0.00,,1,,ITRF2014_0,2010-01-01,2010-01-01,REFERENCE,PASO,70948.2
WSRT,13506M005,3828735.5560,443305.2839,5064884.9158,52.9146141,6.6045108,82.282,772,0.70,,1,,IGS00|IGS08|IGS14|IGS14_0|IGS20|IGS20_0|IGS97|IGb08|ITRF00|ITRF2005|ITRF2014_0|ITRF97,1997-01-01,2026-02-12,RNX2SNX,TGKN,54056.4
WTZ2,14201M015,4075535.1020,931822.4123,4801609.0583,49.1447880,12.8786293,663.420,2,0.00,,1,,ITRF2014_0,2010-01-01,2010-01-01,REFERENCE,WTZ3,0.0
WTZ3,14201M015,4075535.1020,931822.4123,4801609.0583,49.1447880,12.8786293,663.420,2,0.00,,1,,ITRF2014_0,2010-01-01,2010-01-01,REFERENCE,WTZ2,0.0
WTZA,14201M013,4075578.4425,931852.7117,4801569.9683,49.1442249,12.8789017,665.910,6,0.26,,1,,IGS00|ITRF2014_0,2000-01-01,2010-01-01,REFERENCE,WTZZ,1.5
WTZG,14201M012,4075579.8035,931855.4522,4801568.3070,49.1442019,12.8789342,665.921,2,0.00,,1,,ITRF2014_0,2010-01-01,2010-01-01,REFERENCE,WTZJ,0.2
WTZJ,14201M012,4075579.9041,931855.3496,4801568.2341,49.1442010,12.8789325,665.915,6,0.16,,1,,IGS00|ITRF2014_0,2000-01-01,2010-01-01,REFERENCE,WTZG,0.2
WTZR,14201M010,4075580.2172,931854.1468,4801568.3292,49.1442013,12.8789155,666.011,776,0.74,,1,,IGS00|IGS08|IGS14|IGS14_0|IGS20|IGS20_0|IGS97|IGb08|ITRF00|ITRF2005|ITRF2014_0|ITRF97,1997-01-01,2026-02-12,RNX2SNX,WTZJ,1.2
WTZS,14201M015,4075535.1020,931822.4123,4801609.0583,49.1447880,12.8786293,663.420,2,0.00,,1,,ITRF2014_0,2010-01-01,2010-01-01,REFERENCE,WTZ2,0.0
WTZT,14201M011,4075577.3966,931855.5027,4801570.3360,49.1442297,12.8789422,665.928,2,0.00,,1,,ITRF2014_0,2010-01-01,2010-01-01,REFERENCE,WTZA,3.0
WTZZ,14201M014,4075579.5057,931853.0257,4801568.9814,49.1442115,12.8789027,665.887,68,0.59,,1,,IGS00|IGS20|IGS20_0|IGS97|IGb08|ITRF00|ITRF2005|ITRF2014_0,1997-01-01,2023-01-10,RNX2SNX,WTZR,1.5
WUFN,,-2975451.2015,5011352.5101,2582656.5423,24.0427853,120.6993899,109.710,48,0.04,,1,,WGS-84,2000-04-07,2000-04-16,OTHER,CAOT,7105.3
WUHAN,,-2267750.0071,5009156.1439,3221291.9364,30.5316535,114.3572597,28.150,336,5.79,,1,,ITRF2005,1996-09-03,1998-02-21,GPSEST,WUHN,2.3
WUHL,21602S004,-2279714.4458,5004767.4339,3219793.9005,30.5156565,114.4896715,86.552,4,0.00,,1,,IGS00,2000-01-01,2000-01-01,REFERENCE,7231,0.0
WUHN,21602M001,-2267749.5718,5009154.2546,3221290.6417,30.5316522,114.3572637,25.855,6694,85.02,yes,9,35384.0,IGS00|IGS08|IGS14|IGS14_0|IGS20|IGS20_0|IGS97|IGb08|ITRF00|ITRF2005|ITRF2014_0|ITRF97|WGS-84,1997-01-01,2026-02-12,RNX2SNX,WUHAN,2.3
WUHU,,-2970996.1528,4988615.4687,2631055.8008,24.5220964,120.7761355,123.736,53,0.00,,1,,ITRF00|ITRF2005,2000-01-01,2017-10-07,RNX2SNX,A195,0.0
WUJN,,-3047502.4068,5007753.6580,2505194.2980,23.2788448,121.3228865,198.350,53,0.00,,1,,ITRF00|ITRF2005,2000-01-01,2017-10-07,RNX2SNX,BRDE,4884.6
WUKU,,-3010824.0992,4932392.7832,2690940.8364,25.1172945,121.4006659,226.658,53,0.00,,1,,ITRF00|ITRF2005,2000-01-01,2017-10-07,RNX2SNX,LNKO,5067.7
WULI,,-3022048.0560,4968742.8880,2614618.3070,24.3522833,121.3084605,1790.034,53,0.00,,1,,ITRF00|ITRF2005,2000-01-01,2017-10-07,RNX2SNX,GREF,11665.8
WULU,,-3025684.0784,5027337.3332,2494329.1617,23.1692640,121.0414739,929.358,53,0.00,,1,,ITRF00|ITRF2005,2000-01-01,2017-10-07,RNX2SNX,T105,19108.0
WUST,,-2965214.7500,5060525.7480,2497661.4530,23.2052425,120.3681675,89.602,53,0.00,,1,,ITRF00|ITRF2005,2000-01-01,2017-10-07,RNX2SNX,S011,2939.9
XCTY,49412M001,665804.9071,-5508488.6749,3134878.0821,29.6310094,-83.1081547,-15.290,2,0.00,,1,,ITRF2014_0,2010-01-01,2010-01-01,REFERENCE,JXVL,165345.2
XIAN,21614M001,-1735212.5997,4976840.0865,3580538.3342,34.3686719,109.2214921,463.984,64,0.34,,1,,IGS00|IGS97|ITRF00|ITRF2005|ITRF2014_0|ITRF97,1997-01-01,2017-10-07,RNX2SNX,7236,641657.4
XMIS,50183M001,-1696344.9859,6039589.9800,-1149274.7922,-10.4499565,105.6885064,261.495,700,1.06,,1,,IGS14|IGS14_0|IGS20|IGS20_0|ITRF2014_0,2010-01-01,2026-02-12,RNX2SNX,BAKO,456022.2
YAKA,,-1915023.2920,2308213.2037,5610224.9777,62.0310070,129.6810063,99.942,53,0.00,,1,,ITRF00|ITRF2005,2000-01-01,2017-10-07,RNX2SNX,YAKZ,0.0
YAKT,12353M002,-1914999.3851,2308241.4332,5610225.4497,62.0309577,129.6803104,103.389,761,0.60,,1,,IGS00|IGS14|IGS14_0|IGS20|IGS20_0|IGS97|ITRF00|ITRF2005|ITRF2014_0,1997-01-01,2026-02-12,RNX2SNX,YAKZ,37.0
YAKZ,12353M001,-1915023.2920,2308213.2037,5610224.9777,62.0310070,129.6810063,99.942,62,0.14,,1,,IGS00|IGS97|ITRF00|ITRF2005|ITRF97,1997-01-01,2017-10-07,RNX2SNX,YAKA,0.0
YAR1,50107M004,-2389026.8767,5043317.1002,-3078529.2971,-29.0465441,115.3469850,241.282,772,2.00,,1,,IGS00|IGS08|IGS14|IGS14_0|IGS20|IGS20_0|IGS97|IGb08|ITRF00|ITRF2005|ITRF2014_0|ITRF97,1997-01-01,2026-02-12,RNX2SNX,YAR2,0.0
YAR2,50107M004,-2389026.8701,5043317.1020,-3078529.2863,-29.0465441,115.3469850,241.276,765,1.78,,1,,IGS00|IGS14|IGS14_0|IGS20|IGS20_0|IGb08|ITRF00|ITRF2005|ITRF2014_0,2000-01-01,2026-02-12,RNX2SNX,YAR1,0.0
YAR3,50107M008,-2389043.3013,5043313.4981,-3078524.8980,-29.0464929,115.3471533,242.448,2,0.00,,1,,ITRF2014_0,2010-01-01,2010-01-01,REFERENCE,YAR1,17.4
YARR,50107M001,-2389024.6352,5043315.3730,-3078533.9978,-29.0465923,115.3469718,241.361,69,24.33,,1,,IGS00|IGS08|IGS97|IGb08|ITRF00|ITRF2005|ITRF2014_0|ITRF97,1997-01-01,2017-10-07,RNX2SNX,YAR1,5.5
YCBA,41803M001,2623233.4112,-5303044.7941,-2376416.0130,-22.0171030,-63.6799847,659.677,2,0.00,,1,,ITRF2014_0,2010-01-01,2010-01-01,REFERENCE,UNSA,348279.7
YEBE,13420M001,4848724.5089,-261631.8150,4123094.4035,40.5249036,-3.0886217,972.756,758,0.63,,1,,IGS08|IGS14|IGS14_0|IGS20|IGS20_0|IGb08|ITRF00|ITRF2005|ITRF2014_0,2000-01-01,2026-02-12,RNX2SNX,VILL,73766.2
YEL2,40127M006,-1224441.9428,-2689174.6377,5633660.3646,62.4813213,-114.4808458,180.985,2,0.00,,1,,ITRF2014_0,2010-01-01,2010-01-01,REFERENCE,YELL,48.4
YELL,40127M003,-1224453.0894,-2689216.2363,5633638.2903,62.4808918,-114.4807083,181.035,772,0.61,,1,,IGS00|IGS08|IGS14|IGS14_0|IGS20|IGS20_0|IGS97|IGb08|ITRF00|ITRF2005|ITRF2014_0|ITRF97,1997-01-01,2026-02-12,RNX2SNX,YEL2,48.4
YIBL,25001M001,3294552.0341,4905092.5990,2393580.2812,22.1864652,56.1123414,95.090,762,1.19,,1,,IGS00|IGS08|IGS14|IGS14_0|IGS20|IGS20_0|IGb08|ITRF00|ITRF2005|ITRF2014_0,2000-01-01,2026-02-12,RNX2SNX,JASK,418706.8
YILN,,-3049510.5820,4928790.2560,2653583.4280,24.7460809,121.7456508,64.071,53,0.00,,1,,ITRF00|ITRF2005,2000-01-01,2017-10-07,RNX2SNX,ILAN,2278.6
YKRO,32601M001,6306439.9849,-578380.9832,757956.3260,6.8705588,-5.2400947,270.270,10,0.29,,1,,IGS00|IGS97|ITRF2014_0,1997-01-01,2010-01-01,REFERENCE,TAMA,566217.3
YMSM,,-3024807.6104,4921747.1396,2696033.6416,25.1657147,121.5740543,784.070,289,2.06,,1,,ITRF00|ITRF2005|WGS-84,1999-03-04,2017-10-07,RNX2SNX,WANL,6429.6
YNLI,,-2962125.5625,4997786.1408,2623521.8234,24.4476496,120.6546939,52.993,53,0.00,,1,,ITRF00|ITRF2005,2000-01-01,2017-10-07,RNX2SNX,TASO,4364.3
YRCM,20718M001,4487075.8842,3133519.9214,3265358.0836,30.9915701,34.9282693,516.068,2,0.00,,1,,ITRF2014_0,2010-01-01,2010-01-01,REFERENCE,DSEA,42377.5
YSSK,12329M003,-3465321.2725,2638269.2646,4644085.2549,47.0297327,142.7167238,91.303,761,0.56,,1,,IGS00|IGS14|IGS14_0|IGS20|IGS20_0|IGS97|ITRF00|ITRF2005|ITRF2014_0,1997-01-01,2026-02-12,RNX2SNX,P201,197056.4
YUL1,,-3044551.8614,5007366.5026,2509520.5265,23.3213793,121.3002114,197.466,53,0.00,,1,,ITRF00|ITRF2005,2000-01-01,2017-10-07,RNX2SNX,COCN,1770.4
YULJ,,-3045276.1468,5006139.0398,2511001.2307,23.3360601,121.3124982,166.406,53,0.00,,1,,ITRF00|ITRF2005,2000-01-01,2017-10-07,RNX2SNX,JULI,850.1
YUSN,,-3012672.6359,5022037.5593,2527852.8335,23.4873044,120.9591433,3879.680,96,0.15,,1,,ITRF00|ITRF2005|WGS-84,2000-01-01,2017-10-07,RNX2SNX,SINY,25794.1
ZAMB,34601M001,5415352.9062,2917210.3033,-1685888.5063,-15.4255375,28.3110160,1324.908,762,0.71,,1,,IGS00|IGS08|IGS14|IGS14_0|IGS20|IGS20_0|IGb08|ITRF00|ITRF2005|ITRF2014_0,2000-01-01,2026-02-12,RNX2SNX,PRE2,1141395.2
ZBS1,,-3070782.1252,5328951.8080,1683818.2758,15.4092089,119.9524842,90.188,75,10.20,,1,,ITRF2005,2008-08-26,2014-04-15,GPSEST,IBAZ,10282.7
ZBS3,,-3062287.5466,5320172.8639,1726061.0928,15.8056872,119.9246987,45.340,81,9.11,,1,,ITRF2005,2008-08-26,2014-04-17,GPSEST,MABN,29213.2
ZECK,12351M001,3451174.2541,3060335.7281,4391955.8312,43.7883950,41.5650727,1166.303,767,0.80,,1,,IGS00|IGS08|IGS14|IGS14_0|IGS20|IGS20_0|IGS97|IGb08|ITRF00|ITRF2005|ITRF2014_0|ITRF97,1997-01-01,2026-02-12,RNX2SNX,1886,18812.2
ZEEB,13174M001,3986703.5179,223465.5479,4957020.9395,51.3358602,3.2082267,60.246,2,0.00,,1,,ITRF2014_0,2010-01-01,2010-01-01,REFERENCE,OOST,23431.6
ZHN1,49970M001,-5508636.6839,-2234493.3194,2303721.9523,21.3129895,-157.9208259,24.226,2,0.00,,1,,ITRF2014_0,2010-01-01,2010-01-01,REFERENCE,HNLC,5936.0
ZIM2,14001M008,4331299.5921,567537.6894,4633133.9528,46.8770967,7.4650359,956.443,701,0.51,,1,,IGS14|IGS14_0|IGS20|IGS20_0|IGb08|ITRF2014_0,2005-01-01,2026-02-12,RNX2SNX,ZIM3,0.0
ZIM3,14001M008,4331299.5907,567537.6896,4633133.9528,46.8770967,7.4650359,956.442,625,0.40,,1,,IGS14|IGS14_0|IGS20|ITRF2014_0,2010-01-01,2026-02-12,RNX2SNX,ZIM2,0.0
ZIMG,,4331297.1891,567555.7387,4633133.8379,46.8770962,7.4652748,956.334,9,0.05,,1,,IGS00|IGS97|ITRF97,1997-01-01,2000-01-01,REFERENCE,ZIMM,0.7
ZIMJ,14001M006,4331293.9997,567542.0451,4633135.6625,46.8771399,7.4651021,954.288,69,0.26,,1,,IGS00|IGS08|IGS97|IGb08|ITRF00|ITRF2005|ITRF2014_0|ITRF97,1997-01-01,2017-10-07,RNX2SNX,ZIMZ,3.4
ZIMM,14001M004,4331296.7845,567556.2459,4633134.1728,46.8771005,7.4652820,956.349,767,15.87,,1,,IGS00|IGS08|IGS14|IGS14_0|IGS20|IGS20_0|IGS97|IGb08|ITRF00|ITRF2005|ITRF2014_0|ITRF97,1997-01-01,2026-02-12,RNX2SNX,ZIMG,0.7
ZIMZ,14001M005,4331292.7669,567545.2560,4633135.8861,46.8771465,7.4651460,953.901,61,0.05,,1,,IGS00|IGS97|ITRF00|ITRF2005,1997-01-01,2017-10-07,RNX2SNX,ZIMJ,3.4
ZMPS,,-3362375.4611,5365389.4805,764690.0796,6.9320978,122.0744971,80.997,11,13.22,,1,,ITRF2005,2009-07-12,2009-07-12,GPSEST,SINA,2517.1
ZOSI,,-3044264.3638,5006296.7143,2512012.1174,23.3458395,121.3032440,207.879,53,0.00,,1,,ITRF00|ITRF2005,2000-01-01,2017-10-07,RNX2SNX,YULJ,1438.9
ZSU1,82007M001,2462589.1868,-5529371.1543,2003724.4638,18.4313385,-65.9934752,-29.036,2,0.00,,1,,ITRF2014_0,2010-01-01,2010-01-01,REFERENCE,BYSP,17910.4
ZWE2,12330M003,2886335.8569,2155987.5701,5245818.7944,55.6992826,36.7583894,208.195,6,0.14,,1,,IGS00|ITRF2014_0,2000-01-01,2010-01-01,REFERENCE,ZWEN,15.3
ZWEN,12330M001,2886325.4791,2155998.4420,5245816.1527,55.6992826,36.7586267,204.994,69,0.26,,1,,IGS00|IGS97|ITRF00|ITRF2005|ITRF2014_0|ITRF97,1997-01-01,2017-10-07,RNX2SNX,ZWE2,15.3
