# Built 2026-09-23 on gps3, together with the file beside it, by ONE command:
#   scripts/build_crd_catalog.py --root /srv/gnss-archive --root $P \
#       --rinex <listing of every RINEX path in the archive, 480,178 lines> \
#       -o docs/bern52/crd_catalog.csv --clusters-out docs/bern52/crd_clusters.csv
# Both files must come from the same invocation: --rinex adds sites that only
# RINEX headers cover, so a run without it yields fewer sites in both.
# One row per distinct MONUMENT, not per site code. A code
# naming two physical marks appears twice. Judge a real
# collision by cluster SIZE and RATIO -- see _cluster_row().
site,cluster,of_clusters,n_rows,n_files,x,y,z,lat,lon,height,spread_m,best_kind,frames
0194,1,1,2,2,-3766966.2179,3211876.6769,4008334.0458,39.1855595,139.5476697,45.271,0.00,REFERENCE,ITRF2014_0
02G1,1,1,1,1,-3000767.2621,5045526.5161,2488496.2981,23.1108490,120.7415654,1226.827,0.00,REFERENCE,ITRF2005
02G2,1,1,1,1,-3000659.8851,5045645.5760,2488319.8321,23.1092156,120.7400706,1201.201,0.00,REFERENCE,ITRF2005
02G3,1,1,1,1,-3000706.3997,5045738.0779,2488197.6817,23.1078354,120.7399994,1248.254,0.00,REFERENCE,ITRF2005
02L1,1,1,1,1,-3000674.0359,5045459.9707,2488623.5772,23.1122774,120.7411153,1180.353,0.00,REFERENCE,ITRF2005
0498,1,1,58,58,-3355140.1021,4725716.8882,2654318.2493,24.7531236,125.3737935,127.036,0.02,OTHER,WGS-84
0499,1,1,58,58,-3159135.2644,4875282.8733,2624177.3623,24.4541742,122.9428399,47.337,0.02,OTHER,WGS-84
0500,1,1,58,58,-3231750.8193,4828984.3550,2621361.5059,24.4262777,123.7920319,40.624,0.03,OTHER,WGS-84
0597,1,3,4,4,-3264624.5178,5261650.5087,1524172.8747,13.9178060,121.8177962,67.971,2.17,RNXHDR,
0597,2,3,4,4,-3282152.3836,5270580.9448,1454506.5461,13.2699868,121.9117880,59.840,3.57,RNXHDR,
0597,3,3,4,4,-3234352.8887,5256346.9241,1604298.0984,14.6651448,121.6049553,55.515,3.56,RNXHDR,
05G1,1,1,1,1,-3003046.7056,5062060.3459,2450534.1127,22.7410870,120.6783647,603.433,0.00,REFERENCE,ITRF2005
05G2,1,1,1,1,-3002238.8838,5062886.8766,2450671.8714,22.7411913,120.6674968,932.252,0.00,REFERENCE,ITRF2005
05G3,1,1,1,1,-3001948.7828,5063209.4559,2449689.0731,22.7325552,120.6634664,671.848,0.00,REFERENCE,ITRF2005
05G4,1,1,1,1,-3002503.7273,5062686.1999,2450007.6007,22.7357906,120.6707106,640.894,0.00,REFERENCE,ITRF2005
05G5,1,1,1,1,-3002601.7827,5062634.6462,2449745.5139,22.7335882,120.6717876,544.843,0.00,REFERENCE,ITRF2005
05G6,1,1,1,1,-3002154.2059,5062938.5626,2450121.4027,22.7366030,120.6665312,720.648,0.00,REFERENCE,ITRF2005
05G7,1,1,1,1,-3001841.3880,5063279.9336,2449924.1055,22.7344921,120.6622173,768.074,0.00,REFERENCE,ITRF2005
05L1,1,1,1,1,-3002400.3042,5062766.4564,2450305.4567,22.7382142,120.6694462,771.026,0.00,REFERENCE,ITRF2005
05L2,1,1,1,1,-3002320.0538,5062836.3129,2449629.3454,22.7325170,120.6684275,527.389,0.00,REFERENCE,ITRF2005
05L3,1,1,1,1,-3003038.2463,5062134.2171,2450307.7806,22.7389956,120.6779269,570.558,0.00,REFERENCE,ITRF2005
05L4,1,1,1,1,-3002212.7529,5062889.0786,2449882.7500,22.7346599,120.6672671,616.698,0.00,REFERENCE,ITRF2005
0747,1,1,58,58,-3336346.5542,4734662.8376,2661810.5084,24.8279618,125.1709756,46.618,0.03,OTHER,WGS-84
0748,1,1,58,58,-3301599.7965,4769460.8619,2643061.3334,24.6416191,124.6924358,42.334,0.01,OTHER,WGS-84
0749,1,1,58,58,-3271689.8859,4795887.1329,2632486.7044,24.5366292,124.3012840,42.886,0.03,OTHER,WGS-84
0750,1,1,58,58,-3266005.7081,4810720.6146,2612547.1231,24.3388823,124.1726439,46.756,0.02,OTHER,WGS-84
0751,1,1,58,58,-3241311.1111,4842573.0056,2584530.7431,24.0615058,123.7958415,62.451,0.02,OTHER,WGS-84
0777,1,1,2,2,-3767583.4337,5084323.4123,795226.1750,7.2103269,126.5391717,81.878,0.23,RNXHDR,
1181,1,1,2,2,3800621.0195,882005.5846,5028859.6697,52.3802636,13.0652920,147.849,0.00,REFERENCE,ITRF2008
1824,1,1,2,2,3512989.2259,2068968.8914,4888817.3789,50.3631311,30.4958841,211.779,0.00,REFERENCE,ITRF2008
1831,1,1,2,2,3760674.7356,1670776.4304,4857165.4378,49.9175705,23.9544153,359.219,0.00,REFERENCE,ITRF2008
1863,1,1,2,2,1953262.4650,4588920.3495,3966841.1290,38.6857394,66.9430922,2713.959,0.00,REFERENCE,ITRF2008
1864,1,1,2,2,1953285.5730,4588973.8972,3966767.7214,38.6848952,66.9430889,2713.600,0.00,REFERENCE,ITRF2008
1868,1,1,2,2,-2948545.4368,2774312.9783,4912302.4351,50.6946037,136.7438317,269.531,0.00,REFERENCE,ITRF2008
1873,1,1,2,2,3783902.2146,2551405.0049,4441257.4976,44.4131874,33.9909525,364.313,0.00,REFERENCE,ITRF2008
1879,1,1,2,2,543405.9360,3955302.2569,4957821.0438,51.3438998,82.1772946,369.296,0.00,REFERENCE,ITRF2008
1879X12372S001X,1,1,2,2,543405.8211,3955303.1790,4957820.7671,51.3438919,82.1772980,369.641,0.00,REFERENCE,ITRF2008
1884,1,1,2,2,3183895.7583,1421497.1475,5322803.7917,56.9485517,24.0590767,31.283,0.00,REFERENCE,ITRF2008
1885,1,1,2,2,3183892.2059,1421465.8892,5322813.9836,56.9487220,24.0586315,31.106,0.00,REFERENCE,ITRF2008
1886,1,1,2,2,3466773.4758,3059757.8115,4381456.7595,43.6498417,41.4314707,2077.446,0.00,REFERENCE,ITRF2008
1893,1,1,2,2,3785944.4337,2550780.7065,4439461.3937,44.3931739,33.9701261,68.156,0.00,REFERENCE,ITRF2008
1953,1,1,2,2,1474548.0104,-5811242.3638,2168945.0002,20.0119412,-75.7622223,17.650,0.00,REFERENCE,ITRF2008
23G1,1,1,1,1,-2997409.4585,5047004.1320,2487993.8386,23.1082545,120.7060235,620.064,0.00,REFERENCE,ITRF2005
23G2,1,1,1,1,-2997369.5153,5047005.8573,2487986.8163,23.1082632,120.7056797,599.912,0.00,REFERENCE,ITRF2005
23G3,1,1,1,1,-2997559.5648,5047008.5190,2487988.4003,23.1079244,120.7072614,691.899,0.00,REFERENCE,ITRF2005
23G5,1,1,1,1,-2997195.6310,5047010.2911,2487986.3238,23.1085603,120.7041983,521.561,0.00,REFERENCE,ITRF2005
35G1,1,1,1,1,-3006209.2895,5058982.2629,2452672.5234,22.7624972,120.7201377,478.634,0.00,REFERENCE,ITRF2005
35G2,1,1,1,1,-3006098.3516,5058969.3120,2453046.4810,22.7658477,120.7192736,560.810,0.00,REFERENCE,ITRF2005
35G3,1,1,1,1,-3006164.8572,5059072.3660,2452578.3495,22.7615218,120.7193177,492.695,0.00,REFERENCE,ITRF2005
35G4,1,1,1,1,-3006198.6495,5058843.3269,2453023.9674,22.7658597,120.7207397,499.474,0.00,REFERENCE,ITRF2005
35L1,1,1,1,1,-3006120.5366,5058980.7785,2452831.8122,22.7639863,120.7194022,497.283,0.00,REFERENCE,ITRF2005
35L2,1,1,1,1,-3006191.0116,5058849.8960,2453083.7697,22.7663515,120.7206431,524.225,0.00,REFERENCE,ITRF2005
36G1,1,1,1,1,-3003896.6096,5060175.7051,2454458.1180,22.7779041,120.6948441,1026.916,0.00,REFERENCE,ITRF2005
36G2,1,1,1,1,-3004102.8083,5059676.9903,2455193.7096,22.7851586,120.6990494,1013.422,0.00,REFERENCE,ITRF2005
36L1,1,1,1,1,-3004079.0628,5059890.2466,2454516.2369,22.7789204,120.6977905,908.976,0.00,REFERENCE,ITRF2005
39G1,1,1,1,1,-2998424.7422,5057153.2422,2465756.8045,22.8908154,120.6640252,442.736,0.00,REFERENCE,ITRF2005
4779,1,3,4,4,-3252591.4771,5260517.4179,1553279.4542,14.1890252,121.7286086,54.905,2.17,RNXHDR,
4779,2,3,4,4,-3293157.7320,5258083.7873,1474688.9624,13.4574368,122.0590692,83.499,3.35,RNXHDR,
4779,3,3,4,4,-3237177.6899,5251941.0165,1613003.6811,14.7464550,121.6487415,69.583,2.36,RNXHDR,
5518,1,3,4,4,-3365161.6216,5244291.5923,1357253.4247,12.3684120,122.6875132,64.851,1.17,RNXHDR,
5518,2,3,3,3,-3303387.2599,5266817.4928,1419932.6430,12.9490903,122.0962439,70.482,1.85,RNXHDR,
5518,3,3,3,3,-3442487.9163,5153754.1448,1501524.3217,13.7069724,123.7412333,81.767,2.85,RNXHDR,
5602,1,3,4,4,-3323163.9715,5225589.2306,1521703.2270,13.8948298,122.4539341,59.297,1.51,RNXHDR,
5602,2,3,3,3,-3426034.4782,5185031.0211,1430227.0272,13.0445773,123.4549280,75.453,0.78,RNXHDR,
5602,3,3,2,2,-3400684.0586,5179780.5576,1507326.9208,13.7608844,123.2861212,117.089,1.25,RNXHDR,
5936,1,1,48,48,-3013991.1827,4991076.1875,2580108.8078,24.0129435,121.1267708,1267.472,0.05,OTHER,WGS-84
6511,1,1,1,1,-3590560.2873,5125633.2476,1227664.2188,11.1717532,125.0116489,72.481,0.00,RNXHDR,
6850,1,11,6,6,-3667634.5609,5123544.7063,986362.0095,8.9559387,125.5965754,85.360,1.95,RNXHDR,
6850,2,11,4,4,-3413472.3222,5263984.4906,1145463.6670,10.4151464,122.9617107,127.313,3.29,RNXHDR,
6850,3,11,3,3,-3150499.2506,5257846.8738,1761133.6904,16.1329197,120.9300204,976.661,2.87,RNXHDR,
6850,4,11,3,3,-3344975.6375,5275354.6873,1285341.6187,11.7037376,122.3778020,65.442,2.72,RNXHDR,
6850,5,11,3,3,-3433306.0172,5252468.9686,1142447.9392,10.3864208,123.1708648,734.613,2.96,RNXHDR,
6850,6,11,2,2,-3198698.6427,5199756.3756,1841243.7303,16.8901928,121.5982988,120.247,2.80,RNXHDR,
6850,7,11,2,2,-3168833.8854,5198568.4733,1895571.9688,17.4035048,121.3647698,266.464,1.54,RNXHDR,
6850,8,11,2,2,-3213836.4795,5213937.2753,1774470.5909,16.2603099,121.6494060,252.516,0.73,RNXHDR,
6850,9,11,2,2,-3143193.1993,5254318.0478,1785105.2254,16.3579949,120.8883467,1172.870,0.46,RNXHDR,
6850,10,11,2,2,-3410177.2776,5289860.0971,1030745.5186,9.3624282,122.8083797,70.071,3.44,RNXHDR,
6850,11,11,1,1,-3184736.4804,5286937.1507,1603259.1429,14.6553140,121.0638495,108.365,0.00,RNXHDR,
7035,1,1,2,2,-2428826.6324,-4799754.3255,3417267.0918,32.6006800,-116.8408449,988.678,0.00,REFERENCE,ITRF2008
7046,1,1,2,2,-1736003.2361,-4425049.7736,4241427.1007,41.9335387,-111.4207079,1963.360,0.00,REFERENCE,ITRF2008
7051,1,1,2,2,-2516893.4649,-4198844.9158,4076411.4712,39.9734928,-120.9395346,1059.987,0.00,REFERENCE,ITRF2008
7062,1,1,2,2,-2428825.6772,-4799750.5227,3417272.6078,32.6007405,-116.8408541,988.428,0.00,REFERENCE,ITRF2008
7063,1,1,2,2,1130714.5650,-4831367.7347,3994087.4308,39.0203829,-76.8277960,19.246,0.00,REFERENCE,ITRF2008
7065,1,1,2,2,1130691.1043,-4831351.0684,3994112.0018,39.0206772,-76.8280159,17.954,0.00,REFERENCE,ITRF2008
7067,1,1,2,2,2308538.3464,-4874080.0220,3393628.6997,32.3538281,-64.6560938,-22.995,0.00,REFERENCE,ITRF2008
7068,1,1,2,2,1920481.0575,-5619479.2270,2318914.5853,21.4605008,-71.1319176,-18.158,0.00,REFERENCE,ITRF2008
7080,1,1,2,2,-1330021.1661,-5328401.8376,3236480.7406,30.6802668,-104.0151983,2004.272,0.00,REFERENCE,ITRF2008
7082,1,1,2,2,-1735997.3629,-4425048.5475,4241430.5889,41.9335818,-111.4206474,1963.246,0.00,REFERENCE,ITRF2008
7084,1,1,2,2,-2410590.5518,-4477745.0371,3838648.7830,37.2321302,-118.2957667,1178.124,0.00,REFERENCE,ITRF2008
7085,1,1,2,2,-2353394.3881,-4641529.4664,3676899.1247,35.4244364,-116.8863728,965.558,0.00,REFERENCE,ITRF2008
7086,1,1,2,2,-1330125.5167,-5328526.6449,3236150.2188,30.6770302,-104.0159392,1961.511,0.00,REFERENCE,ITRF2008
7090,1,1,2,2,-2389007.3014,5043329.4040,-3078524.4790,-29.0464941,115.3467493,241.338,0.00,REFERENCE,ITRF2008
7091,1,1,2,2,1492453.4795,-4457278.8144,4296816.0152,42.6226958,-71.4876447,92.119,0.00,REFERENCE,ITRF2008
7092,1,1,2,2,-6143446.9440,1364701.3382,1034163.6737,9.3938065,167.4757169,32.990,0.00,REFERENCE,ITRF2008
7096,1,1,2,2,-6100049.2849,-996201.7459,-1568975.7123,-14.3354080,-170.7248793,51.956,0.00,REFERENCE,ITRF2008
7097,1,1,2,2,-1884983.2521,-5357608.4844,-2892853.4804,-27.1478195,-109.3835525,117.534,0.00,REFERENCE,ITRF2008
7100,1,1,2,2,1131355.3247,-4831168.3431,3994131.7209,39.0209656,-76.8200670,9.773,0.00,REFERENCE,ITRF2008
7101,1,1,2,2,1131240.0887,-4831179.7471,3994148.5178,39.0211692,-76.8213926,8.562,0.00,REFERENCE,ITRF2008
7102,1,1,2,2,1130686.3840,-4831353.0166,3994110.9330,39.0206651,-76.8280741,17.920,0.00,REFERENCE,ITRF2008
7103,1,1,2,2,1130685.4454,-4831348.7041,3994116.3958,39.0207283,-76.8280733,17.930,0.00,REFERENCE,ITRF2008
7104,1,1,2,2,1131095.6217,-4831196.9461,3994170.7848,39.0214168,-76.8230622,10.005,0.00,REFERENCE,ITRF2008
7105,1,1,2,2,1130719.5115,-4831350.5740,3994106.5598,39.0206052,-76.8276952,19.183,0.00,REFERENCE,ITRF2008
7106,1,1,2,2,1130646.2143,-4831304.4764,3994182.8108,39.0214881,-76.8283980,19.343,0.00,REFERENCE,ITRF2008
7109,1,1,2,2,-2517235.0420,-4198556.1121,4076569.6281,39.9750011,-120.9447015,1106.361,0.00,REFERENCE,ITRF2008
7110,1,1,2,2,-2386278.4548,-4802353.9409,3444881.7246,32.8917399,-116.4226742,1839.031,0.00,REFERENCE,ITRF2008
7112,1,1,2,2,-1240678.4412,-4720463.3295,4094480.5210,40.1827793,-104.7259806,1501.480,0.00,REFERENCE,ITRF2008
7114,1,1,2,2,-2410422.5191,-4477802.1214,3838686.1864,37.2325587,-118.2937948,1177.359,0.00,REFERENCE,ITRF2008
7115,1,1,2,2,-2350861.8341,-4655546.1804,3660997.8116,35.2483063,-116.7919224,1038.544,0.00,REFERENCE,ITRF2008
7119,1,1,2,2,-5466065.4889,-2404338.3297,2242108.2296,20.7064890,-156.2569209,3056.266,0.00,REFERENCE,ITRF2008
7120,1,1,2,2,-5465998.6526,-2404407.5420,2242229.0048,20.7076153,-156.2560548,3067.811,0.00,REFERENCE,ITRF2008
7121,1,1,2,2,-5345865.9498,-2958245.7264,-1824623.2397,-16.7335142,-151.0411422,43.604,0.00,REFERENCE,ITRF2008
7122,1,1,2,2,-1660089.4668,-5619100.4657,2511637.8407,23.3428482,-106.4590835,30.954,0.00,REFERENCE,ITRF2008
7123,1,1,2,2,-5345867.4296,-2958246.5400,-1824623.7626,-16.7335143,-151.0411422,45.371,0.00,REFERENCE,ITRF2008
7124,1,1,2,2,-5246407.0936,-3077284.5687,-1913813.9246,-17.5768044,-149.6062090,94.395,0.00,REFERENCE,ITRF2008
7125,1,1,2,2,1130745.5384,-4831368.0463,3994077.1875,39.0202695,-76.8274485,18.516,0.00,REFERENCE,ITRF2008
7130,1,1,2,2,1130735.0955,-4831324.6373,3994132.4061,39.0209091,-76.8274517,18.595,0.00,REFERENCE,ITRF2008
7210,1,1,2,2,-5466006.7029,-2404426.9176,2242188.0099,20.7072206,-156.2559157,3067.506,0.00,REFERENCE,ITRF2008
7220,1,1,2,2,-2386292.7340,-4802347.0618,3444881.1274,32.8917344,-116.4228435,1838.870,0.00,REFERENCE,ITRF2008
7231,1,1,2,2,-2279714.4182,5004767.4204,3219793.9317,30.5156569,114.4896713,86.548,0.00,REFERENCE,ITRF2008
7236,1,1,2,2,-2266555.9275,5009079.1114,3222265.8250,30.5417980,114.3462546,38.453,0.00,REFERENCE,ITRF2008
7237,1,1,2,2,-2674386.9328,3757189.2274,4391508.3183,43.7905120,125.4434599,274.210,0.00,REFERENCE,ITRF2008
7239,1,11,4,4,-3450240.9446,5188621.3538,1357646.5462,12.3720311,123.6224341,74.379,2.22,RNXHDR,
7239,2,11,4,4,-3306684.7726,5235476.9007,1523840.3679,13.9146005,122.2761746,116.794,1.53,RNXHDR,
7239,3,11,4,4,-3494971.4485,5172284.6839,1304894.2143,11.8842846,124.0473405,74.248,0.00,RNXHDR,
7239,4,11,4,4,-3534989.5571,5156996.7113,1257025.5949,11.4424410,124.4296421,70.322,2.41,RNXHDR,
7239,5,11,3,3,-3349652.2278,5210861.2753,1514182.7471,13.8248081,122.7337701,63.882,2.58,RNXHDR,
7239,6,11,3,3,-3540965.4229,5155937.7254,1244825.6508,11.3298484,124.4802783,120.138,2.17,RNXHDR,
7239,7,11,2,2,-3194158.0127,5305608.2449,1522196.9974,13.8988250,121.0493821,328.578,1.30,RNXHDR,
7239,8,11,2,2,-3221154.2130,5277475.2184,1561192.8658,14.2628110,121.3981774,54.632,0.88,RNXHDR,
7239,9,11,2,2,-3367753.6393,5189312.3769,1547423.0365,14.1344256,122.9827156,58.926,2.28,RNXHDR,
7239,10,11,1,1,-3184313.8964,5287302.6333,1602898.5322,14.6519436,121.0587386,109.092,0.00,RNXHDR,
7239,11,11,1,1,-3323160.4212,5225585.1255,1521702.0247,13.8948310,122.4539268,53.796,0.00,RNXHDR,
7244,1,4,3,3,-3379412.5300,5201151.0670,1481303.5237,13.5189613,123.0135228,64.130,2.27,RNXHDR,
7244,2,4,3,3,-3087542.3504,5297592.8112,1750208.8950,16.0325938,120.2344821,51.066,0.00,RNXHDR,
7244,3,4,3,3,-3326437.1815,5228392.3826,1504953.4490,13.7389213,122.4655634,61.817,1.85,RNXHDR,
7244,4,4,2,2,-3403518.3702,5176047.0362,1513482.4838,13.8182866,123.3269866,65.488,2.47,RNXHDR,
7249,1,1,2,2,-2148760.5958,4426759.5667,4044509.6343,39.6069337,115.8920568,81.733,0.00,REFERENCE,ITRF2008
7255,1,4,3,3,-3351382.0180,5225196.0691,1460354.7030,13.3242951,122.6756561,63.687,1.80,RNXHDR,
7255,2,4,2,2,-3382149.5959,5211375.5069,1438982.3113,13.1257590,122.9833148,106.935,1.15,RNXHDR,
7255,3,4,2,2,-3315612.0659,5239754.0351,1489341.9091,13.5937089,122.3248143,59.771,2.21,RNXHDR,
7255,4,4,2,2,-3280165.2670,5246173.8695,1543856.1694,14.1011841,122.0156436,58.647,1.53,RNXHDR,
7265,1,1,2,2,-2356475.9650,-4646618.2443,3668424.7424,35.3312150,-116.8912909,896.081,0.00,REFERENCE,ITRF2008
7274,1,1,2,2,-2386289.8430,-4802346.1425,3444884.2474,32.8917683,-116.4228202,1838.792,0.00,REFERENCE,ITRF2008
7288,1,1,2,2,-2356494.3104,-4646607.6021,3668426.6018,35.3312349,-116.8915238,896.183,0.00,REFERENCE,ITRF2008
7295,1,1,2,2,961318.8415,-5674090.9761,2740489.6244,25.6133545,-80.3841151,-22.748,0.00,REFERENCE,ITRF2008
7307,1,1,4,2,-3268751.5773,4807238.1782,2615629.3449,24.3692118,124.2143135,99.457,0.22,REFERENCE,ITRF2008
7308,1,1,2,2,-3942020.1201,3368097.5849,3702191.0101,35.7100847,139.4891239,122.439,0.00,REFERENCE,ITRF2008
7328,1,1,2,2,-3941941.2469,3368169.5548,3702195.6674,35.7101883,139.4879531,114.428,0.00,REFERENCE,ITRF2008
7335,1,1,2,2,-3997484.3316,3276846.9096,3724296.5575,35.9561910,140.6575923,65.720,0.00,REFERENCE,ITRF2008
7337,1,1,2,2,-3976161.6224,3377950.3730,3656687.3303,35.2067310,139.6504162,98.419,0.00,REFERENCE,ITRF2008
7339,1,1,2,2,-4000955.0870,3375310.3303,3632200.9837,34.9369233,139.8481458,119.591,0.00,REFERENCE,ITRF2008
7355,1,1,2,2,184591.8895,4606751.1983,4393756.4611,43.8136151,87.7053935,845.356,0.00,REFERENCE,ITRF2008
7356,1,1,2,2,-100535.9611,5550602.1007,3137036.8148,29.6348569,91.0376634,3600.762,0.00,REFERENCE,ITRF2008
7357,1,1,2,2,-2148781.6538,4426678.2000,4044571.5581,39.6077309,115.8926911,71.900,0.00,REFERENCE,ITRF2008
7358,1,1,2,2,-3607651.5073,4147873.9774,3223722.8851,30.5565112,131.0154148,141.379,0.00,REFERENCE,ITRF2008
7370,1,1,2,2,-3987188.0825,2701418.3288,-4167720.3404,-41.0622150,145.8813908,129.580,0.00,REFERENCE,ITRF2008
7400,1,1,2,2,1769700.2272,-5044613.2219,-3468259.6801,-33.1496332,-70.6686248,722.275,0.00,REFERENCE,ITRF2008
7401,1,1,2,2,1815517.5840,-5213464.7889,-3187998.9454,-30.1724583,-70.8000288,2155.233,0.00,REFERENCE,ITRF2008
7403,1,1,2,2,1942807.5968,-5804069.7602,-1796915.7534,-16.4657196,-71.4929600,2488.833,0.00,REFERENCE,ITRF2008
7404,1,1,2,2,1769714.6696,-5044609.6158,-3468260.4151,-33.1496320,-70.6684660,723.831,0.00,REFERENCE,ITRF2008
7405,1,1,4,2,1492030.5002,-4887946.3557,-3803566.3509,-36.8430103,-73.0253523,169.206,0.00,REFERENCE,ITRF2008
7406,1,1,2,2,1984104.3225,-5068867.1926,-3314482.5439,-31.5086258,-68.6231578,727.268,0.00,REFERENCE,ITRF2008
7410,1,1,2,2,918212.8859,-4346066.6006,4561957.7169,45.9555923,-78.0703017,195.262,0.00,REFERENCE,ITRF2008
7411,1,1,2,2,749864.8991,-3709310.8070,5116945.9779,53.6982331,-78.5712573,19.535,0.00,REFERENCE,ITRF2008
7501,1,1,2,2,5085401.1002,2668330.2325,-2768688.7336,-25.8897078,27.6861755,1406.789,0.00,REFERENCE,ITRF2008
7502,1,1,2,2,5041543.4255,1915353.2734,-3396942.1854,-32.3791820,20.8024886,1729.909,0.00,REFERENCE,ITRF2008
7505,1,1,2,2,4319399.0922,1868698.0550,4292024.9273,42.5556603,23.3947169,1114.413,0.00,REFERENCE,ITRF2008
7510,1,1,2,2,4353444.5776,2082666.6497,4156506.8466,40.9280219,25.5662250,182.616,0.00,REFERENCE,ITRF2008
7512,1,1,2,2,4573400.0288,2409322.5169,3723881.5948,35.9515176,27.7808045,73.912,0.00,REFERENCE,ITRF2008
7515,1,1,2,2,4595216.4854,2039435.4596,3912629.3954,38.0785922,23.9324647,510.564,0.00,REFERENCE,ITRF2008
7517,1,1,2,2,4728694.7358,2174373.5673,3674572.7950,35.4042420,24.6941691,102.414,0.00,REFERENCE,ITRF2008
7520,1,1,2,2,4596042.3752,1733477.0333,4055721.0762,39.7342529,20.6648367,598.631,0.00,REFERENCE,ITRF2008
7525,1,1,2,2,4745949.6064,1905706.0243,3799168.9447,36.7914444,21.8776153,476.192,0.00,REFERENCE,ITRF2008
7530,1,1,2,2,4443965.4487,3121945.4536,3334693.9561,31.7223973,35.0885568,772.892,0.00,REFERENCE,ITRF2008
7540,1,1,2,2,4641984.2656,1393058.0445,4133233.7295,40.6485483,16.7044843,528.621,0.00,REFERENCE,ITRF2008
7541,1,1,2,2,4641989.9927,1393042.6256,4133232.1367,40.6485312,16.7042903,528.383,0.00,REFERENCE,ITRF2008
7542,1,1,2,2,4399361.7262,910508.1319,4512942.1347,45.3218574,11.6930579,523.125,0.00,REFERENCE,ITRF2008
7543,1,1,2,2,4934528.6520,1321133.4992,3806522.6512,36.8765997,14.9884134,125.476,0.00,REFERENCE,ITRF2008
7544,1,1,2,2,5072831.7839,1130886.6393,3684837.2701,35.5177625,12.5674489,111.980,0.00,REFERENCE,ITRF2008
7545,1,1,2,2,4893397.8605,772673.6300,4004141.2241,39.1354978,8.9729906,229.995,0.00,REFERENCE,ITRF2008
7546,1,1,2,2,4461399.3430,919567.1650,4449510.7433,44.5200379,11.6464930,49.437,0.00,REFERENCE,ITRF2008
7548,1,1,2,2,4893347.1105,772583.1006,4004255.2203,39.1366595,8.9720479,252.111,0.00,REFERENCE,ITRF2008
7550,1,1,2,2,4336738.5599,1071271.6090,4537911.2094,45.6429555,13.8755634,447.214,0.00,REFERENCE,ITRF2008
7560,1,1,2,2,3183913.9661,1421473.6339,5322796.7555,56.9484643,24.0586019,29.225,0.00,REFERENCE,ITRF2008
7561,1,1,2,2,3783746.3352,2551362.8212,4441445.1283,44.4153559,33.9916075,386.461,0.00,REFERENCE,ITRF2008
7575,1,1,2,2,3848635.4050,3251760.9594,3898909.4038,37.9202412,40.1948918,724.738,0.00,REFERENCE,ITRF2008
7580,1,1,2,2,4247620.2605,2778639.0143,3851607.7092,37.3776641,33.1912553,1357.715,0.00,REFERENCE,ITRF2008
7585,1,1,2,2,4029730.4489,2802093.1967,4062068.1936,39.8005301,34.8130133,1677.006,0.00,REFERENCE,ITRF2008
7587,1,1,2,2,4117361.7199,2517077.0399,4157679.2708,40.9369969,31.4388003,822.719,0.00,REFERENCE,ITRF2008
7589,1,1,2,2,4121934.2496,2652189.6210,4069034.4082,39.8875087,32.7585770,974.359,0.00,REFERENCE,ITRF2008
7594,1,1,7,7,4075594.9714,931732.0711,4801569.3602,49.1442946,12.8772395,658.401,1.66,REFERENCE,IGS97|ITRF2008|ITRF97
7596,1,1,2,2,4075582.2884,931837.4121,4801560.1731,49.1441650,12.8786856,658.723,0.00,REFERENCE,ITRF2008
7597,1,1,2,2,4075601.7671,931826.6851,4801547.8909,49.1439799,12.8784827,660.291,0.00,REFERENCE,ITRF2008
7599,1,1,2,2,4075515.0398,931753.7987,4801631.5445,49.1451573,12.8777739,657.631,0.00,REFERENCE,ITRF2008
7602,1,1,2,2,2102904.1676,721602.4399,5958201.3004,69.6629736,18.9394351,132.905,0.00,REFERENCE,ITRF2008
7604,1,1,2,2,4228878.1020,-333104.1331,4747182.3652,48.4078687,-4.5038269,106.158,0.00,REFERENCE,ITRF2008
7805,1,1,2,2,2892595.2576,1311807.9249,5512610.9772,60.2173096,24.3945544,78.297,0.00,REFERENCE,ITRF2008
7806,1,1,2,2,2892607.0051,1311813.1922,5512598.7530,60.2171548,24.3945534,74.082,0.00,REFERENCE,ITRF2008
7810,1,1,4,2,4331283.4692,567549.8782,4633140.2656,46.8772300,7.4652219,951.206,0.12,REFERENCE,ITRF2008
7811,1,1,2,2,3738332.6866,1148246.6146,5021816.0978,52.2769815,17.0745883,122.647,0.00,REFERENCE,ITRF2008
7820,1,1,2,2,-1281275.9698,5640727.3413,2682925.7547,25.0299658,102.7974322,1993.086,0.00,REFERENCE,ITRF2008
7821,1,1,2,2,-2830744.4452,4676580.2926,3275072.8432,31.0960947,121.1866128,99.972,0.00,REFERENCE,ITRF2008
7822,1,1,2,2,-5246415.7847,-3077274.1678,-1913807.3274,-17.5767414,-149.6063349,94.533,0.00,REFERENCE,ITRF2008
7823,1,1,2,2,5105602.9864,-555206.7057,3769654.5928,36.4627849,-6.2062191,68.179,0.00,REFERENCE,ITRF2008
7824,1,1,4,2,5105473.7630,-555110.5593,3769892.8108,36.4652550,-6.2053086,98.081,0.17,REFERENCE,ITRF2008
7825,1,1,2,2,-4467064.5967,2683034.8816,-3667007.5472,-35.3161430,149.0098803,804.979,0.00,REFERENCE,ITRF2008
7830,1,1,2,2,4744552.5948,2119414.5089,3686245.0817,35.5330419,24.0705457,160.317,0.00,REFERENCE,ITRF2008
7831,1,1,2,2,4728283.2206,2879670.5403,3156894.8555,29.8590110,31.3427058,131.894,0.00,REFERENCE,ITRF2008
7832,1,1,7,7,3992101.0582,4192172.5006,2670410.6737,24.9105453,46.4003646,760.124,0.39,REFERENCE,IGS97|ITRF2008|ITRF97
7833,1,1,2,2,3899223.9988,396743.1512,5015074.0514,52.1784026,5.8098087,93.400,0.00,REFERENCE,ITRF2008
7834,1,1,2,2,4075529.7639,931781.5560,4801618.4101,49.1449403,12.8780998,661.133,0.00,REFERENCE,ITRF2008
7835,1,1,2,2,4581691.5261,556159.6912,4389359.5840,43.7546924,6.9211251,1322.827,0.00,REFERENCE,ITRF2008
7836,1,1,2,2,3800639.5467,881982.1703,5028831.7612,52.3800197,13.0648956,133.529,0.00,REFERENCE,ITRF2008
7837,1,1,2,2,-2831088.3229,4676203.2356,3275172.7245,31.0975391,121.1917427,27.845,0.00,REFERENCE,ITRF2008
7838,1,1,2,2,-3822388.3172,3699363.6038,3507573.0809,33.5776933,135.9370381,101.597,0.00,REFERENCE,ITRF2008
7839,1,1,2,2,4194426.3766,1162694.1763,4647246.7304,47.0671368,15.4933632,539.385,0.00,REFERENCE,ITRF2008
7840,1,1,2,2,4033463.6085,23662.6167,4924305.2504,50.8673819,0.3361261,75.402,0.00,REFERENCE,ITRF2008
7841,1,1,2,2,3800432.1796,881692.0943,5029030.1272,52.3830125,13.0614342,127.331,0.00,REFERENCE,ITRF2008
7843,1,1,2,2,-4446477.3634,2678127.0091,-3696250.8619,-35.6362477,148.9393150,1349.882,0.00,REFERENCE,ITRF2008
7845,1,1,2,2,4581692.0596,556196.1763,4389355.1539,43.7546330,6.9215739,1323.321,0.00,REFERENCE,ITRF2008
7847,1,1,2,2,-2389018.3759,5043337.0873,-3078505.6270,-29.0462943,115.3468183,242.400,0.00,REFERENCE,ITRF2008
7848,1,1,2,2,4696991.9184,724001.6672,4239671.6437,41.9273899,8.7626958,96.808,0.00,REFERENCE,ITRF2008
7849,1,1,7,7,-4467063.5964,2683034.4690,-3667007.4455,-35.3161478,149.0098785,804.047,0.56,REFERENCE,IGS97|ITRF2008|ITRF97
7850,1,1,2,2,-1330008.2992,-5328391.5857,3236502.6770,30.6804971,-104.0150940,2004.230,0.00,REFERENCE,ITRF2008
7853,1,1,2,2,-2410421.3385,-4477799.9973,3838689.9647,37.2325990,-118.2937945,1177.710,0.00,REFERENCE,ITRF2008
7882,1,1,2,2,-1997242.5189,-5528040.8820,2468355.5773,22.9175531,-109.8644335,111.543,0.00,REFERENCE,ITRF2008
7883,1,1,2,2,-2406127.3196,-4898367.9360,3290336.8951,31.2566479,-116.1607324,164.970,0.00,REFERENCE,ITRF2008
7884,1,1,2,2,-1483442.9207,-5019625.6689,3635692.0507,34.9642491,-106.4639168,1875.499,0.00,REFERENCE,ITRF2008
7885,1,1,2,2,-1330125.4972,-5328526.6252,3236150.1826,30.6770300,-104.0159391,1961.472,0.00,REFERENCE,ITRF2008
7886,1,1,2,2,-2517242.6470,-4198550.8236,4076570.2745,39.9750092,-120.9448097,1106.297,0.00,REFERENCE,ITRF2008
7888,1,1,2,2,-1936744.0187,-5077635.5658,3331992.7172,31.6851097,-110.8781693,2327.827,0.00,REFERENCE,ITRF2008
7891,1,1,2,2,-1923976.8966,-4850871.6705,3658574.7776,35.2145374,-111.6345138,2144.441,0.00,REFERENCE,ITRF2008
7892,1,1,2,2,-1631485.0349,-4589134.3524,4106749.8204,40.3268454,-109.5708294,1590.844,0.00,REFERENCE,ITRF2008
7894,1,1,2,2,-2196778.0237,-4887336.9234,3448425.0419,32.9391342,-114.2031378,238.325,0.00,REFERENCE,ITRF2008
7896,1,1,2,2,-2493212.3419,-4655229.1285,3565574.6361,34.2055535,-118.1722741,441.520,0.00,REFERENCE,ITRF2008
7899,1,1,2,2,1131364.5476,-4831168.7939,3994128.9688,39.0209319,-76.8199645,10.015,0.00,REFERENCE,ITRF2008
7907,1,1,2,2,1942792.2000,-5804077.6218,-1796918.9828,-16.4657410,-71.4931201,2492.211,0.00,REFERENCE,ITRF2008
7918,1,1,2,2,1130705.0936,-4831345.4414,3994116.0196,39.0207183,-76.8278438,18.704,0.00,REFERENCE,ITRF2008
7919,1,1,2,2,1130705.5838,-4831347.6768,3994117.8005,39.0207178,-76.8278442,21.603,0.00,REFERENCE,ITRF2008
7920,1,1,2,2,1130741.6945,-4831369.7892,3994076.1487,39.0202576,-76.8274963,18.500,0.00,REFERENCE,ITRF2008
7921,1,1,2,2,-1936759.8355,-5077703.0161,3331921.2162,31.6842361,-110.8780717,2348.696,0.00,REFERENCE,ITRF2008
7929,1,1,2,2,5186467.8012,-3653856.3339,-654321.6686,-5.9278067,-35.1646200,39.590,0.00,REFERENCE,ITRF2008
7939,1,1,2,2,4641964.7397,1393070.2557,4133262.5104,40.6488340,16.7046890,535.843,0.00,REFERENCE,ITRF2008
7940,1,1,2,2,4595217.0983,2039465.1840,3912614.6694,38.0784177,23.9327715,511.414,0.00,REFERENCE,ITRF2008
7941,1,1,2,2,4641978.7136,1393067.6300,4133249.5497,40.6486714,16.7046118,536.983,0.00,REFERENCE,ITRF2008
7943,1,1,2,2,-4447549.3119,2677134.0202,-3694995.6868,-35.6249226,148.9548078,948.758,0.00,REFERENCE,ITRF2008
8833,1,1,2,2,3899237.5996,396769.4526,5015055.3713,52.1781847,5.8101711,88.574,0.00,REFERENCE,ITRF2008
8834,1,1,2,2,4075576.7367,931785.5955,4801583.6546,49.1444184,12.8780102,665.388,0.00,REFERENCE,ITRF2008
8872,1,3,4,4,-3239596.8906,5277280.0014,1523628.8158,13.9126937,121.5447758,88.627,1.95,RNXHDR,
8872,2,3,4,4,-3295062.5329,5262094.4436,1456037.2536,13.2842005,122.0543211,60.818,3.49,RNXHDR,
8872,3,3,3,3,-3223611.4416,5271159.4425,1577293.6954,14.4129938,121.4481390,61.392,2.30,RNXHDR,
A195,1,1,53,53,-2970996.1528,4988615.4687,2631055.8008,24.5220964,120.7761355,123.736,0.00,RNX2SNX,ITRF00|ITRF2005
AB07,1,1,2,2,-3425750.1055,-1214685.8964,5223662.7782,55.3492758,-160.4767577,89.567,0.00,REFERENCE,ITRF2014_0
AB09,1,1,2,2,-2583614.6744,-546236.9686,5786501.7725,65.6149810,-168.0621253,162.087,0.00,REFERENCE,ITRF2014_0
AB11,1,1,2,2,-2658010.3333,-693674.8140,5737338.5443,64.5644958,-165.3734587,349.451,0.00,REFERENCE,ITRF2014_0
AB14,1,1,44,44,-3107639.2499,5230020.2128,1909770.1754,17.5383708,120.7184677,133.548,2.87,GPSEST,ITRF2005
AB21,1,1,2,2,-3940203.6773,-229768.0660,4993529.8690,51.8641494,-176.6626475,59.376,0.00,REFERENCE,ITRF2014_0
AB42,1,1,2,2,-2457270.9753,-2143703.7601,5464033.5464,59.3403756,-138.8988128,773.304,0.00,REFERENCE,ITRF2014_0
AB44,1,1,2,2,-2302043.3473,-2283770.7981,5474261.8598,59.5280386,-135.2282985,304.190,0.00,REFERENCE,ITRF2014_0
AB50,1,1,2,2,-2348976.3544,-2386558.2789,5410237.6137,58.4167751,-134.5453015,51.564,0.00,REFERENCE,ITRF2014_0
ABER,1,1,2,2,3466272.1933,-125904.1383,5334662.4750,57.1440088,-2.0802192,53.470,0.00,REFERENCE,ITRF2014_0
ABLA,1,1,63,63,-3170321.6880,5333399.1070,1473377.7920,13.4452748,120.7284346,72.621,0.15,GPSEST,ITRF2005
ABMF,1,1,700,700,2919785.8259,-5383744.9028,1774604.9346,16.2623075,-61.5275349,-25.572,0.29,RNX2SNX,IGS14|IGS14_0|IGS20|IGS20_0|ITRF2014_0
ABPO,1,1,700,700,4097216.4827,4429119.2903,-2065771.1136,-19.0183037,47.2292148,1552.964,0.37,RNX2SNX,IGS14|IGS14_0|IGS20|IGS20_0|ITRF2014_0
ABUY,1,1,619,619,-3595836.4156,5132844.4766,1181541.3665,10.7470383,125.0133305,74.383,0.10,RNX2SNX,IGS14|IGS20
AC15,1,1,2,2,-2720900.2165,-1588436.7265,5527227.6909,60.4813326,-149.7240071,151.449,0.00,REFERENCE,ITRF2014_0
ACDR,1,1,52,52,-3196161.8409,5282435.6333,1595957.8370,14.5867845,121.1762272,250.219,0.00,RNX2SNX,ITRF00
ACOR,1,1,2,2,4594489.6527,-678367.6597,4357066.1821,43.3643844,-8.3989316,66.900,0.00,REFERENCE,ITRF2014_0
ACU6,1,1,2,2,1560586.4326,-4503296.2484,4224372.1496,41.7432528,-70.8865920,5.014,0.00,REFERENCE,ITRF2014_0
ADE0,1,1,2,2,2960619.1496,-5360157.5811,1778271.6916,16.2968655,-61.0864578,-40.312,0.00,REFERENCE,ITRF2014_0
ADE1,1,1,705,705,-3939183.0631,3467075.3828,-3613219.5716,-34.7289875,138.6473517,38.020,1.29,RNX2SNX,IGS08|IGS14|IGS14_0|IGS20|IGS20_0|IGb08|ITRF2014_0
ADE2,1,1,628,628,-3939183.0633,3467075.3827,-3613219.5710,-34.7289875,138.6473517,38.020,1.29,RNX2SNX,IGS14|IGS14_0|IGS20|IGb08|ITRF2014_0
ADIS,1,1,700,700,4913652.4622,3945922.9245,995383.6135,9.0351383,38.7663075,2439.120,0.48,RNX2SNX,IGS14|IGS14_0|IGS20|IGS20_0|ITRF2014_0
ADMA,1,1,52,52,-3186099.4190,5291438.0525,1585611.8167,14.4905851,121.0531359,80.227,0.00,RNX2SNX,ITRF00
ADMI,1,1,30,30,-3557621.2048,5149680.6607,1225063.0532,11.1470565,124.6383870,481.405,3.91,GPSEST,ITRF2005
AGUS,1,1,619,619,-3311735.7501,5272571.1607,1378783.7674,12.5677338,122.1331932,64.702,0.15,RNX2SNX,IGS14|IGS20
AIRA,1,1,701,701,-3530186.0461,4118797.1529,3344036.6154,31.8240579,130.5995984,314.663,0.68,RNX2SNX,IGS08|IGS14|IGS20|IGS20_0|IGb08|ITRF2014_0
AIS1,1,1,2,2,-2430153.9814,-2737192.8875,5205816.5417,55.0690717,-131.5995367,32.183,0.00,REFERENCE,ITRF2014_0
AIS5,1,1,2,2,-2430154.0361,-2737192.9706,5205816.6746,55.0690717,-131.5995364,32.348,0.00,REFERENCE,ITRF2014_0
AJAC,1,1,708,708,4696989.1512,723994.8622,4239678.7858,41.9274604,8.7626198,98.774,0.82,RNX2SNX,IGS00|IGS14|IGS14_0|IGS20|IGS20_0|IGS97|ITRF2014_0
ALAB,1,15,1800,1800,-3279949.8114,5246269.0281,1543989.2206,14.1024243,122.0134847,58.540,124.59,RNX2SNX,IGS14|IGS20|ITRF2005
ALAB,2,15,2,2,-3285583.7807,5245975.6644,1549804.4064,14.1473364,122.0591431,4134.707,0.00,GPSEST,ITRF2005
ALAB,3,15,2,2,-3291759.6630,5247402.2617,1554095.7261,14.1749883,122.1005519,9536.955,0.00,GPSEST,ITRF2005
ALAB,4,15,2,2,-3294006.3834,5245949.3889,1545996.5277,14.1041787,122.1252974,7523.288,0.00,GPSEST,ITRF2005
ALAB,5,15,2,2,-3285248.8967,5244399.1252,1559076.4090,14.2318756,122.0642631,4939.908,0.00,GPSEST,ITRF2005
ALAB,6,15,2,2,-3278487.0250,5244017.5697,1562333.1678,14.2690853,122.0130512,1951.373,0.00,GPSEST,ITRF2005
ALAB,7,15,2,2,-3286456.2536,5249001.8362,1564632.1090,14.2703913,122.0511231,10709.497,0.00,GPSEST,ITRF2005
ALAB,8,15,2,2,-3288602.5872,5242410.8801,1568150.7280,14.3110682,122.1003486,7270.551,0.00,GPSEST,ITRF2005
ALAB,9,15,2,2,-3275345.4232,5243046.6378,1578264.5288,14.4140962,121.9931326,3486.846,0.00,GPSEST,ITRF2005
ALAB,10,15,2,2,-3289047.0209,5241254.8020,1575795.3796,14.3795863,122.1095232,8444.720,0.00,GPSEST,ITRF2005
ALAB,11,15,2,2,-3291366.2207,5246731.8076,1568213.1614,14.3001774,122.1007645,12255.881,0.00,GPSEST,ITRF2005
ALAB,12,15,2,2,-3287807.7228,5241275.2244,1567856.7503,14.3115861,122.0997017,5856.417,0.00,GPSEST,ITRF2005
ALAB,13,15,2,2,-3284468.2358,5245170.5190,1553618.7314,14.1835592,122.0543468,3832.447,0.00,GPSEST,ITRF2005
ALAB,14,15,2,2,-3288895.3960,5245864.7203,1560478.9771,14.2370942,122.0856596,8365.478,0.00,GPSEST,ITRF2005
ALAB,15,15,2,2,-3283058.5263,5244252.9711,1552171.1227,14.1742562,122.0477920,1998.549,0.00,GPSEST,ITRF2005
ALAC,1,1,2,2,5009051.1223,-42072.0981,3935057.7955,38.3389213,-0.4812283,60.317,0.00,REFERENCE,ITRF2014_0
ALBH,1,1,767,767,-2341333.1606,-3539049.5307,4745791.2203,48.3897797,-123.4874726,31.753,0.31,RNX2SNX,IGS00|IGS08|IGS14|IGS14_0|IGS20|IGS20_0|IGS97|IGb08|ITRF00|ITRF2005|ITRF2014_0|ITRF97
ALBU,1,16,1517,1517,-3565179.5933,5149899.3885,1199972.7889,10.9166843,124.6941354,76.563,194.97,RNX2SNX,IGS14|IGS20|ITRF2005
ALBU,2,16,14,14,-3036712.6991,5035603.9069,2462560.6789,22.8601722,121.0920091,264.352,0.00,COORDINATE,ITRF2005
ALBU,3,16,9,9,-1483442.8397,-5019625.6450,3635692.0031,34.9642490,-106.4639160,1875.434,0.09,REFERENCE,IGS00|IGS97|ITRF97
ALBU,4,16,2,2,-3572217.4906,5151532.2835,1207349.6454,10.9729473,124.7385282,6730.229,0.00,GPSEST,ITRF2005
ALBU,5,16,2,2,-3570188.9706,5147923.5938,1215149.9217,11.0492174,124.7420894,4174.561,0.00,GPSEST,ITRF2005
ALBU,6,16,2,2,-3562946.3926,5145035.0288,1217819.0952,11.0841708,124.7026738,-1691.776,0.00,GPSEST,ITRF2005
ALBU,7,16,2,2,-3571163.6396,5152645.0240,1220947.2691,11.0929045,124.7248185,9640.713,0.00,GPSEST,ITRF2005
ALBU,8,16,2,2,-3573414.1288,5145714.8874,1224220.5913,11.1295819,124.7778390,5942.998,0.00,GPSEST,ITRF2005
ALBU,9,16,2,2,-3573458.8008,5144521.9322,1231683.4352,11.1973757,124.7843988,6451.594,0.00,GPSEST,ITRF2005
ALBU,10,16,2,2,-3558344.7412,5145409.2607,1233992.8009,11.2316941,124.6660747,-829.118,0.00,GPSEST,ITRF2005
ALBU,11,16,2,2,-3577047.6937,5143443.6942,1240004.3381,11.2690212,124.8169810,9213.129,0.00,GPSEST,ITRF2005
ALBU,12,16,2,2,-3572391.3135,5144468.4047,1223890.6237,11.1294597,124.7766578,4302.300,0.00,GPSEST,ITRF2005
ALBU,13,16,2,2,-3578676.6762,5147109.7687,1230941.3097,11.1818640,124.8100732,11313.354,0.00,GPSEST,ITRF2005
ALBU,14,16,2,2,-3569304.7029,5148965.6615,1209727.8847,11.0005248,124.7300134,3483.675,0.00,GPSEST,ITRF2005
ALBU,15,16,2,2,-3573688.2382,5149133.6239,1216535.0379,11.0563204,124.7620712,7373.534,0.00,GPSEST,ITRF2005
ALBU,16,16,2,2,-3568210.0341,5147672.2918,1208325.4708,10.9909912,124.7285241,1560.555,0.00,GPSEST,ITRF2005
ALBY,1,1,2,2,-2441714.5289,4629128.5096,-3633363.2698,-34.9502265,117.8101871,36.645,0.00,REFERENCE,ITRF2014_0
ALCA,1,1,619,619,-3308431.5295,5283320.9734,1345384.7166,12.2585989,122.0549224,64.823,0.13,RNX2SNX,IGS14|IGS20
ALCO,1,1,619,619,-3470997.5434,5242582.5215,1068530.3574,9.7087805,123.5076587,103.142,0.16,RNX2SNX,IGS14|IGS20
ALDI,1,1,2,2,184948.6658,-5511274.9297,3194254.8724,30.2491688,-88.0779760,-19.204,0.00,REFERENCE,ITRF2014_0
ALFS,1,1,53,53,-2970772.4200,5073745.8300,2464157.1000,22.8766011,120.3497655,58.517,0.00,RNX2SNX,ITRF00|ITRF2005
ALGO,1,1,772,772,918129.0455,-4346071.3451,4561977.9359,45.9558008,-78.0713725,200.975,0.49,RNX2SNX,IGS00|IGS08|IGS14|IGS14_0|IGS20|IGS20_0|IGS97|IGb08|ITRF00|ITRF2005|ITRF2014_0|ITRF97
ALIC,1,25,3089,3089,-4052052.4799,4212836.1383,-2545105.0239,-23.6701140,133.8855188,603.357,146.21,RNX2SNX,IGS00|IGS08|IGS14|IGS14_0|IGS20|IGS20_0|IGS97|IGb08|ITRF00|ITRF2005|ITRF2014_0|ITRF97
ALIC,2,25,4,4,-4054781.2960,4200926.8758,-2521447.0707,-23.4982915,133.9858350,-14986.637,373.25,GPSEST,ITRF2005
ALIC,3,25,4,4,-4053195.4443,4198132.4629,-2514204.0941,-23.4493595,133.9936862,-20726.099,452.72,GPSEST,ITRF2005
ALIC,4,25,2,2,-4074244.6579,4184868.2339,-2529018.2978,-23.5538127,134.2326192,-10115.368,0.00,GPSEST,ITRF2005
ALIC,5,25,2,2,-4078092.8412,4205760.9846,-2527954.7011,-23.4813310,134.1170454,5659.077,0.00,GPSEST,ITRF2005
ALIC,6,25,2,2,-4055301.6905,4210390.8659,-2538882.3476,-23.6168621,133.9250855,-1442.026,0.00,GPSEST,ITRF2005
ALIC,7,25,2,2,-4060472.7051,4209606.8443,-2533931.7670,-23.5649621,133.9668986,-651.912,0.00,GPSEST,ITRF2005
ALIC,8,25,2,2,-4064007.3130,4210269.4148,-2541929.3261,-23.6205249,133.9873038,5235.099,0.00,GPSEST,ITRF2005
ALIC,9,25,2,2,-4080245.4653,4206764.9495,-2536740.1713,-23.5459896,134.1253216,11199.240,0.00,GPSEST,ITRF2005
ALIC,10,25,2,2,-4241228.1047,4268417.9407,-2111090.5428,-19.4533893,134.8169304,1059.011,0.00,GPSEST,ITRF2005
ALIC,11,25,2,2,-4244013.4500,4277120.2338,-2111880.7883,-19.4356628,134.7773924,8995.685,0.00,GPSEST,ITRF2005
ALIC,12,25,2,2,-4071477.1144,4205988.9070,-2545881.9596,-23.6455415,134.0690050,8756.252,0.00,GPSEST,ITRF2005
ALIC,13,25,2,2,-4092163.7181,4200511.0090,-2524991.9544,-23.4351296,134.2514491,10022.468,0.00,GPSEST,ITRF2005
ALIC,14,25,2,2,-4087349.2896,4215404.4371,-2517289.8916,-23.3452117,134.1163850,13687.593,0.00,GPSEST,ITRF2005
ALIC,15,25,2,2,-4068101.0007,4199141.9606,-2527919.2847,-23.5231895,134.0919022,-5090.836,0.00,GPSEST,ITRF2005
ALIC,16,25,2,2,-4074422.0543,4192107.0571,-2508157.9748,-23.3615717,134.1843737,-13545.803,0.00,GPSEST,ITRF2005
ALIC,17,25,2,2,-4053221.9995,4205876.8458,-2530368.1512,-23.5633259,133.9411093,-9150.785,0.00,GPSEST,ITRF2005
ALIC,18,25,2,2,-4044548.2097,4201445.5897,-2528181.2950,-23.5785103,133.9099588,-18465.730,0.00,GPSEST,ITRF2005
ALIC,19,25,2,2,-4049534.8700,4203311.5677,-2526867.1344,-23.5502225,133.9325215,-14588.487,0.00,GPSEST,ITRF2005
ALIC,20,25,2,2,-4053826.8521,4200951.3240,-2521241.2808,-23.4989119,133.9789285,-15660.393,0.00,GPSEST,ITRF2005
ALIC,21,25,2,2,-4061112.9018,4200194.7659,-2505332.9390,-23.3504997,134.0354976,-17839.179,0.00,GPSEST,ITRF2005
ALIC,22,25,2,2,-4058158.4289,4199793.5904,-2513824.6403,-23.4294824,134.0173954,-16617.423,0.00,GPSEST,ITRF2005
ALIC,23,25,2,2,-4052393.6039,4205407.0604,-2536023.8404,-23.6134910,133.9384556,-7724.392,0.00,GPSEST,ITRF2005
ALIC,24,25,2,2,-4056262.1297,4206869.4167,-2528447.0345,-23.5372008,133.9558188,-7329.127,0.00,GPSEST,ITRF2005
ALIC,25,25,2,2,-4052402.6511,4206525.5845,-2537177.1053,-23.6201029,133.9309062,-6518.601,0.00,GPSEST,ITRF2005
ALME,1,1,10,10,5105220.1362,-219278.6169,3804387.0582,36.8525334,-2.4594477,127.485,0.25,REFERENCE,IGS00|IGS97|ITRF2014_0
ALON,1,1,2,2,4470258.0424,3084589.8346,3332952.8896,31.7079371,34.6066462,55.685,0.00,REFERENCE,ITRF2014_0
ALRT,1,1,762,762,388042.2470,-740382.4969,6302002.0192,82.4942950,-62.3404941,78.255,0.60,RNX2SNX,IGS00|IGS08|IGS14|IGS14_0|IGS20|IGS20_0|IGb08|ITRF00|ITRF2005|ITRF2014_0
AMBA,1,1,2,2,-6008441.3961,1312325.9208,-1684915.0298,-15.4195182,167.6793026,78.955,0.00,REFERENCE,ITRF2014_0
AMBL,1,1,2,2,4119296.1746,71494.5831,4852820.3755,49.8593862,0.9943268,129.931,0.00,REFERENCE,ITRF2014_0
AMC2,1,1,767,767,-1248596.4949,-4819428.2023,3976505.8964,38.8031234,-104.5245972,1911.384,0.46,RNX2SNX,IGS00|IGS08|IGS14|IGS14_0|IGS20|IGS20_0|IGS97|IGb08|ITRF00|ITRF2005|ITRF2014_0|ITRF97
AMCT,1,1,18,9,-1248596.3564,-4819428.5443,3976505.5748,38.8031194,-104.5245947,1911.414,0.63,REFERENCE,IGS00|IGS97|ITRF97
AMMN,1,1,55,55,4386124.5209,3172638.1160,3363685.2299,32.0285456,35.8795386,1074.514,0.29,RNX2SNX,ITRF00|ITRF2005|ITRF2014_0
AMUN,1,1,4,4,-184.3371,159.0615,-6359568.2615,-89.9978211,139.2096224,2815.952,0.00,REFERENCE,IGS00
ANCH,1,1,53,53,-2971583.4600,5077535.8100,2455422.4700,22.7910118,120.3379318,61.051,0.00,RNX2SNX,ITRF00|ITRF2005
ANDE,1,1,2,2,2169480.8097,627616.9354,5944952.3187,69.3260583,16.1348185,44.307,0.00,REFERENCE,ITRF2014_0
ANDO,1,1,2,2,2175765.7883,624248.2600,5943417.8150,69.2783741,16.0086976,413.767,0.00,REFERENCE,ITRF2014_0
ANG1,1,1,2,2,-532087.0968,-5541064.7159,3103079.2085,29.3014751,-95.4850749,-9.467,0.00,REFERENCE,ITRF2014_0
ANGT,1,13,947,947,-3177303.0235,5282307.9109,1632706.1392,14.9306228,121.0268673,85.804,13.41,RNX2SNX,IGS14|IGS20|ITRF2005
ANGT,2,13,4,4,-3186185.9837,5277536.6038,1664416.9734,15.2059939,121.1204715,8810.783,162.07,GPSEST,ITRF2005
ANGT,3,13,2,2,-3198119.9424,5282618.5441,1631354.1002,14.8932135,121.1908926,10388.074,0.00,GPSEST,ITRF2005
ANGT,4,13,2,2,-3182470.1178,5280846.2692,1647891.4052,15.0598283,121.0750147,5379.691,0.00,GPSEST,ITRF2005
ANGT,5,13,2,2,-3176642.3769,5282919.6108,1652175.9103,15.1000727,121.0186749,5307.443,0.00,GPSEST,ITRF2005
ANGT,6,13,2,2,-3184341.7633,5286742.9072,1654145.0476,15.1001948,121.0616411,12816.155,0.00,GPSEST,ITRF2005
ANGT,7,13,2,2,-3185906.3782,5278987.8769,1656994.6714,15.1387449,121.1112772,7927.895,0.00,GPSEST,ITRF2005
ANGT,8,13,2,2,-3171935.7660,5278241.8163,1666657.3018,15.2415126,121.0035739,2887.355,0.00,GPSEST,ITRF2005
ANGT,9,13,2,2,-3188347.6157,5282880.6642,1656811.6965,15.1263293,121.1120079,12315.083,0.00,GPSEST,ITRF2005
ANGT,10,13,2,2,-3185139.8575,5277695.4392,1656597.1315,15.1388232,121.1113844,6373.618,0.00,GPSEST,ITRF2005
ANGT,11,13,2,2,-3181579.9993,5281226.9961,1642198.7135,15.0104894,121.0661038,3774.223,0.00,GPSEST,ITRF2005
ANGT,12,13,2,2,-3186121.1710,5281998.6711,1649080.2283,15.0634543,121.0985355,8462.022,0.00,GPSEST,ITRF2005
ANGT,13,13,2,2,-3180229.3048,5280510.3027,1640853.6853,15.0018196,121.0587875,2159.823,0.00,GPSEST,ITRF2005
ANJ1,1,1,51,51,-2951799.0421,5076176.7530,2481731.0612,23.0490054,120.1780202,43.405,0.00,RNX2SNX,ITRF00
ANJH,1,1,2,2,-2951751.9407,5076164.2040,2481739.3167,23.0491960,120.1776844,14.868,49.44,REFERENCE,ITRF00|ITRF2005
ANKN,1,1,53,53,-3025287.8240,4932043.0310,2674988.2510,24.9591173,121.5247217,44.682,0.00,RNX2SNX,ITRF00|ITRF2005
ANKR,1,1,337,337,4121948.3756,2652187.8369,4069023.9190,39.8873732,32.7584702,976.007,0.36,RNX2SNX,IGS00|IGS08|IGS20|IGS20_0|IGS97|IGb08|ITRF00|ITRF2005|ITRF2014_0|ITRF97
ANP1,1,1,2,2,1149298.4463,-4827706.7686,3993217.2416,39.0102874,-76.6092493,20.235,0.00,REFERENCE,ITRF2014_0
ANP5,1,1,2,2,1149298.4831,-4827706.8995,3993217.3581,39.0102874,-76.6092492,20.414,0.00,REFERENCE,ITRF2014_0
ANQ0,1,1,44,44,-3213834.5811,5213934.0362,1774469.6661,16.2603114,121.6494067,248.654,22.13,GPSEST,ITRF2005
ANTC,1,1,275,275,1608538.5258,-4816370.6149,-3847798.2451,-37.3386978,-71.5320640,745.634,1.41,RNX2SNX,IGS08|IGS20|IGS20_0|IGb08|ITRF2014_0
ANTO,1,1,2,2,-828648.6459,-5494331.6797,3121536.6643,29.4912109,-98.5766429,263.834,0.00,REFERENCE,ITRF2014_0
ANTP,1,12,947,947,-3194838.7487,5281875.2883,1600134.3993,14.6259643,121.1684125,176.791,7.07,RNX2SNX,IGS14|IGS20|ITRF2005
ANTP,2,12,4,4,-3203266.8229,5277638.2245,1624118.3931,14.8337771,121.2556914,6994.298,447.33,GPSEST,ITRF2005
ANTP,3,12,4,4,-3203870.9665,5276888.6787,1631878.4395,14.9022364,121.2640942,8669.203,307.70,GPSEST,ITRF2005
ANTP,4,12,2,2,-3217488.8222,5281893.3647,1599063.6134,14.5898072,121.3478693,11294.785,0.00,GPSEST,ITRF2005
ANTP,5,12,2,2,-3199918.4171,5280234.9722,1615223.0487,14.7550070,121.2166251,5190.762,0.00,GPSEST,ITRF2005
ANTP,6,12,2,2,-3193181.8551,5280478.7743,1618892.7180,14.7946107,121.1619600,2954.976,0.00,GPSEST,ITRF2005
ANTP,7,12,2,2,-3200829.5162,5284827.3859,1620753.1790,14.7931460,121.2017790,10855.430,0.00,GPSEST,ITRF2005
ANTP,8,12,2,2,-3188791.1367,5276745.9164,1634103.2069,14.9400999,121.1449948,1574.720,0.00,GPSEST,ITRF2005
ANTP,9,12,2,2,-3206142.4234,5282712.8301,1624502.9466,14.8236673,121.2540710,12728.657,0.00,GPSEST,ITRF2005
ANTP,10,12,2,2,-3199212.6840,5280919.2791,1609770.9697,14.7068821,121.2077333,4016.729,0.00,GPSEST,ITRF2005
ANTP,11,12,2,2,-3203713.0643,5281710.9253,1616646.6013,14.7600082,121.2396300,8676.277,0.00,GPSEST,ITRF2005
ANTP,12,12,2,2,-3197876.9447,5279999.2651,1608329.1958,14.6976752,121.2015539,2220.286,0.00,GPSEST,ITRF2005
AOA1,1,1,2,2,-2547880.2895,-4628773.4897,3561050.1086,34.1574440,-118.8303183,246.543,0.00,REFERENCE,ITRF2014_0
AOML,1,1,767,767,982296.5126,-5664607.2237,2752614.5469,25.7346922,-80.1622013,0.086,0.31,RNX2SNX,IGS00|IGS08|IGS14|IGS14_0|IGS20|IGS20_0|IGS97|IGb08|ITRF00|ITRF2005|ITRF2014_0|ITRF97
APAR,1,1,631,631,-3177351.5231,5155172.4044,1995764.1720,18.3553074,121.6472903,51.109,1.18,RNX2SNX,IGS14|IGS20|ITRF2005
AR17,1,1,54,54,-3198308.2266,5241964.0850,1719068.9327,15.7397743,121.3888477,144.671,26.02,GPSEST,ITRF2005
AR30,1,1,58,58,-3203046.5771,5253094.3022,1675674.7996,15.3329750,121.3725304,53.710,7.88,GPSEST,ITRF2005
AREQ,1,1,788,762,1942826.3344,-5804070.3385,-1796894.0399,-16.4655149,-71.4927954,2488.908,46.06,RNX2SNX,IGS00|IGS14|IGS14_0|IGS20|IGS20_0|IGS97|ITRF00|ITRF2005|ITRF2014_0|ITRF97
AREV,1,1,625,625,1942826.3367,-5804070.3413,-1796894.0385,-16.4655149,-71.4927954,2488.911,0.12,RNX2SNX,IGS14|IGS14_0|IGS20|ITRF2014_0
ARGI,1,1,2,2,2981489.7584,-354651.5745,5608475.0034,61.9973708,-6.7835233,110.245,0.00,REFERENCE,ITRF2014_0
AROY,1,1,619,619,-3428113.2747,5199274.7816,1372735.2313,12.5117130,123.3986422,69.697,0.10,RNX2SNX,IGS14|IGS20
ARP3,1,1,55,55,-693606.0369,-5601311.8428,2960668.9667,27.8383519,-97.0589577,-16.583,0.14,RNX2SNX,ITRF00|ITRF2005|ITRF2014_0
ARP7,1,1,2,2,-693606.1916,-5601311.9601,2960669.0510,27.8383520,-97.0589591,-16.424,0.00,REFERENCE,ITRF2014_0
ARTU,1,1,766,766,1843956.2277,3016203.2969,5291261.8097,56.4298227,58.5604651,247.576,0.78,RNX2SNX,IGS00|IGS08|IGS14|IGS14_0|IGS20|IGS20_0|IGS97|IGb08|ITRF00|ITRF2005|ITRF2014_0
ARUC,1,1,268,268,3500416.4764,3390432.8415,4103027.7291,40.2857157,44.0855898,1222.166,0.34,RNX2SNX,IGS20|IGS20_0
ASC1,1,1,772,772,6118526.0425,-1572344.8467,-876450.8451,-7.9512115,-14.4120734,105.101,0.38,RNX2SNX,IGS00|IGS08|IGS14|IGS14_0|IGS20|IGS20_0|IGS97|IGb08|ITRF00|ITRF2005|ITRF2014_0|ITRF97
ASCG,1,1,268,268,6121151.5666,-1563978.9786,-872615.2479,-7.9162800,-14.3326649,37.968,0.13,RNX2SNX,IGS20|IGS20_0
ASHV,1,1,2,2,673609.5343,-5148653.6420,3692529.5427,35.5994548,-82.5462054,659.165,0.00,REFERENCE,ITRF2014_0
ASJ1,1,1,51,51,-2955371.3263,5074072.2487,2481807.6240,23.0497196,120.2184749,53.076,0.00,RNX2SNX,ITRF00
ASJH,1,1,53,53,-2955371.6555,5074072.2638,2481805.1289,23.0496982,120.2184776,52.263,99.85,RNX2SNX,ITRF00|ITRF2005
ASPA,1,1,339,332,-6100260.2483,-996502.2842,-1567977.0367,-14.3260887,-170.7224450,53.429,1.80,RNX2SNX,IGS00|IGS08|IGS20|IGS20_0|IGb08|ITRF00|ITRF2005|ITRF2014_0
ATIM,1,16,976,976,-3272181.9095,5254482.8985,1532584.5835,13.9961621,121.9122144,61.034,7.11,RNX2SNX,IGS14|IGS20|ITRF2005
ATIM,2,16,4,4,-3280174.6648,5250195.7852,1556578.7176,14.2050816,121.9959832,6481.361,415.12,GPSEST,ITRF2005
ATIM,3,16,4,4,-3280913.1617,5249635.3989,1564359.5573,14.2733526,122.0045280,8313.911,191.89,GPSEST,ITRF2005
ATIM,4,16,2,2,-3278019.7445,5254369.5143,1538605.2930,14.0423917,121.9586154,4422.205,0.00,GPSEST,ITRF2005
ATIM,5,16,2,2,-3283766.1201,5255554.6059,1542719.0423,14.0695434,121.9978918,9348.612,0.00,GPSEST,ITRF2005
ATIM,6,16,2,2,-3285503.8328,5254284.6897,1534715.3714,13.9997957,122.0177390,7256.491,0.00,GPSEST,ITRF2005
ATIM,7,16,2,2,-3295295.3035,5254898.7218,1531252.5374,13.9570071,122.0914201,11967.740,0.00,GPSEST,ITRF2005
ATIM,8,16,2,2,-3277263.8310,5252844.2662,1547723.6905,14.1259934,121.9601514,4997.897,0.00,GPSEST,ITRF2005
ATIM,9,16,2,2,-3271358.0155,5254654.2707,1551850.1265,14.1656355,121.9049021,4466.894,0.00,GPSEST,ITRF2005
ATIM,10,16,2,2,-3278732.4736,5258284.5765,1553756.1812,14.1668958,121.9450461,11701.950,0.00,GPSEST,ITRF2005
ATIM,11,16,2,2,-3266386.7291,5250239.8078,1566321.2842,14.3065107,121.8874155,1846.721,0.00,GPSEST,ITRF2005
ATIM,12,16,2,2,-3283363.3883,5255396.1072,1556985.8351,14.1951392,121.9955104,12494.740,0.00,GPSEST,ITRF2005
ATIM,13,16,2,2,-3276513.1185,5253583.1546,1542237.3317,14.0774288,121.9506382,3883.856,0.00,GPSEST,ITRF2005
ATIM,14,16,2,2,-3280990.8933,5254260.6346,1549085.2042,14.1309170,121.9824645,8409.181,0.00,GPSEST,ITRF2005
ATIM,15,16,2,2,-3275103.8847,5252763.5439,1540821.3052,14.0681860,121.9435850,2141.649,0.00,GPSEST,ITRF2005
ATIM,16,16,1,1,-3236450.5028,5273500.6675,1545145.4743,14.1120231,121.5382546,576.397,0.00,COORDINATE,ITRF2005
ATWC,1,1,53,53,-2610866.4351,-1560570.9820,5587439.0693,61.5981605,-149.1323318,97.943,0.00,RNX2SNX,ITRF00|ITRF2005
AUCK,1,1,784,776,-5105681.6614,461563.9858,-3782180.8327,-36.6028354,174.8343867,132.683,1.15,RNX2SNX,IGS00|IGS08|IGS14|IGS14_0|IGS20|IGS20_0|IGS97|IGb08|ITRF00|ITRF2005|ITRF2014_0|ITRF97
AUKT,1,1,2,2,-5089169.1420,465799.9005,-3803555.0116,-36.8437545,174.7704204,40.069,0.00,REFERENCE,ITRF2014_0
AUR1,1,1,24,24,-3213884.5181,5231702.6738,1720905.8775,15.7572686,121.5628002,47.897,4.08,GPSEST,ITRF2005
AURA,1,15,1469,1469,-3211273.3912,5233685.4660,1719823.5075,15.7470607,121.5323557,65.496,5.71,RNX2SNX,IGS14|IGS20|ITRF2005
AURA,2,15,4,4,-3220262.8574,5229051.8589,1751520.3629,16.0204797,121.6264515,9471.670,105.59,GPSEST,ITRF2005
AURA,3,15,2,2,-3222808.0530,5234783.2391,1729827.6289,15.8168635,121.6186389,9498.507,0.00,GPSEST,ITRF2005
AURA,4,15,2,2,-3224601.4550,5233822.6901,1722011.7524,15.7486844,121.6375662,7490.625,0.00,GPSEST,ITRF2005
AURA,5,15,2,2,-3234093.4213,5233626.0262,1718355.9816,15.7051487,121.7137879,11136.357,0.00,GPSEST,ITRF2005
AURA,6,15,2,2,-3216397.5650,5232230.9970,1734980.9376,15.8752469,121.5801961,5583.111,0.00,GPSEST,ITRF2005
AURA,7,15,2,2,-3210418.3681,5234078.7567,1739139.2060,15.9152003,121.5236360,5227.256,0.00,GPSEST,ITRF2005
AURA,8,15,2,2,-3217986.5822,5237870.8445,1741128.5280,15.9146696,121.5652851,12688.246,0.00,GPSEST,ITRF2005
AURA,9,15,2,2,-3219922.2762,5230484.1380,1744090.9515,15.9534417,121.6167402,8426.267,0.00,GPSEST,ITRF2005
AURA,10,15,2,2,-3205527.7258,5229234.5302,1753580.5213,16.0572078,121.5083526,2776.852,0.00,GPSEST,ITRF2005
AURA,11,15,2,2,-3222449.2895,5234485.6168,1743968.1489,15.9406466,121.6172456,12942.712,0.00,GPSEST,ITRF2005
AURA,12,15,2,2,-3219198.5319,5229241.2684,1743743.7916,15.9539960,121.6170690,6948.418,0.00,GPSEST,ITRF2005
AURA,13,15,2,2,-3215591.8316,5232643.5359,1729313.0354,15.8261849,121.5717772,3967.260,0.00,GPSEST,ITRF2005
AURA,14,15,2,2,-3220156.8111,5233491.8109,1736225.2769,15.8785353,121.6039007,8850.738,0.00,GPSEST,ITRF2005
AURA,15,15,2,2,-3214192.2161,5231883.2364,1727922.0711,15.8174967,121.5643647,2259.816,0.00,GPSEST,ITRF2005
AURO,1,1,69,69,-3213901.1034,5231696.3522,1720894.4109,15.7571608,121.5629630,47.955,4.66,GPSEST,ITRF2005
AUS5,1,1,2,2,-743774.4445,-5460644.4518,3200347.6522,30.3116960,-97.7563185,192.616,0.00,REFERENCE,ITRF2014_0
AUT1,1,1,2,2,4466283.3534,1896166.9798,4126096.8047,40.5668188,23.0037193,150.080,0.00,REFERENCE,ITRF2014_0
AUTF,1,1,2,2,1360918.9268,-3420457.9569,-5191175.1909,-54.8395245,-68.3035663,71.898,0.00,REFERENCE,ITRF2014_0
AV09,1,1,2,2,-3664985.5981,-877055.3367,5128680.7057,53.8756343,-166.5418364,105.687,0.00,REFERENCE,ITRF2014_0
AVUN,1,1,2,2,-5988232.8778,1372221.5005,-1708803.2018,-15.6435847,167.0933356,76.886,0.00,REFERENCE,ITRF2014_0
BACO,1,2,913,913,-3205670.8742,5314789.1310,1464127.4784,13.3593454,121.0967204,62.248,7.54,RNX2SNX,IGS14|IGS20|ITRF2005
BACO,2,2,17,17,-5508759.7017,-2229500.6373,2308279.4741,21.3571165,-157.9658771,42.169,0.00,COORDINATE,ITRF2005
BADG,1,1,700,700,-838282.2131,3865777.3261,4987624.5529,51.7697041,102.2349913,811.428,0.42,RNX2SNX,IGS14|IGS14_0|IGS20|IGS20_0|ITRF2014_0
BAGB,1,1,230,230,-3178314.2971,5288730.5943,1609942.6475,14.7178094,121.0041736,86.606,0.14,GPSEST,ITRF2005
BAGU,1,1,1013,1013,-3114106.1143,5268086.3058,1796105.0378,16.4610674,120.5884644,1370.849,4.67,RNX2SNX,IGS14|IGS20|ITRF2005
BAHR,1,1,770,770,3633908.1283,4425275.7363,2799862.0384,26.2091469,50.6081522,-17.085,1.24,RNX2SNX,IGS00|IGS14|IGS14_0|IGS20|IGS20_0|IGS97|IGb08|ITRF00|ITRF2005|ITRF2014_0|ITRF97
BAIE,1,1,270,270,1546822.9800,-3879765.2230,4804185.2040,49.1868275,-68.2633323,27.565,0.27,RNX2SNX,IGS20|IGS20_0|ITRF2014_0
BAKE,1,1,328,328,-289834.3943,-2756501.2012,5725162.4210,64.3178193,-96.0023528,4.672,0.57,RNX2SNX,IGS08|IGS20|IGS20_0|IGb08|ITRF00|ITRF2005|ITRF2014_0
BAKO,1,15,4745,4745,-1836969.2594,6065617.0265,-716257.8803,-6.4910551,106.8489118,158.130,139.38,RNX2SNX,IGS00|IGS20|IGS20_0|IGS97|ITRF00|ITRF2005|ITRF2014_0
BAKO,2,15,16,16,-1837087.6029,6066008.3114,-712656.0206,-6.4582769,106.8489105,158.153,0.00,COORDINATE,ITRF2005
BAKO,3,15,4,4,-1842507.7882,6048953.4041,-685614.5973,-6.2296687,106.9407061,-17483.229,441.06,GPSEST,ITRF2005
BAKO,4,15,2,2,-1861629.0171,6043455.1978,-714945.7163,-6.4935742,107.1209522,-13892.100,0.00,GPSEST,ITRF2005
BAKO,5,15,2,2,-1841276.7723,6059314.1198,-701756.8553,-6.3655335,106.9027388,-6216.359,0.00,GPSEST,ITRF2005
BAKO,6,15,2,2,-1900361.7026,6043873.0633,-697960.6185,-6.3286887,107.4545971,-3953.882,0.00,GPSEST,ITRF2005
BAKO,7,15,2,2,-1842905.2836,6052995.5871,-692889.3024,-6.2912784,106.9334839,-12731.030,0.00,GPSEST,ITRF2005
BAKO,8,15,2,2,-1851476.1989,6044084.4542,-666804.4696,-6.0620082,107.0313269,-21521.864,0.00,GPSEST,ITRF2005
BAKO,9,15,2,2,-1850886.8909,6067880.7934,-690831.4683,-6.2563866,106.9632889,3510.307,0.00,GPSEST,ITRF2005
BAKO,10,15,2,2,-1846454.2865,6045289.9941,-676914.6327,-6.1535216,106.9846021,-20760.478,0.00,GPSEST,ITRF2005
BAKO,11,15,2,2,-1852007.8367,6052308.1867,-677844.2295,-6.1538004,107.0141240,-12373.661,0.00,GPSEST,ITRF2005
BAKO,12,15,2,2,-1841863.8575,6051829.2055,-693041.5897,-6.2940596,106.9275373,-14124.892,0.00,GPSEST,ITRF2005
BAKO,13,15,2,2,-1847487.9602,6051366.4082,-686058.3721,-6.2299683,106.9774806,-13696.549,0.00,GPSEST,ITRF2005
BAKO,14,15,2,2,-1844298.7537,6071378.7045,-705938.9504,-6.3906372,106.8971737,6593.394,0.00,GPSEST,ITRF2005
BAKO,15,15,2,2,-1838957.0946,6059542.8168,-708527.9384,-6.4268976,106.8820555,-5914.417,0.00,GPSEST,ITRF2005
BAKU,1,1,2,2,3139935.0583,3717507.9687,4109616.9374,40.3721715,49.8144139,93.976,0.00,REFERENCE,ITRF2014_0
BALA,1,18,1068,1068,-3135076.1176,5315858.8046,1605338.9642,14.6748320,120.5303654,71.098,9.44,RNX2SNX,IGS14|IGS20|ITRF2005
BALA,2,18,4,4,-3143844.9271,5310940.6568,1636998.7604,14.9507495,120.6236798,8384.191,151.08,GPSEST,ITRF2005
BALA,3,18,2,2,-3141014.0981,5316047.4888,1611552.6646,14.7218403,120.5769366,4724.629,0.00,GPSEST,ITRF2005
BALA,4,18,2,2,-3146754.7015,5317331.8277,1615601.2036,14.7479393,120.6167093,9649.364,0.00,GPSEST,ITRF2005
BALA,5,18,2,2,-3148367.5216,5316004.8026,1607523.2672,14.6781545,120.6358484,7287.959,0.00,GPSEST,ITRF2005
BALA,6,18,2,2,-3158043.0100,5316288.4597,1603957.5219,14.6351942,120.7116475,11397.084,0.00,GPSEST,ITRF2005
BALA,7,18,2,2,-3140057.3791,5314164.3047,1620420.6916,14.8041340,120.5781830,4945.981,0.00,GPSEST,ITRF2005
BALA,8,18,2,2,-3134243.0545,5316213.3007,1624604.1597,14.8434078,120.5220314,4865.133,0.00,GPSEST,ITRF2005
BALA,9,18,2,2,-3141931.2677,5320205.5903,1626694.7243,14.8446622,120.5646444,12500.984,0.00,GPSEST,ITRF2005
BALA,10,18,2,2,-3143561.5840,5312514.7174,1629591.4003,14.8833298,120.6139743,7646.883,0.00,GPSEST,ITRF2005
BALA,11,18,2,2,-3129319.7859,5311798.7938,1639071.6045,14.9843340,120.5034527,2498.029,0.00,GPSEST,ITRF2005
BALA,12,18,2,2,-3146093.1059,5316404.1344,1629458.2169,14.8714263,120.6158106,12093.748,0.00,GPSEST,ITRF2005
BALA,13,18,2,2,-3142839.5786,5311196.2956,1629211.6548,14.8835002,120.6144388,6097.408,0.00,GPSEST,ITRF2005
BALA,14,18,2,2,-3149373.3081,5313738.0160,1636157.5545,14.9312640,120.6545902,13214.941,0.00,GPSEST,ITRF2005
BALA,15,18,2,2,-3139309.7450,5314762.5572,1614831.5817,14.7550146,120.5693835,3650.531,0.00,GPSEST,ITRF2005
BALA,16,18,2,2,-3143893.6355,5315539.1150,1621715.1026,14.8081976,120.6023363,8308.376,0.00,GPSEST,ITRF2005
BALA,17,18,2,2,-3137991.6673,5314027.1005,1613465.2410,14.7460764,120.5623198,2042.064,0.00,GPSEST,ITRF2005
BALA,18,18,1,1,-3095967.0207,5196120.6464,2017224.4956,18.5597018,120.7874488,52.424,0.00,COORDINATE,ITRF2005
BALU,1,1,619,619,-3415440.1883,5220894.3103,1321654.0243,12.0391611,123.1921823,68.912,0.09,RNX2SNX,IGS14|IGS20
BAMF,1,1,2,2,-2420721.3522,-3439856.1001,4778532.7597,48.8353288,-125.1351051,10.782,0.00,REFERENCE,ITRF2014_0
BAN2,1,1,60,60,1344087.8537,6068610.2623,1429291.7907,13.0343171,77.5116151,831.870,0.55,RNX2SNX,IGS08|IGb08|ITRF00|ITRF2005|ITRF2014_0
BANC,1,1,96,96,-3017226.5716,4934851.3408,2678852.2396,24.9976559,121.4421096,31.023,0.33,RNX2SNX,ITRF00|ITRF2005|WGS-84
BANI,1,1,8,8,-3599863.2935,5199829.6765,827669.2526,7.5056287,124.6950136,491.162,4.96,GPSEST,ITRF2005
BAR1,1,1,2,2,-2584163.1269,-4656252.7518,3498534.2793,33.4804521,-119.0297370,14.799,0.00,REFERENCE,ITRF2014_0
BARA,1,1,8,8,-3110440.7636,5286247.0051,1744023.5555,15.9744282,120.4726603,57.580,6.66,GPSEST,ITRF2005
BARB,1,2,62,62,3143384.5334,-5359714.6071,1434871.5495,13.0879144,-59.6090776,-38.608,0.09,RNX2SNX,IGS00|IGS97|ITRF00|ITRF2005|ITRF97
BARB,2,2,56,56,-3110440.7932,5286246.8134,1744023.5546,15.9744286,120.4726614,57.435,2.83,GPSEST,ITRF2005
BARG,1,1,18,9,4443959.3999,3121952.9972,3334710.2660,31.7225253,35.0886586,780.946,0.12,REFERENCE,IGS00|IGS97|ITRF97
BARH,1,1,758,758,1693644.5207,-4239067.5986,4439567.3422,44.3950492,-68.2216942,6.755,0.43,RNX2SNX,IGS08|IGS14|IGS14_0|IGS20|IGS20_0|IGb08|ITRF00|ITRF2005|ITRF2014_0
BASC,1,14,2637,2637,-3165507.0858,5071884.6174,2214470.4792,20.4500661,121.9694568,58.478,150.46,RNX2SNX,IGS14|IGS20|ITRF2005
BASC,2,14,4,4,-3174958.9552,5069064.8110,2246463.6381,20.7119961,122.0605672,13757.802,204.52,GPSEST,ITRF2005
BASC,3,14,2,2,-3171841.9920,5074519.1418,2221046.5909,20.4880337,122.0075553,7595.578,0.00,GPSEST,ITRF2005
BASC,4,14,2,2,-3178853.5524,5071047.3459,2224415.8991,20.5140454,122.0820902,9503.758,0.00,GPSEST,ITRF2005
BASC,5,14,2,2,-3178687.1416,5071670.3716,2216377.3017,20.4447269,122.0775729,7103.027,0.00,GPSEST,ITRF2005
BASC,6,14,2,2,-3188350.8837,5070663.8426,2212602.4757,20.3993266,122.1610130,9802.094,0.00,GPSEST,ITRF2005
BASC,7,14,2,2,-3171080.5577,5071057.0979,2229773.8258,20.5723332,122.0189486,7529.104,0.00,GPSEST,ITRF2005
BASC,8,14,2,2,-3164246.1151,5073839.1057,2234017.3126,20.6121693,121.9492914,7841.722,0.00,GPSEST,ITRF2005
BASC,9,14,2,2,-3174948.0309,5070048.6665,2239074.4809,20.6470449,122.0554766,11923.071,0.00,GPSEST,ITRF2005
BASC,10,14,2,2,-3161891.9523,5070108.2104,2249917.8543,20.7604045,121.9490682,9331.542,0.00,GPSEST,ITRF2005
BASC,11,14,2,2,-3174348.2570,5069076.6675,2239111.2851,20.6509868,122.0555489,10867.296,0.00,GPSEST,ITRF2005
BASC,12,14,2,2,-3170279.6789,5071777.9133,2224514.8056,20.5273095,122.0087827,5857.826,0.00,GPSEST,ITRF2005
BASC,13,14,2,2,-3174906.4524,5073277.6082,2231264.2179,20.5725214,122.0387328,11714.925,0.00,GPSEST,ITRF2005
BASC,14,14,2,2,-3168930.4197,5070492.0896,2222696.7349,20.5176543,122.0043501,3529.550,0.00,GPSEST,ITRF2005
BATC,1,15,1510,1510,-3084053.0099,5223261.0180,1965097.9163,18.0635945,120.5595521,65.998,6.65,RNX2SNX,IGS14|IGS20|ITRF2005
BATC,2,15,4,4,-3093440.0418,5219273.4760,1996924.9493,18.3327213,120.6550326,11285.786,163.45,GPSEST,ITRF2005
BATC,3,15,2,2,-3090079.3303,5223523.0126,1971268.8157,18.1073434,120.6072843,5110.730,0.00,GPSEST,ITRF2005
BATC,4,15,2,2,-3095928.3441,5224971.4070,1975318.4314,18.1302147,120.6478192,10386.704,0.00,GPSEST,ITRF2005
BATC,5,15,2,2,-3097379.7649,5223267.6245,1967203.7340,18.0626552,120.6677953,7176.479,0.00,GPSEST,ITRF2005
BATC,6,15,2,2,-3106507.4451,5222772.3439,1963431.6221,18.0184598,120.7442017,10035.141,0.00,GPSEST,ITRF2005
BATC,7,15,2,2,-3089263.8239,5222034.4530,1980262.0723,18.1892546,120.6078133,6299.932,0.00,GPSEST,ITRF2005
BATC,8,15,2,2,-3083160.8301,5224049.8801,1984468.4370,18.2291820,120.5485072,6313.433,0.00,GPSEST,ITRF2005
BATC,9,15,2,2,-3090660.4550,5227430.5064,1986287.9184,18.2257960,120.5932325,13270.159,0.00,GPSEST,ITRF2005
BATC,10,15,2,2,-3092844.0550,5220345.6526,1989347.7849,18.2660800,120.6450294,9493.968,0.00,GPSEST,ITRF2005
BATC,11,15,2,2,-3078447.0593,5219700.2988,1998675.7529,18.3683483,120.5310274,4943.258,0.00,GPSEST,ITRF2005
BATC,12,15,2,2,-3092276.2775,5219308.4231,1989149.7536,18.2677254,120.6454092,8309.672,0.00,GPSEST,ITRF2005
BATC,13,15,2,2,-3088552.4158,5222499.8529,1974642.2398,18.1409439,120.5997936,4584.398,0.00,GPSEST,ITRF2005
BATC,14,15,2,2,-3093132.2354,5223356.6039,1981521.7200,18.1912976,120.6328840,9645.987,0.00,GPSEST,ITRF2005
BATC,15,15,2,2,-3087092.3853,5221623.3377,1973215.1643,18.1329077,120.5921378,2716.961,0.00,GPSEST,ITRF2005
BATO,1,1,619,619,-3580054.6232,5154010.7625,1136778.7955,10.3354108,124.7844344,75.382,0.09,RNX2SNX,IGS14|IGS20
BATU,1,1,56,56,-3463908.4515,5178133.6428,1362914.0514,12.4207512,123.7805126,90.274,0.01,RNX2SNX,IGS14|IGS20
BAY1,1,1,2,2,-3484297.3464,-1084760.1647,5213545.5872,55.1902707,-162.7071596,50.469,0.00,REFERENCE,ITRF2014_0
BAY2,1,1,2,2,-3484277.0787,-1084780.1922,5213554.9251,55.1904174,-162.7067647,50.488,0.00,REFERENCE,ITRF2014_0
BAYA,1,1,52,52,-3180969.9357,5289504.7960,1602156.2308,14.6450814,121.0216013,78.639,0.00,RNX2SNX,ITRF00
BAYB,1,1,56,56,-3577354.4625,5147501.6534,1173931.6930,10.6770152,124.7981057,79.172,0.01,RNX2SNX,IGS14|IGS20
BCOV,1,1,2,2,-2435249.3540,-3250219.0030,4901513.0943,50.5442809,-126.8426428,37.340,0.00,REFERENCE,ITRF2014_0
BEA2,1,1,2,2,4701531.6969,257646.5862,4288042.6853,42.5153240,3.1367036,108.153,0.00,REFERENCE,ITRF2014_0
BEAR,1,1,2,2,4701531.7012,257646.5787,4288042.6854,42.5153240,3.1367035,108.156,0.00,REFERENCE,ITRF2014_0
BEGN,1,1,53,53,-2860718.0268,4959990.4935,2800526.9033,26.2156240,119.9745758,30.570,0.00,RNX2SNX,ITRF00|ITRF2005
BELE,1,1,2,2,4228139.0112,-4772752.1043,-155761.2438,-1.4087942,-48.4625500,9.065,0.00,REFERENCE,ITRF2014_0
BELL,1,1,2,2,4775849.3375,116814.4631,4213019.0272,41.5996190,1.4011417,853.409,0.00,REFERENCE,ITRF2014_0
BGB1,1,1,197,197,-3183655.2708,5253857.7058,1710162.2300,15.6560543,121.2144074,189.320,69.10,GPSEST,ITRF2005|WGS-84
BHR1,1,1,703,703,3633908.1275,4425275.7362,2799862.0386,26.2091469,50.6081522,-17.085,0.88,RNX2SNX,IGS14|IGS14_0|IGS20|IGS20_0|IGb08|ITRF2014_0
BHR2,1,1,630,630,3633908.1273,4425275.7358,2799862.0389,26.2091469,50.6081522,-17.086,0.88,RNX2SNX,IGS08|IGS14|IGS14_0|IGS20|IGb08|ITRF2014_0
BHR4,1,1,268,268,3633909.9709,4425277.9370,2799863.4437,26.2091468,50.6081519,-13.889,0.45,RNX2SNX,IGS20|IGS20_0
BIAZ,1,1,2,2,4634456.1699,-124345.1638,4365785.3578,43.4719643,-1.5369105,121.414,0.00,REFERENCE,ITRF2014_0
BICA,1,1,74,74,-3456565.6902,5159015.3587,1451286.9285,13.2397021,123.8222799,241.634,0.05,GPSEST,ITRF2005
BILB,1,1,2,2,-2323080.8552,559721.8192,5894110.9919,68.0653131,166.4533827,315.766,0.00,REFERENCE,ITRF2014_0
BILI,1,2,766,766,-2321893.5027,560096.7656,5894691.6362,68.0761259,166.4379670,456.136,0.65,RNX2SNX,IGS00|IGS08|IGS14|IGS14_0|IGS20|IGS20_0|IGS97|IGb08|ITRF00|ITRF2005|ITRF2014_0
BILI,2,2,619,619,-3538708.7907,5153833.9007,1259526.8290,11.4655067,124.4741455,73.022,0.39,RNX2SNX,IGS14|IGS20
BIN1,1,1,2,2,-2497850.0567,5857731.7118,358111.9569,3.2403175,113.0943371,58.997,0.00,REFERENCE,ITRF2014_0
BINT,1,1,2,2,-2495021.5869,5858781.5036,360450.6158,3.2615061,113.0672223,48.768,0.00,REFERENCE,ITRF2014_0
BIS1,1,1,2,2,-2494921.2312,-2448390.8682,5317113.5441,56.8544923,-135.5392973,66.606,0.00,REFERENCE,ITRF2014_0
BIS5,1,1,2,2,-2494921.2876,-2448390.9203,5317113.6801,56.8544923,-135.5392973,66.762,0.00,REFERENCE,ITRF2014_0
BJCO,1,1,700,700,6333076.4207,270973.8905,704552.3665,6.3846672,2.4500251,30.704,0.45,RNX2SNX,IGS14|IGS14_0|IGS20|IGS20_0|ITRF2014_0
BJFS,1,1,766,766,-2148744.7323,4426641.1393,4044655.7724,39.6085993,115.8924927,87.482,0.90,RNX2SNX,IGS00|IGS08|IGS14|IGS14_0|IGS20|IGS20_0|IGS97|IGb08|ITRF00|ITRF2005|ITRF2014_0
BJNM,1,1,625,625,-2154287.9406,4373439.9427,4098885.5460,40.2453233,116.2241342,109.122,0.49,RNX2SNX,IGS14|IGS14_0|IGS20|ITRF2014_0
BLN2,1,1,619,619,-3052606.3791,5305490.5013,1786994.4100,16.3787168,119.9147202,68.509,4.84,RNX2SNX,IGS14|IGS20
BLNA,1,12,1592,1592,-3052603.2047,5305493.0194,1786991.2082,16.3786875,119.9146826,68.182,15.99,RNX2SNX,IGS14|IGS20|ITRF2005
BLNA,2,12,4,4,-3060868.0164,5301461.1497,1810948.3936,16.5845312,120.0005511,7472.900,416.16,GPSEST,ITRF2005
BLNA,3,12,4,4,-3061733.5571,5300937.5509,1818721.6802,16.6518010,120.0100172,9676.273,141.80,GPSEST,ITRF2005
BLNA,4,12,2,2,-3074560.7344,5304298.9484,1785361.6956,16.3392707,120.0981095,9153.403,0.00,GPSEST,ITRF2005
BLNA,5,12,2,2,-3057700.9307,5303805.8817,1802010.0134,16.5060312,119.9639098,5357.198,0.00,GPSEST,ITRF2005
BLNA,6,12,2,2,-3050798.5805,5303429.0391,1805188.6309,16.5432370,119.9096738,2645.900,0.00,GPSEST,ITRF2005
BLNA,7,12,2,2,-3058154.1615,5307576.5048,1807090.5580,16.5410244,119.9499674,10151.085,0.00,GPSEST,ITRF2005
BLNA,8,12,2,2,-3046806.8866,5301650.5014,1820694.9858,16.6865595,119.8855627,3695.685,0.00,GPSEST,ITRF2005
BLNA,9,12,2,2,-3063796.7311,5306344.8438,1811089.9198,16.5710988,120.0014342,12970.370,0.00,GPSEST,ITRF2005
BLNA,10,12,2,2,-3056961.0060,5304568.1335,1796502.6349,16.4575995,119.9543479,4073.637,0.00,GPSEST,ITRF2005
BLNA,11,12,2,2,-3061566.4590,5305321.4482,1803377.5389,16.5095454,119.9881542,8856.252,0.00,GPSEST,ITRF2005
BLNA,12,12,2,2,-3055556.2344,5303771.8322,1795116.7132,16.4491538,119.9466767,2346.773,0.00,GPSEST,ITRF2005
BLUF,1,1,2,2,-4300030.6627,891113.1789,-4610274.6392,-46.5850615,168.2920834,124.625,0.00,REFERENCE,ITRF2014_0
BLYT,1,1,2,2,-2223206.7791,-4830299.7967,3510587.5694,33.6104147,-114.7148514,85.914,0.00,REFERENCE,ITRF2014_0
BMHG,1,1,2,2,4134869.4183,-132082.4577,4838513.8869,49.6592020,-1.8296092,231.254,0.00,REFERENCE,ITRF2014_0
BNBA,1,1,88,88,-3157541.4379,5263403.8429,1729091.1155,15.8337085,120.9597473,216.455,6.70,GPSEST,ITRF2005
BNDY,1,1,2,2,-5125977.2286,2688801.3540,-2669890.7077,-24.9082212,152.3210060,80.017,0.00,REFERENCE,ITRF2014_0
BNOR,1,1,12,12,-3436567.7508,5267745.9142,1055869.1327,9.5927186,123.1195925,69.492,0.06,GPSEST,ITRF2005
BOAC,1,1,619,619,-3273339.0700,5270762.8062,1473522.2991,13.4466123,121.8418137,75.153,0.10,RNX2SNX,IGS14|IGS20
BOAV,1,1,270,270,3117452.1404,-5555487.8886,314481.0473,2.8451851,-60.7011158,69.517,0.19,RNX2SNX,IGS20|IGS20_0|ITRF2014_0
BOGO,1,1,72,64,3633739.0603,1397434.0536,5035353.4199,52.4759470,21.0353422,149.605,0.25,RNX2SNX,IGS00|IGS97|ITRF00|ITRF2005|ITRF2014_0|ITRF97
BOGT,1,1,69,69,1744399.0750,-6116037.7134,512731.6608,4.6400721,-74.0809396,2576.930,0.47,RNX2SNX,IGS00|IGS08|IGS97|IGb08|ITRF00|ITRF2005|ITRF2014_0|ITRF97
BOLI,1,1,81,81,-3050565.4391,5306402.7416,1787722.1024,16.3856034,119.8939019,56.222,5.49,GPSEST,ITRF2005
BOMJ,1,1,2,2,4510195.8181,-4268322.3660,-1453035.1646,-13.2555572,-43.4217356,419.385,0.00,REFERENCE,ITRF2014_0
BONG,1,1,16,16,-3410175.5246,5289856.6219,1030744.3054,9.3624231,122.8083834,66.055,7.39,GPSEST,ITRF2005
BONT,1,1,1161,1161,-3139264.0986,5229171.7544,1862703.8466,17.0907537,120.9779424,911.704,1.31,RNX2SNX,IGS14|IGS20|ITRF2005
BOR1,1,1,776,767,3738358.1034,1148174.0290,5021815.9465,52.2769595,17.0734624,124.353,0.72,RNX2SNX,IGS00|IGS08|IGS14|IGS14_0|IGS20|IGS20_0|IGS97|IGb08|ITRF00|ITRF2005|ITRF2014_0|ITRF97
BORJ,1,1,2,2,3769402.9179,440564.3124,5109099.1291,53.5789083,6.6664312,53.032,0.00,REFERENCE,ITRF2014_0
BORK,1,1,2,2,3770134.4388,446054.5365,5108091.1634,53.5636429,6.7474479,54.211,0.00,REFERENCE,ITRF2014_0
BORO,1,1,9,9,3738332.8442,1148246.4983,5021816.0228,52.2769803,17.0745860,122.658,0.08,REFERENCE,IGS00|IGS97|ITRF97
BOST,1,1,619,619,-3747775.1125,5087133.1391,867096.6578,7.8658505,126.3796887,81.055,0.24,RNX2SNX,IGS14|IGS20
BR14,1,1,12,12,-3107639.1723,5230020.3340,1909770.2285,17.5383711,120.7184665,133.625,8.95,GPSEST,ITRF2005
BRAN,1,1,2,2,-2502254.8276,-4651654.0496,3563569.3113,34.1848945,-118.2770509,246.226,0.00,REFERENCE,ITRF2014_0
BRAZ,1,1,775,767,4115014.0632,-4550641.6635,-1741443.7089,-15.9474725,-47.8778698,1106.003,0.40,RNX2SNX,IGS00|IGS08|IGS14|IGS14_0|IGS20|IGS20_0|IGS97|IGb08|ITRF00|ITRF2005|ITRF2014_0|ITRF97
BRDE,1,1,53,53,-3047460.2617,5005537.2952,2509546.8654,23.3217799,121.3337996,161.067,0.00,RNX2SNX,ITRF00|ITRF2005
BRDW,1,1,53,53,-3046532.1374,5006011.5673,2509731.9055,23.3235911,121.3236373,163.201,0.00,RNX2SNX,ITRF00|ITRF2005
BREW,1,1,758,758,-2112007.4438,-3705351.8227,4726826.9932,48.1315221,-119.6826372,238.592,0.41,RNX2SNX,IGS08|IGS14|IGS14_0|IGS20|IGS20_0|IGb08|ITRF00|ITRF2005|ITRF2014_0
BRFT,1,1,705,705,4985393.4824,-3954993.4986,-428426.4238,-3.8774442,-38.4255381,21.666,0.30,RNX2SNX,IGS08|IGS14|IGS14_0|IGS20|IGS20_0|IGb08|ITRF2014_0
BRG1,1,1,491,491,-3079723.4912,5207370.7681,2013092.7647,18.5203399,120.6007581,49.377,115.90,GPSEST,ITRF2005|WGS-84
BRGC,1,2,1314,1314,-3079722.3549,5207371.5773,2013093.8731,18.5203490,120.6007450,49.841,5.33,RNX2SNX,IGS14|IGS20|ITRF2005
BRGC,2,2,1,1,-3184296.6493,5287332.6061,1602901.3304,14.6519297,121.0584579,126.032,0.00,COORDINATE,ITRF2005
BRIB,1,1,2,2,-2681173.3760,-4265460.3168,3898551.9418,37.9194048,-122.1525541,262.253,0.00,REFERENCE,ITRF2014_0
BRMU,1,1,776,772,2304703.2030,-4874817.1701,3395187.0900,32.3704004,-64.6962757,-11.650,0.44,RNX2SNX,IGS00|IGS08|IGS14|IGS14_0|IGS20|IGS20_0|IGS97|IGb08|ITRF00|ITRF2005|ITRF2014_0|ITRF97
BRO1,1,1,2,2,-3234207.7492,5134028.8852,-1958815.7539,-18.0039731,122.2090866,42.248,0.00,REFERENCE,ITRF2014_0
BRST,1,1,767,767,4231162.3422,-332746.3181,4745131.1364,48.3804967,-4.4965900,65.813,0.70,RNX2SNX,IGS00|IGS08|IGS14|IGS14_0|IGS20|IGS20_0|IGS97|IGb08|ITRF00|ITRF2005|ITRF2014_0|ITRF97
BRU1,1,1,2,2,1578684.9514,-4324849.9564,4399278.2050,43.8898171,-69.9465768,1.902,0.00,REFERENCE,ITRF2014_0
BRUS,1,1,775,767,4027893.4732,307046.1750,4919475.3335,50.7978210,4.3592244,149.686,0.69,RNX2SNX,IGS00|IGS08|IGS14|IGS14_0|IGS20|IGS20_0|IGS97|IGb08|ITRF00|ITRF2005|ITRF2014_0|ITRF97
BRUX,1,1,700,700,4027881.3045,306998.8382,4919499.0771,50.7980654,4.3585681,158.143,0.37,RNX2SNX,IGS14|IGS14_0|IGS20|IGS20_0|ITRF2014_0
BSCS,1,1,27,27,-3229722.9348,5176922.6362,1851454.9331,16.9865441,121.9587717,156.286,8.39,GPSEST,ITRF2005
BSHM,1,1,700,700,4395951.0399,3080707.3134,3433498.3716,32.7789885,35.0229885,225.068,0.46,RNX2SNX,IGS14|IGS14_0|IGS20|IGS20_0|ITRF2014_0
BSLN,1,1,619,619,-3354315.7365,5373981.8928,739625.6082,6.7038278,121.9714606,95.376,0.09,RNX2SNX,IGS14|IGS20
BTNG,1,1,619,619,-3674585.7660,5210904.5650,159093.4090,1.4389234,125.1904321,74.993,0.31,RNX2SNX,IGS14|IGS20
BTS3,1,1,342,342,-3165153.0531,5072626.8591,2213246.8515,20.4383145,121.9628128,45.473,80.83,GPSEST,ITRF2005|WGS-84
BTU2,1,1,619,619,-3667795.2461,5123500.4054,986049.4404,8.9530662,125.5979980,93.518,0.16,RNX2SNX,IGS14|IGS20
BTUN,1,18,1871,1871,-3667794.1626,5123499.2943,986048.7592,8.9530622,125.5979959,91.897,171.01,RNX2SNX,IGS14|IGS20|ITRF2005
BTUN,2,18,4,4,-3675206.3183,5116968.7885,1017834.1155,9.2381506,125.6873799,4141.184,354.41,GPSEST,ITRF2005
BTUN,3,18,2,2,-3672794.8234,5122209.4274,991942.6828,9.0030576,125.6417840,2852.724,0.00,GPSEST,ITRF2005
BTUN,4,18,2,2,-3678653.5122,5123532.0135,996290.5206,9.0354905,125.6780336,7968.851,0.00,GPSEST,ITRF2005
BTUN,5,18,2,2,-3680962.4254,5123032.8668,988313.6789,8.9630136,125.6977125,7651.050,0.00,GPSEST,ITRF2005
BTUN,6,18,2,2,-3672217.9541,5121255.0650,1001174.3208,9.0870272,125.6425779,3206.125,0.00,GPSEST,ITRF2005
BTUN,7,18,2,2,-3663233.3615,5118268.2569,1003977.0776,9.1230110,125.5919558,-3914.224,0.00,GPSEST,ITRF2005
BTUN,8,18,2,2,-3673106.0989,5125570.9548,1007058.1943,9.1337506,125.6262843,8112.170,0.00,GPSEST,ITRF2005
BTUN,9,18,2,2,-3675363.9852,5118584.8612,1010195.5383,9.1679920,125.6799723,4306.058,0.00,GPSEST,ITRF2005
BTUN,10,18,2,2,-3660638.0531,5117717.4929,1020035.9597,9.2692516,125.5756570,-3280.723,0.00,GPSEST,ITRF2005
BTUN,11,18,2,2,-3682955.4636,5117435.0501,1037478.0931,9.4060170,125.7421041,12160.604,0.00,GPSEST,ITRF2005
BTUN,12,18,2,2,-3678290.7742,5123610.4584,1010918.0267,9.1661040,125.6749413,10136.544,0.00,GPSEST,ITRF2005
BTUN,13,18,2,2,-3680514.8222,5117869.6669,1027202.7532,9.3160823,125.7217917,9431.032,0.00,GPSEST,ITRF2005
BTUN,14,18,2,2,-3675024.8371,5117636.4126,1010011.0909,9.1677405,125.6824977,3320.821,0.00,GPSEST,ITRF2005
BTUN,15,18,2,2,-3681228.6012,5120325.4930,1017242.4286,9.2238358,125.7140295,10205.666,0.00,GPSEST,ITRF2005
BTUN,16,18,2,2,-3672006.1128,5122249.1048,995831.9320,9.0383766,125.6357468,3040.497,0.00,GPSEST,ITRF2005
BTUN,17,18,2,2,-3676145.0597,5122629.9378,1002691.5913,9.0957001,125.6642983,6809.277,0.00,GPSEST,ITRF2005
BTUN,18,18,2,2,-3670607.5302,5121424.5671,994365.9272,9.0273979,125.6297791,1343.793,0.00,GPSEST,ITRF2005
BUCA,1,1,215,215,-3239594.9029,5277275.9601,1523628.3557,13.9126994,121.5447797,84.164,8.38,GPSEST,ITRF2005
BUCU,1,1,758,758,4093760.5197,2007794.1643,4445130.1811,44.4639471,26.1257466,143.243,0.67,RNX2SNX,IGS08|IGS14|IGS14_0|IGS20|IGS20_0|IGb08|ITRF00|ITRF2005|ITRF2014_0
BUDP,1,1,2,2,3513638.1732,778956.4716,5248216.4777,55.7390202,12.5000255,94.027,0.00,REFERENCE,ITRF2014_0
BUE1,1,1,5,5,2745499.0525,-4483636.5434,-3599054.4917,-34.5737012,-58.5192993,48.656,0.07,REFERENCE,IGb08|ITRF2014_0
BUE2,1,1,7,7,2745499.0525,-4483636.5434,-3599054.4917,-34.5737012,-58.5192993,48.656,0.07,REFERENCE,IGS08|IGb08|ITRF2014_0
BUEN,1,2,56,56,-3285842.6125,5268429.7306,1454060.2126,13.2657986,121.9511870,80.124,0.01,RNX2SNX,IGS14|IGS20
BUEN,2,2,2,2,1430383.8703,-6200818.1661,428934.0461,3.8820232,-77.0104204,57.753,0.00,REFERENCE,ITRF2014_0
BUG2,1,1,56,56,-3130299.3942,5246532.9020,1832215.8521,16.8001805,120.8220569,1871.983,0.01,RNX2SNX,IGS14|IGS20
BUGS,1,1,1259,1259,-3130305.9326,5246531.7761,1832202.7828,16.8000613,120.8221149,1870.487,0.82,RNX2SNX,IGS14|IGS20|ITRF2005
BULA,1,1,619,619,-3241800.5150,5322630.6813,1352605.9340,12.3253938,121.3439151,71.277,0.09,RNX2SNX,IGS14|IGS20
BUR2,1,1,2,2,-3989420.5257,2699532.8629,-4166620.2079,-41.0500645,145.9148520,3.814,0.00,REFERENCE,ITRF2014_0
BURA,1,1,56,56,-3582315.9243,5136582.1149,1206240.4975,10.9743032,124.8923958,129.631,0.01,RNX2SNX,IGS14|IGS20
BURG,1,1,210,210,-3264622.2203,5261645.8447,1524172.2515,13.9178118,121.8178009,62.798,8.60,GPSEST,ITRF2005
BURN,1,1,563,563,-3582318.5623,5136586.2926,1206241.0109,10.9742993,124.8923937,134.574,0.09,RNX2SNX,IGS14|IGS20
BYBY,1,1,619,619,-3576225.7971,5146602.0443,1181257.2122,10.7444107,124.7943260,81.883,0.10,RNX2SNX,IGS14|IGS20
BYSP,1,1,2,2,2446754.5383,-5537376.0175,2001281.1522,18.4078367,-66.1611993,49.224,0.00,REFERENCE,ITRF2014_0
BZRG,1,1,273,273,4312657.1910,864635.0224,4603844.6809,46.4990268,11.3368022,329.151,0.76,RNX2SNX,IGS20|IGS20_0|IGS97|ITRF97
CABANATUAN,1,1,35,35,-3161426.5074,5274258.8844,1688188.4249,15.4502125,120.9387579,76.833,2.90,GPSEST,ITRF2005
CABL,1,1,2,2,-2657528.4938,-3857584.2719,4314193.2703,42.8360988,-124.5633461,37.835,0.00,REFERENCE,ITRF2014_0
CABN,1,14,1682,1682,-3162959.7438,5272334.3854,1691324.0661,15.4796009,120.9602334,82.180,153.63,RNX2SNX,IGS14|IGS20|ITRF2005
CABN,2,14,4,4,-3171953.2702,5267723.0159,1723051.3713,15.7538816,121.0541995,9278.676,102.50,GPSEST,ITRF2005
CABN,3,14,2,2,-3168804.1128,5272398.4808,1697466.1867,15.5256717,121.0066067,4675.978,0.00,GPSEST,ITRF2005
CABN,4,14,2,2,-3174517.0077,5273695.7265,1701518.5819,15.5511068,121.0459644,9669.553,0.00,GPSEST,ITRF2005
CABN,5,14,2,2,-3176239.3658,5272314.9196,1693462.1045,15.4817565,121.0663294,7230.696,0.00,GPSEST,ITRF2005
CABN,6,14,2,2,-3185767.1568,5272365.2973,1689862.9653,15.4385082,121.1419959,11056.774,0.00,GPSEST,ITRF2005
CABN,7,14,2,2,-3168041.9167,5270856.4564,1706492.2328,15.6083409,121.0079210,5446.825,0.00,GPSEST,ITRF2005
CABN,8,14,2,2,-3162208.9865,5273137.9069,1710837.6708,15.6486715,120.9503823,5609.817,0.00,GPSEST,ITRF2005
CABN,9,14,2,2,-3169885.8827,5276560.4068,1712720.6184,15.6482741,120.9952809,12747.773,0.00,GPSEST,ITRF2005
CABN,10,14,2,2,-3171580.7502,5269170.8346,1715619.2437,15.6867557,121.0442684,8274.038,0.00,GPSEST,ITRF2005
CABN,11,14,2,2,-3157262.8311,5267979.6932,1725115.2223,15.7898379,120.9355581,2771.187,0.00,GPSEST,ITRF2005
CABN,12,14,2,2,-3174039.8978,5272989.5300,1715428.1858,15.6740258,121.0455496,12593.369,0.00,GPSEST,ITRF2005
CABN,13,14,2,2,-3170864.6825,5267862.6436,1715243.6490,15.6871284,121.0448380,6737.892,0.00,GPSEST,ITRF2005
CABN,14,14,2,2,-3167033.5741,5270815.2674,1700678.6066,15.5591146,121.0000659,3350.708,0.00,GPSEST,ITRF2005
CABU,1,1,619,619,-3195781.2585,5292614.0830,1562151.4046,14.2717110,121.1243796,71.606,0.09,RNX2SNX,IGS14|IGS20
CAC2,1,1,619,619,-3171680.5370,5317810.6060,1525512.2034,13.9302708,120.8129494,71.091,0.14,RNX2SNX,IGS14|IGS20
CACA,1,12,868,868,-3171665.5564,5317817.6601,1525515.6423,13.9303045,120.8127969,70.351,14.52,RNX2SNX,IGS14|IGS20|ITRF2005
CACA,2,12,4,4,-3181216.7980,5313122.3750,1557325.7636,14.2070916,120.9109451,8645.915,105.62,GPSEST,ITRF2005
CACA,3,12,2,2,-3185284.9317,5318549.8815,1527933.0913,13.9349351,120.9174347,8043.894,0.00,GPSEST,ITRF2005
CACA,4,12,2,2,-3177269.5705,5316275.0094,1540684.9753,14.0599025,120.8646328,5241.140,0.00,GPSEST,ITRF2005
CACA,5,12,2,2,-3171290.6947,5319268.9717,1545182.9169,14.1003851,120.8029403,5856.547,0.00,GPSEST,ITRF2005
CACA,6,12,2,2,-3178598.9823,5321053.7396,1546164.1598,14.0973706,120.8525194,11214.386,0.00,GPSEST,ITRF2005
CACA,7,12,2,2,-3180606.5299,5313966.5057,1549622.1685,14.1387599,120.9020893,7158.003,0.00,GPSEST,ITRF2005
CACA,8,12,2,2,-3168302.0904,5315610.5696,1559766.8193,14.2384090,120.7965184,4895.984,0.00,GPSEST,ITRF2005
CACA,9,12,2,2,-3179912.3249,5313223.0479,1549534.9679,14.1401898,120.9001106,6172.387,0.00,GPSEST,ITRF2005
CACA,10,12,2,2,-3176534.0410,5316880.7598,1535169.4078,14.0112620,120.8559173,4041.922,0.00,GPSEST,ITRF2005
CACA,11,12,2,2,-3180465.6250,5317602.8016,1542058.8838,14.0658371,120.8837025,8271.381,0.00,GPSEST,ITRF2005
CACA,12,12,2,2,-3175010.7663,5316089.5932,1533780.9929,14.0022853,120.8475719,2288.918,0.00,GPSEST,ITRF2005
CACC,1,1,2,2,-2677721.1196,-3942470.2165,4224548.5805,41.7455986,-124.1843008,-21.961,0.00,REFERENCE,ITRF2014_0
CADZ,1,1,56,56,-3439268.4647,5233815.4291,1204348.0747,10.9569682,123.3098971,77.563,0.01,RNX2SNX,IGS14|IGS20
CAGL,1,1,775,767,4893378.5449,772650.1853,4004182.4090,39.1359148,8.9727576,238.354,0.78,RNX2SNX,IGS00|IGS08|IGS14|IGS14_0|IGS20|IGS20_0|IGS97|IGb08|ITRF00|ITRF2005|ITRF2014_0|ITRF97
CAGS,1,1,55,55,1096349.1317,-4335060.6002,4533255.1842,45.5850206,-75.8073269,234.942,0.17,RNX2SNX,ITRF00|ITRF2005|ITRF2014_0
CAGZ,1,1,687,687,4893379.7007,772650.8755,4004180.2812,39.1358929,8.9727634,237.980,0.68,RNX2SNX,IGS00|IGS08|IGS14|IGS14_0|IGS20|IGb08|ITRF00|ITRF2005|ITRF2014_0
CALA,1,1,98,98,-3212679.0059,5308998.9071,1469742.4476,13.4115062,121.1797420,66.256,16.10,GPSEST,ITRF2005
CALB,1,1,108,108,-3447478.4544,5163752.9554,1456645.5572,13.2891538,123.7282783,386.940,5.23,GPSEST,ITRF2005
CALI,1,1,97,97,-3366527.6835,5276786.2810,1222326.4579,11.1224905,122.5373974,117.718,6.01,GPSEST,ITRF2005
CALL,1,1,2,2,1387454.2104,-6081996.1894,-1324212.1996,-12.0628750,-77.1493198,33.795,0.00,REFERENCE,ITRF2014_0
CALU,1,1,619,619,-3534907.9444,5156950.5715,1257447.8456,11.4463333,124.4292643,71.578,0.10,RNX2SNX,IGS14|IGS20
CAM2,1,1,2,2,-56581.3746,-6001449.5637,2151509.1485,19.8444271,-90.5401658,12.179,0.00,REFERENCE,ITRF2014_0
CANB,1,1,9,9,-4446477.0739,2678126.9956,-3696251.2432,-35.6362519,148.9393135,1349.897,0.18,REFERENCE,IGS00|IGS97|ITRF97
CANT,1,1,2,2,4625924.4069,-307096.4159,4365771.4445,43.4719809,-3.7980622,99.250,0.00,REFERENCE,ITRF2014_0
CAOT,1,1,53,53,-2975992.8120,5014387.9103,2576255.1280,23.9793865,120.6887388,141.723,0.00,RNX2SNX,ITRF00|ITRF2005
CARI,1,2,88,88,-3559846.1257,5143625.3105,1241651.6333,11.3006841,124.6866795,66.095,89.12,GPSEST,ITRF2005
CARI,2,2,1,1,-3550417.9600,5152054.0800,1234398.3400,11.2335907,124.5717635,196.412,0.00,COORDINATE,ITRF2005
CARR,1,1,2,2,-2620447.4647,-4460941.2988,3718442.9350,35.8883520,-120.4308408,478.744,0.00,REFERENCE,ITRF2014_0
CART,1,1,2,2,1567348.6498,-6075293.4950,1142850.8622,10.3913348,-75.5338532,4.064,0.00,REFERENCE,ITRF2014_0
CAS1,1,1,772,772,-901776.1228,2409383.1768,-5816748.5530,-66.2833612,110.5197067,22.478,0.28,RNX2SNX,IGS00|IGS08|IGS14|IGS14_0|IGS20|IGS20_0|IGS97|IGb08|ITRF00|ITRF2005|ITRF2014_0|ITRF97
CASA,1,1,2,2,-2444430.5540,-4428687.6190,3875747.3438,37.6446354,-118.8966647,2390.476,0.00,REFERENCE,ITRF2014_0
CASC,1,1,72,64,4917536.9864,-815726.3100,3965857.3158,38.6934143,-9.4185219,76.023,0.25,RNX2SNX,IGS00|IGS97|ITRF00|ITRF2005|ITRF2014_0|ITRF97
CASI,1,1,56,56,-3256472.7414,5186540.1214,1776319.4899,16.2782235,122.1234773,59.382,0.01,RNX2SNX,IGS14|IGS20
CASL,1,1,2,2,1107275.1028,-5154173.8728,3578066.6371,34.3446483,-77.8753883,-17.342,0.00,REFERENCE,ITRF2014_0
CAT1,1,1,2,2,-2540622.3391,-4682555.2125,3495319.4369,33.4457725,-118.4830088,3.895,0.00,REFERENCE,ITRF2014_0
CAT2,1,1,2,2,-2532493.8456,-4696708.4798,3483154.3328,33.3116168,-118.3338168,477.238,0.00,REFERENCE,ITRF2014_0
CATA,1,3,619,619,-3488220.1323,5173542.9001,1318019.7167,12.0054812,123.9895051,115.839,0.45,RNX2SNX,IGS14|IGS20
CATA,2,3,386,386,-3488610.5082,5126429.9445,1488571.4817,13.5865324,124.2358596,65.399,0.14,GPSEST,ITRF2005
CATA,3,3,2,2,2302597.6575,-5117329.0756,-3022751.2632,-28.4709846,-65.7741209,547.165,0.00,REFERENCE,ITRF2014_0
CATM,1,1,56,56,-3680527.3371,5120747.3484,952502.5307,8.6461532,125.7066190,84.567,0.14,GPSEST,ITRF2005
CAYN,1,1,2,2,3885112.8381,-5028557.6630,546544.3646,4.9487723,-52.3099747,45.956,0.00,REFERENCE,ITRF2014_0
CBIM,1,1,56,56,-3409048.9125,5200441.3224,1414866.3920,12.9021038,123.2460715,71.419,0.09,RNX2SNX,IGS14|IGS20
CCA5,1,1,11,11,-3194157.9931,5305608.1903,1522197.7341,13.8988316,121.0493822,328.699,7.17,GPSEST,ITRF2005
CCJ2,1,1,270,270,-4490604.9971,3483895.1647,2884928.3631,27.0675333,142.1950225,104.220,0.56,RNX2SNX,IGS20|IGS20_0|ITRF2014_0
CCJM,1,1,328,328,-4488925.1800,3483903.6013,2887743.4738,27.0955846,142.1845727,208.803,0.76,RNX2SNX,IGS08|IGS20|IGS20_0|IGb08|ITRF00|ITRF2005|ITRF2014_0
CCV3,1,1,2,2,921807.0968,-5535343.0354,3021430.7713,28.4602279,-80.5452321,-24.415,0.00,REFERENCE,ITRF2014_0
CCV6,1,1,2,2,921785.7479,-5535361.2098,3021404.5434,28.4599578,-80.5454776,-24.236,0.00,REFERENCE,ITRF2014_0
CDO2,1,1,56,56,-3586246.6002,5190603.3737,934018.6406,8.4771373,124.6410337,91.459,0.01,RNX2SNX,IGS14|IGS20
CDOC,1,1,619,619,-3586264.1280,5190601.8701,934022.6317,8.4771613,124.6411725,100.678,2.83,RNX2SNX,IGS14|IGS20
CEA1,1,1,7,7,-3477439.4984,5222652.5788,1141950.8358,10.3829529,123.6571768,70.091,0.00,GPSEST,ITRF2005
CEB1,1,2,64,64,-3505877.6019,5195154.3337,1179525.4996,10.7285049,124.0128975,65.188,6.51,GPSEST,ITRF2005
CEB1,2,2,1,1,-3323166.2629,5225587.5646,1521699.4171,13.8947968,122.4539603,58.211,0.00,COORDINATE,ITRF2005
CEB2,1,1,5,5,-3505877.6219,5195154.9655,1179525.7023,10.7285058,124.0128944,65.751,2.18,GPSEST,ITRF2005
CEBA,1,3,104,104,-3477439.7003,5222653.0892,1141951.2038,10.3829553,123.6571758,70.685,25.93,GPSEST,ITRF2005
CEBA,2,3,1,1,-3555996.4200,5149971.8700,1228926.2000,11.1825135,124.6246332,558.627,0.00,COORDINATE,ITRF2005
CEBA,3,3,1,1,-3087542.3504,5297592.8112,1750208.8950,16.0325938,120.2344821,51.066,0.00,COORDINATE,ITRF2005
CEBB,1,3,73,73,-3504978.6002,5195237.4933,1181809.9336,10.7495265,124.0056593,64.557,45.95,GPSEST,ITRF2005
CEBB,2,3,1,1,-3495175.2800,5172083.3800,1304811.3700,11.8836498,124.0499252,5.648,0.00,COORDINATE,ITRF2005
CEBB,3,3,1,1,-3559711.0900,5149617.1200,1220807.1300,11.1073272,124.6544548,774.560,0.00,COORDINATE,ITRF2005
CEBC,1,1,72,72,-3494942.8136,5193618.2356,1217865.4618,11.0814829,123.9378030,67.122,8.44,GPSEST,ITRF2005
CEBD,1,1,46,46,-3504769.2288,5190570.2921,1202672.8114,10.9415458,124.0279507,75.699,10.41,GPSEST,ITRF2005
CEBR,1,1,270,270,4846664.7810,-370194.9007,4116929.7078,40.4534314,-4.3678492,775.798,0.38,RNX2SNX,IGS20|IGS20_0|ITRF2014_0
CEDU,1,1,772,772,-3753473.4281,3912741.0372,-3347959.4312,-31.8666548,133.8098364,144.721,1.89,RNX2SNX,IGS00|IGS08|IGS14|IGS14_0|IGS20|IGS20_0|IGS97|IGb08|ITRF00|ITRF2005|ITRF2014_0|ITRF97
CEFE,1,1,2,2,4562488.4894,-3871935.8351,-2200001.4517,-20.3107933,-40.3194552,14.288,0.00,REFERENCE,ITRF2014_0
CEMB,1,1,52,52,-3184921.5644,5289771.5120,1593477.6791,14.5640169,121.0517496,83.100,0.00,RNX2SNX,ITRF00
CENT,1,2,53,53,-3188856.7291,5296076.3469,1572537.7426,14.3640177,121.0528539,2048.531,0.00,RNX2SNX,ITRF00|ITRF2005
CENT,2,2,53,53,-3186782.4500,5294321.7300,1574642.4500,14.3882146,121.0447693,78.595,0.00,RNX2SNX,ITRF00|ITRF2005
CEU1,1,1,2,2,5150907.7882,-478414.6516,3718518.5492,35.8919731,-5.3063897,52.448,0.00,REFERENCE,ITRF2014_0
CEUT,1,1,2,2,5150601.7468,-478834.3000,3718884.9270,35.8960530,-5.3113314,51.844,0.00,REFERENCE,ITRF2014_0
CFAG,1,1,705,705,2016585.0066,-5050165.7106,-3323308.5699,-31.6021652,-68.2326471,702.546,0.24,RNX2SNX,IGS08|IGS14|IGS14_0|IGS20|IGS20_0|IGb08|ITRF2014_0
CG95,1,1,24,24,-3171496.3430,5161174.2246,1989571.5141,18.2963940,121.5703606,43.042,1.94,GPSEST,ITRF2005
CHA1,1,1,2,2,946821.6040,-5284901.5153,3431363.1388,32.7575664,-79.8428754,-29.046,0.00,REFERENCE,ITRF2014_0
CHAB,1,1,2,2,-2685745.0837,-4278240.6379,3881399.5496,37.7241158,-122.1193112,213.957,0.00,REFERENCE,ITRF2014_0
CHAN,1,1,700,700,-2674427.8067,3757143.0242,4391521.4800,43.7906843,125.4442065,273.257,0.47,RNX2SNX,IGS14|IGS14_0|IGS20|IGS20_0|ITRF2014_0
CHAT,1,1,780,772,-4590671.6168,-275481.8840,-4404596.0831,-43.9557792,-176.5658525,57.964,1.50,RNX2SNX,IGS00|IGS08|IGS14|IGS14_0|IGS20|IGS20_0|IGS97|IGb08|ITRF00|ITRF2005|ITRF2014_0|ITRF97
CHB1,1,1,2,2,430716.7363,-4445226.4354,4538513.9843,45.6534940,-84.4656469,145.047,0.00,REFERENCE,ITRF2014_0
CHEN,1,1,43,43,-3055985.0188,5011702.0056,2486669.0197,23.0974065,121.3735815,60.055,0.05,OTHER,WGS-84
CHET,1,1,2,2,179584.7372,-6048080.6600,2010447.3484,18.4952767,-88.2992249,2.951,0.00,REFERENCE,ITRF2014_0
CHGO,1,1,53,53,-3056056.0267,5011630.1831,2486769.9404,23.0983310,121.3745383,77.246,0.00,RNX2SNX,ITRF00|ITRF2005
CHIA,1,1,48,48,-2964473.8591,5046121.1714,2527207.3973,23.4959782,120.4332032,49.631,0.04,OTHER,WGS-84
CHIK,1,1,53,53,-2940925.6457,5080841.8795,2485025.3282,23.0814019,120.0633935,26.319,0.00,RNX2SNX,ITRF00|ITRF2005
CHIN,1,1,2,2,827227.1829,-5745621.9377,2633858.1161,24.5504794,-81.8071276,-15.157,0.00,REFERENCE,ITRF2014_0
CHIZ,1,1,2,2,4427603.1807,-31505.9538,4575621.8564,46.1334636,-0.4076986,113.202,0.00,REFERENCE,ITRF2014_0
CHL1,1,1,2,2,1281265.5207,-4811189.0099,3973020.9202,38.7767881,-75.0876880,-13.551,0.00,REFERENCE,ITRF2014_0
CHNL,1,1,246,246,-2978743.4379,5044116.9672,2515253.6190,23.3771456,120.5634709,355.318,0.12,OTHER,WGS-84
CHPI,1,1,757,757,4164613.9050,-4162457.0118,-2445028.5711,-22.6871434,-44.9851591,617.421,0.34,RNX2SNX,IGS00|IGS14|IGS14_0|IGS20|IGS20_0|ITRF00|ITRF2005|ITRF2014_0
CHR1,1,1,2,2,1234421.3146,-4953339.5016,3810911.1279,36.9270806,-76.0063701,-26.759,0.00,REFERENCE,ITRF2014_0
CHT1,1,1,2,2,1635805.9023,-4482177.3119,4218387.5507,41.6712034,-69.9500478,-10.623,0.00,REFERENCE,ITRF2014_0
CHTI,1,1,703,703,-4607856.3580,-272375.1344,-4386954.0448,-43.7354688,-176.6171239,75.661,1.08,RNX2SNX,IGS14|IGS14_0|IGS20|IGS20_0|IGb08|ITRF2014_0
CHUM,1,1,758,758,1228950.2415,4508080.0311,4327868.5532,42.9985017,74.7511054,716.345,0.70,RNX2SNX,IGS08|IGS14|IGS14_0|IGS20|IGS20_0|IGb08|ITRF00|ITRF2005|ITRF2014_0
CHUR,1,1,775,767,-236439.2458,-3307616.9944,5430049.3763,58.7590771,-94.0887343,-19.133,0.62,RNX2SNX,IGS00|IGS08|IGS14|IGS14_0|IGS20|IGS20_0|IGS97|IGb08|ITRF00|ITRF2005|ITRF2014_0|ITRF97
CHWK,1,1,2,2,-2215259.9069,-3543996.8380,4802098.6960,49.1566077,-122.0084277,174.021,0.00,REFERENCE,ITRF2014_0
CHYI,1,1,53,53,-2939615.4082,5062920.7742,2522604.2712,23.4507702,120.1401580,22.975,0.00,RNX2SNX,ITRF00|ITRF2005
CHYN,1,1,48,48,-2954201.3666,5057373.7103,2516768.1587,23.3932746,120.2908003,40.251,0.04,OTHER,WGS-84
CIC1,1,1,60,60,-2433176.9415,-4845045.0309,3348295.7801,31.8706771,-116.6657589,64.338,0.46,RNX2SNX,IGS08|IGb08|ITRF00|ITRF2005|ITRF2014_0
CICE,1,1,2,2,-2433307.8724,-4844962.8597,3348363.4802,31.8712654,-116.6673851,87.627,0.00,REFERENCE,ITRF2014_0
CIME,1,1,53,53,-2881954.7222,5108394.1154,2497586.4519,23.2046400,119.4299791,54.887,0.00,RNX2SNX,ITRF00|ITRF2005
CISH,1,1,53,53,-2982137.7293,5066459.4974,2465495.2947,22.8895937,120.4812320,90.880,0.00,RNX2SNX,ITRF00|ITRF2005
CIT1,1,1,2,2,-2491490.3080,-4660803.1898,3559129.0173,34.1367090,-118.1272861,215.349,0.00,REFERENCE,ITRF2014_0
CK01,1,1,269,269,-2956266.1120,5077239.8479,2474278.4148,22.9758909,120.2104679,43.520,0.17,RNX2SNX,ITRF00|ITRF2005|WGS-84
CKIS,1,1,700,700,-5583182.8429,-2054142.4368,-2292166.0370,-21.2010207,-159.8006225,18.402,1.11,RNX2SNX,IGS14|IGS14_0|IGS20|IGS20_0|ITRF2014_0
CKSV,1,1,321,321,-2956619.4610,5075902.1649,2476625.4590,22.9988505,120.2200115,59.655,0.79,RNX2SNX,IGS20|IGS20_0|ITRF00|ITRF2005
CLAN,1,1,53,53,-3033047.5251,4947156.3585,2639268.1704,24.6022515,121.5120068,453.127,0.00,RNX2SNX,ITRF00|ITRF2005
CLAV,1,15,1519,1519,-3121951.1956,5178608.3007,2022180.4754,18.6069305,121.0838945,55.227,5.83,RNX2SNX,IGS14|IGS20|ITRF2005
CLAV,2,15,4,4,-3131247.2325,5174558.2349,2053986.7442,18.8749114,121.1791215,11542.570,112.61,GPSEST,ITRF2005
CLAV,3,15,2,2,-3127893.4093,5178467.6363,2028005.5581,18.6482724,121.1327784,4710.988,0.00,GPSEST,ITRF2005
CLAV,4,15,2,2,-3133766.0339,5180001.9199,2032149.6422,18.6711401,121.1728440,10159.229,0.00,GPSEST,ITRF2005
CLAV,5,15,2,2,-3135032.5309,5178112.2348,2024096.7371,18.6050644,121.1923594,6675.083,0.00,GPSEST,ITRF2005
CLAV,6,15,2,2,-3144214.3022,5177918.3236,2020431.1311,18.5605038,121.2675976,9862.102,0.00,GPSEST,ITRF2005
CLAV,7,15,2,2,-3127121.4550,5177291.1027,2037328.9665,18.7320595,121.1322813,6366.637,0.00,GPSEST,ITRF2005
CLAV,8,15,2,2,-3121265.2581,5179790.5244,2041580.9877,18.7709643,121.0725461,6895.471,0.00,GPSEST,ITRF2005
CLAV,9,15,2,2,-3128366.3398,5182080.0675,2043261.3385,18.7689803,121.1189314,12764.889,0.00,GPSEST,ITRF2005
CLAV,10,15,2,2,-3131019.4920,5175829.0450,2046345.8020,18.8068673,121.1710444,9992.454,0.00,GPSEST,ITRF2005
CLAV,11,15,2,2,-3117615.1092,5175574.7063,2056166.7949,18.9115590,121.0635324,6405.585,0.00,GPSEST,ITRF2005
CLAV,12,15,2,2,-3130176.0588,5174657.3352,2046248.4089,18.8102212,121.1699531,8598.799,0.00,GPSEST,ITRF2005
CLAV,13,15,2,2,-3126157.6475,5177531.8376,2031687.4087,18.6846711,121.1232868,4280.371,0.00,GPSEST,ITRF2005
CLAV,14,15,2,2,-3130990.4139,5178777.7625,2038612.1691,18.7335389,121.1563588,9878.733,0.00,GPSEST,ITRF2005
CLAV,15,15,2,2,-3124841.3307,5176893.9859,2030293.1271,18.6762914,121.1157336,2672.037,0.00,GPSEST,ITRF2005
CLEV,1,1,2,2,-5055209.4391,2546205.7413,-2930071.4624,-27.5261525,153.2665379,66.904,0.00,REFERENCE,ITRF2014_0
CLYN,1,5,949,949,-3144960.0375,5137101.1298,2090743.2533,19.2617880,121.4751850,48.363,25.76,RNX2SNX,IGS14|IGS20|ITRF2005
CLYN,2,5,2,2,-3151471.4727,5137573.0085,2097049.7489,19.3041939,121.5256350,5722.139,0.00,GPSEST,ITRF2005
CLYN,3,5,2,2,-3157305.6925,5139076.6664,2101095.5786,19.3257078,121.5654082,11150.189,0.00,GPSEST,ITRF2005
CLYN,4,5,2,2,-3158473.9249,5137255.5604,2093019.6335,19.2597510,121.5839225,7594.907,0.00,GPSEST,ITRF2005
CLYN,5,5,2,2,-3167966.1491,5136153.0273,2088963.1362,19.2131961,121.6661801,10071.462,0.00,GPSEST,ITRF2005
CME1,1,1,2,2,-2746197.2687,-4011270.3574,4115639.4558,40.4417743,-124.3963350,305.508,0.00,REFERENCE,ITRF2014_0
CMGN,1,1,619,619,-3186816.7056,5126361.4848,2053639.2205,18.9071001,121.8672640,47.695,0.10,RNX2SNX,IGS14|IGS20
CMN2,1,1,370,370,-3367751.2265,5189308.4337,1547421.6336,14.1344235,122.9827167,54.102,91.72,GPSEST,ITRF2005|WGS-84
CMS2,1,1,277,277,-3400681.1294,5179776.2330,1507324.9107,13.7608780,123.2861205,111.538,138.88,GPSEST,ITRF2005|WGS-84
CMWL,1,1,52,52,-3186381.8759,5284626.4649,1607730.4549,14.6969927,121.0880061,148.300,0.00,RNX2SNX,ITRF00
CNC0,1,1,2,2,329976.8761,-5940950.7741,2289437.2500,21.1746531,-86.8209001,-0.204,0.00,REFERENCE,ITRF2014_0
CNCL,1,1,2,2,-4549790.4716,814058.4850,-4382184.7910,-43.6662388,169.8558533,1222.323,0.00,REFERENCE,ITRF2014_0
CNJP,1,1,7,7,-3334983.6337,5205045.5791,1565297.9676,14.3011042,122.6485525,51.280,0.00,GPSEST,ITRF2005
CNMR,1,1,700,700,-5087757.6284,3465029.1261,1664653.9391,15.2296992,145.7430890,64.370,0.35,RNX2SNX,IGS14|IGS14_0|IGS20|IGS20_0|ITRF2014_0
CNNS,1,1,2,2,4595116.2677,565489.6499,4372420.5444,43.5545823,7.0157264,89.851,0.00,REFERENCE,ITRF2014_0
CNTA,1,1,619,619,-3190506.4684,5285871.9909,1595147.5415,14.5796608,121.1148166,61.677,1.08,RNX2SNX,IGS14|IGS20
COCN,1,1,53,53,-3045943.4159,5006318.2475,2509835.4278,23.3246068,121.3171614,163.746,0.00,RNX2SNX,ITRF00|ITRF2005
COCO,1,1,767,767,-741951.3166,6190961.7408,-1337767.1055,-12.1883375,96.8339775,-35.318,2.00,RNX2SNX,IGS00|IGS08|IGS14|IGS14_0|IGS20|IGS20_0|IGS97|IGb08|ITRF00|ITRF2005|ITRF2014_0|ITRF97
COLA,1,1,2,2,816177.7775,-5224934.0909,3553937.0323,34.0809953,-81.1216763,81.619,0.00,REFERENCE,ITRF2014_0
CONT,1,1,2,2,1492029.7629,-4887961.6316,-3803554.1290,-36.8428444,-73.0254102,173.398,0.00,REFERENCE,ITRF2014_0
CONX,1,1,625,625,1492004.7961,-4887911.2615,-3803640.0008,-36.8437633,-73.0255131,180.502,0.35,RNX2SNX,IGS14|IGS14_0|IGS20|ITRF2014_0
CONZ,1,1,765,762,1492004.7959,-4887911.2615,-3803640.0047,-36.8437633,-73.0255131,180.504,2.84,RNX2SNX,IGS00|IGS08|IGS14|IGS14_0|IGS20|IGS20_0|IGb08|ITRF00|ITRF2005|ITRF2014_0
COPO,1,1,2,2,1907040.8682,-5337379.0625,-2916334.7658,-27.3845260,-70.3382357,479.131,0.00,REFERENCE,ITRF2014_0
CORC,1,1,2,2,-731659.1003,-5601556.9546,2951108.0933,27.7407973,-97.4416788,-10.397,0.00,REFERENCE,ITRF2014_0
CORD,1,1,61,61,2345503.8581,-4910842.7991,-3316365.3991,-31.5284353,-64.4700484,746.832,0.08,RNX2SNX,IGS00|IGS97|ITRF00|ITRF2005
CORV,1,1,2,2,-2498423.3269,-3802819.9288,4454736.7332,44.5855352,-123.3046049,105.612,0.00,REFERENCE,ITRF2014_0
COSO,1,1,2,2,-2411148.3027,-4571430.2080,3727461.4486,35.9823433,-117.8088903,1455.150,0.00,REFERENCE,ITRF2014_0
COT1,1,1,2,2,-1933230.5209,-5043635.2662,3381904.1102,32.2244558,-110.9718790,733.192,0.00,REFERENCE,ITRF2014_0
COTA,1,1,101,101,-3628912.2037,5173161.5250,865896.0335,7.8545233,125.0492100,376.361,8.20,GPSEST,ITRF2005
COTB,1,1,98,98,-3639559.1147,5180472.7878,772872.3971,7.0063405,125.0900923,346.056,6.90,GPSEST,ITRF2005
COTC,1,2,99,99,-3665509.5196,5165980.8097,744746.5193,6.7504658,125.3575166,84.001,8.63,GPSEST,ITRF2005
COTC,2,2,2,2,-3698230.9672,5148154.7498,758329.9373,6.8675391,125.6919734,6167.644,0.00,GPSEST,ITRF2005
COTD,1,1,76,76,-3649432.6265,5187731.3047,669622.2101,6.0668356,125.1253791,133.171,9.54,GPSEST,ITRF2005
COTE,1,1,84,84,-3597725.5118,5215285.1659,732105.0621,6.6353141,124.5995628,140.054,6.62,GPSEST,ITRF2005
COTF,1,1,89,89,-3604168.5975,5220268.0361,661437.0508,5.9924581,124.6219091,81.960,5.82,GPSEST,ITRF2005
COTG,1,1,92,92,-3561005.5810,5230874.3982,796564.6669,7.2225332,124.2457338,75.857,7.83,GPSEST,ITRF2005
COTH,1,2,54,54,-3556196.6091,5221376.0065,881391.8006,7.9953854,124.2581582,843.179,7.63,GPSEST,ITRF2005
COTH,2,2,2,2,-3589349.8310,5205491.5712,895150.3767,8.1113358,124.5874821,8353.594,0.00,GPSEST,ITRF2005
COUD,1,1,2,2,4016631.3522,166529.0934,4935195.0427,51.0229487,2.3741170,56.803,0.00,REFERENCE,ITRF2014_0
COVX,1,1,2,2,1260167.6202,-4948417.2688,3808934.8094,36.9046332,-75.7127008,-1.159,0.00,REFERENCE,ITRF2014_0
COYQ,1,1,279,279,1391587.2520,-4255574.6024,-4527925.8117,-45.5143393,-71.8920806,476.170,0.27,RNX2SNX,IGS00|IGS08|IGS20|IGS20_0|IGb08|ITRF2014_0
CPVG,1,1,268,268,5626883.4568,-2380932.2420,1824484.0665,16.7320639,-22.9349306,94.071,0.26,RNX2SNX,IGS20|IGS20_0
CPXF,1,1,2,2,-2332869.6878,-3696442.6283,4630011.5971,46.8400850,-122.2565194,533.626,0.00,REFERENCE,ITRF2014_0
CRAO,1,1,705,705,3783896.6878,2551404.7305,4441264.4566,44.4132619,33.9909884,365.800,0.55,RNX2SNX,IGS08|IGS14|IGS14_0|IGS20|IGS20_0|IGb08|ITRF2014_0
CRAR,1,1,59,59,-1310643.6204,310590.2081,-6213367.8001,-77.8480433,166.6682410,-19.894,0.15,RNX2SNX,IGS00|ITRF00|ITRF2005|ITRF2014_0
CRFP,1,1,2,2,-2410446.8347,-4710490.3611,3550422.5026,34.0390521,-117.0996832,688.819,0.00,REFERENCE,ITRF2014_0
CRIS,1,1,147,147,-3167495.0623,5259211.4204,1723685.7940,15.7829320,121.0595324,220.580,34.61,GPSEST,ITRF2005|WGS-84
CRLN,1,1,51,51,-3165177.3196,5254434.6180,1742509.1812,15.9596135,121.0640068,282.189,6.43,GPSEST,ITRF2005
CRO1,1,1,767,767,2607771.3621,-5488076.5088,1932768.0387,17.7569007,-64.5843178,-31.978,0.50,RNX2SNX,IGS00|IGS08|IGS14|IGS14_0|IGS20|IGS20_0|IGS97|IGb08|ITRF00|ITRF2005|ITRF2014_0|ITRF97
CRU1,1,1,2,2,-2628781.0595,-4592933.1778,3549529.7837,34.0292601,-119.7848121,702.183,0.00,REFERENCE,ITRF2014_0
CSAR,1,1,2,2,4417211.4135,3080364.7601,3406244.2812,32.4882552,34.8901867,36.594,0.00,REFERENCE,ITRF2014_0
CSES,1,1,53,53,-2968045.1500,5078057.1100,2458548.1600,22.8217075,120.3056196,40.752,0.00,RNX2SNX,ITRF00|ITRF2005
CTGN,1,1,56,56,-3154328.9229,5328288.6611,1524897.1109,13.9245614,120.6253897,62.862,0.01,RNX2SNX,IGS14|IGS20
CTGR,1,1,2,2,1478106.8773,-4562612.6726,4190441.8301,41.3352969,-72.0497171,-19.592,0.00,REFERENCE,ITRF2014_0
CTNU,1,1,56,56,-3316906.0795,5239147.9029,1488699.6039,13.5876838,122.3379128,83.697,0.08,RNX2SNX,IGS14|IGS20
CTPU,1,1,2,2,1477963.8785,-4518935.3448,4237355.6573,41.8997007,-71.8891395,55.900,0.00,REFERENCE,ITRF2014_0
CTWN,1,1,2,2,5023564.4298,1677795.6287,-3542025.9580,-33.9514344,18.4685510,83.590,0.00,REFERENCE,ITRF2014_0
CUCU,1,1,2,2,1901228.7127,-6025504.2889,870700.5363,7.8984584,-72.4879396,311.171,0.00,REFERENCE,ITRF2014_0
CUIB,1,1,2,2,3430711.3975,-5099641.6153,-1699432.8093,-15.5552618,-56.0698669,237.448,0.00,REFERENCE,ITRF2014_0
CUPR,1,1,2,2,2532816.0859,-5502313.6379,1990709.1210,18.3074390,-65.2825157,-30.405,0.00,REFERENCE,ITRF2014_0
CUSV,1,25,2661,2661,-1132915.0066,6092528.7366,1504633.2353,13.7359139,100.5339234,74.466,632.30,RNX2SNX,IGS14|IGS20|IGS20_0|ITRF2005|ITRF2014_0
CUSV,2,25,4,4,-1140901.3928,6087431.3747,1528005.0484,13.9486528,100.6151818,2223.962,441.64,GPSEST,ITRF2005
CUSV,3,25,4,4,-1141222.7719,6086428.4367,1535330.4520,14.0148967,100.6198139,3094.776,368.78,GPSEST,ITRF2005
CUSV,4,25,2,2,-1170663.9181,6088025.0784,1517357.3769,13.8419808,100.8845275,5622.069,0.00,GPSEST,ITRF2005
CUSV,5,25,2,2,-1168874.9566,6091579.2081,1515945.7648,13.8228000,100.8621004,8345.998,0.00,GPSEST,ITRF2005
CUSV,6,25,2,2,-1138448.7518,6085085.7372,1508366.7988,13.7822581,100.5968697,-5158.859,0.00,GPSEST,ITRF2005
CUSV,7,25,2,2,-1144606.1276,6086769.1813,1512317.4249,13.8109376,100.6499963,-1507.495,0.00,GPSEST,ITRF2005
CUSV,8,25,2,2,-1147350.8928,6090325.7663,1505696.9566,13.7441997,100.6688580,803.560,0.00,GPSEST,ITRF2005
CUSV,9,25,2,2,-1160904.0108,6079443.6902,1506036.4320,13.7647388,100.8108037,-7047.405,0.00,GPSEST,ITRF2005
CUSV,10,25,2,2,-1150029.3089,6075138.4972,1498205.8592,13.7093273,100.7193034,-14988.451,0.00,GPSEST,ITRF2005
CUSV,11,25,2,2,-1179352.1292,6080698.7326,1517474.1963,13.8549983,100.9762464,265.232,0.00,GPSEST,ITRF2005
CUSV,12,25,2,2,-1156566.8231,6078005.4551,1517380.9417,13.8692236,100.7738499,-6498.647,0.00,GPSEST,ITRF2005
CUSV,13,25,2,2,-1165823.8526,6076622.3059,1536647.0316,14.0375008,100.8604533,-1485.402,0.00,GPSEST,ITRF2005
CUSV,14,25,2,2,-1138442.6200,6090456.6203,1519626.2722,13.8696947,100.5876805,2657.167,0.00,GPSEST,ITRF2005
CUSV,15,25,2,2,-1137429.3448,6084180.3358,1528820.8122,13.9641658,100.5891355,-1300.452,0.00,GPSEST,ITRF2005
CUSV,16,25,2,2,-1141707.6028,6092865.2179,1523661.6687,13.8986445,100.6132541,6506.897,0.00,GPSEST,ITRF2005
CUSV,17,25,2,2,-1121109.1424,6097129.1547,1532884.9434,13.9785126,100.4188766,9148.738,0.00,GPSEST,ITRF2005
CUSV,18,25,2,2,-1151080.9047,6087079.3134,1554732.1282,14.1793773,100.7083185,10210.068,0.00,GPSEST,ITRF2005
CUSV,19,25,2,2,-1145270.3497,6094024.4303,1528778.7735,13.9395796,100.6436386,9481.511,0.00,GPSEST,ITRF2005
CUSV,20,25,2,2,-1146601.5940,6086315.6380,1544250.6732,14.0911151,100.6689141,6117.040,0.00,GPSEST,ITRF2005
CUSV,21,25,2,2,-1152571.7405,6091142.7042,1542973.1102,14.0670841,100.7148793,11481.394,0.00,GPSEST,ITRF2005
CUSV,22,25,2,2,-1147256.8475,6089070.2114,1534861.5372,14.0026745,100.6701528,6581.841,0.00,GPSEST,ITRF2005
CUSV,23,25,2,2,-1137630.5089,6092732.4211,1514234.9026,13.8178895,100.5764355,3394.449,0.00,GPSEST,ITRF2005
CUSV,24,25,2,2,-1141944.8415,6090606.8010,1520454.4122,13.8752423,100.6192560,3624.683,0.00,GPSEST,ITRF2005
CUSV,25,25,2,2,-1135692.4105,6090193.1019,1512457.7038,13.8084476,100.5631262,200.862,0.00,GPSEST,ITRF2005
CUYP,1,1,50,50,-3131847.8269,5279356.9134,1726757.7440,15.8120983,120.6774882,96.873,8.00,GPSEST,ITRF2005
CZTG,1,1,268,268,2719994.7765,3463392.6608,-4598612.9392,-46.4318965,51.8554828,202.790,0.05,RNX2SNX,IGS20|IGS20_0
DA60,1,1,2,2,4774314.7338,4016274.5127,1324730.4485,12.0661182,40.0713968,834.591,0.00,REFERENCE,ITRF2014_0
DAEJ,1,14,5862,5862,-3120042.0738,4084614.7974,3764026.8188,36.3994281,127.3744806,116.775,264.21,RNX2SNX,IGS00|IGS08|IGS14|IGS14_0|IGS20|IGS20_0|IGS97|IGb08|ITRF00|ITRF2005|ITRF2014_0
DAEJ,2,14,2,2,-3126105.3521,4085481.4278,3769961.7702,36.4190806,127.4222876,7157.257,0.00,GPSEST,ITRF2005
DAEJ,3,14,2,2,-3131909.1283,4086967.1512,3773475.6385,36.4193723,127.4635306,13032.008,0.00,GPSEST,ITRF2005
DAEJ,4,14,2,2,-3132870.5039,4084323.4045,3765510.9068,36.3697655,127.4899236,7088.191,0.00,GPSEST,ITRF2005
DAEJ,5,14,2,2,-3141118.6044,4081440.4788,3760488.2070,36.3187315,127.5822510,6317.886,0.00,GPSEST,ITRF2005
DAEJ,6,14,2,2,-3125811.5769,4084448.4061,3778951.9649,36.4894890,127.4266816,11695.607,0.00,GPSEST,ITRF2005
DAEJ,7,14,2,2,-3119867.3705,4087936.9086,3783685.4255,36.5281878,127.3504654,13838.462,0.00,GPSEST,ITRF2005
DAEJ,8,14,2,2,-3125343.8354,4086841.1184,3782791.4567,36.5085991,127.4063509,15278.570,0.00,GPSEST,ITRF2005
DAEJ,9,14,2,2,-3129754.6276,4083700.7536,3787853.4520,36.5441546,127.4666118,18442.268,0.00,GPSEST,ITRF2005
DAEJ,10,14,2,2,-3114747.1404,4084263.4630,3797077.3044,36.6571410,127.3299224,16983.241,0.00,GPSEST,ITRF2005
DAEJ,11,14,2,2,-3129218.5217,4082471.8986,3788256.5387,36.5540289,127.4701985,17636.791,0.00,GPSEST,ITRF2005
DAEJ,12,14,2,2,-3124547.4684,4084106.8677,3773410.8345,36.4549546,127.4178091,7565.930,0.00,GPSEST,ITRF2005
DAEJ,13,14,2,2,-3129560.3944,4085670.9826,3780077.0494,36.4802470,127.4515529,14977.398,0.00,GPSEST,ITRF2005
DAEJ,14,14,2,2,-3123294.5771,4083807.9308,3772252.8726,36.4519117,127.4087439,6074.656,0.00,GPSEST,ITRF2005
DAKA,1,1,327,327,5886683.1515,-1852122.7259,1606372.5728,14.6845478,-17.4651006,46.178,0.67,RNX2SNX,IGS00|IGS20|IGS20_0|ITRF00|ITRF2005|ITRF2014_0
DAKR,1,1,270,270,5886533.4936,-1849181.3247,1610300.6562,14.7212375,-17.4394631,51.785,0.40,RNX2SNX,IGS20|IGS20_0|ITRF2014_0
DARM,1,1,2,2,-4078219.2743,4709437.7299,-1363264.3994,-12.4240084,130.8914936,83.059,0.00,REFERENCE,ITRF2014_0
DARR,1,1,689,689,-4091359.8032,4684606.3420,-1408578.8149,-12.8436939,131.1327461,125.101,2.00,RNX2SNX,IGS00|IGS14|IGS14_0|IGS20|IGS97|IGb08|ITRF00|ITRF2005|ITRF2014_0
DARW,1,24,4848,4832,-4091359.2581,4684606.5737,-1408579.6855,-12.8437020,131.1327409,125.115,132.39,RNX2SNX,IGS00|IGS08|IGS14|IGS14_0|IGS20|IGS20_0|IGS97|IGb08|ITRF00|ITRF2005|ITRF2014_0|ITRF97
DARW,2,24,6,6,-4095071.2030,4674829.1376,-1385179.9463,-12.6470493,131.2178111,-9831.854,616.14,GPSEST,ITRF2005
DARW,3,24,2,2,-4116749.7353,4659434.3948,-1394479.9941,-12.7236737,131.4615601,-5096.303,0.00,GPSEST,ITRF2005
DARW,4,24,2,2,-4118854.2661,4678995.8655,-1392486.5732,-12.6741959,131.3570089,10135.753,0.00,GPSEST,ITRF2005
DARW,5,24,2,2,-4095041.1668,4682684.0688,-1402556.5529,-12.7886577,131.1699312,-259.973,0.00,GPSEST,ITRF2005
DARW,6,24,2,2,-4100552.0643,4682274.8045,-1397859.5474,-12.7406227,131.2105998,1941.441,0.00,GPSEST,ITRF2005
DARW,7,24,2,2,-4103902.2448,4682434.3105,-1405907.5848,-12.8068770,131.2328251,5990.927,0.00,GPSEST,ITRF2005
DARW,8,24,2,2,-4191433.0258,4638628.9244,-1235377.3592,-11.2513151,132.1007491,-4641.931,0.00,GPSEST,ITRF2005
DARW,9,24,2,2,-4166992.8254,4664131.1890,-1220335.3312,-11.1131873,131.7779981,-4973.598,0.00,GPSEST,ITRF2005
DARW,10,24,2,2,-4111099.5283,4677913.6681,-1409898.2911,-12.8393059,131.3100356,8192.804,0.00,GPSEST,ITRF2005
DARW,11,24,2,2,-4109334.2506,4672975.6289,-1392191.5143,-12.6930313,131.3278406,-473.645,0.00,GPSEST,ITRF2005
DARW,12,24,2,2,-4116773.3459,4667078.8483,-1372711.4259,-12.5201545,131.4151232,-4245.535,0.00,GPSEST,ITRF2005
DARW,13,24,2,2,-4084596.6760,4674716.7948,-1391289.4510,-12.7149162,131.1457737,-15301.894,0.00,GPSEST,ITRF2005
DARW,14,24,2,2,-4090131.4693,4677075.4925,-1390353.0391,-12.6958481,131.1698968,-10222.018,0.00,GPSEST,ITRF2005
DARW,15,24,2,2,-4093728.0134,4671965.0263,-1377934.5242,-12.5890281,131.2258991,-14380.623,0.00,GPSEST,ITRF2005
DARW,16,24,2,2,-4082773.2336,4674561.0529,-1376095.7947,-12.5831495,131.1340436,-19913.949,0.00,GPSEST,ITRF2005
DARW,17,24,2,2,-4097470.9073,4668840.8151,-1358999.9130,-12.4212644,131.2708553,-18364.489,0.00,GPSEST,ITRF2005
DARW,18,24,2,2,-4094545.9974,4672528.6607,-1377731.7705,-12.5853342,131.2281473,-13484.954,0.00,GPSEST,ITRF2005
DARW,19,24,2,2,-4096631.5287,4669962.8299,-1369176.3517,-12.5107615,131.2582106,-15884.843,0.00,GPSEST,ITRF2005
DARW,20,24,2,2,-4102932.0570,4675129.3572,-1369537.1930,-12.4981886,131.2704551,-7958.446,0.00,GPSEST,ITRF2005
DARW,21,24,2,2,-4099738.1248,4674518.8775,-1378080.7375,-12.5787148,131.2520445,-8607.788,0.00,GPSEST,ITRF2005
DARW,22,24,2,2,-4092430.2234,4678406.4876,-1399741.1995,-12.7737087,131.1777709,-5699.143,0.00,GPSEST,ITRF2005
DARW,23,24,2,2,-4096724.5756,4680169.0892,-1392302.1769,-12.6997882,131.1968551,-3287.070,0.00,GPSEST,ITRF2005
DARW,24,24,2,2,-4092460.5077,4679402.6467,-1400866.0796,-12.7820929,131.1719360,-4699.663,0.00,GPSEST,ITRF2005
DAV1,1,1,772,772,486854.5952,2285099.1398,-5914955.7100,-68.5773240,77.9726118,44.374,0.18,RNX2SNX,IGS00|IGS08|IGS14|IGS14_0|IGS20|IGS20_0|IGS97|IGb08|ITRF00|ITRF2005|ITRF2014_0|ITRF97
DAVR,1,1,694,694,486854.5952,2285099.1392,-5914955.7099,-68.5773240,77.9726117,44.373,0.17,RNX2SNX,IGS00|IGS14|IGS14_0|IGS20|IGS97|IGb08|ITRF00|ITRF2005|ITRF2014_0
DAWU,1,1,53,53,-3030190.3449,5065075.1507,2409355.2867,22.3405978,120.8900495,41.046,0.00,RNX2SNX,ITRF00|ITRF2005
DCHU,1,1,53,53,-3045318.3451,5012496.9210,2498534.8734,23.2131975,121.2805715,251.241,0.00,RNX2SNX,ITRF00|ITRF2005
DEAR,1,1,2,2,5017617.2911,2233214.8268,-3234696.1690,-30.6652071,23.9926395,1321.711,0.00,REFERENCE,ITRF2014_0
DELF,1,1,17,9,3924687.5639,301132.8620,5001910.8918,51.9861188,4.3875856,74.371,0.08,REFERENCE,IGS00|IGS97|ITRF97
DENT,1,1,5,5,4020711.6185,238850.9663,4928949.5529,50.9337046,3.3996689,63.902,0.02,REFERENCE,IGS97|ITRF97
DGAR,1,1,772,772,1916268.5353,6029977.8183,-801719.2396,-7.2696792,72.3702475,-64.940,1.64,RNX2SNX,IGS00|IGS08|IGS14|IGS14_0|IGS20|IGS20_0|IGS97|IGb08|ITRF00|ITRF2005|ITRF2014_0|ITRF97
DGAV,1,1,628,628,1916268.5324,6029977.8207,-801719.2355,-7.2696792,72.3702475,-64.939,1.17,RNX2SNX,IGS14|IGS14_0|IGS20|IGb08|ITRF2014_0
DGLG,1,1,2,2,4019246.9832,164574.1870,4933144.4732,50.9936549,2.3447531,56.766,0.00,REFERENCE,ITRF2014_0
DGOS,1,1,619,619,-3665429.9137,5166154.2064,744112.0447,6.7446672,125.3560217,104.144,0.26,RNX2SNX,IGS14|IGS20
DIMA,1,1,619,619,-3473819.7113,5177965.2779,1338216.3744,12.1922691,123.8570713,79.049,0.10,RNX2SNX,IGS14|IGS20
DINA,1,1,34,34,-3243234.1813,5199865.5247,1761592.5308,16.1396539,121.9524092,51.737,7.70,GPSEST,ITRF2005
DIPA,1,1,105,105,-3212289.4504,5226828.7008,1738507.8706,15.9225981,121.5739333,54.024,7.37,GPSEST,ITRF2005
DIPL,1,1,2,2,4224046.2966,-153115.2949,4760605.4844,48.5899334,-2.0759765,116.120,0.00,REFERENCE,ITRF2014_0
DJIG,1,1,268,268,4583085.8087,4250982.7660,1266243.2932,11.5262897,42.8470683,711.391,0.38,RNX2SNX,IGS20|IGS20_0
DJOU,1,1,2,2,6285506.2199,182337.5337,1066767.6615,9.6920621,1.6616390,459.837,0.00,REFERENCE,ITRF2014_0
DKSG,1,1,2,2,716356.3312,-1329176.7244,6176684.7670,76.3516206,-61.6776682,609.635,0.00,REFERENCE,ITRF2014_0
DLF1,1,1,268,268,3924697.5569,301125.3627,5001905.3884,51.9860219,4.3874657,75.818,0.25,RNX2SNX,IGS20|IGS20_0
DLFT,1,1,276,276,3924696.6206,301132.3859,5001903.6572,51.9860151,4.3875687,74.210,0.64,RNX2SNX,IGS00|IGS20|IGS20_0|IGS97
DLPZ,1,1,52,52,-3188190.4168,5286121.3722,1598948.9912,14.6151476,121.0952167,68.503,0.00,RNX2SNX,ITRF00
DNGT,1,1,619,619,-3654507.9602,5109115.9595,1102583.8834,10.0212213,125.5758237,136.944,0.16,RNX2SNX,IGS14|IGS20
DNRC,1,1,2,2,1237934.8408,-4794885.5647,4006103.5797,39.1600878,-75.5236001,-15.201,0.00,REFERENCE,ITRF2014_0
DOMN,1,1,53,53,-2966067.0104,4999411.1138,2616188.6461,24.3746478,120.6799474,125.711,0.00,RNX2SNX,ITRF00|ITRF2005
DONY,1,1,53,53,-2901441.5872,4927694.3119,2815663.7593,26.3676940,120.4897077,101.514,0.00,RNX2SNX,ITRF00|ITRF2005
DOSH,1,1,53,53,-2981621.6009,4996385.5696,2604998.9842,24.2626880,120.8268812,396.322,0.00,RNX2SNX,ITRF00|ITRF2005
DOUR,1,1,17,9,4086778.2734,328451.8539,4869782.5378,50.0948755,4.5949502,282.696,0.08,REFERENCE,IGS00|IGS97|ITRF97
DPES,1,1,53,53,-2980750.2000,4977576.2000,2640698.7700,24.6180741,120.9146792,62.008,0.00,RNX2SNX,ITRF00|ITRF2005
DRAG,1,1,758,758,4432980.2490,3149432.3786,3322110.8412,31.5932043,35.3920753,31.874,0.78,RNX2SNX,IGS08|IGS14|IGS14_0|IGS20|IGS20_0|IGb08|ITRF00|ITRF2005|ITRF2014_0
DRAO,1,1,772,772,-2059165.1130,-3621108.4095,4814432.1922,49.3226170,-119.6249859,541.877,0.47,RNX2SNX,IGS00|IGS08|IGS14|IGS14_0|IGS20|IGS20_0|IGS97|IGb08|ITRF00|ITRF2005|ITRF2014_0|ITRF97
DSEA,1,1,2,2,4460124.2699,3165994.2808,3269215.0077,31.0369151,35.3688245,-360.795,0.00,REFERENCE,ITRF2014_0
DUBO,1,1,767,767,-417604.0548,-4064529.8452,4881432.1163,50.2588082,-95.8661856,245.286,0.52,RNX2SNX,IGS00|IGS08|IGS14|IGS14_0|IGS20|IGS20_0|IGS97|IGb08|ITRF00|ITRF2005|ITRF2014_0|ITRF97
DUBR,1,1,5,5,4465940.0585,1460594.4753,4299291.4296,42.6499834,18.1104345,454.297,0.00,REFERENCE,IGS08|IGb08
DUM1,1,1,705,705,-1940883.7097,1628482.9811,-5833718.1467,-66.6650868,140.0019372,-1.362,0.29,RNX2SNX,IGS08|IGS14|IGS14_0|IGS20|IGS20_0|IGb08|ITRF2014_0
DUND,1,1,2,2,-4388120.6175,726671.6362,-4556533.3571,-45.8836633,170.5971662,386.914,0.00,REFERENCE,ITRF2014_0
DUNT,1,1,2,2,-4393728.9759,725060.5198,-4550896.2811,-45.8143155,170.6294059,13.448,0.00,REFERENCE,ITRF2014_0
DWH1,1,1,63,63,-2280790.3435,-3638690.4113,4700113.8386,47.7741044,-122.0801550,109.054,0.12,RNX2SNX,IGS00|IGS97|ITRF00|ITRF2005|ITRF2014_0
DYNG,1,1,270,270,4595220.0648,2039434.2408,3912625.8596,38.0785517,23.9324355,510.569,0.22,RNX2SNX,IGS20|IGS20_0|ITRF2014_0
EBRE,1,1,718,709,4833519.9182,41537.5098,4147461.7878,40.8208911,0.4923669,107.784,0.75,RNX2SNX,IGS00|IGS14|IGS14_0|IGS20|IGS20_0|IGS97|ITRF2014_0|ITRF97
EDIN,1,1,2,2,3575928.1539,-205860.3385,5259853.4187,55.9247865,-3.2947878,119.065,0.00,REFERENCE,ITRF2014_0
EIIV,1,1,2,2,4891068.2259,1318070.7974,3862815.9669,37.5136030,15.0820831,89.021,0.00,REFERENCE,ITRF2014_0
EIL1,1,1,2,2,-2296298.6211,-1484805.0839,5743079.9472,64.6879385,-147.1129676,176.507,0.00,REFERENCE,ITRF2014_0
EIL2,1,1,2,2,-2296298.6211,-1484805.0839,5743079.9472,64.6879385,-147.1129676,176.507,0.00,REFERENCE,ITRF2014_0
EISL,1,1,771,767,-1884949.9332,-5357596.4096,-2892890.6423,-27.1482104,-109.3832759,114.516,1.91,RNX2SNX,IGS00|IGS08|IGS14|IGS14_0|IGS20|IGS20_0|IGS97|IGb08|ITRF00|ITRF2005|ITRF2014_0|ITRF97
ELAT,1,1,64,64,4555028.7848,3180067.2652,3123164.3622,29.5092784,34.9205987,29.544,0.33,RNX2SNX,IGS00|IGS97|ITRF00|ITRF2005|ITRF2014_0|ITRF97
ELEN,1,1,55,55,14103.8241,-6103995.0093,1843981.7352,16.9160560,-89.8676132,118.114,0.09,RNX2SNX,ITRF00|ITRF2005|ITRF2014_0
ELNA,1,1,795,795,-3313335.0716,5222800.7858,1552360.4129,14.1803557,122.3909655,99.507,14.44,RNX2SNX,IGS14|IGS20|ITRF2005
ELRO,1,1,55,55,4336218.4316,3124003.7198,3471463.1268,33.1820072,35.7706479,1083.168,0.32,RNX2SNX,ITRF00|ITRF2005|ITRF2014_0
ENG1,1,1,2,2,5629.1609,-5534933.9466,3158737.7825,29.8789626,-89.9417288,-18.608,0.00,REFERENCE,ITRF2014_0
EPRT,1,1,60,60,1768544.6359,-4164839.4400,4480190.3868,44.9087094,-66.9921301,30.357,0.17,RNX2SNX,IGS08|IGb08|ITRF00|ITRF2005|ITRF2014_0
EQHE,1,1,2,2,4048144.0657,110780.8973,4911158.8119,50.6803526,1.5675564,89.597,0.00,REFERENCE,ITRF2014_0
ESBC,1,1,2,2,3582104.9194,532590.0194,5232755.0395,55.4935664,8.4568268,59.485,0.00,REFERENCE,ITRF2014_0
ESBH,1,1,2,2,3585278.9221,531971.2299,5230646.5763,55.4602724,8.4397726,50.113,0.00,REFERENCE,ITRF2014_0
ESCO,1,1,2,2,4696264.8854,79978.5860,4304245.0435,42.6935765,0.9756674,2508.416,0.00,REFERENCE,ITRF2014_0
ESCU,1,1,2,2,1852954.4438,-3937498.7695,4647314.6840,47.0734045,-64.7987114,-16.009,0.00,REFERENCE,ITRF2014_0
ESE1,1,1,51,51,-2956536.4950,5076024.8143,2476477.8418,22.9973969,120.2187101,61.101,0.00,RNX2SNX,ITRF00
ESEB,1,1,10,10,-3623265.3582,5091040.3444,1274294.8344,11.6017673,125.4392485,69.223,4.67,GPSEST,ITRF2005
ESEQ,1,1,52,52,-2956535.7627,5076023.6829,2476474.8199,22.9973766,120.2187095,58.681,3.31,RNX2SNX,ITRF00
ESPA,1,1,2,2,-2800841.8853,4500734.2022,-3534898.6909,-33.8743184,121.8943254,32.439,0.00,REFERENCE,ITRF2014_0
ESPI,1,1,2,2,-5980894.2042,1359712.9882,-1743951.5560,-15.9736677,167.1919186,89.941,0.00,REFERENCE,ITRF2014_0
ESSJ,1,1,5,5,-3641536.9852,5084497.8346,1248304.0563,11.3619897,125.6103846,81.767,16.53,GPSEST,ITRF2005
ESTI,1,1,55,55,394283.4782,-6201541.4140,1436325.7800,13.0995356,-86.3621280,852.657,0.17,RNX2SNX,ITRF00|ITRF2005|ITRF2014_0
ETAD,1,1,2,2,4914067.7631,3945764.9664,993707.5481,9.0198587,38.7628236,2398.265,0.00,REFERENCE,ITRF2014_0
EUR2,1,1,2,2,78804.6810,-1109590.5365,6259357.0677,79.9889460,-85.9375943,28.997,0.00,REFERENCE,ITRF2014_0
EURK,1,1,55,55,78762.7952,-1109638.0723,6259345.7769,79.9885364,-85.9399196,25.605,0.24,RNX2SNX,ITRF00|ITRF2005|ITRF2014_0
EUSK,1,1,5,5,4022106.3811,477010.9387,4910840.6347,50.6741305,6.7635321,245.297,0.02,REFERENCE,IGS97|ITRF97
EXU0,1,1,2,2,1427635.0394,-5672506.8996,2534091.7034,23.5640492,-75.8734019,-20.058,0.00,REFERENCE,ITRF2014_0
EXWI,1,1,9,9,4325349.3161,564738.4800,4638540.7007,46.9514554,7.4387341,626.922,31.21,REFERENCE,IGS00|IGS97|ITRF97
EYAC,1,1,2,2,-2598865.2573,-1769513.6877,5530917.7769,60.5487043,-145.7498596,146.023,0.00,REFERENCE,ITRF2014_0
EZEV,1,1,2,2,4573470.7056,601888.5123,4390081.8799,43.7744335,7.4972868,76.740,0.00,REFERENCE,ITRF2014_0
FAA1,1,1,700,700,-5247393.8690,-3076866.1321,-1911520.8475,-17.5553078,-149.6143111,12.030,1.14,RNX2SNX,IGS14|IGS14_0|IGS20|IGS20_0|ITRF2014_0
FAIR,1,1,789,776,-2281622.0850,-1453595.9853,5756961.6375,64.9779949,-147.4992425,319.019,0.73,RNX2SNX,IGS00|IGS08|IGS14|IGS14_0|IGS20|IGS20_0|IGS97|IGb08|ITRF00|ITRF2005|ITRF2014_0|ITRF97
FAIV,1,1,2,2,-2281592.7911,-1453617.9318,5756973.4737,64.9781447,-147.4985171,324.282,0.00,REFERENCE,ITRF2014_0
FALE,1,1,274,274,-6134112.1745,-862143.6772,-1514973.6583,-13.8322066,-171.9995381,47.466,1.80,RNX2SNX,IGS00|IGS20|IGS20_0|ITRF2014_0
FALI,1,1,53,53,-3003415.2763,5079791.9958,2411880.8681,22.3652555,120.5936041,41.729,0.00,RNX2SNX,ITRF00|ITRF2005
FALK,1,1,700,700,2106811.4314,-3355170.8010,-4981786.1833,-51.6936502,-57.8740673,50.821,0.20,RNX2SNX,IGS14|IGS14_0|IGS20|IGS20_0|ITRF2014_0
FARB,1,1,2,2,-2752135.9300,-4237793.2255,3878892.7553,37.6972090,-123.0007687,-21.751,0.00,REFERENCE,ITRF2014_0
FCU1,1,1,53,53,-2967987.0959,5008706.6557,2596383.2999,24.1783400,120.6495219,164.276,0.00,RNX2SNX,ITRF00|ITRF2005
FCWS,1,1,246,246,-3004311.9960,4950989.0921,2664182.9606,24.8506902,121.2498145,255.318,0.13,OTHER,WGS-84
FDAV,1,1,9,9,-1330021.0577,-5328401.8624,3236480.7793,30.6802672,-104.0151971,2004.289,0.05,REFERENCE,IGS00|IGS97|ITRF97
FERR,1,1,2,2,4544321.4195,-99064.7107,4459516.6062,44.6459549,-1.2488313,106.286,0.00,REFERENCE,ITRF2014_0
FFMJ,1,1,20,20,4053456.1855,617729.4395,4869395.5340,50.0905752,8.6649633,178.246,0.06,RNXHDR,
FG07,1,1,2,2,6334077.7261,747732.9416,37337.4592,0.3376688,6.7325634,32.696,0.00,REFERENCE,ITRF2014_0
FG08,1,1,2,2,5689022.0978,1471656.6621,-2471670.9551,-22.9503531,14.5035447,34.798,0.00,REFERENCE,ITRF2014_0
FIVE,1,1,43,43,-3044911.7108,4914563.1286,2686534.1773,25.0710527,121.7810780,775.141,0.05,OTHER,WGS-84
FLIN,1,1,776,767,-766174.9480,-3611375.3921,5184056.1955,54.7255829,-101.9780397,311.574,0.55,RNX2SNX,IGS00|IGS08|IGS14|IGS14_0|IGS20|IGS20_0|IGS97|IGb08|ITRF00|ITRF2005|ITRF2014_0|ITRF97
FLIU,1,1,2,2,961232.8775,-5667249.2446,2754602.1680,25.7546035,-80.3735683,1.750,0.00,REFERENCE,ITRF2014_0
FLM5,1,1,2,2,-1300637.7344,466428.0791,-6207707.9076,-77.5327299,160.2714096,1869.696,0.00,REFERENCE,ITRF2014_0
FLNM,1,1,291,291,-3048091.6727,4983134.3101,2552644.8240,23.7463042,121.4533592,138.595,1.86,RNX2SNX,ITRF00|ITRF2005|WGS-84
FLORIDABLANCA,1,1,35,35,-3127780.5049,5310053.6939,1638299.4637,14.9829322,120.4993579,91.200,4.94,GPSEST,ITRF2005
FLRS,1,1,700,700,4221529.8117,-2549242.3354,4031398.5145,39.4538382,-31.1263904,80.189,0.35,RNX2SNX,IGS14|IGS14_0|IGS20|IGS20_0|ITRF2014_0
FMTS,1,1,2,2,1503699.7748,-4478988.6883,4270342.5714,42.3000571,-71.4419107,42.820,0.00,REFERENCE,ITRF2014_0
FNA0,1,1,2,2,2920359.6296,-5397031.0727,1733484.2332,15.8753256,-61.5819653,80.938,0.00,REFERENCE,ITRF2014_0
FONB,1,1,53,53,-3057463.0386,4985021.0286,2537581.8242,23.5981682,121.5220392,47.214,0.00,RNX2SNX,ITRF00|ITRF2005
FORD,1,2,625,625,-3205672.9180,5314792.8296,1464128.3568,13.3593443,121.0967189,66.559,4.25,RNXHDR,
FORD,2,2,4,4,-5508759.7017,-2229500.6373,2308279.4741,21.3571165,-157.9658771,42.169,0.00,RNXHDR,
FORT,1,1,772,772,4985386.5646,-3954998.6942,-428426.1258,-3.8774429,-38.4256135,19.461,0.40,RNX2SNX,IGS00|IGS08|IGS14|IGS14_0|IGS20|IGS20_0|IGS97|IGb08|ITRF00|ITRF2005|ITRF2014_0|ITRF97
FOSU,1,1,53,53,-2966981.3948,4992396.1136,2628308.4186,24.4950474,120.7230191,72.674,0.00,RNX2SNX,ITRF00|ITRF2005
FOYL,1,1,2,2,3638083.2042,-468414.5743,5200402.5707,54.9837565,-7.3366475,68.919,0.00,REFERENCE,ITRF2014_0
FRDN,1,1,2,2,1760542.6790,-4080068.0039,4560178.5899,45.9335073,-66.6598812,94.847,0.00,REFERENCE,ITRF2014_0
FREE,1,1,4,4,1088671.2561,-5596851.4334,2848798.3333,26.7025381,-78.9925669,-26.100,0.00,REFERENCE,IGS00
FREI,1,1,2,2,1537287.9159,-2556505.5210,-5618702.4130,-62.1941011,-58.9805004,72.284,0.00,REFERENCE,ITRF2014_0
FTNA,1,1,2,2,-6178322.4353,-202695.1130,-1566024.5367,-14.3078037,-178.1209445,84.869,0.00,REFERENCE,ITRF2014_0
FTP4,1,1,2,2,-1172461.3091,368220.5278,-6237888.2348,-78.9276734,162.5647010,243.178,0.00,REFERENCE,ITRF2014_0
FTS1,1,1,2,2,-2469885.2289,-3667814.9850,4581028.2607,46.2048875,-123.9560948,-13.929,0.00,REFERENCE,ITRF2014_0
FTS5,1,1,2,2,-2469885.2828,-3667815.0833,4581028.3851,46.2048876,-123.9560947,-13.762,0.00,REFERENCE,ITRF2014_0
FUGN,1,1,53,53,-3046944.1291,5032655.1697,2455384.3455,22.7907513,121.1921680,31.272,0.00,RNX2SNX,ITRF00|ITRF2005
FUNC,1,1,700,700,5143339.1709,-1563412.4073,3421191.8679,32.6479511,-16.9076127,78.409,0.36,RNX2SNX,IGS14|IGS14_0|IGS20|IGS20_0|ITRF2014_0
FUS2,1,1,53,53,-2969118.8070,4994965.2403,2621322.6996,24.4253031,120.7281946,184.481,0.00,RNX2SNX,ITRF00|ITRF2005
FUSI,1,1,53,53,-3014041.0845,4946941.0219,2661322.6631,24.8212073,121.3528528,502.125,0.00,RNX2SNX,ITRF00|ITRF2005
FUSN,1,1,53,53,-2969120.0300,4994969.5100,2621327.1400,24.4253236,120.7281834,190.228,0.00,RNX2SNX,ITRF00|ITRF2005
GABU,1,1,34,34,-3077987.7901,5230735.4154,1954691.8279,17.9647992,120.4743704,42.379,1.72,GPSEST,ITRF2005
GAIA,1,1,2,2,4759095.4145,-718818.5307,4171491.4326,41.1060234,-8.5890891,287.647,0.00,REFERENCE,ITRF2014_0
GAIS,1,1,33,33,-2987712.5445,5053833.7641,2485024.7970,23.0802928,120.5906219,313.195,0.07,OTHER,WGS-84
GAIT,1,1,2,2,1095790.0339,-4831326.5994,4003934.3141,39.1339918,-77.2209821,107.652,0.00,REFERENCE,ITRF2014_0
GAL1,1,1,2,2,-459551.3166,-5545997.5385,3105820.4992,29.3298805,-94.7368099,-17.586,0.00,REFERENCE,ITRF2014_0
GALA,1,1,337,337,-33794.6691,-6377522.6374,-82120.6028,-0.7426932,-90.3036091,7.426,1.47,RNX2SNX,IGS00|IGS08|IGS20|IGS20_0|IGS97|IGb08|ITRF00|ITRF2005|ITRF2014_0|ITRF97
GAMB,1,1,270,270,-4147127.5510,-4152221.6284,-2490032.7343,-23.1303510,-134.9648323,80.660,1.15,RNX2SNX,IGS20|IGS20_0|ITRF2014_0
GANP,1,1,630,630,3929181.1676,1455237.0509,4793654.0788,49.0347161,20.3229415,746.008,0.50,RNX2SNX,IGS14|IGS14_0|IGS20|IGS20_0|IGb08|ITRF2014_0
GAO1,1,1,2,2,6125143.1029,-642.4072,1773609.2602,16.2521170,-0.0060092,285.036,0.00,REFERENCE,ITRF2014_0
GARI,1,1,2,2,4439513.7389,963867.1922,4461921.5990,44.6769027,12.2494364,47.731,0.00,REFERENCE,ITRF2014_0
GASK,1,1,2,2,844918.5671,-5348441.8154,3359250.9371,31.9875776,-81.0229025,-23.119,0.00,REFERENCE,ITRF2014_0
GB05,1,1,53,53,-3019433.8797,4975740.0726,2604856.3591,24.2548117,121.2506790,1985.405,0.00,RNX2SNX,ITRF00|ITRF2005
GB11,1,1,53,53,-3019660.2278,4975757.7088,2604676.9340,24.2528439,121.2524938,2032.511,0.00,RNX2SNX,ITRF00|ITRF2005
GC01,1,1,53,53,-3019716.4069,4975393.5569,2605035.4200,24.2568400,121.2548265,1922.524,0.00,RNX2SNX,ITRF00|ITRF2005
GCGT,1,1,2,2,902661.6342,-5954125.6633,2093986.0147,19.2929485,-81.3794473,8.422,0.00,REFERENCE,ITRF2014_0
GENO,1,1,60,60,4507892.3897,707621.3852,4441603.4530,44.4193869,8.9211418,155.524,0.26,RNX2SNX,IGS97|ITRF00|ITRF2005|ITRF2014_0|ITRF97
GESR,1,1,2,2,3625387.2239,765504.2170,5174102.7368,54.5744304,11.9229277,43.968,0.00,REFERENCE,ITRF2014_0
GETI,1,1,2,2,-1329733.4694,6199766.5511,687129.5341,6.2261922,102.1054663,-0.484,0.00,REFERENCE,ITRF2014_0
GIBR,1,1,2,2,5133765.7087,-482118.7881,3741507.7249,36.1481767,-5.3649881,45.630,0.00,REFERENCE,ITRF2014_0
GILB,1,1,2,2,4389486.7524,3121346.3098,3405662.6484,32.4793383,35.4164788,506.811,0.00,REFERENCE,ITRF2014_0
GJOV,1,1,8,8,3066675.8530,578381.2059,5544140.9132,60.7894888,10.6806388,238.307,0.03,REFERENCE,IGS00|IGS97
GLPS,1,1,762,762,-33800.6274,-6377516.5154,-82154.1744,-0.7429975,-90.3036629,1.771,1.32,RNX2SNX,IGS00|IGS08|IGS14|IGS14_0|IGS20|IGS20_0|IGb08|ITRF00|ITRF2005|ITRF2014_0
GLPT,1,1,2,2,1186726.0930,-4942863.9450,3839372.5353,37.2485408,-76.4994580,-22.070,0.00,REFERENCE,ITRF2014_0
GLSV,1,1,767,767,3512888.5648,2068980.1742,4888903.3672,50.3641850,30.4967387,226.322,0.73,RNX2SNX,IGS00|IGS08|IGS14|IGS14_0|IGS20|IGS20_0|IGS97|IGb08|ITRF00|ITRF2005|ITRF2014_0|ITRF97
GMAS,1,1,683,683,5439112.4814,-1522134.6065,2953556.4729,27.7647859,-15.6342666,195.411,0.61,RNX2SNX,IGS08|IGS14|IGS14_0|IGS20|IGb08|ITRF00|ITRF2005|ITRF2014_0
GMSD,1,1,7,7,-3607665.0207,4147868.0895,3223717.2798,30.5564474,131.0155613,142.341,0.75,REFERENCE,IGS08|IGb08|ITRF2014_0
GODE,1,1,772,772,1130773.4378,-4831253.5699,3994200.4722,39.0217283,-76.8268336,14.478,0.44,RNX2SNX,IGS00|IGS08|IGS14|IGS14_0|IGS20|IGS20_0|IGS97|IGb08|ITRF00|ITRF2005|ITRF2014_0|ITRF97
GODN,1,1,270,270,1130760.6685,-4831298.6751,3994155.2046,39.0211790,-76.8270959,17.837,0.23,RNX2SNX,IGS20|IGS20_0|ITRF2014_0
GODS,1,1,2,2,1130752.3379,-4831349.1118,3994098.9309,39.0205174,-76.8273223,19.086,0.00,REFERENCE,ITRF2014_0
GODZ,1,1,694,694,1130773.4376,-4831253.5714,3994200.4723,39.0217283,-76.8268336,14.479,0.40,RNX2SNX,IGS00|IGS14|IGS14_0|IGS20|IGS97|IGb08|ITRF00|ITRF2005|ITRF2014_0
GOL2,1,1,695,695,-2353614.6444,-4641385.2110,3676976.3531,35.4251553,-116.8892539,986.649,0.51,RNX2SNX,IGS00|IGS14|IGS14_0|IGS20|IGS97|IGb08|ITRF00|ITRF2005|ITRF2014_0|ITRF97
GOLD,1,1,772,772,-2353614.6425,-4641385.2107,3676976.3527,35.4251553,-116.8892539,986.648,0.51,RNX2SNX,IGS00|IGS08|IGS14|IGS14_0|IGS20|IGS20_0|IGS97|IGb08|ITRF00|ITRF2005|ITRF2014_0|ITRF97
GOLI,1,1,53,53,-3063500.3845,4905019.7679,2681141.1960,25.0203941,121.9874294,45.992,0.00,RNX2SNX,ITRF00|ITRF2005
GONZ,1,1,36,36,-3210491.7708,5138476.1940,1985877.2008,18.2611730,121.9969164,66.634,1.22,GPSEST,ITRF2005
GOPE,1,1,80,64,3979316.2038,1050312.3909,4857067.0436,49.9137040,14.7856209,592.585,0.25,RNX2SNX,IGS00|IGS97|ITRF00|ITRF2005|ITRF2014_0|ITRF97
GOSH,1,1,2,2,-1985697.2442,-4422567.1538,4133199.4687,40.6401684,-114.1796985,1560.203,0.00,REFERENCE,ITRF2014_0
GOUG,1,1,767,767,4795578.9729,-835299.0018,-4107633.6511,-40.3488295,-9.8807113,81.251,0.80,RNX2SNX,IGS00|IGS08|IGS14|IGS14_0|IGS20|IGS20_0|IGS97|IGb08|ITRF00|ITRF2005|ITRF2014_0|ITRF97
GRAB,1,1,8,8,4194424.9806,1162700.7239,4647247.3323,47.0671378,15.4934512,540.101,0.04,REFERENCE,IGS00|IGS97
GRAS,1,1,798,767,4581690.6232,556115.2235,4389361.0291,43.7547408,6.9205784,1319.308,81.09,RNX2SNX,IGS00|IGS08|IGS14|IGS14_0|IGS20|IGS20_0|IGS97|IGb08|ITRF00|ITRF2005|ITRF2014_0|ITRF97
GRAZ,1,1,798,772,4194423.4719,1162703.0583,4647245.6256,47.0671328,15.4934861,538.285,9.60,RNX2SNX,IGS00|IGS08|IGS14|IGS14_0|IGS20|IGS20_0|IGS97|IGb08|ITRF00|ITRF2005|ITRF2014_0|ITRF97
GREE,1,1,27,9,1130719.6272,-4831350.5692,3994106.5329,39.0206048,-76.8276939,19.183,42.27,REFERENCE,IGS00|IGS97|ITRF97
GREF,1,1,53,53,-3020147.4516,4975225.4894,2605107.6084,24.2571374,121.2593125,2025.107,0.00,RNX2SNX,ITRF00|ITRF2005
GRIS,1,1,2,2,4149.7172,-5568493.9589,3099600.3102,29.2655282,-89.9573024,-17.033,0.00,REFERENCE,ITRF2014_0
GROI,1,1,2,2,4296718.3949,-263399.2767,4690668.3899,47.6480085,-3.5079806,93.225,0.00,REFERENCE,ITRF2014_0
GS01,1,1,53,53,-3023308.0384,4932014.5315,2677291.6154,24.9820037,121.5081547,56.848,0.00,RNX2SNX,ITRF00|ITRF2005
GS02,1,1,53,53,-2982057.1495,4966453.4412,2659985.5443,24.8097099,120.9822885,70.637,0.00,RNX2SNX,ITRF00|ITRF2005
GS03,1,1,53,53,-2988241.2192,4964614.4623,2656689.1874,24.7765992,121.0440720,150.075,0.00,RNX2SNX,ITRF00|ITRF2005
GS04,1,1,53,53,-2968825.6999,5038698.9309,2536926.4218,23.5915408,120.5067971,90.291,0.00,RNX2SNX,ITRF00|ITRF2005
GS05,1,1,53,53,-2974888.7077,5036597.6418,2534529.4792,23.5671162,120.5684109,296.172,0.00,RNX2SNX,ITRF00|ITRF2005
GS06,1,1,53,53,-2975895.7804,5041153.9478,2524197.6141,23.4655998,120.5542183,240.692,0.00,RNX2SNX,ITRF00|ITRF2005
GS08,1,1,53,53,-3017398.0826,4923658.1874,2699629.8298,25.2037204,121.5014929,281.114,0.00,RNX2SNX,ITRF00|ITRF2005
GS09,1,1,53,53,-3030075.5258,4915328.5803,2700012.3041,25.2086047,121.6519356,29.691,0.00,RNX2SNX,ITRF00|ITRF2005
GS10,1,1,53,53,-3015272.2590,4927897.9000,2693761.2250,25.1461554,121.4615462,52.225,0.00,RNX2SNX,ITRF00|ITRF2005
GS11,1,1,53,53,-3018780.9560,4926439.7520,2692499.4095,25.1335859,121.4987722,49.115,0.00,RNX2SNX,ITRF00|ITRF2005
GS12,1,1,53,53,-3010876.1938,4935946.5752,2684514.6148,25.0530425,121.3827578,274.216,0.00,RNX2SNX,ITRF00|ITRF2005
GS13,1,1,53,53,-3017553.5153,4933424.3143,2681096.0164,25.0200076,121.4522481,30.892,0.00,RNX2SNX,ITRF00|ITRF2005
GS14,1,1,53,53,-2980225.2772,4967887.6343,2659326.4913,24.8032221,120.9594542,54.677,0.00,RNX2SNX,ITRF00|ITRF2005
GS15,1,1,53,53,-2983804.9736,4967749.6678,2655659.9792,24.7666463,120.9905066,82.868,0.00,RNX2SNX,ITRF00|ITRF2005
GS16,1,1,53,53,-2988719.0780,4965893.7802,2653803.0144,24.7478634,121.0415974,160.269,0.00,RNX2SNX,ITRF00|ITRF2005
GS17,1,1,53,53,-2978631.1769,5035416.8442,2534195.9302,23.5611514,120.6058498,976.644,0.00,RNX2SNX,ITRF00|ITRF2005
GS18,1,1,53,53,-2968316.1269,5044476.2514,2526110.2625,23.4849876,120.4737897,97.863,0.00,RNX2SNX,ITRF00|ITRF2005
GS19,1,1,53,53,-3035849.3401,4919333.4833,2686350.8359,25.0722648,121.6798205,55.453,0.00,RNX2SNX,ITRF00|ITRF2005
GS20,1,1,53,53,-2978987.4949,4957867.7659,2679074.4630,25.0000000,121.0000000,-0.000,0.00,RNX2SNX,ITRF00|ITRF2005
GS21,1,1,53,53,-2957794.4675,5018858.3784,2588141.7114,24.0973158,120.5123805,37.437,0.00,RNX2SNX,ITRF00|ITRF2005
GS22,1,1,53,53,-2966166.5703,5014260.3649,2587494.2028,24.0908834,120.6062748,44.468,0.00,RNX2SNX,ITRF00|ITRF2005
GS23,1,1,53,53,-2969708.2485,5011977.2545,2587873.0880,24.0945971,120.6476868,52.776,0.00,RNX2SNX,ITRF00|ITRF2005
GS24,1,1,53,53,-2960651.6684,5020955.1020,2580857.2357,24.0252722,120.5261124,41.644,0.00,RNX2SNX,ITRF00|ITRF2005
GS25,1,1,53,53,-2971558.7196,5016590.0432,2576956.3903,23.9865189,120.6402243,91.240,0.00,RNX2SNX,ITRF00|ITRF2005
GS26,1,1,53,53,-2974829.4537,5020952.9933,2565224.0233,23.8698470,120.6460219,287.565,0.00,RNX2SNX,ITRF00|ITRF2005
GS27,1,1,53,53,-2969785.3537,5026060.5965,2560571.4428,23.8247571,120.5778788,77.752,0.00,RNX2SNX,ITRF00|ITRF2005
GS28,1,1,53,53,-2954312.0015,5073090.8126,2484983.8930,23.0809938,120.2143620,26.681,0.00,RNX2SNX,ITRF00|ITRF2005
GS29,1,1,53,53,-2963423.1276,5068078.2096,2484391.8566,23.0751462,120.3158187,36.216,0.00,RNX2SNX,ITRF00|ITRF2005
GS30,1,1,53,53,-2956701.1287,5074763.6289,2478828.8184,23.0204906,120.2262902,53.251,0.00,RNX2SNX,ITRF00|ITRF2005
GS31,1,1,53,53,-2961115.0517,5072265.0518,2478669.3349,23.0189344,120.2757653,51.032,0.00,RNX2SNX,ITRF00|ITRF2005
GS32,1,1,53,53,-2966397.0375,5068840.6021,2479374.7936,23.0258250,120.3371098,59.071,0.00,RNX2SNX,ITRF00|ITRF2005
GS33,1,1,53,53,-2954500.1406,5078820.8039,2473107.0991,22.9644681,120.1878289,26.599,0.00,RNX2SNX,ITRF00|ITRF2005
GS34,1,1,53,53,-2962790.4916,5075261.9675,2470537.6455,22.9392321,120.2751413,36.912,0.00,RNX2SNX,ITRF00|ITRF2005
GS35,1,1,53,53,-2965910.7403,5073639.7628,2470165.4925,22.9355279,120.3093858,51.355,0.00,RNX2SNX,ITRF00|ITRF2005
GS36,1,1,53,53,-2961568.1161,5002688.5533,2614896.4772,24.3620626,120.6253334,71.532,0.00,RNX2SNX,ITRF00|ITRF2005
GS37,1,1,53,53,-2970285.6558,4999461.8528,2611584.1768,24.3285974,120.7154394,228.921,0.00,RNX2SNX,ITRF00|ITRF2005
GS38,1,1,53,53,-2961376.6174,5007297.7347,2606647.0253,24.2798086,120.6005849,199.898,0.00,RNX2SNX,ITRF00|ITRF2005
GS39,1,1,53,53,-2957297.5067,5014569.2776,2596946.2607,24.1844301,120.5295993,36.347,0.00,RNX2SNX,ITRF00|ITRF2005
GS40,1,1,53,53,-2961563.0627,5012457.9820,2596718.7572,24.1812613,120.5763129,262.587,0.00,RNX2SNX,ITRF00|ITRF2005
GS45,1,1,1,1,-3007345.2848,5059278.4021,2451417.7221,22.7491331,120.7281720,763.238,0.00,REFERENCE,ITRF2005
GS52,1,1,1,1,-2995162.1458,5051891.9536,2480156.5572,23.0323357,120.6628240,361.147,0.00,REFERENCE,ITRF2005
GS55,1,1,1,1,-2994462.5350,5061274.8021,2461367.1868,22.8489359,120.6103398,143.809,0.00,REFERENCE,ITRF2005
GS56,1,1,1,1,-2997606.3067,5066693.4856,2446364.0827,22.7021243,120.6098192,111.726,0.00,REFERENCE,ITRF2005
GS67,1,1,1,1,-2990269.2284,5039552.0717,2511375.9304,23.3380494,120.6832038,601.609,0.00,REFERENCE,ITRF2005
GS76,1,1,53,53,-2973540.7777,5074214.0719,2459956.9740,22.8353276,120.3707341,88.792,0.00,RNX2SNX,ITRF00|ITRF2005
GUAM,1,18,8197,8197,-5071312.7171,3568363.5759,1488904.3445,13.5893294,144.8683608,201.915,656.65,RNX2SNX,IGS00|IGS08|IGS14|IGS14_0|IGS20|IGS20_0|IGS97|IGb08|ITRF00|ITRF2005|ITRF2014_0|ITRF97|WGS-84
GUAM,2,18,4,4,-5079349.1210,3565462.0318,1520805.6533,13.8586478,144.9329665,12536.946,285.38,GPSEST,ITRF2005
GUAM,3,18,2,2,-5074296.0579,3566881.4369,1494406.4703,13.6342757,144.8954168,3039.861,0.00,GPSEST,ITRF2005
GUAM,4,18,2,2,-5081692.0993,3570045.5119,1499168.6732,13.6592909,144.9107750,11811.759,0.00,GPSEST,ITRF2005
GUAM,5,18,2,2,-5083990.5924,3568488.0374,1491200.6716,13.5873269,144.9347187,10893.241,0.00,GPSEST,ITRF2005
GUAM,6,18,2,2,-5085738.1869,3563135.4171,1486849.6728,13.5526330,144.9844060,8275.810,0.00,GPSEST,ITRF2005
GUAM,7,18,2,2,-5087099.0548,3561417.4788,1504308.5043,13.7054681,145.0045924,12515.265,0.00,GPSEST,ITRF2005
GUAM,8,18,2,2,-5075782.6348,3567292.2688,1504003.8750,13.7153979,144.9002079,6720.079,0.00,GPSEST,ITRF2005
GUAM,9,18,2,2,-5066747.2791,3565694.7733,1506652.5396,13.7564680,144.8642494,-722.987,0.00,GPSEST,ITRF2005
GUAM,10,18,2,2,-5077824.6378,3572954.0390,1509435.6861,13.7524599,144.8682971,12795.952,0.00,GPSEST,ITRF2005
GUAM,11,18,2,2,-5074722.9536,3563389.1518,1511944.2188,13.7917199,144.9240842,5586.316,0.00,GPSEST,ITRF2005
GUAM,12,18,2,2,-5065087.5062,3565152.4105,1522264.3076,13.8970850,144.8595162,1386.941,0.00,GPSEST,ITRF2005
GUAM,13,18,2,2,-5075952.7463,3566679.8827,1511421.2238,13.7808992,144.9057386,8276.028,0.00,GPSEST,ITRF2005
GUAM,14,18,2,2,-5078575.1020,3565052.7975,1512941.0334,13.7916170,144.9319530,9814.148,0.00,GPSEST,ITRF2005
GUAM,15,18,2,2,-5078198.4088,3564038.4433,1518001.9798,13.8378875,144.9376215,10157.317,0.00,GPSEST,ITRF2005
GUAM,16,18,2,2,-5073443.7902,3566659.4542,1497838.0145,13.6661604,144.8925665,3048.093,0.00,GPSEST,ITRF2005
GUAM,17,18,2,2,-5075053.1676,3566401.7580,1504193.6811,13.7194372,144.9030633,5687.863,0.00,GPSEST,ITRF2005
GUAM,18,18,2,2,-5072844.3872,3566320.0848,1496659.5603,13.6572772,144.8919466,2103.619,0.00,GPSEST,ITRF2005
GUAO,1,1,758,758,228378.3532,4631946.8909,4367028.5850,43.4711087,87.1773148,2028.731,0.83,RNX2SNX,IGS08|IGS14|IGS14_0|IGS20|IGS20_0|IGb08|ITRF00|ITRF2005|ITRF2014_0
GUAT,1,1,762,762,-56063.5375,-6174978.5992,1596665.2954,14.5904045,-90.5201825,1519.812,0.11,RNX2SNX,IGS00|IGS08|IGS14|IGS14_0|IGS20|IGS20_0|IGb08|ITRF00|ITRF2005|ITRF2014_0
GUAX,1,1,2,2,-2648836.6768,-4921546.0701,3062675.3760,28.8840595,-118.2896845,40.472,0.00,REFERENCE,ITRF2014_0
GUES,1,1,619,619,-3658407.0990,5080807.8292,1213955.5677,11.0453726,125.7555617,120.642,0.44,RNX2SNX,IGS14|IGS20
GUFU,1,1,53,53,-3045917.1734,4991785.9421,2538585.8790,23.6073954,121.3909513,216.019,0.00,RNX2SNX,ITRF00|ITRF2005
GUIN,1,1,189,189,-3322165.3173,5225846.2773,1523016.4765,13.9070444,122.4448609,65.218,92.30,GPSEST,ITRF2005|WGS-84
GUIP,1,1,2,2,4226392.6891,-326080.1742,4749929.4310,48.4446044,-4.4118188,154.677,0.00,REFERENCE,ITRF2014_0
GUMA,1,17,972,972,-3290306.9492,5245504.3704,1524568.3686,13.9215045,122.0984970,60.955,7.07,RNX2SNX,IGS14|IGS20|ITRF2005
GUMA,2,17,4,4,-3353644.2432,5197829.0825,1549546.3666,14.1541721,122.8301461,78.486,1.25,GPSEST,ITRF2005
GUMA,3,17,4,4,-3298227.9301,5241067.7944,1548463.0458,14.1299285,122.1823949,6295.662,403.86,GPSEST,ITRF2005
GUMA,4,17,4,4,-3299080.6651,5240523.1140,1556304.1181,14.1985799,122.1917567,8207.866,103.02,GPSEST,ITRF2005
GUMA,5,17,2,2,-3295829.7559,5245056.6586,1530374.7743,13.9668543,122.1439710,3942.166,0.00,GPSEST,ITRF2005
GUMA,6,17,2,2,-3301764.2247,5246454.4017,1534643.5021,13.9947826,122.1835407,9187.235,0.00,GPSEST,ITRF2005
GUMA,7,17,2,2,-3303487.7649,5245087.7345,1526558.2784,13.9244726,122.2037523,7005.534,0.00,GPSEST,ITRF2005
GUMA,8,17,2,2,-3312952.7490,5245365.5434,1523404.6983,13.8853835,122.2763494,11377.082,0.00,GPSEST,ITRF2005
GUMA,9,17,2,2,-3295382.9593,5243734.2395,1539641.6248,14.0510319,122.1469803,4868.377,0.00,GPSEST,ITRF2005
GUMA,10,17,2,2,-3288482.0498,5243170.3067,1542829.3365,14.0880719,122.0956673,1620.792,0.00,GPSEST,ITRF2005
GUMA,11,17,2,2,-3297065.8662,5249591.9592,1545920.1549,14.0931523,122.1313422,12074.582,0.00,GPSEST,ITRF2005
GUMA,12,17,2,2,-3285087.6366,5241241.0762,1558576.1898,14.2336293,122.0785262,2139.979,0.00,GPSEST,ITRF2005
GUMA,13,17,2,2,-3301469.1731,5246230.8453,1548893.3669,14.1202682,122.1823332,12312.485,0.00,GPSEST,ITRF2005
GUMA,14,17,2,2,-3294588.6217,5244398.3851,1534123.3311,14.0023694,122.1374892,3666.465,0.00,GPSEST,ITRF2005
GUMA,15,17,2,2,-3299111.1228,5245203.3046,1541033.5985,14.0561464,122.1689399,8337.793,0.00,GPSEST,ITRF2005
GUMA,16,17,2,2,-3293268.1837,5243683.0076,1532737.7880,13.9930822,122.1306644,2062.040,0.00,GPSEST,ITRF2005
GUMA,17,17,1,1,-3236458.7338,5273507.2748,1545139.6746,14.1119503,121.5382875,584.619,0.00,COORDINATE,ITRF2005
GUNG,1,1,619,619,-3322225.3030,5225842.4439,1522954.4762,13.9064375,122.4453483,78.415,1.97,RNX2SNX,IGS14|IGS20
GUNY,1,1,112,112,-3323160.5083,5225585.3944,1521701.8702,13.8948290,122.4539261,54.025,8.05,GPSEST,ITRF2005
GUS2,1,1,2,2,-2396394.2862,-2338783.9863,5410267.9917,58.4177564,-135.6970517,20.025,0.00,REFERENCE,ITRF2014_0
GUUG,1,1,630,630,-5070465.1472,3576460.3184,1472093.8487,13.4332088,144.8027117,134.717,0.15,RNX2SNX,IGS08|IGS14|IGS14_0|IGS20|IGb08|ITRF2014_0
HALY,1,1,2,2,4505447.1463,3285418.6529,3087773.5337,29.1388677,36.0999177,861.594,0.00,REFERENCE,ITRF2014_0
HAMM,1,1,2,2,-44885.1901,-5499419.3688,3219506.3810,30.5130753,-90.4676266,5.811,0.00,REFERENCE,ITRF2014_0
HARB,1,1,691,691,5084657.5979,2670325.5000,-2768480.8086,-25.8869596,27.7072481,1558.074,0.74,RNX2SNX,IGS00|IGS08|IGS14|IGS14_0|IGS20|IGS97|IGb08|ITRF00|ITRF2005|ITRF2014_0
HARK,1,1,64,64,5084625.3015,2670366.2917,-2768494.4902,-25.8871086,27.7077582,1555.386,0.26,RNX2SNX,IGS00|IGS97|ITRF00|ITRF2005|ITRF2014_0|ITRF97
HART,1,1,27,9,5084625.3174,2670366.2870,-2768494.4943,-25.8871086,27.7077581,1555.399,0.73,REFERENCE,IGS00|IGS97|ITRF97
HARV,1,1,55,55,-2686069.3900,-4527084.2213,3589502.3576,34.4693995,-120.6820632,14.967,0.50,RNX2SNX,ITRF00|ITRF2005|ITRF2014_0
HCHM,1,1,53,53,-2982708.4142,4967081.4453,2658292.4776,24.7925270,120.9846131,153.531,0.00,RNX2SNX,ITRF00|ITRF2005
HEAL,1,1,53,53,-3186643.3853,5294139.8337,1575458.9426,14.3958737,121.0445344,61.121,0.00,RNX2SNX,ITRF00|ITRF2005
HEAU,1,1,2,2,4141610.4718,-128560.5991,4832822.0080,49.5806623,-1.7779594,188.629,0.00,REFERENCE,ITRF2014_0
HELG,1,1,10,10,3706067.2613,513803.7929,5148174.4070,54.1744805,7.8930903,48.388,0.24,REFERENCE,IGS00|IGS97|ITRF2014_0
HELJ,1,1,2,2,3706067.1098,513803.9506,5148174.5150,54.1744820,7.8930930,48.400,0.00,REFERENCE,ITRF2014_0
HENC,1,1,48,48,-3024681.8016,5084749.6232,2374834.3745,22.0039352,120.7464517,46.631,0.07,OTHER,WGS-84
HER2,1,1,2,2,-1996004.0134,-5208674.5162,3082959.5399,29.0925467,-110.9672155,186.946,0.00,REFERENCE,ITRF2014_0
HERI,1,1,53,53,-3021881.9497,4915665.8852,2708636.9650,25.2944554,121.5809214,83.828,0.00,RNX2SNX,ITRF00|ITRF2005
HERP,1,1,8,8,4033454.6465,23664.4572,4924308.8827,50.8674649,0.3361530,72.570,0.04,REFERENCE,IGS00|IGS97
HERS,1,1,776,767,4033469.8351,23673.2296,4924301.5142,50.8673168,0.3362764,76.473,12.89,RNX2SNX,IGS00|IGS08|IGS14|IGS14_0|IGS20|IGS20_0|IGS97|IGb08|ITRF00|ITRF2005|ITRF2014_0|ITRF97
HERT,1,1,691,691,4033460.6589,23538.1344,4924318.4661,50.8674825,0.3343582,83.332,0.60,RNX2SNX,IGS00|IGS08|IGS14|IGS14_0|IGS20|IGS20_0|IGb08|ITRF00|ITRF2005|ITRF2014_0
HF01,1,1,52,52,-3039400.1406,4922721.3658,2677285.3517,24.9799821,121.6921256,522.693,0.00,RNX2SNX,ITRF00
HF02,1,1,52,52,-3039311.0187,4922773.9003,2677273.7826,24.9798955,121.6911012,515.887,0.00,RNX2SNX,ITRF00
HF03,1,1,52,52,-3039379.1773,4922713.8182,2677403.1654,24.9810125,121.6919882,556.643,0.00,RNX2SNX,ITRF00
HF04,1,1,53,53,-3039275.6453,4922766.6052,2677397.9858,24.9810063,121.6908411,545.867,9.13,RNX2SNX,ITRF00|ITRF2005
HF05,1,1,53,53,-3039247.7731,4922744.0530,2677522.7370,24.9821560,121.6907236,567.887,5.22,RNX2SNX,ITRF00|ITRF2005
HF06,1,1,52,52,-3039364.2851,4922788.9376,2677142.8448,24.9786687,121.6914719,497.557,0.00,RNX2SNX,ITRF00
HF07,1,1,52,52,-3039463.2788,4922697.4136,2677255.9673,24.9796929,121.6927822,521.877,0.00,RNX2SNX,ITRF00
HF08,1,1,52,52,-3039435.0117,4922641.2426,2677514.3725,24.9820461,121.6928363,574.221,0.00,RNX2SNX,ITRF00
HF09,1,1,52,52,-3039500.6153,4922723.9129,2677193.5832,24.9790217,121.6929590,533.752,0.00,RNX2SNX,ITRF00
HF11,1,1,52,52,-3039011.3147,4922890.8012,2677195.8711,24.9794790,121.6879675,430.440,0.00,RNX2SNX,ITRF00
HF12,1,1,52,52,-3038871.8573,4923006.9339,2676983.5547,24.9776442,121.6861881,363.958,0.00,RNX2SNX,ITRF00
HF14,1,1,52,52,-3038482.1288,4923228.7023,2676768.7397,24.9759473,121.6817501,258.764,0.00,RNX2SNX,ITRF00
HFAN,1,1,53,53,-3039472.4536,4922680.2183,2677377.5556,24.9807252,121.6929490,564.332,1.84,RNX2SNX,ITRF00|ITRF2005
HFLK,1,1,77,64,4248505.1272,855575.6519,4667172.2287,47.3129042,11.3860909,2384.140,0.27,RNX2SNX,IGS00|IGS97|ITRF00|ITRF2005|ITRF2014_0|ITRF97
HH01,1,1,53,53,-2958373.6736,5071282.0060,2483872.4634,23.0700530,120.2574979,35.020,4.59,RNX2SNX,ITRF00|ITRF2005
HH02,1,1,53,53,-2965106.3730,5067775.4375,2483046.2109,23.0618848,120.3314896,50.386,9.60,RNX2SNX,ITRF00|ITRF2005
HHA1,1,1,51,51,-2966421.6531,5067180.7045,2482738.4668,23.0587937,120.3454982,68.841,0.00,RNX2SNX,ITRF00
HHAR,1,1,53,53,-2966421.8493,5067180.2184,2482735.9012,23.0587736,120.3455022,67.541,99.86,RNX2SNX,ITRF00|ITRF2005
HHH1,1,1,51,51,-2964010.2390,5069808.8272,2480257.0819,23.0344615,120.3122408,64.330,0.00,RNX2SNX,ITRF00
HHHS,1,1,53,53,-2964010.4672,5069808.9789,2480254.7106,23.0344409,120.3122420,63.629,187.42,RNX2SNX,ITRF00|ITRF2005
HHLA,1,1,53,53,-2962433.6738,5069682.0591,2482356.2077,23.0551023,120.2995844,53.249,99.81,RNX2SNX,ITRF00|ITRF2005
HHLB,1,1,51,51,-2962430.3279,5069676.4795,2482351.2989,23.0550845,120.2995837,45.340,0.00,RNX2SNX,ITRF00
HHLC,1,1,51,51,-2962430.3428,5069676.4694,2482351.3035,23.0550846,120.2995839,45.341,0.00,RNX2SNX,ITRF00
HIL1,1,1,2,2,-2355571.6476,4886093.1076,-3343994.1534,-31.8255209,115.7385843,-27.255,0.00,REFERENCE,ITRF2014_0
HILO,1,1,55,55,-5446001.7359,-2533417.5432,2138468.1655,19.7191811,-155.0526914,29.299,0.72,RNX2SNX,ITRF00|ITRF2005|ITRF2014_0
HINA,1,1,106,106,-3588831.8817,5112629.7199,1285162.1103,11.7020799,125.0670970,65.701,114.28,GPSEST,ITRF2005
HINU,1,1,619,619,-3615392.4782,5127642.5542,1144135.4982,10.4030171,125.1868556,79.771,0.10,RNX2SNX,IGS14|IGS20
HIRS,1,1,2,2,3374902.9501,593115.6478,5361509.5373,57.5911010,9.9675474,50.141,0.00,REFERENCE,ITRF2014_0
HKLO,1,1,2,2,-529863.6527,-5159629.7302,3699768.3528,35.6827543,-95.8633856,191.126,0.00,REFERENCE,ITRF2014_0
HKSL,1,1,268,268,-2393383.2496,5393860.9061,2412592.1239,22.3720021,113.9279898,95.274,0.36,RNX2SNX,IGS20|IGS20_0
HLFX,1,1,758,758,2018905.4345,-4069070.5173,4462415.5288,44.6835511,-63.6112836,3.085,0.44,RNX2SNX,IGS08|IGS14|IGS14_0|IGS20|IGS20_0|IGb08|ITRF00|ITRF2005|ITRF2014_0
HNIS,1,1,2,2,-4960946.3383,3834778.9910,-1164513.9039,-10.5903716,142.2962120,87.703,0.00,REFERENCE,ITRF2014_0
HNLC,1,1,758,758,-5506798.9793,-2240048.2521,2302721.0685,21.3032945,-157.8645578,21.959,1.82,RNX2SNX,IGS08|IGS14|IGS14_0|IGS20|IGS20_0|IGb08|ITRF00|ITRF2005|ITRF2014_0
HNPT,1,1,55,55,1196626.4072,-4846358.4793,3956723.0920,38.5888164,-76.1303728,-27.984,0.14,RNX2SNX,ITRF00|ITRF2005|ITRF2014_0
HNUS,1,1,270,270,4973168.8953,1734085.7253,-3585433.8796,-34.4246279,19.2230649,63.052,0.39,RNX2SNX,IGS20|IGS20_0|ITRF2014_0
HOB1,1,1,9,9,-3950184.0766,2522364.4615,-4311588.1960,-42.8039713,147.4399972,56.648,0.19,REFERENCE,IGS00|IGS97|ITRF97
HOB2,1,1,772,772,-3950072.4622,2522415.4100,-4311637.1861,-42.8047026,147.4387379,41.037,1.65,RNX2SNX,IGS00|IGS08|IGS14|IGS14_0|IGS20|IGS20_0|IGS97|IGb08|ITRF00|ITRF2005|ITRF2014_0|ITRF97
HOE2,1,1,2,2,3650022.6003,532050.6314,5185984.5351,54.7587528,8.2933894,62.717,0.00,REFERENCE,ITRF2014_0
HOFN,1,1,775,767,2679689.9229,-727950.9000,5722789.6783,64.2672945,-15.1979145,82.979,0.70,RNX2SNX,IGS00|IGS08|IGS14|IGS14_0|IGS20|IGS20_0|IGS97|IGb08|ITRF00|ITRF2005|ITRF2014_0|ITRF97
HOKN,1,1,48,48,-2944927.6448,5073145.6465,2495922.6150,23.1883896,120.1348829,30.421,0.04,OTHER,WGS-84
HOL2,1,1,2,2,3665229.0164,656626.0458,5161071.7969,54.3729229,10.1567978,47.691,0.00,REFERENCE,ITRF2014_0
HOLB,1,1,695,691,-2503040.8374,-3188233.3279,4908701.3855,50.6403514,-128.1350010,559.629,0.47,RNX2SNX,IGS00|IGS08|IGS14|IGS14_0|IGS20|IGS97|IGb08|ITRF00|ITRF2005|ITRF2014_0
HOLC,1,1,2,2,-2459518.2570,-4655992.0266,3589168.8721,34.4581863,-117.8451623,1238.137,0.00,REFERENCE,ITRF2014_0
HOLM,1,1,761,757,-983072.4192,-1867623.7142,5998639.5258,70.7363019,-117.7612449,0.481,0.55,RNX2SNX,IGS00|IGS14|IGS14_0|IGS20|IGS20_0|ITRF00|ITRF2005|ITRF2014_0
HOLY,1,1,2,2,3805896.1528,-309027.6964,5091799.8103,53.3177315,-4.6420668,67.931,0.00,REFERENCE,ITRF2014_0
HOPB,1,1,2,2,-2708982.0415,-4159579.2459,3992123.8599,38.9951848,-123.0747288,353.248,0.00,REFERENCE,ITRF2014_0
HORN,1,1,2,2,-4544702.5718,792727.2725,-4390925.4061,-43.7773276,170.1055093,960.370,0.00,REFERENCE,ITRF2014_0
HOUE,1,1,2,2,2907579.9183,-5400653.5035,1744662.8680,15.9796111,-61.7030628,376.977,0.00,REFERENCE,ITRF2014_0
HOUS,1,1,2,2,-524578.7038,-5515562.0691,3149180.5405,29.7794192,-95.4329927,11.914,0.00,REFERENCE,ITRF2014_0
HRAO,1,1,772,772,5085352.4308,2668396.2372,-2768731.2011,-25.8901016,27.6869842,1414.151,0.75,RNX2SNX,IGS00|IGS08|IGS14|IGS14_0|IGS20|IGS20_0|IGS97|IGb08|ITRF00|ITRF2005|ITRF2014_0|ITRF97
HRM1,1,1,2,2,3981776.4701,-89238.9430,4965284.6833,51.4537443,-1.2838890,163.014,0.00,REFERENCE,ITRF2014_0
HRM2,1,1,2,2,3981776.4701,-89238.9430,4965284.6833,51.4537443,-1.2838890,163.014,0.00,REFERENCE,ITRF2014_0
HSIN,1,1,101,101,-2984384.9492,4964051.8654,2661791.1700,24.8277628,121.0142592,48.208,1.20,RNX2SNX,ITRF00|ITRF2005|WGS-84
HUAL,1,1,101,101,-3056584.4580,4965782.5003,2575812.3336,23.9753923,121.6135132,46.794,1.01,RNX2SNX,ITRF00|ITRF2005|WGS-84
HUAP,1,1,53,53,-3060402.9438,4945662.3684,2609529.6244,24.3090010,121.7494488,43.036,0.00,RNX2SNX,ITRF00|ITRF2005
HUEL,1,1,2,2,5049612.9511,-612885.2609,3835144.1660,37.1999824,-6.9202954,81.838,0.00,REFERENCE,ITRF2014_0
HUSI,1,1,53,53,-2895400.6169,5082480.4186,2534356.9856,23.5664066,119.6694119,44.913,0.00,RNX2SNX,ITRF00|ITRF2005
HUTB,1,1,2,2,-277025.8775,6263635.5350,1166568.2686,10.6095086,92.5324073,-55.257,0.00,REFERENCE,ITRF2014_0
HYDE,1,1,762,762,1208443.7227,5966805.9708,1897077.5570,17.4172645,78.5508770,441.689,1.37,RNX2SNX,IGS00|IGS08|IGS14|IGS14_0|IGS20|IGS20_0|IGb08|ITRF00|ITRF2005|ITRF2014_0
I007,1,1,48,48,-2988897.6313,5019017.7345,2553900.1114,23.7561927,120.7744100,766.218,0.04,OTHER,WGS-84
IAVH,1,1,9,9,5256828.1389,-633054.1747,3544324.4785,33.9763237,-6.8667842,99.238,0.09,REFERENCE,IGS00|IGS97|ITRF97
IBAZ,1,13,1358,1358,-3075077.7289,5329391.9414,1674486.1571,15.3218357,119.9850959,54.133,18.47,RNX2SNX,IGS14|IGS20|ITRF2005
IBAZ,2,13,4,4,-3084036.5090,5324658.4200,1706186.4460,15.5968313,120.0793772,8875.790,180.33,GPSEST,ITRF2005
IBAZ,3,13,2,2,-3097597.4471,5329372.3279,1672872.9375,15.2809322,120.1664903,10497.637,0.00,GPSEST,ITRF2005
IBAZ,4,13,2,2,-3080149.0761,5327916.2094,1689644.9938,15.4508487,120.0328574,5289.526,0.00,GPSEST,ITRF2005
IBAZ,5,13,2,2,-3074545.1567,5330351.1363,1694003.7476,15.4904503,119.9763372,5783.598,0.00,GPSEST,ITRF2005
IBAZ,6,13,2,2,-3082053.0953,5333859.3119,1695865.9286,15.4902748,120.0205234,12826.234,0.00,GPSEST,ITRF2005
IBAZ,7,13,2,2,-3083679.5916,5326153.1184,1698741.7156,15.5294057,120.0695276,7952.118,0.00,GPSEST,ITRF2005
IBAZ,8,13,2,2,-3069357.1459,5325464.0047,1708252.0011,15.6309431,119.9572077,3030.788,0.00,GPSEST,ITRF2005
IBAZ,9,13,2,2,-3086232.1337,5330140.7485,1698614.8741,15.5168816,120.0714905,12475.559,0.00,GPSEST,ITRF2005
IBAZ,10,13,2,2,-3082997.3826,5324898.5460,1698404.7697,15.5299254,120.0698834,6486.472,0.00,GPSEST,ITRF2005
IBAZ,11,13,2,2,-3079352.8085,5328355.4821,1683974.3037,15.4015262,120.0243926,3763.628,0.00,GPSEST,ITRF2005
IBAZ,12,13,2,2,-3083943.9180,5329105.3845,1690855.4144,15.4543346,120.0578911,8435.545,0.00,GPSEST,ITRF2005
IBAZ,13,13,2,2,-3078015.7110,5327590.9495,1682608.8720,15.3928269,120.0171745,2117.929,0.00,GPSEST,ITRF2005
IBIZ,1,1,2,2,4967979.4991,125663.1987,3984692.9184,38.9112489,1.4489665,59.957,0.00,REFERENCE,ITRF2014_0
ICAM,1,1,2,2,-55248.6323,-6001113.5086,2152446.1775,19.8534574,-90.5274728,2.583,0.00,REFERENCE,ITRF2014_0
ICFS,1,1,53,53,-2973758.4597,5075207.6994,2457639.3297,22.8126498,120.3676702,81.374,0.00,RNX2SNX,ITRF00|ITRF2005
IDDR,1,1,2,2,-1662651.6961,-4306563.9338,4389045.3234,43.7461167,-111.1102705,1863.944,0.00,REFERENCE,ITRF2014_0
IENG,1,1,59,59,4476537.4748,600431.3354,4488761.2723,45.0151317,7.6394036,316.614,0.26,RNX2SNX,IGS00|ITRF00|ITRF2005|ITRF2014_0
IFG1,1,2,24,24,-3149063.4535,5230260.4814,1844836.8639,16.9205896,121.0515319,1406.922,1.23,GPSEST,ITRF2005
IFG1,2,2,7,7,-3142606.2223,5254561.6892,1785604.4867,16.3625577,120.8824623,1225.017,0.00,GPSEST,ITRF2005
IFR3,1,1,5,5,-3149059.0339,5230263.8461,1844835.3972,16.9205754,121.0514801,1407.072,0.00,GPSEST,ITRF2005
IFRN,1,1,2,2,5301924.2159,-473973.5753,3504943.3352,33.5396265,-5.1084637,1710.099,0.00,REFERENCE,ITRF2014_0
IGM1,1,1,2,2,2751804.0336,-4479879.3370,-3598922.4717,-34.5722433,-58.4393196,50.687,0.00,REFERENCE,ITRF2014_0
IID2,1,1,2,2,-2273075.3954,-4867570.1130,3426589.2607,32.7061688,-115.0318030,9.776,0.00,REFERENCE,ITRF2014_0
IILO2,1,1,15,15,-3386224.0867,5268055.7557,1205569.7676,10.9681497,122.7322773,116.559,6.42,GPSEST,ITRF2005
IISC,1,1,776,767,1337935.5727,6070317.1340,1427877.4816,13.0211724,77.5703839,843.694,2.71,RNX2SNX,IGS00|IGS08|IGS14|IGS14_0|IGS20|IGS20_0|IGS97|IGb08|ITRF00|ITRF2005|ITRF2014_0|ITRF97
IJMU,1,1,2,2,3882052.9447,309346.5035,5034330.4853,52.4619747,4.5560624,54.073,0.00,REFERENCE,ITRF2014_0
ILAN,1,1,48,48,-3049998.9063,4927470.4357,2655375.4957,24.7640437,121.7566224,28.673,0.07,OTHER,WGS-84
ILHA,1,1,2,2,3735306.3404,-4669666.4276,-2212269.3521,-20.4277836,-51.3433850,375.032,0.00,REFERENCE,ITRF2014_0
ILN3,1,1,36,36,-3106956.8962,5208930.3171,1967339.0096,18.0846229,120.8146969,157.681,4.61,GPSEST,ITRF2005
ILO1,1,1,98,98,-3386224.0416,5268055.8901,1205569.7947,10.9681498,122.7322763,116.652,87.40,GPSEST,ITRF2005
ILO2,1,1,83,83,-3386224.0332,5268055.7048,1205569.8316,10.9681504,122.7322771,116.501,76.30,GPSEST,ITRF2005
IMBT,1,1,2,2,3714771.5441,-4221851.1334,-2999473.8111,-28.2348383,-48.6557217,31.362,0.00,REFERENCE,ITRF2014_0
IMPZ,1,1,2,2,4289656.4039,-4680884.9629,-606347.2044,-5.4917651,-47.4972350,104.985,0.00,REFERENCE,ITRF2014_0
INEG,1,1,71,63,-1260435.6903,-5788547.6242,2360340.2515,21.8561539,-102.2842023,1888.374,0.57,RNX2SNX,IGS00|IGS97|ITRF00|ITRF2005|ITRF2014_0
INFA,1,1,938,938,-3237174.0452,5251937.7078,1613003.4408,14.7464638,121.6487288,64.948,280.73,RNX2SNX,IGS14|IGS20|ITRF2005
INOP,1,1,619,619,-3574145.0039,5154059.9735,1154895.1737,10.5019364,124.7398400,77.366,0.96,RNX2SNX,IGS14|IGS20
INVK,1,1,762,762,-1628432.5138,-1714393.0961,5903844.5561,68.3061824,-133.5269667,46.338,0.53,RNX2SNX,IGS00|IGS08|IGS14|IGS14_0|IGS20|IGS20_0|IGb08|ITRF00|ITRF2005|ITRF2014_0
IPAZ,1,1,2,2,-2023265.2595,-5460589.9808,2592968.1905,24.1452720,-110.3307443,-14.840,0.00,REFERENCE,ITRF2014_0
IQAL,1,1,700,700,1036000.7242,-2631455.6236,5697819.7978,63.7559649,-68.5105035,91.771,0.31,RNX2SNX,IGS14|IGS14_0|IGS20|IGS20_0|ITRF2014_0
IQQE,1,1,2,2,2034208.1168,-5629172.4854,-2196141.8035,-20.2735407,-70.1317181,38.994,0.00,REFERENCE,ITRF2014_0
IQUI,1,1,2,2,1832254.6615,-6095126.8159,-416285.4373,-3.7673455,-73.2687087,122.128,0.00,REFERENCE,ITRF2014_0
IRKG,1,1,5,5,-968328.5778,3794426.5242,5018167.2651,52.2190207,104.3161823,502.053,0.14,REFERENCE,IGb08|ITRF2014_0
IRKJ,1,1,332,332,-968329.1065,3794426.5000,5018167.1736,52.2190194,104.3161898,502.047,0.67,RNX2SNX,IGS00|IGS08|IGS20|IGS20_0|IGb08|ITRF00|ITRF2005|ITRF2014_0
IRKM,1,1,681,681,-968332.9257,3794425.3887,5018167.6550,52.2190230,104.3162480,502.346,0.67,RNX2SNX,IGS14|IGS14_0|IGS20|IGb08|ITRF00|ITRF2005|ITRF2014_0
IRKT,1,1,772,772,-968332.9253,3794425.3881,5018167.6548,52.2190230,104.3162480,502.346,0.75,RNX2SNX,IGS00|IGS08|IGS14|IGS14_0|IGS20|IGS20_0|IGS97|IGb08|ITRF00|ITRF2005|ITRF2014_0|ITRF97
IS26,1,1,24,24,-3089701.4910,5256909.4235,1864507.1698,17.1102180,120.4445022,42.044,1.40,GPSEST,ITRF2005
IS31,1,1,36,36,-3118702.2946,5244923.4194,1851721.6207,16.9880077,120.7362882,538.846,5.26,GPSEST,ITRF2005
ISAB,1,1,619,619,-3541698.9900,5165821.4653,1201053.6649,10.9266379,124.4346242,75.513,0.14,RNX2SNX,IGS14|IGS20
ISB4,1,1,68,68,-3217759.8843,5202472.2817,1800270.8552,16.5035901,121.7370362,147.542,8.99,GPSEST,ITRF2005
ISBA,1,1,270,270,3808364.3925,3734430.2571,3485693.8508,33.3414193,44.4384073,72.363,0.57,RNX2SNX,IGS20|IGS20_0|ITRF2014_0
ISCO,1,1,2,2,326077.2320,-6340127.3456,612125.4275,5.5443422,-87.0558316,10.374,0.00,REFERENCE,ITRF2014_0
ISHI,1,1,198,198,-3270241.1354,4805497.2651,2616831.0060,24.3813352,124.2361041,47.379,0.13,OTHER,WGS-84
ISPA,1,1,762,762,-1881702.3654,-5359980.1043,-2890599.3431,-27.1249839,-109.3443980,112.476,1.69,RNX2SNX,IGS00|IGS08|IGS14|IGS14_0|IGS20|IGS20_0|IGb08|ITRF00|ITRF2005|ITRF2014_0
ISTA,1,1,328,328,4208829.9360,2334850.6553,4171267.4349,41.1044497,29.0193461,147.251,0.68,RNX2SNX,IGS08|IGS20|IGS20_0|IGb08|ITRF00|ITRF2005|ITRF2014_0
ITBA,1,1,2142,2142,-3147284.1905,5067785.1677,2249504.8817,20.7879414,121.8418280,124.480,110.54,RNX2SNX,IGS14|IGS20|ITRF2005
ITGN,1,1,71,71,-3120342.9745,5266512.5484,1789641.4624,16.4004004,120.6462123,1290.266,7.84,GPSEST,ITRF2005
JAB1,1,1,69,69,-4236442.9031,4559929.5543,-1388624.4754,-12.6588511,132.8938964,82.140,0.70,RNX2SNX,IGS00|IGS08|IGS97|IGb08|ITRF00|ITRF2005|ITRF2014_0|ITRF97
JAB2,1,1,2,2,-4236472.6290,4559859.5162,-1388764.6264,-12.6601487,132.8945357,82.533,0.00,REFERENCE,ITRF2014_0
JALA,1,1,619,619,-3213254.3893,5279243.9044,1571416.4982,14.3581568,121.3271215,61.162,0.10,RNX2SNX,IGS14|IGS20
JAMA,1,1,63,63,1388059.8171,-5909149.0706,1951963.8304,17.9390229,-76.7808722,-2.933,0.10,RNX2SNX,IGS00|IGS97|ITRF00|ITRF2005|ITRF2014_0
JARO,1,1,619,619,-3569884.1856,5139688.7376,1229666.1329,11.1900347,124.7827639,165.486,0.12,RNX2SNX,IGS14|IGS20
JASK,1,1,2,2,3068823.2854,4866406.2028,2744101.7262,25.6494890,57.7639002,-15.870,0.00,REFERENCE,ITRF2014_0
JAUP,1,1,53,53,-2968066.5114,4996201.6963,2620107.7252,24.4133548,120.7130473,160.573,0.00,RNX2SNX,ITRF00|ITRF2005
JFNG,1,1,268,268,-2279829.2593,5004706.4226,3219777.3367,30.5155641,114.4910235,71.312,0.36,RNX2SNX,IGS20|IGS20_0
JHCI,1,1,53,53,-2974176.0168,5039606.3179,2529050.6648,23.5137292,120.5474210,150.978,0.00,RNX2SNX,ITRF00|ITRF2005
JIBE,1,1,53,53,-2886578.2153,5078537.9135,2552107.0677,23.7414271,119.6133650,31.031,0.00,RNX2SNX,ITRF00|ITRF2005
JIES,1,1,53,53,-2978804.6000,4978418.9600,2641292.2300,24.6239833,120.8939182,58.198,0.00,RNX2SNX,ITRF00|ITRF2005
JIZN,1,1,2,2,4533845.3403,4097166.2399,1820976.2042,16.6991817,42.1036357,15.312,0.00,REFERENCE,ITRF2014_0
JNSA,1,1,53,53,-2763920.3995,5107127.3171,2629163.0271,24.5036772,118.4217582,35.946,0.00,RNX2SNX,ITRF00|ITRF2005
JOEN,1,1,11,11,2564139.1702,1486149.7005,5628951.3830,62.3911729,30.0961567,113.704,0.25,REFERENCE,IGS00|IGS97|ITRF2014_0|ITRF97
JOSE,1,1,875,875,-3215750.0561,5337651.0797,1355537.9776,12.3525411,121.0675087,62.924,3.90,RNX2SNX,IGS14|IGS20|ITRF2005
JOZ2,1,1,68,68,3664880.6547,1409190.5163,5009618.4149,52.0978352,21.0323497,152.504,0.58,RNX2SNX,IGS00|IGS08|IGS20|IGS20_0|IGb08|ITRF00|ITRF2005|ITRF2014_0
JOZE,1,1,767,767,3664939.7946,1409154.1762,5009571.5638,52.0972776,21.0315450,141.434,0.73,RNX2SNX,IGS00|IGS08|IGS14|IGS14_0|IGS20|IGS20_0|IGS97|IGb08|ITRF00|ITRF2005|ITRF2014_0|ITRF97
JPIN,1,1,53,53,-3049415.1586,5003813.1741,2511678.4830,23.3410812,121.3588930,587.031,0.00,RNX2SNX,ITRF00|ITRF2005
JPLM,1,1,60,60,-2493304.2867,-4655215.3781,3565497.4162,34.2048193,-118.1732239,423.987,0.40,RNX2SNX,IGS08|IGb08|ITRF00|ITRF2005|ITRF2014_0
JPLV,1,1,2,2,-2493466.9275,-4655309.1544,3565171.5952,34.2015822,-118.1742991,372.711,0.00,REFERENCE,ITRF2014_0
JSLM,1,1,2,2,4435438.0992,3129141.8379,3339301.1321,31.7711544,35.2024534,790.349,0.00,REFERENCE,ITRF2014_0
JULI,1,1,53,53,-3045649.5981,5005636.2641,2511575.9982,23.3416673,121.3181731,177.944,0.00,RNX2SNX,ITRF00|ITRF2005
JUNA,1,1,53,53,-2975765.0308,4976994.7030,2647324.1320,24.6839530,120.8753719,45.429,0.00,RNX2SNX,ITRF00|ITRF2005
JXVL,1,1,2,2,793993.3170,-5443614.4342,3216719.9870,30.4840381,-81.7014856,-19.198,0.00,REFERENCE,ITRF2014_0
JYGU,1,1,53,53,-2866657.5579,4971010.1194,2775085.1600,25.9597131,119.9709765,81.063,0.00,RNX2SNX,ITRF00|ITRF2005
KA08,1,1,31,31,-3168832.4097,5198565.4909,1895570.6258,17.4035022,121.3647725,262.899,4.40,GPSEST,ITRF2005
KABR,1,1,55,55,4377283.1544,3081551.5444,3456136.7868,33.0228150,35.1450572,103.384,0.29,RNX2SNX,ITRF00|ITRF2005|ITRF2014_0
KAFN,1,1,53,53,-3013835.8590,4992843.2137,2577671.9119,23.9875892,121.1164905,1584.866,0.00,RNX2SNX,ITRF00|ITRF2005
KARA,1,1,2,2,-4553134.6052,821276.1322,-4377656.7644,-43.6083854,169.7751614,1403.288,0.00,REFERENCE,ITRF2014_0
KARL,1,1,7,7,4146524.5061,613137.9004,4791517.0525,49.0112439,8.4112566,182.874,0.41,REFERENCE,IGS97|ITRF2014_0|ITRF97
KARR,1,1,767,767,-2713833.5097,5303935.1100,-2269513.4627,-20.9814197,117.0971988,109.138,2.03,RNX2SNX,IGS00|IGS08|IGS14|IGS14_0|IGS20|IGS20_0|IGS97|IGb08|ITRF00|ITRF2005|ITRF2014_0|ITRF97
KASH,1,1,53,53,-2970977.1600,5086591.5977,2437375.9697,22.6144967,120.2883524,25.654,0.00,RNX2SNX,ITRF00|ITRF2005
KAT1,1,1,700,700,-4147414.0198,4581462.5172,-1573358.7766,-14.3759926,132.1532786,184.295,1.06,RNX2SNX,IGS14|IGS14_0|IGS20|IGS20_0|ITRF2014_0
KAT2,1,1,2,2,-4147369.1557,4581537.1264,-1573260.1871,-14.3750729,132.1525060,184.232,0.00,REFERENCE,ITRF2014_0
KATC,1,1,2,2,4573403.3915,2409322.0122,3723878.5605,35.9514810,27.7807822,74.349,0.00,REFERENCE,ITRF2014_0
KATZ,1,2,64,64,4349389.3143,3124004.7082,3453705.3338,32.9952451,35.6882826,347.006,0.31,RNX2SNX,IGS00|IGS97|ITRF00|ITRF2005|ITRF2014_0|ITRF97
KATZ,2,2,9,9,3785944.6148,2550780.6004,4439461.3441,44.3931730,33.9701238,68.187,0.08,REFERENCE,IGS00|IGS97|ITRF97
KAWN,1,1,53,53,-2960797.1121,5063678.2644,2496422.7232,23.1932220,120.3153696,51.189,0.00,RNX2SNX,ITRF00|ITRF2005
KAYT,1,1,1260,1260,-3186179.5624,5307362.8063,1531588.1295,13.9868803,120.9777401,61.136,72.94,GPSEST,ITRF2005|ITRF2014_0|WGS-84
KDNM,1,1,289,289,-3028999.6462,5084820.6581,2369241.3906,21.9494251,120.7820240,58.297,0.06,RNX2SNX,ITRF00|ITRF2005|WGS-84
KELS,1,1,2,2,-2405383.4114,-3718715.9808,4574351.1223,46.1181772,-122.8960696,-15.935,0.00,REFERENCE,ITRF2014_0
KELY,1,1,828,767,1575558.6976,-1941828.0375,5848076.7147,66.9874207,-50.9448469,229.957,0.64,RNX2SNX,IGS00|IGS08|IGS14|IGS14_0|IGS20|IGS20_0|IGS97|IGb08|ITRF00|ITRF2005|ITRF2014_0|ITRF97
KEN1,1,1,2,2,-2748339.0741,-1501544.4957,5537749.3580,60.6750777,-151.3501833,56.127,0.00,REFERENCE,ITRF2014_0
KERG,1,1,781,772,1406337.1647,3918161.0981,-4816167.3918,-49.3514673,70.2555237,73.011,0.18,RNX2SNX,IGS00|IGS08|IGS14|IGS14_0|IGS20|IGS20_0|IGS97|IGb08|ITRF00|ITRF2005|ITRF2014_0|ITRF97
KETG,1,1,2,2,1408881.6946,3917164.8229,-4816199.6823,-49.3521831,70.2179282,47.222,0.00,REFERENCE,ITRF2014_0
KGN0,1,1,59,59,-3942152.7306,3368281.3103,3701895.7257,35.7067656,139.4885323,128.869,0.06,RNX2SNX,IGS00|ITRF00|ITRF2005|ITRF2014_0
KGNI,1,1,7,7,-3941949.1489,3368156.3399,3702214.8412,35.7103421,139.4881208,123.527,0.24,REFERENCE,IGS08|IGb08|ITRF2014_0
KHAB,1,1,5,5,-2995266.4730,2990444.5820,4755575.8590,48.5214543,135.0461556,130.457,0.13,REFERENCE,IGb08|ITRF2014_0
KHAJ,1,1,64,64,-2995266.3633,2990444.6437,4755575.9327,48.5214550,135.0461539,130.490,0.27,RNX2SNX,IGS00|IGS08|IGb08|ITRF00|ITRF2005|ITRF2014_0
KHAR,1,1,2,2,3312984.2276,2428203.5029,4863307.8595,50.0051028,36.2390093,201.029,0.00,REFERENCE,ITRF2014_0
KIBU,1,1,10,10,-3609035.2201,5196516.7122,806030.7009,7.3086933,124.7803831,184.494,5.03,GPSEST,ITRF2005
KINL,1,1,2,2,3331660.2442,-294549.1749,5412697.4698,58.4587709,-5.0523339,64.948,0.00,REFERENCE,ITRF2014_0
KIR0,1,1,64,64,2248123.2698,865686.6246,5886425.7140,67.8775752,21.0602384,498.006,0.23,RNX2SNX,IGS00|IGS97|ITRF00|ITRF2005|ITRF2014_0|ITRF97
KIRI,1,1,700,700,-6327822.2546,785605.5435,149769.7161,1.3545875,172.9228837,36.147,1.16,RNX2SNX,IGS14|IGS14_0|IGS20|IGS20_0|ITRF2014_0
KIRU,1,1,770,762,2251420.4636,862817.4471,5885476.9319,67.8573542,20.9684551,391.100,0.65,RNX2SNX,IGS00|IGS14|IGS14_0|IGS20|IGS20_0|IGS97|ITRF00|ITRF2005|ITRF2014_0|ITRF97
KIT3,1,1,772,772,1944944.5825,4556652.3779,4004326.0707,39.1347679,66.8854518,622.465,0.81,RNX2SNX,IGS00|IGS08|IGS14|IGS14_0|IGS20|IGS20_0|IGS97|IGb08|ITRF00|ITRF2005|ITRF2014_0|ITRF97
KLPD,1,1,2,2,3359228.0514,1297490.5525,5246690.3955,55.7153559,21.1188863,42.751,0.00,REFERENCE,ITRF2014_0
KMNM,1,1,564,564,-2761837.5909,5110347.1845,2625151.0104,24.4638239,118.3885748,49.057,0.81,RNX2SNX,IGS20|IGS20_0|ITRF00|ITRF2005|WGS-84
KMOR,1,1,2,2,433815.7437,-871142.6619,6282526.4389,81.2527146,-63.5273964,203.258,0.00,REFERENCE,ITRF2014_0
KOD1,1,1,2,2,-3028720.8935,-1597307.2202,5363076.6773,57.6176919,-152.1934303,27.048,0.00,REFERENCE,ITRF2014_0
KOD5,1,1,2,2,-3028720.9736,-1597307.2666,5363076.8334,57.6176919,-152.1934303,27.229,0.00,REFERENCE,ITRF2014_0
KODK,1,1,71,63,-3027465.2415,-1575906.2604,5370077.9994,57.7351069,-152.5013757,37.874,0.22,RNX2SNX,IGS00|IGS97|ITRF00|ITRF2005|ITRF2014_0
KOK1,1,1,2,2,-5551749.9264,-2047249.4312,2372727.0340,21.9834941,-159.7581692,23.641,0.00,REFERENCE,ITRF2014_0
KOKB,1,1,776,772,-5543838.3830,-2054585.4710,2387810.6128,22.1262691,-159.6649402,1167.359,2.03,RNX2SNX,IGS00|IGS08|IGS14|IGS14_0|IGS20|IGS20_0|IGS97|IGb08|ITRF00|ITRF2005|ITRF2014_0|ITRF97
KOKV,1,1,628,628,-5543838.3833,-2054585.4698,2387810.6135,22.1262692,-159.6649402,1167.359,1.45,RNX2SNX,IGS14|IGS14_0|IGS20|IGb08|ITRF2014_0
KOMS,1,1,9,9,-2948544.7164,2774312.6757,4912302.9494,50.6946117,136.7438278,269.465,0.10,REFERENCE,IGS00|IGS97|ITRF97
KONE,1,1,2,2,4276913.2578,-291751.6994,4706935.1250,47.8657545,-3.9024136,80.431,0.00,REFERENCE,ITRF2014_0
KOPE,1,1,2,2,4346595.0470,1061559.4953,4530252.9545,45.5481093,13.7245567,52.691,0.00,REFERENCE,ITRF2014_0
KOSG,1,1,692,692,3899224.8259,396732.2715,5015078.6156,52.1784297,5.8096492,96.834,0.69,RNX2SNX,IGS00|IGS08|IGS14|IGS14_0|IGS20|IGS97|IGb08|ITRF00|ITRF2005|ITRF2014_0|ITRF97
KOU1,1,1,59,59,3839590.2738,-5059568.3029,579957.7616,5.2521878,-52.8059717,-25.780,0.14,RNX2SNX,IGS00|ITRF00|ITRF2005|ITRF2014_0
KOUC,1,1,275,275,-5751223.2547,1617967.1543,-2225742.9475,-20.5586844,164.2873406,84.137,1.08,RNX2SNX,IGS08|IGS20|IGS20_0|IGb08|ITRF2014_0
KOUG,1,1,270,270,3855263.2790,-5049732.0282,563040.5944,5.0984724,-52.6397508,107.249,0.21,RNX2SNX,IGS20|IGS20_0|ITRF2014_0
KOUR,1,1,780,767,3839591.2903,-5059567.5950,579957.3007,5.2521836,-52.8059605,-25.772,0.41,RNX2SNX,IGS00|IGS14|IGS14_0|IGS20|IGS20_0|IGS97|ITRF00|ITRF2005|ITRF2014_0|ITRF97
KR0G,1,1,63,63,2248123.2698,865686.6246,5886425.7140,67.8775752,21.0602384,498.006,0.23,RNX2SNX,IGS00|IGS97|ITRF00|ITRF2005|ITRF2014_0
KRGG,1,1,700,700,1406336.1522,3918154.6014,-4816172.8871,-49.3515435,70.2555066,72.974,0.09,RNX2SNX,IGS14|IGS14_0|IGS20|IGS20_0|ITRF2014_0
KROT,1,1,2,2,4737979.2139,1459859.1825,3999248.8182,39.0799397,17.1250349,61.600,0.00,REFERENCE,ITRF2014_0
KRSN,1,1,2,2,-174282.0474,3571333.0405,5264196.0297,55.9932497,92.7938336,210.034,0.00,REFERENCE,ITRF2014_0
KRTV,1,1,2,2,798557.8109,3967218.0962,4913554.5655,50.7139506,78.6190652,126.167,0.00,REFERENCE,ITRF2014_0
KSHI,1,1,53,53,-2999674.9205,4957730.0187,2656703.7458,24.7766682,121.1760385,168.258,0.00,RNX2SNX,ITRF00|ITRF2005
KSMV,1,1,2,2,-3997525.6538,3276870.2831,3724218.2587,35.9553723,140.6576823,57.610,0.00,REFERENCE,ITRF2014_0
KSNB,1,1,2,2,2044690.6139,-1462576.6072,5844021.5017,66.8632796,-35.5763149,1720.850,0.00,REFERENCE,ITRF2014_0
KSTU,1,1,64,64,-174281.7946,3571333.0159,5264196.0447,55.9932501,92.7938296,210.026,0.25,RNX2SNX,IGS00|IGS97|ITRF00|ITRF2005|ITRF2014_0|ITRF97
KSU1,1,1,268,268,-570504.7856,-4923591.0086,4001208.4491,39.1007498,-96.6094835,325.570,0.15,RNX2SNX,IGS20|IGS20_0
KTVL,1,1,2,2,3785991.6912,2550749.1108,4439438.2809,44.3928897,33.9694658,67.377,0.00,REFERENCE,ITRF2014_0
KUAL,1,1,2,2,-1443668.3765,6184650.1099,587309.8886,5.3188887,103.1391474,54.979,0.00,REFERENCE,ITRF2014_0
KULL,1,1,2,2,920855.4994,-1430371.0765,6126575.8465,74.5806248,-57.2270581,93.999,0.00,REFERENCE,ITRF2014_0
KULN,1,1,48,48,-2974829.3259,5048841.9366,2510583.8479,23.3309887,120.5070272,414.729,0.04,OTHER,WGS-84
KULU,1,1,2,2,2107682.3430,-1596883.7116,5784773.5098,65.5793353,-37.1493579,67.486,0.00,REFERENCE,ITRF2014_0
KUMT,1,1,2,2,974206.7590,4659360.2717,4237004.6015,41.8635225,78.1903894,4012.893,0.00,REFERENCE,ITRF2014_0
KUNM,1,1,2133,2133,-1281255.8463,5640746.0791,2682879.8564,25.0295377,102.7971968,1986.184,102.42,RNX2SNX,IGS00|IGS08|IGS20|IGS20_0|IGS97|IGb08|ITRF00|ITRF2005|ITRF2014_0
KUUJ,1,1,270,270,772857.1872,-3558198.9068,5219096.1943,55.2783619,-77.7454410,-0.148,0.36,RNX2SNX,IGS20|IGS20_0|ITRF2014_0
KUWT,1,1,2,2,3725972.5791,4133974.0387,3105364.5677,29.3249695,47.9714959,20.478,0.00,REFERENCE,ITRF2014_0
KVMN,1,1,45,45,-3433303.4976,5252465.2779,1142447.2338,10.3864218,123.1708640,730.091,6.90,GPSEST,ITRF2005
KWJ1,1,1,772,772,-6160880.4157,1339884.8393,960811.2786,8.7222123,167.7302267,38.192,2.14,RNX2SNX,IGS00|IGS08|IGS14|IGS14_0|IGS20|IGS20_0|IGS97|IGb08|ITRF00|ITRF2005|ITRF2014_0|ITRF97
KWST,1,1,2,2,832505.4049,-5744713.2960,2634182.9983,24.5536901,-81.7542823,-11.798,0.00,REFERENCE,ITRF2014_0
KYIN,1,1,53,53,-2984965.6947,4952059.2004,2683208.6875,25.0410513,121.0804220,32.085,0.00,RNX2SNX,ITRF00|ITRF2005
KYW1,1,1,55,55,842464.4674,-5741929.0097,2637061.5008,24.5822724,-81.6530326,-13.790,0.09,RNX2SNX,ITRF00|ITRF2005|ITRF2014_0
KYW5,1,1,2,2,842464.4008,-5741929.1517,2637061.5959,24.5822727,-81.6530334,-13.631,0.00,REFERENCE,ITRF2014_0
KZN2,1,1,268,268,2352345.6789,2717466.6340,5251459.2365,55.7907835,49.1192518,94.503,0.27,RNX2SNX,IGS20|IGS20_0
KZON,1,1,48,48,-2977526.9270,5015224.6727,2572838.8464,23.9456911,120.6975034,127.345,0.04,OTHER,WGS-84
LABO,1,16,1465,1465,-3353643.5714,5197827.4608,1549545.9139,14.1541719,122.8301490,76.701,156.09,RNX2SNX,IGS14|IGS20|ITRF2005
LABO,2,16,4,4,-3361751.0034,5193626.6654,1573586.6486,14.3627076,122.9143327,6843.255,390.40,GPSEST,ITRF2005
LABO,3,16,4,4,-3362527.0318,5193111.4440,1581410.7611,14.4311418,122.9229588,8778.196,201.07,GPSEST,ITRF2005
LABO,4,16,2,2,-3358994.6236,5197211.6814,1555312.8059,14.1994127,122.8748716,3801.978,0.00,GPSEST,ITRF2005
LABO,5,16,2,2,-3364959.8077,5198650.6595,1559558.3001,14.2267114,122.9139976,9156.134,0.00,GPSEST,ITRF2005
LABO,6,16,2,2,-3366959.9706,5197521.8896,1551656.8458,14.1572567,122.9352074,7354.341,0.00,GPSEST,ITRF2005
LABO,7,16,2,2,-3376342.3414,5197572.9236,1548442.0079,14.1177723,123.0077453,11562.072,0.00,GPSEST,ITRF2005
LABO,8,16,2,2,-3358721.2962,5196112.6231,1564605.1716,14.2831417,122.8782703,5049.474,0.00,GPSEST,ITRF2005
LABO,9,16,2,2,-3351917.9442,5195865.0355,1568335.5007,14.3244938,122.8265715,2193.309,0.00,GPSEST,ITRF2005
LABO,10,16,2,2,-3359355.7222,5200397.1504,1570104.4808,14.3224534,122.8616762,10228.760,0.00,GPSEST,ITRF2005
LABO,11,16,2,2,-3348999.0708,5194188.2799,1583763.0151,14.4662127,122.8122591,3131.551,0.00,GPSEST,ITRF2005
LABO,12,16,2,2,-3364979.1413,5198889.5690,1574036.5868,14.3528292,122.9129466,12934.291,0.00,GPSEST,ITRF2005
LABO,13,16,2,2,-3357935.3875,5196869.0592,1559206.5591,14.2354204,122.8683558,3922.041,0.00,GPSEST,ITRF2005
LABO,14,16,2,2,-3362413.8255,5197566.1108,1566033.3940,14.2884514,122.8996698,8527.774,0.00,GPSEST,ITRF2005
LABO,15,16,2,2,-3356583.9385,5196022.6857,1557731.4727,14.2257110,122.8620966,2159.453,0.00,GPSEST,ITRF2005
LABO,16,16,1,1,-3337756.1950,5213234.5359,1534281.3178,14.0107471,122.6292694,602.162,0.00,CODSPP,ITRF2005
LAE1,1,1,344,336,-5312857.4544,3451107.4202,-736321.4191,-6.6736980,146.9931930,140.185,1.75,RNX2SNX,IGS00|IGS08|IGS20|IGS20_0|IGS97|IGb08|ITRF00|ITRF2005|ITRF2014_0
LAFO,1,1,53,53,-2986075.0327,5050056.4179,2494462.3806,23.1731463,120.5956288,263.286,0.00,RNX2SNX,ITRF00|ITRF2005
LAG1,1,2,16,16,-3221154.9106,5277476.1534,1561192.5235,14.2628054,121.3981784,55.674,7.12,GPSEST,ITRF2005
LAG1,2,2,1,1,-3323166.2629,5225587.5646,1521699.4171,13.8947968,122.4539603,58.211,0.00,COORDINATE,ITRF2005
LAGO,1,1,2,2,5035246.4882,-767657.0010,3826194.3979,37.0989391,-8.6683762,62.723,0.00,REFERENCE,ITRF2014_0
LAGW,1,4,1151,1151,-3157182.3108,5229003.1173,1831532.8574,16.7973953,121.1228585,529.960,25.16,RNX2SNX,IGS14|IGS20|ITRF2005
LAGW,2,4,2,2,-3162468.7781,5228472.2101,1837217.9892,16.8405917,121.1678658,4357.264,0.00,GPSEST,ITRF2005
LAGW,3,4,2,2,-3168933.8629,5230548.8868,1841782.2020,16.8666069,121.2096233,10584.977,0.00,GPSEST,ITRF2005
LAGW,4,4,2,2,-3170255.1111,5229051.6219,1833576.8001,16.7972969,121.2274807,7638.845,0.00,GPSEST,ITRF2005
LAHR,1,1,53,53,-3047997.4607,5005252.8665,2509516.0877,23.3213945,121.3397319,182.346,0.00,RNX2SNX,ITRF00|ITRF2005
LAM0,1,1,2,2,2975265.1414,-5403742.4015,1620410.0733,14.8129591,-61.1631077,1209.058,0.00,REFERENCE,ITRF2014_0
LAMA,1,1,77,69,3524523.0117,1329693.5557,5129846.2995,53.8923995,20.6699404,187.018,0.57,RNX2SNX,IGS00|IGS20|IGS20_0|IGS97|IGb08|ITRF00|ITRF2005|ITRF2014_0|ITRF97
LAMP,1,1,55,55,5073164.8296,1134512.4796,3683181.0677,35.4997734,12.6056555,57.785,0.33,RNX2SNX,ITRF00|ITRF2005|ITRF2014_0
LANT,1,1,53,53,-2967126.6115,4997983.5460,2617700.5985,24.3896403,120.6961107,124.268,0.00,RNX2SNX,ITRF00|ITRF2005
LANY,1,1,43,43,-3095827.4726,5040450.3629,2378373.6577,22.0373119,121.5581046,347.915,0.05,OTHER,WGS-84
LAPS,1,18,1527,1527,-3589173.7809,5133883.5042,1197181.7701,10.8909582,124.9579658,94.076,112.97,RNX2SNX,IGS14|IGS20|ITRF2005
LAPS,2,18,4,4,-3597286.0574,5128137.9238,1228968.1146,11.1729617,125.0488909,6124.698,269.19,GPSEST,ITRF2005
LAPS,3,18,2,2,-3594793.8112,5133665.6866,1203084.9478,10.9381346,125.0012162,4200.165,0.00,GPSEST,ITRF2005
LAPS,4,18,2,2,-3600479.5830,5134793.6946,1207363.2498,10.9688835,125.0378560,9123.426,0.00,GPSEST,ITRF2005
LAPS,5,18,2,2,-3603232.5523,5134060.5385,1199487.8865,10.8973973,125.0622912,8592.765,0.00,GPSEST,ITRF2005
LAPS,6,18,2,2,-3594270.8066,5131936.0157,1212331.6564,11.0230976,125.0063712,4276.072,0.00,GPSEST,ITRF2005
LAPS,7,18,2,2,-3586640.4455,5130225.7112,1215398.7885,11.0603028,124.9581449,-805.539,0.00,GPSEST,ITRF2005
LAPS,8,18,2,2,-3594775.4123,5135949.0267,1217772.6541,11.0651374,124.9891083,8828.905,0.00,GPSEST,ITRF2005
LAPS,9,18,2,2,-3597205.4116,5129499.2962,1221323.5743,11.1033538,125.0411374,5696.088,0.00,GPSEST,ITRF2005
LAPS,10,18,2,2,-3582787.6718,5129077.7121,1231256.1721,11.2064746,124.9352519,-832.256,0.00,GPSEST,ITRF2005
LAPS,11,18,2,2,-3598989.4913,5133927.3656,1221456.1153,11.0964454,125.0312519,10284.505,0.00,GPSEST,ITRF2005
LAPS,12,18,2,2,-3600711.4300,5128282.3453,1237506.9339,11.2449262,125.0737736,9830.678,0.00,GPSEST,ITRF2005
LAPS,13,18,2,2,-3596446.3611,5128641.7109,1221013.2370,11.1025825,125.0399568,4519.667,0.00,GPSEST,ITRF2005
LAPS,14,18,2,2,-3602682.6323,5131424.8112,1228171.2804,11.1557827,125.0720144,11651.311,0.00,GPSEST,ITRF2005
LAPS,15,18,2,2,-3593341.9406,5132779.5924,1206876.9577,10.9744473,124.9949885,3390.702,0.00,GPSEST,ITRF2005
LAPS,16,18,2,2,-3597532.6334,5133079.1374,1213690.3455,11.0302922,125.0247984,7291.952,0.00,GPSEST,ITRF2005
LAPS,17,18,2,2,-3591530.0990,5131974.6576,1205489.5549,10.9650592,124.9856345,1459.305,0.00,GPSEST,ITRF2005
LAPS,18,18,1,1,-3034479.4400,5041609.6365,2452823.4584,22.7651500,121.0431894,168.587,0.00,COORDINATE,ITRF2005
LARR,1,1,2,2,-4208011.2962,4479077.8811,-1701338.2965,-15.5731573,133.2127577,229.315,0.00,REFERENCE,ITRF2014_0
LAUT,1,1,700,700,-6075194.7111,270923.6614,-1917188.8835,-17.6088078,177.4465832,89.639,0.55,RNX2SNX,IGS14|IGS14_0|IGS20|IGS20_0|ITRF2014_0
LBAN,1,18,958,958,-3105597.8316,5358692.8124,1518354.8971,13.8636777,120.0941756,49.676,6.12,RNX2SNX,IGS14|IGS20|ITRF2005
LBAN,2,18,4,4,-3114296.6047,5353634.6596,1550032.9597,14.1413324,120.1872621,7708.460,173.11,GPSEST,ITRF2005
LBAN,3,18,2,2,-3110939.8734,5357970.6104,1524059.3049,13.9092579,120.1402672,3414.418,0.00,GPSEST,ITRF2005
LBAN,4,18,2,2,-3117282.8596,5359967.3164,1528662.9544,13.9389290,120.1816905,9291.149,0.00,GPSEST,ITRF2005
LBAN,5,18,2,2,-3118923.7783,5358849.7760,1520556.3414,13.8682023,120.1999899,7206.583,0.00,GPSEST,ITRF2005
LBAN,6,18,2,2,-3128672.9217,5359218.7581,1517055.8545,13.8262343,120.2760718,11445.233,0.00,GPSEST,ITRF2005
LBAN,7,18,2,2,-3110631.0697,5357037.3766,1533467.3018,13.9938250,120.1421313,4748.968,0.00,GPSEST,ITRF2005
LBAN,8,18,2,2,-3105068.0932,5359160.4145,1537796.7050,14.0338503,120.0877668,4871.097,0.00,GPSEST,ITRF2005
LBAN,9,18,2,2,-3112469.5887,5363022.7441,1539802.0531,14.0359694,120.1290509,12200.928,0.00,GPSEST,ITRF2005
LBAN,10,18,2,2,-3114084.5355,5355227.6113,1542642.4314,14.0738296,120.1781585,7139.123,0.00,GPSEST,ITRF2005
LBAN,11,18,2,2,-3100109.5068,5354824.6708,1552304.2353,14.1746778,120.0681649,2357.372,0.00,GPSEST,ITRF2005
LBAN,12,18,2,2,-3116635.7486,5359292.6556,1542621.2088,14.0631212,120.1796555,11786.663,0.00,GPSEST,ITRF2005
LBAN,13,18,2,2,-3119388.2640,5354176.2003,1559077.9998,14.2137693,120.2254390,12861.264,0.00,GPSEST,ITRF2005
LBAN,14,18,2,2,-3113289.2480,5353925.4459,1542253.9326,14.0737764,120.1778540,5564.979,0.00,GPSEST,ITRF2005
LBAN,15,18,2,2,-3119849.3138,5356460.8723,1549272.4254,14.1231411,120.2184906,12600.219,0.00,GPSEST,ITRF2005
LBAN,16,18,2,2,-3109840.0628,5357658.5647,1527946.3394,13.9451264,120.1329195,3552.108,0.00,GPSEST,ITRF2005
LBAN,17,18,2,2,-3114379.5125,5358336.1555,1534796.0397,13.9989019,120.1660697,7987.063,0.00,GPSEST,ITRF2005
LBAN,18,18,2,2,-3108485.2694,5356847.2569,1526516.2919,13.9355945,120.1258478,1866.550,0.00,GPSEST,ITRF2005
LBCA,1,1,202,202,-3340958.0393,5283807.0129,1261331.1491,11.4820450,122.3052207,130.434,0.00,RNXHDR,
LCK2,1,1,268,268,894638.4245,5620570.0288,2869603.9671,26.9125631,80.9559753,53.109,0.52,RNX2SNX,IGS20|IGS20_0
LCK4,1,1,268,268,894678.0578,5620594.8938,2869567.7503,26.9121459,80.9556206,64.168,0.52,RNX2SNX,IGS20|IGS20_0
LCKI,1,1,2,2,894647.6091,5620574.9019,2869591.6292,26.9124383,80.9558917,53.103,0.00,REFERENCE,ITRF2014_0
LDHI,1,1,2,2,-5082152.6869,1942868.7296,-3317227.9835,-31.5414585,159.0785209,42.776,0.00,REFERENCE,ITRF2014_0
LEA1,1,1,52,52,-3535761.5013,5166013.6717,1217440.9247,11.0775762,124.3888091,64.783,3.41,GPSEST,ITRF2005
LEB1,1,1,66,66,-3534452.3317,5163350.7570,1232347.0704,11.2149216,124.3926885,64.836,4.70,GPSEST,ITRF2005
LEB2,1,1,40,40,-3534194.8604,5163624.5651,1231939.2141,11.2111633,124.3893269,64.505,3.54,GPSEST,ITRF2005
LEC1,1,1,34,34,-3549253.3503,5151093.9391,1241903.6023,11.3026936,124.5679703,239.500,89.85,GPSEST,ITRF2005
LEC2,1,1,19,19,-3549178.6353,5151141.4312,1241918.4614,11.3028312,124.5671600,239.192,0.31,GPSEST,ITRF2005
LED1,1,1,14,14,-3540968.7274,5155922.5947,1244839.1047,11.3299865,124.4803817,112.386,0.01,GPSEST,ITRF2005
LEEP,1,1,2,2,-2507463.4660,-4652631.9109,3559086.8322,34.1346013,-118.3217556,485.042,0.00,REFERENCE,ITRF2014_0
LEF1,1,1,7,7,-3539033.2106,5153912.1212,1258311.1951,11.4542908,124.4761908,74.671,0.00,GPSEST,ITRF2005
LEH1,1,1,7,7,-3572404.5964,5131686.9138,1254821.0684,11.4221166,124.8435614,65.947,0.00,GPSEST,ITRF2005
LEPA,1,1,2,2,544186.5602,-6259328.5053,1094301.4566,9.9453745,-85.0311939,20.925,0.00,REFERENCE,ITRF2014_0
LEY1,1,1,1,1,-3559651.3900,5149547.9100,1220807.4200,11.1074880,124.6543655,685.440,0.00,RNXHDR,
LEYA,1,3,118,118,-3535741.6328,5166027.2864,1217440.6895,11.0775741,124.3885886,64.751,32.11,GPSEST,ITRF2005
LEYA,2,3,1,1,-3530714.1600,5156797.0000,1269964.0100,11.5617074,124.3983476,121.044,0.00,COORDINATE,ITRF2005
LEYA,3,3,1,1,-3549185.4500,5151135.3100,1241910.3500,11.3027613,124.5672432,236.451,0.00,COORDINATE,ITRF2005
LEYB,1,2,111,111,-3534191.1360,5163625.8937,1231942.6077,11.2111952,124.3892919,64.177,117.37,GPSEST,ITRF2005
LEYB,2,2,1,1,-3539043.0500,5153888.9600,1258297.4900,11.4541937,124.4763852,58.695,0.00,COORDINATE,ITRF2005
LEYC,1,1,61,61,-3549253.6768,5151094.1455,1241914.7048,11.3027914,124.5679717,242.024,240.18,GPSEST,ITRF2005
LEYD,1,2,87,87,-3540962.0625,5155933.4403,1244825.6257,11.3298579,124.4802751,114.804,43.82,GPSEST,ITRF2005
LEYD,2,2,1,1,-3495241.5500,5172170.2300,1304834.3800,11.8836503,124.0499828,117.114,0.00,COORDINATE,ITRF2005
LEYE,1,2,105,105,-3535886.8235,5156828.3554,1255504.6823,11.4283045,124.4372961,129.968,127.79,GPSEST,ITRF2005
LEYE,2,2,1,1,-3346301.7100,5252641.5400,1371471.3400,12.5000000,122.5000000,75.000,0.00,COORDINATE,ITRF2005
LEYF,1,2,127,127,-3539036.8342,5153909.7958,1258308.5237,11.4542669,124.4762302,74.272,208.28,GPSEST,ITRF2005
LEYF,2,2,1,1,-3437439.0400,5193403.8800,1371461.6000,12.5000000,123.5000000,29.997,0.00,COORDINATE,ITRF2005
LEYG,1,2,109,109,-3590557.5923,5125629.6404,1227663.0371,11.1717506,125.0116476,67.836,159.41,GPSEST,ITRF2005
LEYG,2,2,1,1,-3534249.9800,5163671.4500,1231977.1500,11.2113770,124.3895009,140.371,0.00,COORDINATE,ITRF2005
LEYH,1,2,135,135,-3572404.7620,5131687.5258,1254821.7588,11.4221217,124.8435594,66.669,167.56,GPSEST,ITRF2005
LEYH,2,2,1,1,-3541018.8500,5155978.0400,1244860.9200,11.3300483,124.4804726,189.309,0.00,COORDINATE,ITRF2005
LEYI,1,1,24,24,-3588831.6918,5112629.7336,1285162.1415,11.7020804,125.0670955,65.612,1.65,GPSEST,ITRF2005
LEYJ,1,1,87,87,-3617508.4173,5086779.3850,1306996.7145,11.9037276,125.4188736,63.737,4.97,GPSEST,ITRF2005
LEYM,1,2,71,71,-3528612.5645,5162304.8991,1253149.8749,11.4067050,124.3539468,65.459,48.05,GPSEST,ITRF2005
LEYM,2,2,1,1,-3555697.5000,5153767.3800,1211213.0100,11.0202427,124.6026478,46.667,0.00,COORDINATE,ITRF2005
LEYO,1,2,12,12,-3601772.0199,5100576.9159,1297618.8572,11.8167542,125.2278241,249.071,5.47,GPSEST,ITRF2005
LEYO,2,2,1,1,-3489448.3600,5173319.9300,1317506.4900,12.0000000,124.0000001,499.999,0.00,COORDINATE,ITRF2005
LEYU,1,1,53,53,-2749025.1294,5118483.8834,2622827.9539,24.4406729,118.2392675,76.298,0.00,RNX2SNX,ITRF00|ITRF2005
LGUE,1,1,53,53,-2993544.4401,5054782.4448,2476086.2075,22.9926411,120.6348756,299.698,0.00,RNX2SNX,ITRF00|ITRF2005
LGYE,1,14,1232,1232,-3087542.4216,5297594.2529,1750208.7538,16.0325894,120.2344759,52.259,7.48,RNX2SNX,IGS14|IGS20|ITRF2005
LGYE,2,14,4,4,-3096050.6733,5294305.6836,1774519.1817,16.2398446,120.3186178,8201.189,485.03,GPSEST,ITRF2005
LGYE,3,14,4,4,-3096939.1573,5293789.3292,1782398.4328,16.3080857,120.3282179,10411.948,254.29,GPSEST,ITRF2005
LGYE,4,14,2,2,-3093741.5428,5298007.2706,1756580.2827,16.0792032,120.2825517,5159.199,0.00,GPSEST,ITRF2005
LGYE,5,14,2,2,-3099622.3792,5299327.4236,1760658.2247,16.1042928,120.3237339,10235.689,0.00,GPSEST,ITRF2005
LGYE,6,14,2,2,-3100982.5662,5297985.7578,1752526.9435,16.0349592,120.3410146,7532.224,0.00,GPSEST,ITRF2005
LGYE,7,14,2,2,-3110297.5598,5297759.5618,1748727.6800,15.9907655,120.4170578,10824.601,0.00,GPSEST,ITRF2005
LGYE,8,14,2,2,-3092719.7184,5296204.4652,1765397.1681,16.1608756,120.2828011,5616.602,0.00,GPSEST,ITRF2005
LGYE,9,14,2,2,-3087301.3801,5299199.7900,1770206.0633,16.2029280,120.2249775,6819.861,0.00,GPSEST,ITRF2005
LGYE,10,14,2,2,-3094475.0449,5302426.4396,1771779.9934,16.2004509,120.2676662,13405.716,0.00,GPSEST,ITRF2005
LGYE,11,14,2,2,-3082390.1171,5294112.9945,1784367.8689,16.3430427,120.2092375,4195.965,0.00,GPSEST,ITRF2005
LGYE,12,14,2,2,-3092227.0483,5297469.1298,1760226.5844,16.1139118,120.2728702,4989.987,0.00,GPSEST,ITRF2005
LGYE,13,14,2,2,-3096791.0907,5298060.3714,1766997.7956,16.1655649,120.3068888,9573.922,0.00,GPSEST,ITRF2005
LGYE,14,14,2,2,-3090898.4301,5296720.5603,1758857.1688,16.1053287,120.2656756,3345.469,0.00,GPSEST,ITRF2005
LGYN,1,1,5,5,-3087542.6478,5297594.2219,1750208.7289,16.0325889,120.2344779,52.335,0.00,GPSEST,ITRF2005
LHAS,1,1,772,772,-106938.9685,5549269.3634,3139216.1578,29.6573435,91.1040000,3624.677,1.39,RNX2SNX,IGS00|IGS08|IGS14|IGS14_0|IGS20|IGS20_0|IGS97|IGb08|ITRF00|ITRF2005|ITRF2014_0|ITRF97
LHAV,1,1,2,2,4472247.3240,3115975.1264,3301983.6692,31.3778230,34.8663102,488.948,0.00,REFERENCE,ITRF2014_0
LHAZ,1,1,766,766,-106942.3840,5549269.7252,3139215.2899,29.6573348,91.1040352,3624.619,1.40,RNX2SNX,IGS00|IGS08|IGS14|IGS14_0|IGS20|IGS20_0|IGS97|IGb08|ITRF00|ITRF2005|ITRF2014_0
LHCL,1,1,2,2,2079355.5764,-4582903.5356,-3905925.6241,-38.0026591,-65.5952479,404.552,0.00,REFERENCE,ITRF2014_0
LHO1,1,1,1,1,-3449138.2121,5166294.0548,1442653.6691,13.1597654,123.7279963,140.553,0.00,RNXHDR,
LHO2,1,1,516,516,-3449134.4572,5166301.9751,1442633.1447,13.1595755,123.7279270,140.264,314.65,RNXHDR,
LHOV,1,1,108,108,-3449134.5337,5166302.0511,1442633.1146,13.1595750,123.7279272,140.360,23.04,GPSEST,ITRF2005
LHUE,1,1,55,55,-5536611.2319,-2087777.6190,2372844.8894,21.9845605,-159.3392517,45.964,0.71,RNX2SNX,ITRF00|ITRF2005|ITRF2014_0
LIBA,1,1,56,56,-3340955.6239,5283803.5137,1261331.4087,11.4820549,122.3052192,126.322,0.01,RNX2SNX,IGS14|IGS20
LIDO,1,1,392,392,-3450906.9771,5163283.4734,1449025.7738,13.2189790,123.7569903,113.653,0.07,GPSEST,ITRF2005
LIUC,1,1,18,18,-2983890.7814,5092213.8345,2409986.3205,22.3466810,120.3690754,62.028,0.02,OTHER,WGS-84
LIVE,1,1,2,2,3801351.5659,-200432.9168,5100558.4150,53.4496967,-3.0182254,66.046,0.00,REFERENCE,ITRF2014_0
LKHU,1,1,2,2,-496256.6132,-5510740.0722,3162058.0853,29.9134606,-95.1457555,-8.450,0.00,REFERENCE,ITRF2014_0
LKTH,1,1,2,2,2107961.0254,-3353969.0201,-4982126.4659,-51.6984102,-57.8507426,66.135,0.00,REFERENCE,ITRF2014_0
LLIV,1,1,2,2,4709586.2108,162244.7072,4285914.3242,42.4781282,1.9730528,1467.752,0.00,REFERENCE,ITRF2014_0
LLOR,1,1,619,619,-3635321.7028,5087563.7434,1253859.6749,11.4132279,125.5477259,78.132,0.55,RNX2SNX,IGS14|IGS20
LLOY,1,1,619,619,-3409001.3990,5315487.1780,895071.2837,8.1212153,122.6734235,126.583,0.16,RNX2SNX,IGS14|IGS20
LLPS,1,12,824,824,-3506290.7235,5204921.7350,1134763.3083,10.3168820,123.9661421,79.908,4.62,RNX2SNX,IGS14|IGS20|ITRF2005
LLPS,2,12,4,4,-3514143.5554,5198735.6588,1166463.0317,10.5997997,124.0571672,5111.075,165.33,GPSEST,ITRF2005
LLPS,3,12,2,2,-3511484.1268,5203906.9916,1140601.9734,10.3654520,124.0106273,3156.376,0.00,GPSEST,ITRF2005
LLPS,4,12,2,2,-3517297.2022,5205167.6769,1144922.4456,10.3968431,124.0481441,8162.448,0.00,GPSEST,ITRF2005
LLPS,5,12,2,2,-3519833.7768,5204768.2699,1137007.4196,10.3247711,124.0693486,7810.888,0.00,GPSEST,ITRF2005
LLPS,6,12,2,2,-3511061.0879,5202706.5118,1149874.7776,10.4498722,124.0135558,3620.044,0.00,GPSEST,ITRF2005
LLPS,7,12,2,2,-3503850.4157,5201202.2222,1152915.3049,10.4855657,123.9666372,-1018.084,0.00,GPSEST,ITRF2005
LLPS,8,12,2,2,-3511761.2685,5206787.4249,1155510.9646,10.4937348,123.9980245,8356.157,0.00,GPSEST,ITRF2005
LLPS,9,12,2,2,-3514241.6817,5200566.7412,1158995.7913,10.5308862,124.0485486,5287.292,0.00,GPSEST,ITRF2005
LLPS,10,12,2,2,-3499793.3236,5199480.4394,1168634.3948,10.6314223,123.9446717,-1769.442,0.00,GPSEST,ITRF2005
LLPS,11,12,2,2,-3516607.7226,5205027.7010,1159339.2644,10.5256514,124.0436482,10286.470,0.00,GPSEST,ITRF2005
LLPS,12,12,2,2,-3518077.2257,5198824.2676,1174986.1456,10.6716508,124.0864603,8922.181,0.00,GPSEST,ITRF2005
LMMF,1,1,700,700,2993387.4421,-5399363.7586,1596748.2409,14.5948186,-60.9961749,-27.135,0.31,RNX2SNX,IGS14|IGS14_0|IGS20|IGS20_0|ITRF2014_0
LMNO,1,1,2,2,-666737.0976,-5077560.9521,3789624.3663,36.6854463,-97.4807383,279.713,0.00,REFERENCE,ITRF2014_0
LMSA,1,1,52,52,-3184506.3831,5285094.0537,1609770.8157,14.7161312,121.0708502,117.173,0.00,RNX2SNX,ITRF00
LNDO,1,1,53,53,-3055641.9276,4905643.6387,2688858.0766,25.0973775,121.9180759,26.602,0.00,RNX2SNX,ITRF00|ITRF2005
LNKO,1,1,53,53,-3009908.0870,4935245.9040,2686854.0549,25.0763874,121.3781825,266.810,0.00,RNX2SNX,ITRF00|ITRF2005
LOPE,1,1,187,187,-3306680.6608,5235471.4331,1523839.8809,13.9146110,122.2761694,110.058,14.20,GPSEST,ITRF2005
LORD,1,1,2,2,-5082756.2702,1944860.7346,-3315204.0295,-31.5198847,159.0612006,71.406,0.00,REFERENCE,ITRF2014_0
LORE,1,1,56,56,-3698539.9199,5117093.0312,901450.9865,8.1795195,125.8587050,101.709,0.10,RNX2SNX,IGS14|IGS20
LOWE,1,1,2,2,3891549.4987,118911.0263,5035093.0180,52.4732257,1.7501976,53.840,0.00,REFERENCE,ITRF2014_0
LPAL,1,1,757,757,5326646.1972,-1719825.8915,3052043.9926,28.7638748,-17.8938249,2199.182,0.60,RNX2SNX,IGS00|IGS14|IGS14_0|IGS20|IGS20_0|ITRF00|ITRF2005|ITRF2014_0
LPAZ,1,1,2,2,-2022283.5417,-5461274.1166,2592317.1728,24.1387986,-110.3193489,-6.849,0.00,REFERENCE,ITRF2014_0
LPGS,1,1,772,772,2780103.0249,-4437419.0884,-3629404.3214,-34.9067431,-57.9323002,29.887,0.37,RNX2SNX,IGS00|IGS08|IGS14|IGS14_0|IGS20|IGS20_0|IGS97|IGb08|ITRF00|ITRF2005|ITRF2014_0|ITRF97
LPIL,1,1,2,2,-5813728.6972,1314042.5386,-2262941.5623,-20.9179852,167.2637819,73.219,0.00,REFERENCE,ITRF2014_0
LPPZ,1,1,2,2,4224156.2062,-351771.9749,4750009.6289,48.4462610,-4.7603948,98.555,0.00,REFERENCE,ITRF2014_0
LPTF,1,1,8,8,4202777.4464,171367.8869,4778660.1114,48.8359190,2.3349370,122.567,0.04,REFERENCE,IGS00|IGS97
LROC,1,1,758,758,4424632.3245,-94174.8507,4577544.3107,46.1589453,-1.2193119,57.851,0.63,RNX2SNX,IGS08|IGS14|IGS14_0|IGS20|IGS20_0|IGb08|ITRF00|ITRF2005|ITRF2014_0
LS02,1,1,106,53,-2967192.4291,5010439.1624,2593855.1015,24.1535027,120.6341050,119.725,0.46,RNX2SNX,ITRF00|ITRF2005
LS04,1,1,53,53,-2967191.1147,5010440.8906,2593852.1651,24.1534755,120.6340852,119.269,0.00,RNX2SNX,ITRF00|ITRF2005
LS08,1,1,106,53,-2967210.8355,5010437.5485,2593844.7760,24.1533882,120.6342689,122.790,2.64,RNX2SNX,ITRF00|ITRF2005
LTP1,1,1,51,51,-2960073.2773,5072142.4114,2480164.2331,23.0335864,120.2675910,54.970,0.00,RNX2SNX,ITRF00
LTPS,1,1,2,2,-2960121.0946,5072047.6424,2480154.0814,23.0337061,120.2684599,-2.146,106.63,REFERENCE,ITRF00|ITRF2005
LUBU,1,1,35,35,-3153070.9505,5210664.9382,1890625.5537,17.3550354,121.1789179,847.040,4.52,GPSEST,ITRF2005
LUCB,1,14,945,945,-3237908.2960,5272443.6397,1545327.5557,14.1139233,121.5548800,486.853,10.15,RNX2SNX,IGS14|IGS20|ITRF2005
LUCB,2,14,6,6,-3272184.5991,5254487.1874,1532584.4529,13.9961499,121.9122146,65.915,0.00,COORDINATE,ITRF2005
LUCB,3,14,4,4,-3171665.1718,5317817.9572,1525516.9522,13.9303158,120.8127924,70.723,0.00,GPSEST,ITRF2005
LUCB,4,14,4,4,-3245918.5026,5268068.4630,1569200.7008,14.3219210,121.6392843,6806.270,386.79,GPSEST,ITRF2005
LUCB,5,14,4,4,-3246693.7933,5267572.1903,1577051.9630,14.3906168,121.6478067,8737.739,165.95,GPSEST,ITRF2005
LUCB,6,14,2,2,-3260335.2799,5271757.0547,1544010.4031,14.0777957,121.7348535,11011.267,0.00,GPSEST,ITRF2005
LUCB,7,14,2,2,-3242918.9695,5270834.7433,1560347.0131,14.2427036,121.6022064,5380.819,0.00,GPSEST,ITRF2005
LUCB,8,14,2,2,-3236149.1395,5270128.7539,1563604.4890,14.2804477,121.5522152,2164.625,0.00,GPSEST,ITRF2005
LUCB,9,14,2,2,-3243494.7555,5274744.9890,1565739.7340,14.2818057,121.5877844,10229.721,0.00,GPSEST,ITRF2005
LUCB,10,14,2,2,-3232336.9930,5268001.5890,1579283.9135,14.4262147,121.5324188,2363.280,0.00,GPSEST,ITRF2005
LUCB,11,14,2,2,-3249051.5514,5273204.2325,1569673.0705,14.3126262,121.6390374,12752.165,0.00,GPSEST,ITRF2005
LUCB,12,14,2,2,-3242173.7001,5271339.2405,1554866.9861,14.1946400,121.5938821,4072.809,0.00,GPSEST,ITRF2005
LUCB,13,14,2,2,-3246718.8520,5272128.0793,1561774.5537,14.2483232,121.6258834,8730.268,0.00,GPSEST,ITRF2005
LUCB,14,14,2,2,-3240852.0758,5270645.9920,1553478.9077,14.1853241,121.5868208,2488.838,0.00,GPSEST,ITRF2005
LUN1,1,1,53,53,-3085399.6870,5279093.0681,1808630.0395,16.5825574,120.3044235,83.993,1.96,GPSEST,ITRF2005
LUN2,1,1,41,41,-3094048.7423,5282099.8921,1785081.0018,16.3606542,120.3601133,84.248,1.34,GPSEST,ITRF2005
LUZA,1,1,507,507,-3101061.9587,5329167.3388,1627029.9258,14.8775470,120.1952816,81.946,86.41,GPSEST,ITRF2005|WGS-84
LUZB,1,1,498,498,-3123723.3077,5299409.1824,1679948.4771,15.3727705,120.5171158,156.799,175.41,GPSEST,ITRF2005|WGS-84
LUZC,1,1,548,548,-3113517.6957,5271344.4835,1788407.0926,16.3879588,120.5682072,1597.728,94.30,GPSEST,ITRF2005|WGS-84
LUZD,1,1,561,561,-3083378.3499,5243834.1948,1911084.4705,17.5509278,120.4555594,97.620,76.59,GPSEST,ITRF2005|WGS-84
LUZE,1,1,461,461,-3174304.5434,5262734.8200,1700016.8417,15.5610440,121.0969661,116.801,86.43,GPSEST,ITRF2005|WGS-84
LUZF,1,1,558,558,-3171962.7223,5255504.6951,1726962.1038,15.8135549,121.1131040,277.709,78.01,GPSEST,ITRF2005|WGS-84
LUZG,1,1,557,557,-3192900.2617,5213987.8025,1811314.0481,16.6075379,121.4821369,205.268,92.35,GPSEST,ITRF2005|WGS-84
LUZH,1,1,480,480,-3202973.2981,5165094.7641,1928646.7900,17.7174060,121.8038368,106.383,112.44,GPSEST,ITRF2005|WGS-84
LUZI,1,1,438,438,-3204575.9859,5142775.3442,1984260.9184,18.2458456,121.9279378,50.206,107.08,GPSEST,ITRF2005|WGS-84
LUZL,1,1,456,456,-3198609.4098,5279866.6020,1599527.7017,14.6201243,121.2080068,250.304,110.55,GPSEST,ITRF2005|WGS-84
LUZN,1,1,270,270,-3288766.3997,5250772.3512,1510032.0348,13.7860524,122.0605415,119.702,104.69,GPSEST,ITRF2005|WGS-84
LUZP,1,1,254,254,-3188357.1876,5311502.6733,1513096.9693,13.8145054,120.9753004,152.277,162.36,GPSEST,ITRF2005|WGS-84
LUZR,1,1,26,26,-3113272.4338,5271575.3972,1788291.6899,16.3867697,120.5651319,1636.260,3.18,GPSEST,ITRF2005
LUZS,1,1,2,2,-3309350.2160,5225759.4159,1550787.4867,14.1657630,122.3451161,68.866,0.00,RNXHDR,
LWTG,1,1,2,2,3181624.2216,-63327.3782,5509083.8396,60.1540555,-1.1402706,51.606,0.00,REFERENCE,ITRF2014_0
LYC3,1,1,5,5,-3549253.8998,5151094.7879,1241903.3602,11.3026897,124.5679700,240.443,9.27,GPSEST,ITRF2005
LYNS,1,1,2,2,2108477.8066,-1781679.0594,5730747.2170,64.4304805,-40.1980527,174.020,0.00,REFERENCE,ITRF2014_0
LYTT,1,1,2,2,-4588535.8835,585996.6906,-4376497.2636,-43.6058446,172.7222164,18.539,0.00,REFERENCE,ITRF2014_0
LZA1,1,1,13,13,-3100842.6273,5329385.8225,1626745.9782,14.8748846,120.1924989,84.949,2.71,GPSEST,ITRF2005
LZC1,1,1,13,13,-3113503.7352,5271339.9180,1788437.2322,16.3882481,120.5681165,1595.649,12.00,GPSEST,ITRF2005
M0SE,1,1,268,268,4642432.1710,1028629.7965,4236854.4804,41.8931165,12.4932635,120.566,0.27,RNX2SNX,IGS20|IGS20_0
MAA1,1,1,55,55,-3407821.9238,5203043.3312,1408242.2144,12.8407035,123.2234775,61.929,4.41,GPSEST,ITRF2005
MAB1,1,1,78,78,-3428396.8933,5199410.4096,1371765.2744,12.5026261,123.4001337,122.603,695.19,GPSEST,ITRF2005
MAB2,1,1,21,21,-3428013.3028,5199466.2439,1372340.2141,12.5080219,123.3969047,86.462,0.05,GPSEST,ITRF2005
MABN,1,13,1107,1107,-3059781.7367,5312404.4030,1754110.7246,16.0692301,119.9406209,71.667,6.96,RNX2SNX,IGS14|IGS20|ITRF2005
MABN,2,13,4,4,-3068849.5959,5307846.5860,1785849.4889,16.3429639,120.0353094,9491.157,155.85,GPSEST,ITRF2005
MABN,3,13,2,2,-3082570.1941,5312364.8786,1752584.8210,16.0276053,120.1250189,10578.003,0.00,GPSEST,ITRF2005
MABN,4,13,2,2,-3064876.2061,5310917.8250,1769263.0618,16.1975526,119.9888035,5489.275,0.00,GPSEST,ITRF2005
MABN,5,13,2,2,-3059012.1776,5312956.5601,1773396.3621,16.2363169,119.9318130,5527.651,0.00,GPSEST,ITRF2005
MABN,6,13,2,2,-3066275.0350,5316178.3847,1775154.3410,16.2353558,119.9755666,12181.045,0.00,GPSEST,ITRF2005
MABN,7,13,2,2,-3068485.3268,5309245.6922,1778379.2717,16.2756591,120.0258197,8380.929,0.00,GPSEST,ITRF2005
MABN,8,13,2,2,-3054024.8784,5308488.8563,1787801.5475,16.3772903,119.9122335,3468.244,0.00,GPSEST,ITRF2005
MABN,9,13,2,2,-3070969.8754,5313249.3124,1778254.8232,16.2626786,120.0271991,12867.055,0.00,GPSEST,ITRF2005
MABN,10,13,2,2,-3067688.4779,5307996.2616,1778065.2408,16.2766834,120.0252149,6871.759,0.00,GPSEST,ITRF2005
MABN,11,13,2,2,-3064051.4635,5311365.6119,1763589.8654,16.1484124,119.9800374,3885.713,0.00,GPSEST,ITRF2005
MABN,12,13,2,2,-3068701.2925,5312204.1208,1770495.2775,16.2006122,120.0137403,8739.440,0.00,GPSEST,ITRF2005
MABN,13,13,2,2,-3062729.8718,5310665.7739,1762242.7404,16.1399055,119.9726069,2294.540,0.00,GPSEST,ITRF2005
MAC1,1,1,772,772,-3464039.0015,1334173.3315,-5169223.7767,-54.4995249,158.9358285,-6.821,0.95,RNX2SNX,IGS00|IGS08|IGS14|IGS14_0|IGS20|IGS20_0|IGS97|IGb08|ITRF00|ITRF2005|ITRF2014_0|ITRF97
MAC2,1,1,83,83,-3445139.4906,5185359.1078,1382586.1011,12.6029654,123.5999627,57.278,3.34,GPSEST,ITRF2005
MACL,1,1,10,10,-3414753.3755,5199934.0492,1402940.4364,12.7915652,123.2925726,57.215,4.47,GPSEST,ITRF2005
MACR,1,1,86,86,-3141920.7604,5266410.9761,1747902.3709,16.0106601,120.8201415,146.712,7.35,GPSEST,ITRF2005
MACZ,1,2,14,14,-3445139.4944,5185359.1974,1382586.2110,12.6029662,123.5999623,57.377,6.94,GPSEST,ITRF2005
MACZ,2,2,5,5,-3407821.8187,5203043.4395,1408242.2762,12.8407040,123.2234762,61.975,3.35,GPSEST,ITRF2005
MAD1,1,1,62,62,-3459400.9143,5181639.8442,1361004.4758,12.4030955,123.7281301,80.853,203.07,GPSEST,ITRF2005
MAD2,1,2,83,83,-3459403.7305,5181646.1428,1360981.3999,12.4028786,123.7281195,82.540,24.82,GPSEST,ITRF2005
MAD2,2,2,64,64,4849202.4117,-360329.0611,4114913.1323,40.4291612,-4.2496601,829.438,0.25,RNX2SNX,IGS00|IGS97|ITRF00|ITRF2005|ITRF2014_0|ITRF97
MAD3,1,1,10,10,-3459404.1055,5181646.2958,1360981.5190,12.4028790,123.7281216,82.893,1.46,GPSEST,ITRF2005
MADR,1,1,73,64,4849202.4117,-360329.0611,4114913.1323,40.4291612,-4.2496601,829.438,0.25,RNX2SNX,IGS00|IGS97|ITRF00|ITRF2005|ITRF2014_0|ITRF97
MAE1,1,1,144,144,-3450594.7571,5188490.0053,1357226.9394,12.3681586,123.6258119,69.028,6.94,GPSEST,ITRF2005
MAEW,1,1,2,2,-6029779.4624,1275336.2974,-1636706.6438,-14.9680707,168.0575870,74.762,0.00,REFERENCE,ITRF2014_0
MAF1,1,1,60,60,-3480415.2099,5174817.5266,1333200.3448,12.1459164,123.9235033,62.467,1.97,GPSEST,ITRF2005
MAG0,1,1,64,64,-2825810.2077,1581232.9421,5477005.5104,59.5757545,150.7700202,361.838,0.22,RNX2SNX,IGS00|IGS97|ITRF00|ITRF2005|ITRF2014_0|ITRF97
MAGA,1,1,120,120,-3142467.0258,5293418.8909,1663623.3176,15.2200031,120.6957175,81.982,8.92,GPSEST,ITRF2005
MAGU,1,1,619,619,-3613921.1928,5202799.3871,740766.9596,6.7142083,124.7842653,105.836,1.58,RNX2SNX,IGS14|IGS20
MAID,1,1,9,9,1953285.8029,4588973.8399,3966767.6645,38.6848946,66.9430862,2713.594,0.10,REFERENCE,IGS00|IGS97|ITRF97
MAJ1,1,1,1,1,-3413583.6200,5225436.0300,1308630.3500,11.9187687,123.1550965,90.774,0.00,RNXHDR,
MAJA,1,1,53,53,-3001267.1180,5064358.6310,2446967.2050,22.7076498,120.6520554,211.810,0.00,RNX2SNX,ITRF00|ITRF2005
MAJU,1,1,270,270,-6257572.0443,950333.8471,785215.7587,7.1191531,171.3645102,33.694,1.16,RNX2SNX,IGS20|IGS20_0|ITRF2014_0
MAK1,1,1,1,1,-3495222.8170,5172118.9472,1304830.7853,11.8837171,124.0501039,64.530,0.00,RNXHDR,
MAL1,1,3,92,92,-3469749.7367,5167047.5365,1389537.9186,12.6673628,123.8819515,58.020,7.15,GPSEST,ITRF2005
MAL1,2,3,19,19,-3459403.9615,5181646.6232,1360981.5444,12.4028788,123.7281188,83.086,7.49,GPSEST,ITRF2005
MAL1,3,3,1,1,-3450240.9446,5188621.3538,1357646.5462,12.3720311,123.6224341,74.379,0.00,COORDINATE,ITRF2005
MAL2,1,1,703,703,4865385.3469,4110717.5997,-331137.2900,-2.9960523,40.1941476,-20.925,0.63,RNX2SNX,IGS14|IGS14_0|IGS20|IGS20_0|IGb08|ITRF2014_0
MALA,1,4,796,796,-3334172.9193,5210060.6697,1550585.1935,14.1637970,122.6171685,104.081,4.24,RNX2SNX,IGS14|IGS20|ITRF2005
MALA,2,4,108,108,-3443457.0329,5162589.0332,1468722.8441,13.4020439,123.7033655,60.755,3.48,GPSEST,ITRF2005
MALA,3,4,2,2,5103282.1852,-392096.3754,3793147.2014,36.7261158,-4.3935288,119.826,0.00,REFERENCE,ITRF2014_0
MALA,4,4,1,1,-3184296.3529,5287333.3121,1602895.3336,14.6518763,121.0584522,124.953,0.00,COORDINATE,ITRF2005
MALD,1,1,64,64,1803858.2013,6099997.8068,462749.5427,4.1886818,73.5262842,-92.002,0.59,RNX2SNX,IGS00|IGS08|IGb08|ITRF00|ITRF2005|ITRF2014_0
MALG,1,1,1790,1790,-3194107.8143,5190574.3771,1874561.6134,17.2051052,121.6067672,111.222,164.52,RNX2SNX,IGS14|IGS20|ITRF2005
MALI,1,1,781,772,4865366.0069,4110738.0062,-331121.2393,-2.9959081,40.1944001,-23.365,0.89,RNX2SNX,IGS00|IGS08|IGS14|IGS14_0|IGS20|IGS20_0|IGS97|IGb08|ITRF00|ITRF2005|ITRF2014_0|ITRF97
MALL,1,1,2,2,4919369.3938,225499.9777,4039849.8914,39.5526273,2.6245557,62.020,0.00,REFERENCE,ITRF2014_0
MALS,1,16,956,956,-3158746.1675,5295844.6518,1624798.3590,14.8567307,120.8142796,60.985,13.18,RNX2SNX,IGS14|IGS20|ITRF2005
MALS,2,16,4,4,-3167594.4621,5291026.0959,1656497.4531,15.1323301,120.9078183,8651.198,184.04,GPSEST,ITRF2005
MALS,3,16,2,2,-3169938.1621,5296544.7814,1634675.4124,14.9282191,120.9001713,8727.845,0.00,GPSEST,ITRF2005
MALS,4,16,2,2,-3172043.0967,5295924.6496,1626937.9893,14.8594508,120.9198907,7269.881,0.00,GPSEST,ITRF2005
MALS,5,16,2,2,-3030988.8057,4924099.5475,2683158.6098,25.0403976,121.6140316,68.784,0.00,COORDINATE,ITRF2005
MALS,6,16,2,2,-3181533.9627,5296077.4975,1623350.6503,14.8165703,120.9946705,11197.206,0.00,GPSEST,ITRF2005
MALS,7,16,2,2,-3163881.3224,5294369.6487,1639996.4831,14.9862214,120.8622683,5294.272,0.00,GPSEST,ITRF2005
MALS,8,16,2,2,-3158097.9411,5296371.3037,1644188.8126,15.0257001,120.8066002,5176.625,0.00,GPSEST,ITRF2005
MALS,9,16,2,2,-3165804.5458,5300251.2267,1646254.5015,15.0266690,120.8495891,12744.299,0.00,GPSEST,ITRF2005
MALS,10,16,2,2,-3167411.3950,5292619.0712,1649153.0091,15.0653373,120.8987584,7966.950,0.00,GPSEST,ITRF2005
MALS,11,16,2,2,-3153449.5211,5291891.0594,1658821.2313,15.1679465,120.7908071,2974.113,0.00,GPSEST,ITRF2005
MALS,12,16,2,2,-3169839.4817,5296493.3446,1648967.4877,15.0530040,120.8996305,12333.060,0.00,GPSEST,ITRF2005
MALS,13,16,2,2,-3166626.0714,5291316.0746,1648734.7919,15.0652613,120.8987142,6389.184,0.00,GPSEST,ITRF2005
MALS,14,16,2,2,-3163012.5601,5294861.4133,1634358.2445,14.9370825,120.8529971,3815.987,0.00,GPSEST,ITRF2005
MALS,15,16,2,2,-3167559.2325,5295584.6769,1641216.2275,14.9900171,120.8857957,8440.218,0.00,GPSEST,ITRF2005
MALS,16,16,2,2,-3161655.1712,5294072.9037,1632952.5555,14.9280091,120.8459268,2127.136,0.00,GPSEST,ITRF2005
MALY,1,1,619,619,-3190180.3647,5281863.1690,1608954.0979,14.7086145,121.1314596,68.794,0.22,RNX2SNX,IGS14|IGS20
MAMB,1,1,870,870,-3161993.2592,5344957.2008,1449377.6361,13.2223225,120.6078966,77.628,3.71,RNX2SNX,IGS14|IGS20|ITRF2005
MAMN,1,1,53,53,-2965570.6065,5001696.4055,2612487.4671,24.3378318,120.6642510,159.265,0.00,RNX2SNX,ITRF00|ITRF2005
MANA,1,1,60,60,407981.8125,-6222925.7164,1333528.9113,12.1489379,-86.2489942,71.032,0.13,RNX2SNX,IGS08|IGb08|ITRF00|ITRF2005|ITRF2014_0
MANI,1,1,1,1,-3184298.3908,5287336.0726,1602895.3738,14.6518688,121.0584552,128.268,0.00,RNXHDR,
MANL,1,1,140,140,-3177118.3776,5293321.8082,1597133.1726,14.5982148,120.9727118,57.298,0.05,OTHER,WGS-84
MANZ,1,1,4,4,-1489330.6908,-5843667.5730,2070027.8399,19.0638656,-104.2981449,-14.174,0.00,REFERENCE,IGS00
MAPA,1,1,2,2,4005461.1255,-4963550.3329,5162.3594,0.0466868,-51.0973371,-4.235,0.00,REFERENCE,ITRF2014_0
MAR2,1,1,619,619,-3173333.5147,5289843.0097,1615968.6753,14.7741813,120.9591985,63.253,0.21,RNX2SNX,IGS14|IGS20
MAR6,1,1,767,767,2998189.1411,931452.0714,5533398.9553,60.5951464,17.2585331,75.597,0.71,RNX2SNX,IGS00|IGS08|IGS14|IGS14_0|IGS20|IGS20_0|IGS97|IGb08|ITRF00|ITRF2005|ITRF2014_0|ITRF97
MARA,1,1,2,2,1976117.1820,-5948895.1177,1173592.2930,10.6739793,-71.6244302,28.371,0.00,REFERENCE,ITRF2014_0
MARG,1,1,2,2,584120.2680,-1293359.2906,6198091.0078,77.1870371,-65.6946220,670.590,0.00,REFERENCE,ITRF2014_0
MARK,1,17,955,955,-3188285.8931,5285606.6200,1600442.1903,14.6290989,121.0984433,66.662,7.51,RNX2SNX,IGS14|IGS20|ITRF2005
MARK,2,17,4,4,-3030965.1147,4924094.1429,2683167.3721,25.0405343,121.6138597,57.071,0.00,COORDINATE,ITRF2005
MARK,3,17,4,4,-3197131.3986,5280790.4922,1632176.7898,14.9052044,121.1918308,8593.633,183.66,GPSEST,ITRF2005
MARK,4,17,2,2,-3193526.0102,5284828.1407,1606105.5454,14.6739389,121.1438092,3474.661,0.00,GPSEST,ITRF2005
MARK,5,17,2,2,-3199682.6443,5286452.0408,1610384.3246,14.7008349,121.1848794,8985.585,0.00,GPSEST,ITRF2005
MARK,6,17,2,2,-3201574.2613,5285134.7148,1602447.7932,14.6318653,121.2062094,6833.864,0.00,GPSEST,ITRF2005
MARK,7,17,2,2,-3210410.1480,5284472.2831,1598889.6295,14.5916422,121.2794191,9822.861,0.00,GPSEST,ITRF2005
MARK,8,17,2,2,-3193228.4389,5283723.3208,1615412.2650,14.7577621,121.1467485,4775.394,0.00,GPSEST,ITRF2005
MARK,9,17,2,2,-3187575.2686,5286392.3954,1620043.5451,14.7996680,121.0890284,5341.278,0.00,GPSEST,ITRF2005
MARK,10,17,2,2,-3194102.2098,5288022.0276,1620851.4067,14.7957266,121.1330630,10157.183,0.00,GPSEST,ITRF2005
MARK,11,17,2,2,-3196793.2383,5282390.3795,1624692.5589,14.8371492,121.1814575,7826.423,0.00,GPSEST,ITRF2005
MARK,12,17,2,2,-3182687.1690,5281272.5689,1634401.5054,14.9410225,121.0746976,2349.045,0.00,GPSEST,ITRF2005
MARK,13,17,2,2,-3199252.2702,5286024.5637,1624554.0868,14.8258189,121.1835178,12027.300,0.00,GPSEST,ITRF2005
MARK,14,17,2,2,-3196153.8120,5281051.0906,1624335.4408,14.8374470,121.1828160,6307.352,0.00,GPSEST,ITRF2005
MARK,15,17,2,2,-3192550.7895,5284535.1572,1609988.4068,14.7095948,121.1374696,3729.025,0.00,GPSEST,ITRF2005
MARK,16,17,2,2,-3197134.1041,5285326.7139,1616858.5893,14.7625848,121.1700609,8424.818,0.00,GPSEST,ITRF2005
MARK,17,17,2,2,-3191239.0392,5283911.7266,1608647.1579,14.7006543,121.1300404,2216.393,0.00,GPSEST,ITRF2005
MARL,1,1,1355,1355,-3172358.9528,5290608.4893,1615329.6643,14.7682393,120.9477789,50.407,1.98,RNX2SNX,IGS14|IGS20|ITRF2005
MARN,1,1,2,2,3448359.2936,2680706.1859,-4632432.3587,-46.8764560,37.8609941,61.913,0.00,REFERENCE,ITRF2014_0
MARS,1,1,7,7,4630532.9015,433946.1491,4350142.6161,43.2787683,5.3537851,61.824,0.38,REFERENCE,IGS97|ITRF2014_0|ITRF97
MAS1,1,1,781,772,5439192.1263,-1522055.1129,2953455.1524,27.7637445,-15.6332723,197.124,0.70,RNX2SNX,IGS00|IGS08|IGS14|IGS14_0|IGS20|IGS20_0|IGS97|IGb08|ITRF00|ITRF2005|ITRF2014_0|ITRF97
MASA,1,3,124,124,-3408508.3001,5202682.1140,1407920.8310,12.8377226,123.2305899,62.609,83.08,GPSEST,ITRF2005
MASA,2,3,1,1,-3450307.7700,5188527.5200,1357546.2300,12.3712251,123.6234235,12.709,0.00,COORDINATE,ITRF2005
MASA,3,3,1,1,-3459394.3800,5181615.5100,1361072.4100,12.4037416,123.7282044,72.135,0.00,COORDINATE,ITRF2005
MASB,1,1,104,104,-3428029.3891,5199458.4960,1372327.7067,12.5079068,123.3970675,86.082,5.05,GPSEST,ITRF2005
MASC,1,1,186,186,-3445134.8168,5185431.7525,1382358.8000,12.6008460,123.5995569,64.212,964.65,GPSEST,ITRF2005
MASD,1,1,122,122,-3459415.4620,5181643.5115,1360959.9992,12.4026812,123.7282227,82.168,116.05,GPSEST,ITRF2005
MASE,1,1,483,483,-3450326.7092,5188571.2776,1357576.4449,12.3714010,123.6233457,65.017,191.61,GPSEST,ITRF2005
MASF,1,3,207,207,-3480424.9687,5174809.6035,1333204.8782,12.1459587,123.9236184,62.318,164.59,GPSEST,ITRF2005
MASF,2,3,1,1,-3459428.8700,5181660.9400,1361011.7800,12.4030958,123.7282362,114.717,0.00,COORDINATE,ITRF2005
MASF,3,3,1,1,-3087542.3504,5297592.8112,1750208.8950,16.0325938,120.2344821,51.066,0.00,COORDINATE,ITRF2005
MASG,1,3,489,489,-3468114.3387,5182168.6263,1336745.2929,12.1786679,123.7920195,77.428,66.48,GPSEST,ITRF2005
MASG,2,3,1,1,-3398376.9600,5233041.6200,1317407.7300,12.0000000,123.0000000,24.997,0.00,COORDINATE,ITRF2005
MASG,3,3,1,1,-3480459.6200,5174848.8700,1333196.5400,12.1457862,123.9236812,111.323,0.00,COORDINATE,ITRF2005
MASH,1,2,232,232,-3469711.3846,5180257.6878,1340282.5903,12.2112572,123.8139831,141.020,95.70,GPSEST,ITRF2005
MASH,2,2,1,1,-3468522.2600,5181216.6900,1339037.7100,12.2000000,123.8000000,9.995,0.00,COORDINATE,ITRF2005
MASI,1,2,238,238,-3441833.1716,5198359.1469,1341711.1851,12.2246169,123.5085395,66.081,54.93,GPSEST,ITRF2005
MASI,2,2,1,1,-3408518.3700,5202645.5900,1407930.5000,12.8378581,123.2308519,40.350,0.00,COORDINATE,ITRF2005
MASJ,1,2,161,161,-3415474.9631,5220840.9591,1321744.3471,12.0400079,123.1927178,62.707,264.78,GPSEST,ITRF2005
MASJ,2,2,1,1,-3087542.3504,5297592.8112,1750208.8950,16.0325938,120.2344821,51.066,0.00,COORDINATE,ITRF2005
MASK,1,1,204,204,-3495221.8332,5172116.5159,1304829.3030,11.8837088,124.0501089,61.715,410.86,GPSEST,ITRF2005
MASL,1,1,78,78,-3469749.7931,5167047.3241,1389537.6695,12.6673609,123.8819530,57.824,9.44,GPSEST,ITRF2005
MASM,1,2,619,619,-3639110.1354,5197786.3609,647149.8276,5.8625659,124.9969003,86.186,2.72,RNX2SNX,IGS14|IGS20
MASM,2,2,15,15,-3421437.0828,5211708.6423,1342060.4723,12.2278585,123.2845176,60.517,4.02,GPSEST,ITRF2005
MASP,1,1,27,9,5439192.2462,-1522055.5797,2953454.7677,27.7637404,-15.6332765,197.159,10.09,REFERENCE,IGS00|IGS97|ITRF97
MASU,1,1,5,5,-3467131.2543,5181558.0871,1341586.9454,12.2234594,123.7876318,70.339,5.83,GPSEST,ITRF2005
MAT1,1,1,691,691,4641951.0783,1393054.0402,4133281.1605,40.6490655,16.7045518,534.529,0.87,RNX2SNX,IGS00|IGS08|IGS14|IGS14_0|IGS20|IGS97|IGb08|ITRF00|ITRF2005|ITRF2014_0
MATE,1,1,790,772,4641949.1809,1393045.8121,4133287.7615,40.6491352,16.7044651,535.655,0.87,RNX2SNX,IGS00|IGS08|IGS14|IGS14_0|IGS20|IGS20_0|IGS97|IGb08|ITRF00|ITRF2005|ITRF2014_0|ITRF97
MATH,1,1,2,2,-2443215.7009,-4706037.1703,3533477.7504,33.8566862,-117.4368165,396.868,0.00,REFERENCE,ITRF2014_0
MAUB,1,16,1161,1161,-3252861.0723,5260329.6236,1553383.0069,14.1899723,121.7316478,62.895,111.32,RNX2SNX,IGS14|IGS20|ITRF2005
MAUB,2,16,4,4,-3260844.2681,5255936.4971,1577289.0384,14.3981969,121.8159468,6419.706,453.86,GPSEST,ITRF2005
MAUB,3,16,4,4,-3261583.7725,5255415.7123,1585095.1939,14.4665619,121.8243110,8314.344,158.70,GPSEST,ITRF2005
MAUB,4,16,2,2,-3258052.3223,5259539.2185,1559014.4623,14.2347294,121.7763866,3442.385,0.00,GPSEST,ITRF2005
MAUB,5,16,2,2,-3264037.6608,5260991.3418,1563307.0507,14.2625452,121.8163975,8751.821,0.00,GPSEST,ITRF2005
MAUB,6,16,2,2,-3266273.4119,5260066.3851,1555441.8412,14.1928525,121.8384901,7199.853,0.00,GPSEST,ITRF2005
MAUB,7,16,2,2,-3275182.4912,5259563.9031,1551926.4510,14.1526360,121.9109305,10486.764,0.00,GPSEST,ITRF2005
MAUB,8,16,2,2,-3257835.3846,5258574.4508,1568411.5771,14.3190665,121.7793842,4854.260,0.00,GPSEST,ITRF2005
MAUB,9,16,2,2,-3250764.0113,5257546.7460,1571568.1957,14.3569751,121.7286820,1183.757,0.00,GPSEST,ITRF2005
MAUB,10,16,2,2,-3258546.1037,5262613.1796,1573728.5496,14.3570584,121.7652881,9860.103,0.00,GPSEST,ITRF2005
MAUB,11,16,2,2,-3247436.4770,5256150.1341,1587428.3692,14.5023743,121.7092470,2291.171,0.00,GPSEST,ITRF2005
MAUB,12,16,2,2,-3263835.4640,5260833.7233,1577553.8239,14.3876386,121.8155764,12043.754,0.00,GPSEST,ITRF2005
MAUB,13,16,2,2,-3267114.6849,5258123.9668,1584239.7706,14.4473331,121.8545888,13154.068,0.00,GPSEST,ITRF2005
MAUB,14,16,2,2,-3257083.6581,5259191.0467,1562916.9778,14.2706890,121.7704578,3621.937,0.00,GPSEST,ITRF2005
MAUB,15,16,2,2,-3261627.1323,5259981.4176,1569810.6877,14.3241739,121.8023641,8294.564,0.00,GPSEST,ITRF2005
MAUB,16,16,2,2,-3255735.6968,5258483.2120,1561532.6644,14.2614881,121.7632939,2009.797,0.00,GPSEST,ITRF2005
MAUI,1,1,771,767,-5466069.1512,-2404326.8128,2242128.0923,20.7066608,-156.2570362,3062.087,132.68,RNX2SNX,IGS00|IGS08|IGS14|IGS14_0|IGS20|IGS20_0|IGS97|IGb08|ITRF00|ITRF2005|ITRF2014_0|ITRF97
MAW1,1,1,767,767,1111287.2247,2168911.1708,-5874493.5985,-67.6047670,62.8707135,59.115,0.25,RNX2SNX,IGS00|IGS08|IGS14|IGS14_0|IGS20|IGS20_0|IGS97|IGb08|ITRF00|ITRF2005|ITRF2014_0|ITRF97
MAYA,1,1,72,72,-3161822.2519,5271446.4508,1696155.9801,15.5249313,120.9553992,76.047,3.59,GPSEST,ITRF2005
MAYZ,1,1,2,2,2352504.3793,-5585159.4958,1981262.2537,18.2175856,-67.1588674,-38.620,0.00,REFERENCE,ITRF2014_0
MBAR,1,1,766,766,5482951.0559,3260442.9809,-66519.5228,-0.6014661,30.7378803,1337.538,0.87,RNX2SNX,IGS00|IGS08|IGS14|IGS14_0|IGS20|IGS20_0|IGS97|IGb08|ITRF00|ITRF2005|ITRF2014_0
MCD1,1,1,2,2,733468.1554,-5595633.4802,2961793.1835,27.8498217,-82.5323205,-15.887,0.00,REFERENCE,ITRF2014_0
MCD5,1,1,2,2,733468.1765,-5595633.6354,2961793.2753,27.8498218,-82.5323205,-15.706,0.00,REFERENCE,ITRF2014_0
MCHL,1,1,268,268,-4857859.1240,3018464.3353,-2814982.9628,-26.3588991,148.1449632,534.604,0.63,RNX2SNX,IGS20|IGS20_0
MCIL,1,1,705,705,-5227187.2990,2551881.5842,2607618.3937,24.2900987,153.9786464,35.660,1.55,RNX2SNX,IGS08|IGS14|IGS14_0|IGS20|IGS20_0|IGb08|ITRF2014_0
MCM4,1,1,772,772,-1311702.9923,310814.7591,-6213255.1463,-77.8383514,166.6693368,97.961,0.44,RNX2SNX,IGS00|IGS08|IGS14|IGS14_0|IGS20|IGS20_0|IGS97|IGb08|ITRF00|ITRF2005|ITRF2014_0|ITRF97
MCMU,1,1,18,9,-1310658.4539,310441.4503,-6213381.9162,-77.8482438,166.6745439,-10.275,49.40,REFERENCE,IGS00|IGS97|ITRF97
MDO1,1,1,772,772,-1329999.0315,-5328393.3746,3236504.0594,30.6805101,-104.0149956,2004.498,0.38,RNX2SNX,IGS00|IGS08|IGS14|IGS14_0|IGS20|IGS20_0|IGS97|IGb08|ITRF00|ITRF2005|ITRF2014_0|ITRF97
MDQT,1,1,53,53,-3295059.2678,5262090.1108,1456036.6590,13.2842065,122.0543168,55.421,0.16,GPSEST,ITRF2005
MDSI,1,1,2,2,1173609.4454,-4871158.5896,3933267.2509,38.3189172,-76.4538809,-18.100,0.00,REFERENCE,ITRF2014_0
MDVJ,1,1,762,762,2845455.6449,2160954.4947,5265993.3540,56.0214944,37.2145114,257.112,0.65,RNX2SNX,IGS00|IGS08|IGS14|IGS14_0|IGS20|IGS20_0|IGb08|ITRF00|ITRF2005|ITRF2014_0
MDVO,1,1,784,767,2844671.6507,2161070.4291,5266364.0129,56.0274822,37.2235969,254.787,4.34,RNX2SNX,IGS00|IGS08|IGS14|IGS14_0|IGS20|IGS20_0|IGS97|IGb08|ITRF00|ITRF2005|ITRF2014_0|ITRF97
MDVS,1,1,43,43,-3648589.5276,5177571.2772,748256.6596,6.7823096,125.1720207,194.376,5.74,GPSEST,ITRF2005
MEDI,1,1,775,767,4461400.3757,919593.9685,4449504.9984,44.5199605,11.6468206,49.988,0.83,RNX2SNX,IGS00|IGS08|IGS14|IGS14_0|IGS20|IGS20_0|IGS97|IGb08|ITRF00|ITRF2005|ITRF2014_0|ITRF97
MELI,1,1,268,268,5205628.0032,-268410.5614,3663428.6858,35.2811915,-2.9516487,88.806,0.27,RNX2SNX,IGS20|IGS20_0
MERI,1,1,2,2,39480.7403,-5957733.0990,2269335.1185,20.9800453,-89.6203176,7.860,0.00,REFERENCE,ITRF2014_0
MERS,1,1,2,2,4239149.4095,2886967.9621,3778877.0592,36.5663893,34.2558532,38.475,0.00,REFERENCE,ITRF2014_0
MET3,1,1,268,268,2892583.8420,1311799.6908,5512619.9469,60.2174571,24.3945042,79.228,0.25,RNX2SNX,IGS20|IGS20_0
METS,1,1,767,767,2892570.4429,1311843.7352,5512634.3246,60.2174745,24.3953276,94.682,0.69,RNX2SNX,IGS00|IGS08|IGS14|IGS14_0|IGS20|IGS20_0|IGS97|IGb08|ITRF00|ITRF2005|ITRF2014_0|ITRF97
METZ,1,1,68,68,2892569.9203,1311843.5797,5512634.4827,60.2174794,24.3953290,94.550,0.24,RNX2SNX,IGS00|IGS08|IGS97|IGb08|ITRF00|ITRF2005|ITRF2014_0
MFKG,1,1,2,2,5185375.3883,2477739.2199,-2760201.1099,-25.8050158,25.5399720,1310.890,0.00,REFERENCE,ITRF2014_0
MGUE,1,1,2,2,1823327.9575,-4850352.3965,-3709085.5559,-35.7773511,-69.3979263,1553.709,0.00,REFERENCE,ITRF2014_0
MHCB,1,1,2,2,-2664063.8141,-4323171.8952,3848361.4901,37.3415327,-121.6425791,1261.774,0.00,REFERENCE,ITRF2014_0
MIA1,1,1,2,2,982509.2876,-5664641.7588,2752416.9925,25.7328099,-80.1601708,-22.286,0.00,REFERENCE,ITRF2014_0
MIA3,1,1,2,2,982510.2156,-5664647.1685,2752419.6686,25.7328102,-80.1601709,-16.179,0.00,REFERENCE,ITRF2014_0
MIG1,1,1,2,2,-2673548.3452,-4565823.1878,3550037.3325,34.0382591,-120.3513922,130.926,0.00,REFERENCE,ITRF2014_0
MIKL,1,1,270,270,3698553.5885,2308676.3285,4639769.6853,46.9727869,31.9728469,93.937,0.42,RNX2SNX,IGS20|IGS20_0|ITRF2014_0
MIL1,1,1,2,2,172135.8174,-4668696.6177,4327808.3177,43.0025364,-87.8884491,147.332,0.00,REFERENCE,ITRF2014_0
MILA,1,1,619,619,-3442268.4245,5197451.9901,1343779.2585,12.2438753,123.5164778,-0.000,0.10,RNX2SNX,IGS14|IGS20
MIZU,1,1,323,323,-3857171.2780,3108692.7794,4004040.1347,39.1351508,141.1328720,117.178,4.52,RNX2SNX,IGS20|IGS20_0|ITRF00|ITRF2005|ITRF2014_0
MKEA,1,1,767,767,-5464105.4820,-2495165.1114,2148291.8458,19.8013602,-155.4563523,3754.642,2.05,RNX2SNX,IGS00|IGS08|IGS14|IGS14_0|IGS20|IGS20_0|IGS97|IGb08|ITRF00|ITRF2005|ITRF2014_0|ITRF97
MLBY,1,1,619,619,-3633540.0935,5165142.0281,895723.6374,8.1264866,125.1253674,658.599,0.15,RNX2SNX,IGS14|IGS20
MLF1,1,1,2,2,246129.3054,-5403152.2932,3368920.0144,32.0902609,-87.3918136,9.050,0.00,REFERENCE,ITRF2014_0
MLPA,1,1,619,619,-3187133.0057,5293600.4082,1576270.7149,14.4034512,121.0510037,59.958,0.24,RNX2SNX,IGS14|IGS20
MLRA,1,1,52,52,-3184551.9135,5283330.4659,1615485.0191,14.7694939,121.0796661,133.288,0.00,RNX2SNX,ITRF00
MNAY,1,6,2019,2019,-3767582.1953,5084320.9947,795225.3432,7.2103224,126.5391757,79.115,89.85,RNX2SNX,IGS14|IGS20|ITRF2005
MNAY,2,6,2,2,-3772531.4080,5082970.5760,801038.3332,7.2603335,126.5824459,2659.829,0.00,GPSEST,ITRF2005
MNAY,3,6,2,2,-3778518.4795,5084576.4828,805521.0931,7.2949463,126.6172723,8047.433,0.00,GPSEST,ITRF2005
MNAY,4,6,2,2,-3781063.8323,5084207.1683,797579.1787,7.2224061,126.6377387,8256.381,0.00,GPSEST,ITRF2005
MNAY,5,6,2,2,-3791981.0863,5078718.3776,812096.4075,7.3499749,126.7465392,12202.400,0.00,GPSEST,ITRF2005
MNAY,6,6,2,2,-3772058.0225,5081654.9951,810315.2490,7.3450410,126.5861029,2511.360,0.00,GPSEST,ITRF2005
MNP1,1,1,2,2,1499280.9553,-4576355.4210,4168038.1569,41.0671101,-71.8604475,-10.568,0.00,REFERENCE,ITRF2014_0
MOB1,1,1,2,2,190172.1367,-5512307.0793,3192181.6669,30.2275185,-88.0241048,-18.594,0.00,REFERENCE,ITRF2014_0
MOBJ,1,1,2,2,2936424.5371,2178374.0999,5208858.4681,55.1148828,36.5697153,182.643,0.00,REFERENCE,ITRF2014_0
MOBK,1,1,2,2,2936424.5371,2178374.0999,5208858.4681,55.1148828,36.5697153,182.643,0.00,REFERENCE,ITRF2014_0
MOBN,1,1,55,55,2936432.1545,2178364.4811,5208858.1960,55.1148786,36.5695231,182.642,0.26,RNX2SNX,ITRF00|ITRF2005|ITRF2014_0
MOBS,1,1,758,758,-4130636.9705,2894953.1608,-3890529.9990,-37.8294004,144.9753423,40.572,1.53,RNX2SNX,IGS08|IGS14|IGS14_0|IGS20|IGS20_0|IGb08|ITRF00|ITRF2005|ITRF2014_0
MOIN,1,1,9,9,755369.1116,-6236567.8111,1098850.9600,9.9871273,-83.0940107,26.664,0.06,REFERENCE,IGS00|IGS97|ITRF97
MONP,1,1,784,767,-2386247.7351,-4802358.8542,3444902.5235,32.8919427,-116.4223569,1842.542,37.33,RNX2SNX,IGS00|IGS08|IGS14|IGS14_0|IGS20|IGS20_0|IGS97|IGb08|ITRF00|ITRF2005|ITRF2014_0|ITRF97
MONT,1,1,56,56,-3714664.9357,5114488.0898,849051.9386,7.7010972,125.9909937,144.236,0.11,RNX2SNX,IGS14|IGS20
MOPI,1,1,5,5,4053738.0487,1260571.4584,4744940.7579,48.3727258,17.2738757,578.988,0.03,REFERENCE,IGS97|ITRF97
MORP,1,1,68,68,3645667.8958,-107277.3216,5215053.4813,55.2127896,-1.6854976,144.438,0.51,RNX2SNX,IGS00|IGS08|IGS20|IGS20_0|IGb08|ITRF00|ITRF2005|ITRF2014_0
MPCK,1,1,41,41,-3494968.5126,5172280.9016,1304893.2666,11.8842851,124.0473376,69.378,6.52,GPSEST,ITRF2005
MPL2,1,1,2,2,2698449.9849,-4247372.2307,-3905981.3503,-38.0057669,-57.5712976,53.577,0.00,REFERENCE,ITRF2014_0
MPLA,1,1,2,2,2700316.8553,-4243736.7646,-3908569.6940,-38.0356031,-57.5311420,20.125,0.00,REFERENCE,ITRF2014_0
MPR1,1,1,2,2,-1570142.0820,-5759530.2060,2238184.6140,20.6790035,-105.2492029,10.534,0.00,REFERENCE,ITRF2014_0
MPV1,1,1,24,24,-3138571.7290,5229873.6312,1862996.1188,17.0926258,120.9689726,1232.234,1.76,GPSEST,ITRF2005
MQZG,1,1,708,705,-4580569.9166,590466.5471,-4384379.5524,-43.7027290,172.6546920,154.644,1.07,RNX2SNX,IGS08|IGS14|IGS14_0|IGS20|IGS20_0|IGb08|ITRF2014_0
MR6G,1,1,689,689,2998189.1403,931452.0714,5533398.9553,60.5951464,17.2585331,75.597,0.70,RNX2SNX,IGS00|IGS14|IGS14_0|IGS20|IGS97|IGb08|ITRF00|ITRF2005|ITRF2014_0
MRHO,1,1,108,108,-3442636.9846,5167659.4912,1456248.2031,13.2844875,123.6711090,844.355,3.80,GPSEST,ITRF2005
MRIK,1,1,90,90,-3184576.5485,5248371.7703,1725496.7629,15.7997600,121.2482955,290.546,6.18,GPSEST,ITRF2005
MRK1,1,1,192,192,-3188720.7907,5281599.6390,1613097.5999,14.7470836,121.1211222,174.308,84.53,GPSEST,ITRF2005|WGS-84
MRK2,1,1,140,140,-3187427.9685,5284117.8212,1607274.7353,14.6927688,121.0987622,133.947,0.01,OTHER,WGS-84
MRK3,1,1,140,140,-3189661.1502,5283593.4324,1604325.5197,14.6653704,121.1190290,68.431,0.02,OTHER,WGS-84
MRK4,1,1,140,140,-3190640.5718,5281177.1221,1610292.4784,14.7211156,121.1384113,70.940,0.03,OTHER,WGS-84
MRK5,1,1,205,205,-3199539.1506,5278799.8136,1601843.7425,14.6413594,121.2205185,418.744,58.54,GPSEST,ITRF2005|WGS-84
MRO1,1,1,268,268,-2556630.2924,5097138.3196,-2848384.5085,-26.6966319,116.6374960,354.066,0.72,RNX2SNX,IGS20|IGS20_0
MSBT,1,1,619,619,-3450301.5563,5188581.7044,1357646.2430,12.3720274,123.6231001,74.847,0.10,RNX2SNX,IGS14|IGS20
MSD1,1,1,2,2,-1979519.4808,-5523222.7215,2493106.5686,23.1604465,-109.7176469,103.836,0.00,REFERENCE,ITRF2014_0
MSKU,1,1,61,61,6198407.1041,1494056.6839,-180399.5217,-1.6316017,13.5519979,359.634,0.14,RNX2SNX,IGS00|IGS97|ITRF00|ITRF2005
MSW3,1,1,29,29,-3515305.4638,5242501.2136,913661.0890,8.2911044,123.8434240,75.443,4.78,GPSEST,ITRF2005
MTBG,1,1,8,8,4122590.7654,1213676.7237,4697542.0115,47.7378695,16.4042498,293.816,0.04,REFERENCE,IGS00|IGS97
MTDW,1,1,52,52,-3191727.8822,5284543.8828,1597142.4411,14.5982601,121.1308908,74.837,0.00,RNX2SNX,ITRF00
MTJO,1,1,2,2,-4533815.8501,761552.8971,-4407673.5364,-43.9857030,170.4649395,1043.636,0.00,REFERENCE,ITRF2014_0
MTKA,1,1,69,66,-3947762.6966,3364399.8157,3699428.4995,35.6795153,139.5613849,108.940,0.35,RNX2SNX,IGS00|IGS08|IGS97|IGb08|ITRF00|ITRF2005
MTLB,1,1,52,52,-3190524.1544,5280311.4889,1613396.7055,14.7500895,121.1416430,85.772,0.00,RNX2SNX,ITRF00
MTY2,1,1,2,2,-1029483.5089,-5657637.2335,2750926.0934,25.7155065,-100.3129063,521.739,0.00,REFERENCE,ITRF2014_0
MUNT,1,12,998,998,-3187133.3035,5293600.2835,1576270.6210,14.4034502,121.0510066,59.980,17.08,RNX2SNX,IGS14|IGS20|ITRF2005
MUNT,2,12,4,4,-3195173.2989,5289271.8881,1600181.0946,14.6115464,121.1355721,6481.112,422.36,GPSEST,ITRF2005
MUNT,3,12,4,4,-3195964.0853,5288786.0813,1608001.3179,14.6798635,121.1441771,8451.743,155.50,GPSEST,ITRF2005
MUNT,4,12,2,2,-3209379.8680,5292749.4226,1574772.8459,14.3661703,121.2314877,10126.596,0.00,GPSEST,ITRF2005
MUNT,5,12,2,2,-3192120.7329,5291842.8706,1591302.2955,14.5325345,121.0990238,4850.680,0.00,GPSEST,ITRF2005
MUNT,6,12,2,2,-3185167.3974,5290897.9747,1594412.2254,14.5697092,121.0483128,1374.907,0.00,GPSEST,ITRF2005
MUNT,7,12,2,2,-3192753.5077,5295956.7332,1596590.4009,14.5700099,121.0843563,9905.457,0.00,GPSEST,ITRF2005
MUNT,8,12,2,2,-3181655.6591,5289617.9533,1610180.1399,14.7141874,121.0265145,2547.700,0.00,GPSEST,ITRF2005
MUNT,9,12,2,2,-3198171.7350,5294253.5943,1600500.4391,14.6011027,121.1354854,12188.186,0.00,GPSEST,ITRF2005
MUNT,10,12,2,2,-3191375.5867,5292443.6088,1585768.8271,14.4838568,121.0902318,3589.900,0.00,GPSEST,ITRF2005
MUNT,11,12,2,2,-3195928.5739,5293208.2202,1592633.8412,14.5370649,121.1227024,8220.939,0.00,GPSEST,ITRF2005
MUNT,12,12,2,2,-3190050.7134,5291785.0134,1584425.9457,14.4749297,121.0828649,2045.691,0.00,GPSEST,ITRF2005
MUNZ,1,16,1594,1594,-3157351.6365,5266575.5577,1719539.1491,15.7441987,120.9430041,140.930,6.91,RNX2SNX,IGS14|IGS20|ITRF2005
MUNZ,2,16,4,4,-3166363.5921,5262097.8249,1751328.9296,16.0183216,121.0365962,9611.014,239.40,GPSEST,ITRF2005
MUNZ,3,16,2,2,-3163234.3488,5266761.4044,1725696.0092,15.7899026,120.9891669,4880.226,0.00,GPSEST,ITRF2005
MUNZ,4,16,2,2,-3167829.9539,5265830.2322,1729008.0247,15.8148156,121.0303686,7292.332,0.00,GPSEST,ITRF2005
MUNZ,5,16,2,2,-3170671.9815,5266438.8955,1721624.6905,15.7458029,121.0501428,7196.521,0.00,GPSEST,ITRF2005
MUNZ,6,16,2,2,-3179994.6156,5266417.6684,1718029.0351,15.7028413,121.1246288,10838.119,0.00,GPSEST,ITRF2005
MUNZ,7,16,2,2,-3162523.0762,5265167.7570,1734718.4447,15.8725472,120.9911332,5674.907,0.00,GPSEST,ITRF2005
MUNZ,8,16,2,2,-3156804.8023,5267569.9363,1739054.6064,15.9123808,120.9338579,6013.963,0.00,GPSEST,ITRF2005
MUNZ,9,16,2,2,-3164255.4643,5270799.9124,1740879.8637,15.9118863,120.9779460,12863.768,0.00,GPSEST,ITRF2005
MUNZ,10,16,2,2,-3166073.0649,5263503.6553,1743865.1455,15.9509522,121.0275130,8569.710,0.00,GPSEST,ITRF2005
MUNZ,11,16,2,2,-3151185.4124,5262212.4935,1753316.8534,16.0548074,120.9145577,2746.862,0.00,GPSEST,ITRF2005
MUNZ,12,16,2,2,-3168535.5698,5267697.8602,1743892.5718,15.9391372,121.0270308,13253.523,0.00,GPSEST,ITRF2005
MUNZ,13,16,2,2,-3165353.1749,5262634.8069,1743652.9552,15.9518780,121.0259359,7438.753,0.00,GPSEST,ITRF2005
MUNZ,14,16,2,2,-3161654.3725,5265796.0800,1729199.8959,15.8243843,120.9811683,4255.770,0.00,GPSEST,ITRF2005
MUNZ,15,16,2,2,-3166235.2213,5266421.9156,1735997.9130,15.8762808,121.0147832,8898.015,0.00,GPSEST,ITRF2005
MUNZ,16,16,2,2,-3160227.3867,5264883.2050,1727732.4522,15.8153678,120.9741376,2396.043,0.00,GPSEST,ITRF2005
MVBM,1,1,75,75,-3443442.8320,5245807.3250,1140793.1157,10.3717356,123.2816193,418.653,0.17,GPSEST,ITRF2005
MVCH,1,2,104,104,-3436989.9305,5249648.7931,1143964.8580,10.4004682,123.2131116,670.614,6.57,GPSEST,ITRF2005
MVCH,2,2,1,1,-3323166.2629,5225587.5646,1521699.4171,13.8947968,122.4539603,58.211,0.00,COORDINATE,ITRF2005
MVIC,1,2,72,72,-3437341.8635,5247904.9772,1151265.4934,10.4674452,123.2245245,747.662,9.14,GPSEST,ITRF2005
MVIC,2,2,1,1,-3087542.3504,5297592.8112,1750208.8950,16.0325938,120.2344821,51.066,0.00,COORDINATE,ITRF2005
MVLC,1,1,135,135,-3413468.9598,5263979.3792,1145462.5817,10.4151468,122.9617103,121.100,6.78,GPSEST,ITRF2005
MVMH,1,1,35,35,-3427731.6527,5256578.1398,1139367.4240,10.3583882,123.1077363,566.967,0.06,GPSEST,ITRF2005
MVML,1,1,67,67,-3426329.6731,5253508.2241,1156956.0469,10.5202235,123.1123264,471.896,0.18,GPSEST,ITRF2005
MVMN,1,1,28,28,-3433060.0208,5252635.7712,1142676.3003,10.3884430,123.1681514,780.739,0.08,GPSEST,ITRF2005
MVMP,1,1,57,57,-3424561.5672,5259994.3848,1130524.9533,10.2779098,123.0664624,96.537,7.79,GPSEST,ITRF2005
MVMR,1,2,98,98,-3426409.9408,5257641.0252,1137464.4403,10.3411912,123.0923278,390.948,5.19,GPSEST,ITRF2005
MVMR,2,2,12,12,-3426329.9287,5253508.4545,1156956.0140,10.5202226,123.1123272,472.217,4.97,GPSEST,ITRF2005
MVMY,1,2,75,75,-3423069.3904,5256373.1250,1153884.9305,10.4919040,123.0730874,521.596,0.16,GPSEST,ITRF2005
MVMY,2,2,7,7,-3410176.2076,5289857.5260,1030744.4515,9.3624227,122.8083842,67.193,6.50,GPSEST,ITRF2005
MVSB,1,1,90,90,-3425568.6745,5256884.0093,1146875.0365,10.4266491,123.0896661,1011.515,5.15,GPSEST,ITRF2005
MVSC,1,2,119,119,-3449042.2489,5240602.8535,1145914.0682,10.4193486,123.3504519,89.979,8.85,GPSEST,ITRF2005
MVSC,2,2,1,1,-3087542.3504,5297592.8112,1750208.8950,16.0325938,120.2344821,51.066,0.00,COORDINATE,ITRF2005
MVSM,1,1,66,66,-3419012.8149,5260570.4246,1145561.2269,10.4157633,123.0211267,295.742,6.21,GPSEST,ITRF2005
MVUP,1,2,82,82,-3433790.3164,5251887.0914,1145441.3756,10.4133976,123.1774734,1056.592,5.83,GPSEST,ITRF2005
MVUP,2,2,4,4,-3443443.4796,5245807.0686,1140792.8317,10.3717328,123.2816255,418.741,0.00,GPSEST,ITRF2005
MZUM,1,1,299,299,-2858574.6752,4964558.3413,2794722.3480,26.1571084,119.9331812,60.226,2.22,RNX2SNX,ITRF00|ITRF2005|WGS-84
N132,1,1,71,71,-3147271.6087,5280152.2007,1696094.9233,15.5243882,120.7973513,64.267,6.79,GPSEST,ITRF2005
N47A,1,1,12,12,-3161434.8356,5237199.3867,1800203.1388,16.5023256,121.1172761,381.524,3.70,GPSEST,ITRF2005
N668,1,1,35,35,-3403514.0481,5176040.6119,1513482.0893,13.8182998,123.3269859,57.875,0.03,GPSEST,ITRF2005
N688,1,1,103,103,-3403514.0839,5176040.6510,1513482.0572,13.8182994,123.3269859,57.918,5.78,GPSEST,ITRF2005
NABO,1,1,201,201,-3435040.9427,5172768.1772,1453068.5652,13.2564193,123.5866424,160.157,5.58,RNXHDR,
NAGA,1,2,53,53,-2967311.3781,5049526.6293,2517159.3407,23.3970301,120.4402622,64.061,0.00,RNX2SNX,ITRF00|ITRF2005
NAGA,2,2,2,2,441480.2971,5636225.3798,2947375.2624,27.6927241,85.5212197,2105.083,0.00,REFERENCE,ITRF2014_0
NAIN,1,1,758,758,1671836.2926,-3103473.3410,5297671.4064,56.5369775,-61.6887221,32.868,0.50,RNX2SNX,IGS08|IGS14|IGS14_0|IGS20|IGS20_0|IGb08|ITRF00|ITRF2005|ITRF2014_0
NAMA,1,1,700,700,4476294.5082,4036794.9186,2086353.5747,19.2114293,42.0446528,2703.119,0.68,RNX2SNX,IGS14|IGS14_0|IGS20|IGS20_0|ITRF2014_0
NAMRIA,1,1,130,130,-3184319.3136,5291066.4994,1590418.2276,14.5354390,121.0407651,87.767,322.90,GPSEST,ITRF2005
NANK,1,1,53,53,-3052991.4101,4972124.7140,2567906.3251,23.8972522,121.5508190,57.448,0.00,RNX2SNX,ITRF00|ITRF2005
NANO,1,1,770,766,-2335727.0404,-3451608.3587,4812009.8575,49.2948090,-124.0864815,6.600,0.37,RNX2SNX,IGS00|IGS08|IGS14|IGS14_0|IGS20|IGS20_0|IGS97|IGb08|ITRF00|ITRF2005|ITRF2014_0
NANP,1,1,53,53,-2985418.8500,4973954.0700,2642472.3300,24.6352850,120.9726188,159.265,0.00,RNX2SNX,ITRF00|ITRF2005
NAPL,1,1,2,2,819477.2000,-5670155.7178,2793845.7357,26.1486450,-81.7762900,-19.054,0.00,REFERENCE,ITRF2014_0
NAS0,1,1,2,2,1255070.7695,-5643661.8669,2684338.9804,25.0525391,-77.4622564,-21.255,0.00,REFERENCE,ITRF2014_0
NAST,1,1,52,52,-3185856.5041,5291601.3756,1585588.0924,14.4903444,121.0504240,88.446,0.00,RNX2SNX,ITRF00
NAUJ,1,1,935,935,-3225098.7535,5304209.6915,1459828.0355,13.3194167,121.3006996,57.314,3.08,RNX2SNX,IGS14|IGS20|ITRF2005
NAUR,1,1,700,700,-6212554.8002,1442788.0194,-61006.1564,-0.5517254,166.9255384,46.225,1.13,RNX2SNX,IGS14|IGS14_0|IGS20|IGS20_0|ITRF2014_0
NAUS,1,1,2,2,3179409.3566,-5519130.6954,-334110.0503,-3.0229186,-60.0550169,93.894,0.00,REFERENCE,ITRF2014_0
NAV1,1,1,143,143,-3530675.9892,5156756.5449,1269977.3106,11.5619247,124.3982684,69.880,111.86,GPSEST,ITRF2005
NAVA,1,1,261,261,-3530710.9364,5156730.3350,1269988.1813,11.5620244,124.3986685,70.213,13.65,GPSEST,ITRF2005
NBE1,1,1,51,51,-2966591.2258,5066591.4766,2483760.2320,23.0687781,120.3498313,80.106,0.00,RNX2SNX,ITRF00
NBES,1,1,2,2,-2966543.0906,5066577.2391,2483768.0723,23.0689728,120.3494962,49.497,50.81,REFERENCE,ITRF00|ITRF2005
NCDU,1,1,2,2,1268582.8497,-4995545.1594,3744466.4571,36.1816776,-75.7513360,-26.151,0.00,REFERENCE,ITRF2014_0
NCKU,1,1,53,53,-2962870.1912,5075261.7459,2470461.7125,22.9384599,120.2758134,44.145,0.00,RNX2SNX,ITRF00|ITRF2005
NCPC,1,1,619,619,-3628004.9934,5187443.9675,779015.3365,7.0624893,124.9682494,181.735,0.18,RNX2SNX,IGS14|IGS20
NCTU,1,1,231,231,-2983882.0505,4966539.6147,2657905.5873,24.7888269,120.9973213,118.246,0.14,OTHER,WGS-84
NDBC,1,1,2,2,37467.3937,-5508265.0843,3204510.4758,30.3562809,-89.6102783,-11.672,0.00,REFERENCE,ITRF2014_0
NE21,1,1,76,76,-3150211.6408,5273319.7472,1711806.4028,15.6717404,120.8535377,88.775,5.96,GPSEST,ITRF2005
NEAH,1,1,2,2,-2415625.6404,-3498394.1032,4739316.8441,48.2978548,-124.6249071,459.897,0.00,REFERENCE,ITRF2014_0
NEIA,1,1,2,2,3875254.9673,-4292588.7489,-2681108.6458,-25.0202381,-47.9249689,6.035,0.00,REFERENCE,ITRF2014_0
NEMN,1,1,53,53,-2976330.7209,5068961.0355,2467391.6819,22.9081315,120.4200841,104.276,0.00,RNX2SNX,ITRF00|ITRF2005
NEWL,1,1,2,2,4079953.8978,-395930.1732,4870196.9880,50.1030298,-5.5427873,64.509,0.00,REFERENCE,ITRF2014_0
NICA,1,1,2,2,4581808.9503,581032.1251,4384492.9614,43.7032649,7.2272625,256.486,0.00,REFERENCE,ITRF2014_0
NICO,1,1,767,767,4359415.3460,2874117.2943,3650778.0820,35.1409892,33.3964502,190.016,0.71,RNX2SNX,IGS00|IGS08|IGS14|IGS14_0|IGS20|IGS20_0|IGS97|IGb08|ITRF00|ITRF2005|ITRF2014_0|ITRF97
NIST,1,1,700,700,-1288398.6126,-4721696.9305,4078625.3238,39.9950662,-105.2626077,1648.345,0.24,RNX2SNX,IGS14|IGS14_0|IGS20|IGS20_0|ITRF2014_0
NISU,1,1,704,704,-1288363.9468,-4721684.2159,4078659.2813,39.9954242,-105.2622553,1653.782,0.39,RNX2SNX,IGS00|IGS14|IGS14_0|IGS20|IGS20_0|ITRF2014_0
NIUM,1,1,700,700,-5937161.0305,-1054674.8538,-2071385.8158,-19.0765215,-169.9270772,89.688,1.10,RNX2SNX,IGS14|IGS14_0|IGS20|IGS20_0|ITRF2014_0
NJCM,1,1,2,2,1299237.1088,-4782943.6787,4000979.8469,39.1006744,-74.8028997,-26.600,0.00,REFERENCE,ITRF2014_0
NJGT,1,1,2,2,1314928.1902,-4751401.3222,4033112.7188,39.4745238,-74.5308203,-12.375,0.00,REFERENCE,ITRF2014_0
NJI2,1,1,2,2,1319481.9362,-4656034.4850,4140725.0020,40.7414827,-74.1777058,16.783,0.00,REFERENCE,ITRF2014_0
NKLG,1,1,766,766,6287385.6846,1071574.9783,39133.2930,0.3539100,9.6721290,31.500,0.83,RNX2SNX,IGS00|IGS08|IGS14|IGS14_0|IGS20|IGS20_0|IGS97|IGb08|ITRF00|ITRF2005|ITRF2014_0
NLCE,1,1,73,73,-3534987.2727,5156993.6736,1257025.3928,11.4424460,124.4296406,66.561,3.21,GPSEST,ITRF2005
NLCR,1,1,66,66,-3561597.8192,5142326.7883,1242000.2289,11.3038992,124.7066414,65.285,7.85,GPSEST,ITRF2005
NLIB,1,1,772,772,-130934.9239,-4762291.7124,4226854.6116,41.7715907,-91.5748991,206.998,0.45,RNX2SNX,IGS00|IGS08|IGS14|IGS14_0|IGS20|IGS20_0|IGS97|IGb08|ITRF00|ITRF2005|ITRF2014_0|ITRF97
NLL1,1,1,73,73,-3540942.4945,5154817.5366,1249218.5403,11.3704496,124.4859152,66.645,6.34,GPSEST,ITRF2005
NLL2,1,1,63,63,-3544694.2400,5152725.5442,1247273.5044,11.3524961,124.5250966,76.969,3.43,GPSEST,ITRF2005
NLSB,1,1,88,88,-3594289.4389,5120032.9487,1239942.0955,11.2849249,125.0690523,65.877,5.36,GPSEST,ITRF2005
NLSI,1,1,42,42,-3528600.2048,5162292.7859,1253235.3226,11.4074926,124.3539159,65.719,6.40,GPSEST,ITRF2005
NLSN,1,1,66,66,-3550412.5871,5152038.6983,1234390.4633,11.2335486,124.5718029,179.464,6.59,GPSEST,ITRF2005
NMAB,1,2,51,51,-3667631.8792,5123541.0640,986361.2976,8.9559387,125.5965749,80.782,8.00,GPSEST,ITRF2005
NMAB,2,2,1,1,-3450240.9446,5188621.3538,1357646.5462,12.3720311,123.6224341,74.379,0.00,COORDINATE,ITRF2005
NMCO,1,1,75,75,-3586716.4305,5190170.6424,934515.3572,8.4816978,124.6467781,76.752,9.65,GPSEST,ITRF2005
NMEA,1,1,2,2,-5740949.2098,1384373.2307,-2401599.8853,-22.2647877,166.4425159,71.206,0.00,REFERENCE,ITRF2014_0
NMJA,1,1,25,25,-3596412.8308,5180985.5408,948183.0693,8.6066307,124.7666849,99.952,14.09,GPSEST,ITRF2005
NMLM,1,1,45,45,-3655151.7879,5119842.6435,1049588.7211,9.5350810,125.5237540,106.028,7.38,GPSEST,ITRF2005
NMMA,1,1,35,35,-3655151.8337,5119842.6685,1049588.7073,9.5350808,125.5237542,106.072,0.02,GPSEST,ITRF2005
NMMB,1,1,50,50,-3596347.4789,5178186.5087,963333.9447,8.7452365,124.7807024,75.701,105.27,GPSEST,ITRF2005
NMSF,1,1,51,51,-3653397.2867,5154835.5965,872777.9483,7.9172330,125.3264235,461.317,8.04,GPSEST,ITRF2005
NMSM,1,2,80,80,-3643389.6897,5126305.7538,1058654.7323,9.6182514,125.4023304,76.085,9.15,GPSEST,ITRF2005
NMSM,2,2,1,1,-3087542.3504,5297592.8112,1750208.8950,16.0325938,120.2344821,51.066,0.00,COORDINATE,ITRF2005
NMT1,1,1,51,51,-2956622.9343,5072923.6683,2482668.6376,23.0581546,120.2346695,56.848,0.00,RNX2SNX,ITRF00
NMTH,1,1,51,51,-2956623.2272,5072923.9818,2482666.3399,23.0581340,120.2346704,56.333,2.74,RNX2SNX,ITRF00
NNOR,1,1,758,758,-2414152.6421,4907778.6927,-3270643.9391,-31.0487246,116.1927262,234.809,1.77,RNX2SNX,IGS08|IGS14|IGS14_0|IGS20|IGS20_0|IGb08|ITRF00|ITRF2005|ITRF2014_0
NNVN,1,1,2,2,2152869.1161,-2145447.0792,5591017.3102,61.6318758,-44.9010657,2134.579,0.00,REFERENCE,ITRF2014_0
NOMA,1,3,53,53,-3586949.8907,5174220.5739,1017796.2577,9.2437752,124.7310476,80.518,0.06,GPSEST,ITRF2005
NOMA,2,3,2,2,-3503725.9674,5221222.7954,1066308.1098,9.6883989,123.8637713,102.482,0.09,GPSEST,ITRF2005
NOMA,3,3,1,1,-3677772.5684,5119083.1601,971969.8786,8.8241879,125.6951145,116.348,0.00,GPSEST,ITRF2005
NOMB,1,1,68,68,-3659668.0291,5124628.6619,1009797.2379,9.1705224,125.5318953,72.121,2.40,GPSEST,ITRF2005
NOMC,1,1,86,86,-3654216.9955,5117678.4942,1063176.7815,9.6596852,125.5282792,99.255,2.83,GPSEST,ITRF2005
NOMD,1,1,53,53,-3698761.3972,5077188.1735,1102125.8405,10.0171207,126.0735578,71.466,0.12,GPSEST,ITRF2005
NOME,1,1,56,56,-3624806.5454,5156695.6922,971836.8773,8.8230315,125.1046117,73.174,0.10,GPSEST,ITRF2005
NOMF,1,1,99,99,-3660524.2564,5122044.5712,1019965.2957,9.2635914,125.5519041,116.585,2.25,GPSEST,ITRF2005
NOMG,1,1,78,78,-3664420.8450,5111499.3081,1057638.8192,9.6089426,125.6366425,71.518,2.46,GPSEST,ITRF2005
NOMH,1,1,62,62,-3694689.0549,5095047.5191,1031579.5044,9.3700657,125.9478579,73.133,0.12,GPSEST,ITRF2005
NOMI,1,1,53,53,-3708807.8738,5075381.5597,1076536.4890,9.7822786,126.1572670,67.697,0.07,GPSEST,ITRF2005
NOMK,1,1,93,93,-3677774.6134,5119085.3946,971970.3903,8.8241883,125.6951177,119.398,3.27,GPSEST,ITRF2005
NOML,1,1,54,54,-3721956.6438,5082411.4867,995490.1919,9.0395176,126.2161010,71.782,0.35,GPSEST,ITRF2005
NORF,1,1,2,2,-5457454.1801,1166108.5430,-3078179.3922,-29.0433454,167.9388326,159.013,0.00,REFERENCE,ITRF2014_0
NOT1,1,1,766,766,4934545.8673,1321265.3635,3806456.4271,36.8758480,14.9897921,126.320,0.84,RNX2SNX,IGS00|IGS08|IGS14|IGS14_0|IGS20|IGS20_0|IGS97|IGb08|ITRF00|ITRF2005|ITRF2014_0
NOTO,1,1,332,332,4934528.1494,1321262.7093,3806479.9490,36.8761138,14.9898148,126.195,0.83,RNX2SNX,IGS00|IGS20|IGS20_0|IGS97|ITRF00|ITRF2005|ITRF2014_0|ITRF97
NOUM,1,1,775,767,-5739972.1002,1387563.2052,-2402122.3127,-22.2698420,166.4102055,83.021,1.47,RNX2SNX,IGS00|IGS08|IGS14|IGS14_0|IGS20|IGS20_0|IGS97|IGb08|ITRF00|ITRF2005|ITRF2014_0|ITRF97
NOVJ,1,1,325,325,452288.0222,3635913.1832,5203396.7631,55.0299250,82.9091385,125.893,0.65,RNX2SNX,IGS00|IGS20|IGS20_0|ITRF00|ITRF2005
NOVM,1,1,270,270,452260.5758,3635877.6110,5203453.3087,55.0305008,82.9094958,150.056,0.39,RNX2SNX,IGS20|IGS20_0|ITRF2014_0
NPAK,1,1,43,43,-3344972.8718,5275350.2933,1285341.3289,11.7037446,122.3778022,60.300,6.85,GPSEST,ITRF2005
NPAL,1,1,79,79,-3302084.5651,5300527.3862,1292586.3628,11.7706385,121.9217849,59.662,6.20,GPSEST,ITRF2005
NPIE,1,1,89,89,-3418587.1479,5234562.3929,1258395.1335,11.4550610,123.1477434,76.865,6.66,GPSEST,ITRF2005
NPLB,1,1,25,9,3985503.3946,-23628.4608,4962939.3936,51.4209459,-0.3396799,72.789,5.68,REFERENCE,IGS00|IGS97|ITRF97
NPLD,1,1,71,63,3985500.3641,-23625.5365,4962941.6433,51.4209799,-0.3396381,72.647,0.23,RNX2SNX,IGS00|IGS97|ITRF00|ITRF2005|ITRF2014_0
NPLY,1,1,2,2,-4924806.7694,507350.5071,-4008310.2042,-39.1825537,174.1181741,416.934,0.00,REFERENCE,ITRF2014_0
NPRI,1,1,2,2,1531392.2426,-4531473.9695,4204982.6004,41.5098470,-71.3275378,-13.105,0.00,REFERENCE,ITRF2014_0
NRC1,1,1,767,767,1112776.8736,-4341475.9226,4522955.9037,45.4541632,-75.6238322,82.550,0.49,RNX2SNX,IGS00|IGS08|IGS14|IGS14_0|IGS20|IGS20_0|IGS97|IGb08|ITRF00|ITRF2005|ITRF2014_0|ITRF97
NRIF,1,1,2,2,4525066.8901,3172729.9731,3174290.3487,30.0384193,35.0360424,457.526,0.00,REFERENCE,ITRF2014_0
NRIL,1,1,762,762,64536.7372,2253782.9262,5946363.5129,69.3618329,88.3597921,47.943,0.57,RNX2SNX,IGS00|IGS08|IGS14|IGS14_0|IGS20|IGS20_0|IGb08|ITRF00|ITRF2005|ITRF2014_0
NRL1,1,1,2,2,1117249.0953,-4848758.6945,3976821.2100,38.8207471,-77.0244035,-18.192,0.00,REFERENCE,ITRF2014_0
NRMD,1,1,703,703,-5743538.2352,1380503.7789,-2397895.7830,-22.2283184,166.4848885,160.328,1.03,RNX2SNX,IGS14|IGS14_0|IGS20|IGS20_0|IGb08|ITRF2014_0
NRMG,1,1,625,625,-5743538.2339,1380503.7799,-2397895.7783,-22.2283184,166.4848885,160.326,0.78,RNX2SNX,IGS14|IGS14_0|IGS20|ITRF2014_0
NSEV,1,1,5,5,-3512850.2334,5144916.4238,1363309.6986,12.4244699,124.3245117,61.892,3.81,GPSEST,ITRF2005
NSLG,1,1,2,2,3664667.3350,-91646.7933,5201998.1579,55.0089092,-1.4325666,55.934,0.00,REFERENCE,ITRF2014_0
NSNC,1,1,9,9,-3541898.1487,5135044.6455,1325101.2634,12.0710343,124.5959789,64.399,6.59,GPSEST,ITRF2005
NSPC,1,1,10,10,-3565195.2453,5104699.6974,1378410.1573,12.5642834,124.9309988,59.902,6.26,GPSEST,ITRF2005
NSSP,1,1,336,332,3478646.0538,3418806.1000,4097987.5052,40.2264583,44.5029337,1194.747,0.99,RNX2SNX,IGS00|IGS20|IGS20_0|IGS97|ITRF00|ITRF2005|ITRF2014_0|ITRF97
NSSS,1,1,2,2,-2440112.7519,-4794640.7082,3414804.7231,32.5793153,-116.9726831,123.583,0.00,REFERENCE,ITRF2014_0
NSTG,1,1,2,2,3664792.0014,-92117.0329,5201903.8728,55.0074196,-1.4398651,56.920,0.00,REFERENCE,ITRF2014_0
NTHM,1,1,2,2,-2956575.7623,5072911.1222,2482677.0657,23.0583469,120.2343334,28.321,49.53,REFERENCE,ITRF00|ITRF2005
NTUS,1,1,1171,1171,-1508023.3494,6195576.5163,148799.2944,1.3458007,103.6799614,75.386,4.73,RNX2SNX,IGS00|IGS14|IGS20|IGS20_0|IGS97|ITRF00|ITRF2005|ITRF2014_0|ITRF97|WGS-84
NTUS-01,1,1,2661,2661,-1508022.9262,6195576.6820,148799.3638,1.3458013,103.6799574,75.449,107.56,GPSEST,ITRF2005
NURK,1,1,700,700,5516756.3576,3196625.1723,-215026.9650,-1.9445487,30.0896862,1483.783,0.48,RNX2SNX,IGS14|IGS14_0|IGS20|IGS20_0|ITRF2014_0
NV47,1,1,29,29,-3161432.9495,5237195.2944,1800202.0961,16.5023280,121.1172808,376.934,4.24,GPSEST,ITRF2005
NVSK,1,1,60,60,433605.7103,3655558.4931,5191286.6611,54.8406110,83.2354422,123.050,0.27,RNX2SNX,IGS08|IGb08|ITRF00|ITRF2005|ITRF2014_0
NVSM,1,1,16,16,-3419012.4082,5260569.8373,1145561.1084,10.4157634,123.0211265,295.018,0.04,GPSEST,ITRF2005
NVY2,1,1,56,56,-3177651.6051,5234320.5481,1781752.6049,16.3272545,121.2611025,861.060,6.81,GPSEST,ITRF2005
NVY3,1,1,58,58,-3150498.7837,5257846.4519,1761134.1235,16.1329250,120.9300187,976.203,6.23,GPSEST,ITRF2005
NVY9,1,1,37,37,-3143192.0489,5254315.7808,1785104.4873,16.3579950,120.8883483,1170.228,6.35,GPSEST,ITRF2005
NYA1,1,1,692,692,1202433.5466,252632.4431,6237772.7936,78.9295574,11.8653193,84.387,0.55,RNX2SNX,IGS00|IGS08|IGS14|IGS14_0|IGS20|IGS97|IGb08|ITRF00|ITRF2005|ITRF2014_0|ITRF97
NYAC,1,1,2,2,1202432.7938,252632.1214,6237767.5514,78.9295554,11.8653118,79.088,0.00,REFERENCE,ITRF2014_0
NYAL,1,1,781,772,1202430.2403,252626.8608,6237767.8281,78.9295874,11.8650962,78.672,8.05,RNX2SNX,IGS00|IGS08|IGS14|IGS14_0|IGS20|IGS20_0|IGS97|IGb08|ITRF00|ITRF2005|ITRF2014_0|ITRF97
NYBP,1,1,2,2,1333553.0489,-4655043.8463,4137302.4622,40.7010692,-74.0143232,-15.749,0.00,REFERENCE,ITRF2014_0
NYQN,1,1,2,2,1356258.7477,-4647097.7755,4138865.2951,40.7195262,-73.7300780,-1.657,0.00,REFERENCE,ITRF2014_0
OAX2,1,1,2,2,-713483.0610,-6058316.0825,1861594.6976,17.0783398,-96.7167396,1607.250,0.00,REFERENCE,ITRF2014_0
OBE2,1,1,59,59,4186558.4232,835027.3349,4723759.4033,48.0861692,11.2798689,641.429,0.26,RNX2SNX,IGS00|ITRF00|ITRF2005|ITRF2014_0
OBE3,1,1,2,2,4186558.6860,835022.6244,4723761.2230,48.0861846,11.2798062,642.340,0.00,REFERENCE,ITRF2014_0
OBER,1,1,64,64,4186558.4805,835027.1022,4723759.2878,48.0861684,11.2798657,641.350,6.20,RNX2SNX,IGS00|IGS97|ITRF00|ITRF2005|ITRF2014_0|ITRF97
OBET,1,1,57,57,4186739.7217,834887.9151,4723619.6110,48.0843221,11.2775580,637.961,15.13,RNX2SNX,IGS00|ITRF00|ITRF2005
OCN1,1,1,8,8,4325943.3723,527643.7973,4642212.8047,47.0006713,6.9541285,542.991,0.04,REFERENCE,IGS00|IGS97
ODON,1,1,40,40,-3115789.3275,5305811.3621,1674770.3105,15.3240686,120.4231975,227.647,6.07,GPSEST,ITRF2005
ODS5,1,1,2,2,-1156491.8339,-5297413.6882,3349021.1031,31.8739247,-102.3151651,858.772,0.00,REFERENCE,ITRF2014_0
OGHS,1,1,2,2,-2430835.5445,-4762197.7281,3466199.1316,33.1306077,-117.0417690,185.242,0.00,REFERENCE,ITRF2014_0
OHI2,1,1,766,762,1525812.2405,-2432478.2390,-5676165.5470,-63.3210793,-57.9013266,32.522,0.47,RNX2SNX,IGS00|IGS08|IGS14|IGS14_0|IGS20|IGS20_0|IGb08|ITRF00|ITRF2005|ITRF2014_0
OHI3,1,1,762,762,1525809.4082,-2432478.7548,-5676166.2449,-63.3210907,-57.9013800,32.666,0.47,RNX2SNX,IGS00|IGS08|IGS14|IGS14_0|IGS20|IGS20_0|IGb08|ITRF00|ITRF2005|ITRF2014_0
OHIG,1,1,776,776,1525873.0011,-2432481.3439,-5676146.0521,-63.3207209,-57.9003325,30.780,0.52,RNX2SNX,IGS00|IGS08|IGS14|IGS14_0|IGS20|IGS20_0|IGS97|IGb08|ITRF00|ITRF2005|ITRF2014_0|ITRF97
OHIX,1,1,625,625,1525809.4086,-2432478.7550,-5676166.2449,-63.3210907,-57.9013800,32.666,0.28,RNX2SNX,IGS14|IGS14_0|IGS20|ITRF2014_0
OHIZ,1,1,8,8,1525868.4975,-2432457.6025,-5676160.0002,-63.3209575,-57.9001569,33.139,0.03,REFERENCE,IGS00|IGS97
OKOM,1,1,2,2,104973.1140,-5286698.4533,3554802.0203,34.0902637,-88.8624798,105.729,0.00,REFERENCE,ITRF2014_0
ONSA,1,1,772,772,3370658.2502,711877.4348,5349787.1575,57.3953016,11.9255232,45.630,0.66,RNX2SNX,IGS00|IGS08|IGS14|IGS14_0|IGS20|IGS20_0|IGS97|IGb08|ITRF00|ITRF2005|ITRF2014_0|ITRF97
OOST,1,1,2,2,3997350.4558,204056.1900,4949342.4412,51.2254087,2.9222904,70.351,0.00,REFERENCE,ITRF2014_0
OPMT,1,1,59,59,4202777.4337,171367.9135,4778660.1472,48.8359193,2.3349374,122.586,0.24,RNX2SNX,IGS00|ITRF00|ITRF2005|ITRF2014_0
ORAS,1,1,619,619,-3616244.6988,5080979.4511,1332644.7456,12.1407699,125.4402936,67.195,0.10,RNX2SNX,IGS14|IGS20
ORID,1,1,270,270,4498451.3817,1708267.3881,4173592.0401,41.1273137,20.7940561,773.011,0.41,RNX2SNX,IGS20|IGS20_0|ITRF2014_0
ORMO,1,1,619,619,-3555940.9487,5153804.9127,1210521.0134,11.0138100,124.6042864,80.455,0.10,RNX2SNX,IGS14|IGS20
OS0G,1,1,696,694,3370658.2501,711877.4348,5349787.1586,57.3953016,11.9255232,45.631,0.61,RNX2SNX,IGS00|IGS14|IGS14_0|IGS20|IGS97|IGb08|ITRF00|ITRF2005|ITRF2014_0
OSLO,1,1,29,11,3169981.9958,579956.6949,5485936.5846,59.7365857,10.3677557,221.509,0.28,REFERENCE,IGS00|IGS97|ITRF2014_0|ITRF97
OSLS,1,1,2,2,3169981.8033,579956.8374,5485936.7354,59.7365876,10.3677588,221.557,0.00,REFERENCE,ITRF2014_0
OSN1,1,1,630,630,-3067863.7417,4067640.7674,3824295.5683,37.0775653,127.0240391,51.761,3.02,RNX2SNX,IGS08|IGS14|IGS14_0|IGS20|IGb08|ITRF2014_0
OSN2,1,1,628,628,-3067863.7418,4067640.7674,3824295.5683,37.0775653,127.0240391,51.761,3.02,RNX2SNX,IGS14|IGS14_0|IGS20|IGb08|ITRF2014_0
OUAG,1,1,2,2,6229497.6353,-164484.7856,1356011.3997,12.3563911,-1.5124967,331.050,0.00,REFERENCE,ITRF2014_0
OUS2,1,1,758,758,-4387891.1544,733421.1569,-4555175.8944,-45.8694688,170.5109240,26.080,1.16,RNX2SNX,IGS08|IGS14|IGS14_0|IGS20|IGS20_0|IGb08|ITRF00|ITRF2005|ITRF2014_0
OUSD,1,1,2,2,-4387888.7476,733421.3529,-4555178.2651,-45.8694988,170.5109164,26.151,0.00,REFERENCE,ITRF2014_0
OXEC,1,1,2,2,-645257.5701,-6083156.1936,1802196.5526,16.5199682,-96.0548843,808.487,0.00,REFERENCE,ITRF2014_0
P043,1,1,268,268,-1128701.9453,-4465270.5782,4399615.8570,43.8811448,-104.1857063,1490.913,0.17,RNX2SNX,IGS20|IGS20_0
P059,1,1,2,2,-2758534.7259,-4132154.0050,3986124.8822,38.9283462,-123.7261979,-11.297,0.00,REFERENCE,ITRF2014_0
P101,1,1,2,2,-3611192.8148,2939102.3213,4344522.8239,43.2095256,140.8583105,38.365,0.00,REFERENCE,ITRF2014_0
P102,1,1,2,2,-3604633.3878,3079823.5992,4252131.4504,42.0787861,139.4891948,42.255,0.00,REFERENCE,ITRF2014_0
P103,1,1,2,2,-3744649.3658,3047623.1526,4153854.1100,40.8974933,140.8592097,44.213,0.00,REFERENCE,ITRF2014_0
P104,1,1,2,2,-3734879.9138,3167020.2165,4073088.4562,39.9421123,139.7034650,44.746,0.00,REFERENCE,ITRF2014_0
P105,1,1,2,2,-3799859.4401,3240117.1295,3954557.7422,38.5633369,139.5459734,45.559,0.00,REFERENCE,ITRF2014_0
P106,1,1,2,2,-3917847.7324,3176869.1788,3890656.7338,37.8307881,140.9624058,48.858,0.00,REFERENCE,ITRF2014_0
P107,1,1,2,2,-4015023.7753,3339324.6888,3649638.3865,35.1293832,140.2494545,39.404,0.00,REFERENCE,ITRF2014_0
P108,1,1,2,2,-3976337.7525,3382270.2241,3652431.8853,35.1601541,139.6155338,42.873,0.00,REFERENCE,ITRF2014_0
P109,1,1,2,2,-3765764.1420,3357383.6431,3889248.7473,37.8147574,138.2812591,44.790,0.00,REFERENCE,ITRF2014_0
P110,1,1,2,2,-3802287.3708,3362971.8694,3848948.2821,37.3565449,138.5085199,45.564,0.00,REFERENCE,ITRF2014_0
P111,1,1,2,2,-3703988.5940,3466091.5082,3853284.8332,37.4057286,136.9003275,43.923,0.00,REFERENCE,ITRF2014_0
P112,1,1,2,2,-3713434.2180,3567423.2043,3751032.9599,36.2545739,136.1488611,42.680,0.00,REFERENCE,ITRF2014_0
P113,1,1,2,2,-3960457.6226,3426670.2811,3628389.8899,34.8954851,139.1329592,47.165,0.00,REFERENCE,ITRF2014_0
P114,1,1,2,2,-3942545.0237,3455790.7364,3620325.0675,34.8068985,138.7642020,47.439,0.00,REFERENCE,ITRF2014_0
P115,1,1,2,2,-3913066.4571,3483057.9312,3626131.2139,34.8706701,138.3274142,46.524,0.00,REFERENCE,ITRF2014_0
P116,1,1,2,2,-3818785.9097,3583089.2771,3629161.4298,34.9039657,136.8238433,47.010,0.00,REFERENCE,ITRF2014_0
P117,1,1,2,2,-3749061.9960,3724079.4314,3559716.5877,34.1441455,135.1915379,45.744,0.00,REFERENCE,ITRF2014_0
P118,1,1,2,2,-3627486.7448,3715156.2922,3691650.1514,35.5936861,134.3159335,42.547,0.00,REFERENCE,ITRF2014_0
P119,1,1,2,2,-3488617.5383,3928682.6060,3603969.7771,34.6275880,131.6046474,39.352,0.00,REFERENCE,ITRF2014_0
P120,1,1,2,2,-3654514.4011,3885746.1372,3484943.9786,33.3334997,133.2435021,43.195,0.00,REFERENCE,ITRF2014_0
P121,1,1,2,2,-3412582.9117,4088751.1795,3497865.6326,33.4730798,129.8492936,39.070,0.00,REFERENCE,ITRF2014_0
P122,1,1,2,2,-3582625.8267,4025348.9074,3400664.2777,32.4286219,131.6696013,36.543,0.00,REFERENCE,ITRF2014_0
P123,1,1,2,2,-3493262.0736,4135025.1848,3362089.4588,32.0174089,130.1910655,39.787,0.00,REFERENCE,ITRF2014_0
P124,1,1,2,2,-3512442.8142,4524189.8206,2796936.2773,26.1794698,127.8246729,38.473,0.00,REFERENCE,ITRF2014_0
P162,1,1,2,2,-2724770.7612,-4003808.7653,4136468.7107,40.6910946,-124.2370370,-6.463,0.00,REFERENCE,ITRF2014_0
P201,1,1,2,2,-3519364.1115,2780889.4260,4519305.0921,45.4078196,141.6853329,31.691,0.00,REFERENCE,ITRF2014_0
P202,1,1,2,2,-3730050.1591,2681715.7053,4409668.2166,44.0194114,144.2857926,36.487,0.00,REFERENCE,ITRF2014_0
P203,1,1,2,2,-3798936.1476,2722640.6594,4325540.9690,42.9755699,144.3713977,35.937,0.00,REFERENCE,ITRF2014_0
P204,1,1,2,2,-3687263.9769,3015354.7728,4227576.8126,41.7816566,140.7245352,39.543,0.00,REFERENCE,ITRF2014_0
P206,1,1,2,2,-4000420.0782,3377635.8032,3630509.3697,34.9187915,139.8249191,45.552,0.00,REFERENCE,ITRF2014_0
P207,1,1,2,2,-3755156.0666,3474321.8050,3796308.4692,36.7621740,137.2245772,44.226,0.00,REFERENCE,ITRF2014_0
P208,1,1,2,2,-3816227.3423,3714594.7323,3498134.9583,33.4759472,135.7731913,46.410,0.00,REFERENCE,ITRF2014_0
P209,1,1,2,2,-3508722.3916,3887786.1606,3628551.7686,34.8973119,132.0662145,39.563,0.00,REFERENCE,ITRF2014_0
P210,1,1,2,2,-3442441.7324,4122053.2805,3429305.8145,32.7351177,129.8661991,38.572,0.00,REFERENCE,ITRF2014_0
P211,1,1,2,2,-3597405.1594,4079119.6049,3320579.9050,31.5769683,131.4093046,36.915,0.00,REFERENCE,ITRF2014_0
P212,1,1,2,2,-3498825.8702,4532637.4309,2800302.0225,26.2133256,127.6652081,38.656,0.00,REFERENCE,ITRF2014_0
P213,1,1,2,2,-4489493.5385,3483084.7568,2887511.9202,27.0939419,142.1946092,56.186,0.00,REFERENCE,ITRF2014_0
P224,1,1,2,2,-2688201.3599,-4265643.6063,3893778.5954,37.8638963,-122.2190606,407.354,0.00,REFERENCE,ITRF2014_0
P231,1,1,2,2,-2708724.8536,-4350832.5919,3783764.2755,36.6216765,-121.9054106,-26.341,0.00,REFERENCE,ITRF2014_0
P365,1,1,2,2,-2612714.5027,-3836783.8589,4359552.8937,43.3955182,-124.2534828,27.093,0.00,REFERENCE,ITRF2014_0
P435,1,1,2,2,-2357519.4902,-3561380.5611,4721518.0099,48.0595489,-123.5032790,287.332,0.00,REFERENCE,ITRF2014_0
PABL,1,1,164,164,-3167645.5665,5259051.0594,1723977.5984,15.7856163,121.0615077,242.490,102.55,GPSEST,ITRF2005|WGS-84
PADO,1,1,63,63,4388882.1126,924567.3734,4519588.6769,45.4111529,11.8960607,64.705,0.27,RNX2SNX,IGS00|IGS97|ITRF00|ITRF2005|ITRF2014_0
PAGP,1,15,2299,2299,-3095967.7989,5196121.6972,2017219.8071,18.5596579,120.7874500,52.165,206.56,RNX2SNX,IGS14|IGS20|ITRF2005
PAGP,2,15,4,4,-3105268.3464,5192161.0466,2049106.0380,18.8283300,120.8823176,11566.426,110.30,GPSEST,ITRF2005
PAGP,3,15,2,2,-3102112.9352,5196471.0215,2023438.8075,18.6029710,120.8357361,5301.794,0.00,GPSEST,ITRF2005
PAGP,4,15,2,2,-3108253.6535,5198114.6298,2027630.1667,18.6256762,120.8776464,10961.583,0.00,GPSEST,ITRF2005
PAGP,5,15,2,2,-3109168.2683,5196184.6778,2019406.7521,18.5587737,120.8944457,7214.877,0.00,GPSEST,ITRF2005
PAGP,6,15,2,2,-3118430.5933,5195454.4169,2015463.0918,18.5131787,120.9731452,9881.571,0.00,GPSEST,ITRF2005
PAGP,7,15,2,2,-3101251.5737,5194975.8205,2032392.7733,18.6845269,120.8359900,6529.407,0.00,GPSEST,ITRF2005
PAGP,8,15,2,2,-3094317.7040,5196327.7458,2036540.6958,18.7269047,120.7730214,5596.193,0.00,GPSEST,ITRF2005
PAGP,9,15,2,2,-3102397.5501,5200117.9517,2038336.0587,18.7208360,120.8203605,13173.853,0.00,GPSEST,ITRF2005
PAGP,10,15,2,2,-3104814.0654,5193357.7962,2041509.8971,18.7611661,120.8728091,9870.763,0.00,GPSEST,ITRF2005
PAGP,11,15,2,2,-3090437.5986,5193731.7181,2051269.8441,18.8650158,120.7540080,6351.321,0.00,GPSEST,ITRF2005
PAGP,12,15,2,2,-3104053.0022,5192185.9426,2041298.2018,18.7634094,120.8723175,8480.533,0.00,GPSEST,ITRF2005
PAGP,13,15,2,2,-3100172.9767,5195162.6477,2026796.4742,18.6378001,120.8263121,4367.015,0.00,GPSEST,ITRF2005
PAGP,14,15,2,2,-3105034.8708,5196239.9914,2033662.9113,18.6866379,120.8606043,9802.143,0.00,GPSEST,ITRF2005
PAGP,15,15,2,2,-3098896.7917,5194478.4936,2025382.7493,18.6292857,120.8192522,2738.965,0.00,GPSEST,ITRF2005
PAGU,1,1,10,10,-3095967.9087,5196121.2801,2017219.5616,18.5596567,120.7874530,51.800,0.04,GPSEST,ITRF2005
PALA,1,3,619,619,-3480522.8539,5174728.1339,1333292.5253,12.1467579,123.9247823,68.078,0.28,RNX2SNX,IGS14|IGS20
PALA,2,3,160,160,-4432225.8666,4514131.4051,809548.0800,7.3408677,134.4754613,91.073,0.15,OTHER,WGS-84
PALA,3,3,72,72,-3439256.0930,5173347.1199,1441239.9179,13.1465185,123.6160746,199.308,3.30,GPSEST,ITRF2005
PALK,1,1,2,2,1022268.7159,6244415.7796,802112.9264,7.2727542,80.7026235,380.283,0.00,REFERENCE,ITRF2014_0
PALM,1,2,619,619,-3535541.1440,5166930.8671,1214255.1816,11.0482143,124.3824041,74.200,0.10,RNX2SNX,IGS14|IGS20
PALM,2,2,275,275,1192672.2544,-2450887.7218,-5747096.0434,-64.7750882,-64.0511170,31.167,0.36,RNX2SNX,IGS08|IGS20|IGS20_0|IGb08|ITRF2014_0
PALO,1,1,619,619,-3587697.2728,5127829.6324,1226916.2615,11.1648441,124.9786438,81.949,0.10,RNX2SNX,IGS14|IGS20
PALV,1,1,5,5,1192671.9079,-2450887.6120,-5747096.0200,-64.7750902,-64.0511225,31.039,0.09,REFERENCE,IGb08|ITRF2014_0
PAMA,1,1,62,62,-5245195.4491,-3080472.0224,-1912825.2808,-17.5667380,-149.5745378,337.862,0.24,RNX2SNX,IGS00|IGS97|ITRF00|ITRF2005|ITRF97
PANC,1,1,54,54,-3108782.4705,5188830.6673,2016292.8496,18.5508169,120.9270766,54.574,5.90,GPSEST,ITRF2005
PAND,1,1,619,619,-3318816.7045,5291418.6097,1287175.0396,11.7206383,122.0962395,79.114,0.14,RNX2SNX,IGS14|IGS20
PANG,1,1,48,48,-2886041.3030,5087845.4373,2534228.8449,23.5652061,119.5637423,29.226,0.04,OTHER,WGS-84
PAOL,1,1,53,53,-2997037.1957,5047007.1488,2487959.4754,23.1086335,120.7028843,434.133,0.00,RNX2SNX,ITRF00|ITRF2005
PAPE,1,1,2,2,-5245798.3929,-3081049.6397,-1909175.5018,-17.5330831,-149.5727226,11.936,0.00,REFERENCE,ITRF2014_0
PAPH,1,1,2,2,1251540.0024,-4728978.9611,4079121.9821,40.0131611,-75.1763342,26.540,0.00,REFERENCE,ITRF2014_0
PARA,1,1,2,2,3763751.6568,-4365113.8591,-2724404.5817,-25.4483675,-49.2309551,925.758,0.00,REFERENCE,ITRF2014_0
PARC,1,1,705,705,1255992.5935,-3622975.2750,-5079719.1085,-53.1369526,-70.8798807,22.277,0.26,RNX2SNX,IGS08|IGS14|IGS14_0|IGS20|IGS20_0|IGb08|ITRF2014_0
PARK,1,1,2,2,-4554254.8549,2816652.4573,-3454060.1671,-32.9987648,148.2646119,397.371,0.00,REFERENCE,ITRF2014_0
PASA,1,1,2,2,4644909.1588,-156645.2510,4353622.9640,43.3217656,-1.9315150,67.373,0.00,REFERENCE,ITRF2014_0
PASO,1,1,2,2,-1533953.7647,-5207253.2722,3339340.2314,31.7697657,-106.4139301,1113.286,0.00,REFERENCE,ITRF2014_0
PAT0,1,1,2,2,4655002.7830,1860619.6749,3930281.8503,38.2836560,21.7867499,121.046,0.00,REFERENCE,ITRF2014_0
PATT,1,1,2,2,-540765.6065,-5400118.7045,3339605.9375,31.7782726,-95.7185111,94.851,0.00,REFERENCE,ITRF2014_0
PBAI,1,1,2,2,-945635.3598,6307644.4242,-3493.8695,-0.0315975,98.5262233,-1.167,0.00,REFERENCE,ITRF2014_0
PBAS,1,1,643,643,-3166085.6391,5071571.5327,2214420.9593,20.4495184,121.9757489,79.370,4.60,RNXHDR,
PBAT,1,1,692,692,-3082932.9381,5224290.4380,1964073.9069,18.0539102,120.5454986,50.076,3.45,RNXHDR,
PBAY,1,1,388,388,-3164088.2455,5236293.7321,1797982.0541,16.4815516,121.1429331,322.992,5.22,GPSEST,ITRF2005
PBIL,1,1,2,2,4059564.8898,-174226.3434,4899976.4706,50.5217834,-2.4574831,107.456,0.00,REFERENCE,ITRF2014_0
PBIS,1,2,673,673,-3742522.5445,5084797.8421,902504.6008,8.1891727,126.3538820,79.678,2.07,RNXHDR,
PBIS,2,2,1,1,-3022677.3517,5511842.1761,1075518.5172,9.7729366,118.7402286,69.518,0.00,RNXHDR,
PBL1,1,1,2,2,-2703286.6504,-4256585.8702,3892573.5355,37.8530547,-122.4189489,-8.076,0.00,REFERENCE,ITRF2014_0
PBOG,1,1,56,56,-3499087.8994,5191752.4907,1214049.9581,11.0462987,123.9788069,88.511,0.01,RNX2SNX,IGS14|IGS20
PBR2,1,1,2,2,-295647.7035,6240847.6410,1278181.2094,11.6378056,92.7122455,-22.489,0.00,REFERENCE,ITRF2014_0
PBRI,1,1,270,270,-295636.0084,6240848.8598,1278178.6963,11.6377821,92.7121378,-22.345,0.44,RNX2SNX,IGS20|IGS20_0|ITRF2014_0
PCAB,1,2,227,227,-3161426.5081,5274258.8988,1688188.4035,15.4502123,120.9387578,76.839,460.02,GPSEST,ITRF2005
PCAB,2,2,10,10,-3225693.0783,5285202.4606,1525743.1118,13.9323327,121.3967753,110.524,0.05,GPSEST,ITRF2005
PCABNATUAN,1,1,49,49,-3161426.5195,5274258.8888,1688188.4132,15.4502124,120.9387579,76.839,0.03,GPSEST,ITRF2005
PCAN,1,2,412,412,-3225693.1011,5285202.4679,1525743.1135,13.9323326,121.3967754,110.542,67.70,GPSEST,ITRF2005
PCAN,2,2,10,10,-3127780.1488,5310053.5024,1638299.4576,14.9829329,120.4993559,90.864,0.05,GPSEST,ITRF2005
PCAT,1,1,538,538,-3541625.9618,5122609.7624,1372754.2365,12.5119080,124.6588738,60.204,2.11,RNXHDR,
PCB2,1,1,2,2,-3161495.0160,5274363.0507,1687745.5864,15.4460553,120.9388064,78.942,0.00,GPSEST,ITRF2005
PCDN,1,1,741,741,-3088457.7374,5255339.2523,1870978.2847,17.1713754,120.4419018,53.449,9.10,RNXHDR,
PCEB,1,1,559,559,-3499373.6059,5209603.2921,1134905.4360,10.3181078,123.8898873,128.658,3.64,RNXHDR,
PCLA,1,1,2,2,269789.9870,-5495458.7658,3215296.0882,30.4690227,-87.1894199,1.944,0.00,REFERENCE,ITRF2014_0
PCLP,1,1,654,654,-3213833.9166,5307813.4079,1471474.4475,13.4276067,121.1945332,63.462,2.91,RNXHDR,
PCOT,1,1,784,784,-3561309.0772,5231064.9118,794050.2610,7.1996048,124.2470345,85.917,4.69,RNXHDR,
PDAV,1,1,757,757,-3688323.0353,5143558.7747,786029.4212,7.1264907,125.6434026,101.770,7.22,RNXHDR,
PDCS,1,1,5,5,-3492726.0041,5140468.4964,1429695.7646,13.0396870,124.1944125,56.858,5.44,GPSEST,ITRF2005
PDDN,1,1,801,801,-3698129.1632,5130743.4397,822545.9674,7.4593792,125.7832497,93.881,7.11,RNXHDR,
PDEL,1,1,766,766,4551595.8581,-2186892.7915,3883411.0749,37.7477524,-25.6627607,110.588,0.62,RNX2SNX,IGS00|IGS08|IGS14|IGS14_0|IGS20|IGS20_0|IGS97|IGb08|ITRF00|ITRF2005|ITRF2014_0
PDIP,1,1,813,813,-3466872.8008,5268929.0252,946018.1388,8.5868453,123.3442904,91.738,7.16,RNXHDR,
PDUM,1,1,814,814,-3455857.5878,5261024.4038,1026318.8507,9.3218407,123.3000798,88.352,4.68,RNXHDR,
PEMB,1,1,52,52,-3185759.4796,5289910.9992,1591313.0873,14.5438284,121.0577425,73.193,0.00,RNX2SNX,ITRF00
PENC,1,1,336,332,4052449.1170,1417681.4801,4701407.3048,47.7896058,19.2815348,291.730,0.77,RNX2SNX,IGS00|IGS20|IGS20_0|IGS97|ITRF00|ITRF2005|ITRF2014_0|ITRF97
PERT,1,1,1681,1681,-2368687.2832,4881316.5908,-3341795.7566,-31.8019659,115.8852502,12.718,176.97,RNX2SNX,IGS00|IGS08|IGS14|IGS14_0|IGS20|IGS20_0|IGS97|IGb08|ITRF00|ITRF2005|ITRF2014_0|ITRF97
PETP,1,1,337,337,-3576239.7278,1401003.6603,5075177.3278,53.0667311,158.6070745,210.206,0.29,RNX2SNX,IGS00|IGS08|IGS20|IGS20_0|IGS97|IGb08|ITRF00|ITRF2005|ITRF2014_0|ITRF97
PETR,1,1,18,9,-3576237.8533,1401007.0472,5075178.1918,53.0667394,158.6070173,210.590,4.17,REFERENCE,IGS00|IGS97|ITRF97
PETS,1,1,323,323,-3580828.3528,1399698.3119,5072184.9874,53.0232994,158.6501308,101.962,0.32,RNX2SNX,IGS20|IGS20_0|ITRF00|ITRF2005|ITRF2014_0
PFAN,1,1,10,5,4253561.7866,733533.7389,4681452.5620,47.5153273,9.7845133,1089.844,11.22,REFERENCE,IGS97|ITRF97
PFLO,1,1,1108,1108,-3127780.2967,5310053.5033,1638299.4525,14.9829327,120.4993571,90.936,43.05,GPSEST,ITRF2005
PFLOIDABLANCA,1,1,49,49,-3127780.3253,5310053.3160,1638299.4512,14.9829330,120.4993582,90.794,0.03,GPSEST,ITRF2005
PGC5,1,1,2,2,-2327195.0688,-3522532.6349,4764828.7882,48.6485326,-123.4511290,3.571,0.00,REFERENCE,ITRF2014_0
PGEN,1,2,442,442,-3650007.4612,5187339.8260,669409.4462,6.0649123,125.1316607,121.220,5.40,RNX2SNX,IGS14|IGS20|ITRF2005
PGEN,2,2,8,8,-3372134.8392,5282116.2480,1183263.5772,10.7628844,122.5544061,75.451,0.02,GPSEST,ITRF2005
PHIC,1,1,94,94,-3184317.3540,5287302.0791,1602902.5347,14.6519756,121.0587688,111.371,79.40,GPSEST,ITRF2005|WGS-84
PHIV,1,1,236,236,-3184310.3235,5287299.3641,1602925.2697,14.6521880,121.0587259,111.363,67.31,GPSEST,ITRF2005|WGS-84
PHLW,1,1,2,2,4728141.2071,2879662.4752,3157147.0114,29.8615473,31.3433990,148.614,0.00,REFERENCE,ITRF2014_0
PIBU,1,1,619,619,-3197922.5223,5278722.2573,1605490.5019,14.6753111,121.2080573,466.870,0.50,RNX2SNX,IGS14|IGS20
PICL,1,1,270,270,-11253.4444,-3980586.7986,4967210.3110,51.4798084,-90.1619794,315.219,0.30,RNX2SNX,IGS20|IGS20_0|ITRF2014_0
PIE1,1,1,772,772,-1640917.1827,-5014781.1919,3575446.9836,34.3015047,-108.1189300,2347.727,0.42,RNX2SNX,IGS00|IGS08|IGS14|IGS14_0|IGS20|IGS20_0|IGS97|IGb08|ITRF00|ITRF2005|ITRF2014_0|ITRF97
PILC,1,1,374,374,-3372134.8455,5282116.2617,1183263.5698,10.7628843,122.5544061,75.464,191.92,GPSEST,ITRF2005
PIMO,1,23,7071,7071,-3186293.7782,5286624.2800,1601158.3100,14.6357199,121.0777304,95.521,76.48,RNX2SNX,IGS00|IGS08|IGS14|IGS20|IGS20_0|IGS97|IGb08|ITRF00|ITRF2005|ITRF2014_0|WGS-84
PIMO,2,23,25,25,-3187605.6000,5289220.2000,1601974.6000,14.6362342,121.0757218,3108.149,0.00,COORDINATE,ITRF2005
PIMO,3,23,2,2,-3218739.2736,5275034.9599,1613481.1468,14.7275440,121.3908528,9907.727,0.00,GPSEST,ITRF2005
PIMO,4,23,2,2,-3212524.2287,5280713.3133,1614361.5196,14.7315201,121.3142584,11693.984,0.00,GPSEST,ITRF2005
PIMO,5,23,2,2,-3191005.8953,5285288.0419,1606755.9446,14.6817038,121.1215851,2759.843,0.00,GPSEST,ITRF2005
PIMO,6,23,2,2,-3195359.4013,5285087.3005,1610490.0547,14.7095617,121.1571231,5718.576,0.00,GPSEST,ITRF2005
PIMO,7,23,2,2,-3197506.8576,5285140.6427,1602837.4648,14.6400640,121.1739126,4899.161,0.00,GPSEST,ITRF2005
PIMO,8,23,2,2,-3214234.3218,5281031.6188,1605312.2268,14.6498899,121.3262652,10521.987,0.00,GPSEST,ITRF2005
PIMO,9,23,2,2,-3205346.0497,5283911.3911,1598946.6435,14.5992080,121.2419941,6830.119,0.00,GPSEST,ITRF2005
PIMO,10,23,2,2,-3208559.5457,5280363.5990,1617372.6598,14.7632091,121.2845347,10179.676,0.00,GPSEST,ITRF2005
PIMO,11,23,2,2,-3190443.9875,5284353.8049,1615834.3353,14.7635192,121.1216021,4012.616,0.00,GPSEST,ITRF2005
PIMO,12,23,2,2,-3184862.3833,5286043.0048,1620001.5885,14.8032232,121.0691343,3687.275,0.00,GPSEST,ITRF2005
PIMO,13,23,2,2,-3191302.0810,5288509.9128,1621617.0384,14.8047796,121.1084903,9357.361,0.00,GPSEST,ITRF2005
PIMO,14,23,2,2,-3194960.7152,5283458.2012,1625455.3902,14.8438859,121.1617787,7988.101,0.00,GPSEST,ITRF2005
PIMO,15,23,2,2,-3193549.7883,5280810.0339,1631929.9481,14.9073178,121.1632917,6754.519,0.00,GPSEST,ITRF2005
PIMO,16,23,2,2,-3179324.8430,5280177.7095,1634812.9002,14.9508430,121.0531801,-127.220,0.00,GPSEST,ITRF2005
PIMO,17,23,2,2,-3195449.7719,5282300.6137,1633038.5763,14.9117420,121.1712217,9222.461,0.00,GPSEST,ITRF2005
PIMO,18,23,2,2,-3197683.2668,5287907.2608,1625624.4229,14.8333077,121.1620338,13073.349,0.00,GPSEST,ITRF2005
PIMO,19,23,2,2,-3197666.4516,5280531.2066,1640719.8611,14.9795600,121.1973252,10849.905,0.00,GPSEST,ITRF2005
PIMO,20,23,2,2,-3192877.5324,5281400.9399,1624519.7031,14.8422846,121.1551123,5004.783,0.00,GPSEST,ITRF2005
PIMO,21,23,2,2,-3189882.3695,5285133.8810,1610450.0251,14.7156164,121.1133975,3007.872,0.00,GPSEST,ITRF2005
PIMO,22,23,2,2,-3195139.4727,5286391.6843,1617631.5952,14.7696091,121.1491174,8505.082,0.00,GPSEST,ITRF2005
PIMO,23,23,2,2,-3188715.6270,5284638.3680,1609121.1215,14.7063604,121.1065017,1676.992,0.00,GPSEST,ITRF2005
PIN1,1,1,2,2,-2369510.7593,-4761206.9175,3511396.2579,33.6121563,-116.4581611,1256.162,0.00,REFERENCE,ITRF2014_0
PIN2,1,1,2,2,-2369466.7617,-4761231.4479,3511396.7312,33.6121480,-116.4576190,1258.388,0.00,REFERENCE,ITRF2014_0
PINT,1,1,48,48,-2976963.5610,5025645.9425,2553711.0644,23.7560684,120.6405670,328.202,0.04,OTHER,WGS-84
PIOV,1,1,2,2,-3495202.7650,5172096.4700,1304817.7000,11.8836569,124.0500669,32.625,9.96,RNXHDR,
PIVS,1,1,949,949,-3184316.8940,5287302.2556,1602902.5408,14.6519759,121.0587643,111.289,19.17,GPSEST,ITRF2005
PKAL,1,1,760,760,-3343823.9248,5276063.5477,1285509.3044,11.7052548,122.3653984,81.895,2.47,RNXHDR,
PKDB,1,1,2,2,-2627226.8325,-4452757.4760,3723620.4507,35.9452389,-120.5415586,589.833,0.00,REFERENCE,ITRF2014_0
PKGM,1,1,294,294,-2951343.4956,5049506.4448,2535725.3909,23.5798942,120.3054992,43.073,1.34,RNX2SNX,ITRF00|ITRF2005|WGS-84
PL11,1,1,140,140,-3020765.1537,5514266.0806,1068408.8087,9.7077389,118.7143290,55.766,0.48,OTHER,WGS-84
PLAN,1,1,53,53,-2997102.3259,4970980.2799,2637200.0917,24.5789549,121.0866061,1122.779,0.00,RNX2SNX,ITRF00|ITRF2005
PLAR,1,1,56,56,-3447132.6892,5174254.1035,1418658.5551,12.9372322,123.6718947,90.423,0.01,RNX2SNX,IGS14|IGS20
PLEG,1,1,613,613,-3449311.3836,5166215.9030,1442826.0272,13.1612183,123.7297250,210.136,299.30,GPSEST,ITRF2005
PLIN,1,1,53,53,-3042294.3622,4923212.2695,2672523.4984,24.9336269,121.7139529,271.100,0.00,RNX2SNX,ITRF00|ITRF2005
PLO5,1,1,2,2,-2460295.9113,-4778387.5935,3422768.5464,32.6654212,-117.2430302,-22.522,0.00,REFERENCE,ITRF2014_0
PLPK,1,1,2,2,2079880.2263,-1404664.8437,5844059.8881,66.8977270,-34.0334598,122.237,0.00,REFERENCE,ITRF2014_0
PLTC,1,1,2,2,-1240696.8328,-4720547.4949,4094380.6870,40.1815925,-104.7259382,1502.827,0.00,REFERENCE,ITRF2014_0
PLUZ,1,1,2,2,5425838.5883,-1495300.0297,2990874.1940,28.1467101,-15.4076073,49.384,0.00,REFERENCE,ITRF2014_0
PLWN,1,2,619,619,-2943935.9238,5574423.8248,966510.8444,8.7743212,117.8391989,60.121,0.09,RNX2SNX,IGS14|IGS20
PLWN,2,2,327,327,-3030498.7562,5500760.5786,1109606.5489,10.0857726,118.8514057,92.698,95.15,GPSEST,ITRF2005|WGS-84
PLYN,1,1,109,109,-3174642.0085,5262498.0775,1700123.5317,15.5620417,121.1007999,118.054,9.27,GPSEST,ITRF2005|WGS-84
PMAS,1,1,821,821,-3450752.6566,5188375.9742,1357309.1186,12.3688987,123.6276015,79.297,2.49,RNXHDR,
PMAT,1,1,56,56,-3741994.4371,5107657.8203,766449.3774,6.9480861,126.2274125,114.675,0.01,RNX2SNX,IGS14|IGS20
PMG5,1,1,10,10,-3130885.7832,5302502.5672,1656907.9973,15.1568975,120.5599120,171.954,0.00,OTHER,WGS-84
PMOG,1,1,884,884,-3274637.0666,5269091.5083,1476547.7464,13.4747529,121.8601409,64.921,4.28,RNXHDR,
PMPL,1,1,619,619,-3437921.7395,5269521.0259,1042866.4226,9.4734496,123.1210869,111.792,0.22,RNX2SNX,IGS14|IGS20
PMRV,1,1,951,951,-3134715.5344,5323770.5151,1579759.7210,14.4360036,120.4902117,62.899,7.81,RNXHDR,
PMTG,1,1,2,2,4038372.4034,-78330.5852,4919720.1849,50.8023299,-1.1112024,56.552,0.00,REFERENCE,ITRF2014_0
PMTH,1,1,2,2,4061825.1999,-293020.8704,4892572.4746,50.4164710,-4.1261809,175.572,0.00,REFERENCE,ITRF2014_0
PNAG,1,1,523,523,-3394665.7325,5187871.1556,1492904.6665,13.6268152,123.1985924,71.799,4.19,RNXHDR,
PNBO,1,1,619,619,-3689612.3815,5139942.2237,803273.1447,7.2836596,125.6719758,94.880,3.72,RNX2SNX,IGS14|IGS20
PNCY,1,1,2,2,415741.1887,-5501178.3709,3189985.6133,30.2045940,-85.6781946,-18.642,0.00,REFERENCE,ITRF2014_0
PNDO,1,1,749,749,-3073490.1488,5450703.0205,1230702.7537,11.1997840,119.4173649,55.701,3.27,RNXHDR,
PNG3,1,1,231,231,-3075374.5791,5303613.2866,1753482.4246,16.0632973,120.1079034,81.010,86.77,GPSEST,ITRF2005|WGS-84
PNG5,1,1,87,87,-3091887.1146,5300963.2341,1732686.5700,15.8676808,120.2536836,139.631,9.60,GPSEST,ITRF2005
PNGM,1,1,696,696,-5367942.4336,3437432.3725,-225885.4372,-2.0432258,147.3659996,116.318,1.51,RNX2SNX,IGS14|IGS20|IGS20_0|ITRF2014_0
PNR1,1,1,42,42,-3075373.7444,5303611.8699,1753487.4362,16.0633449,120.1079033,80.816,0.18,OTHER,WGS-84
PNR3,1,1,140,140,-3075374.6486,5303613.6367,1753477.8536,16.0632567,120.1079023,80.069,0.23,OTHER,WGS-84
POAL,1,1,270,270,3467519.4418,-4300378.6945,-3177517.4637,-30.0740397,-51.1197655,76.741,0.19,RNX2SNX,IGS20|IGS20_0|ITRF2014_0
POHN,1,1,700,700,-5879158.0926,2350293.1110,767748.7488,6.9599489,158.2101024,90.668,1.15,RNX2SNX,IGS14|IGS14_0|IGS20|IGS20_0|ITRF2014_0
POL2,1,1,780,767,1239970.8120,4530790.1847,4302578.8956,42.6797709,74.6942719,1714.217,0.80,RNX2SNX,IGS00|IGS08|IGS14|IGS14_0|IGS20|IGS20_0|IGS97|IGb08|ITRF00|ITRF2005|ITRF2014_0|ITRF97
POLI,1,14,1958,1958,-3264110.6927,5236298.9696,1609561.5990,14.7143125,121.9378526,59.754,229.14,RNX2SNX,IGS14|IGS20|ITRF2005
POLI,2,14,4,4,-3272587.7327,5232476.1743,1633852.3388,14.9235373,122.0234125,7478.127,450.09,GPSEST,ITRF2005
POLI,3,14,4,4,-3273664.3452,5232178.9759,1641840.4111,14.9924461,122.0333492,9848.135,217.24,GPSEST,ITRF2005
POLI,4,14,2,2,-3270954.1434,5236590.5872,1615800.3750,14.7599250,121.9903137,5389.724,0.00,GPSEST,ITRF2005
POLI,5,14,2,2,-3276604.0539,5238021.4440,1619933.9605,14.7863176,122.0277219,10512.717,0.00,GPSEST,ITRF2005
POLI,6,14,2,2,-3279065.8419,5236398.3017,1611883.8922,14.7162259,122.0550594,8395.458,0.00,GPSEST,ITRF2005
POLI,7,14,2,2,-3287668.1956,5236472.3093,1608306.1934,14.6743950,122.1222572,11968.873,0.00,GPSEST,ITRF2005
POLI,8,14,2,2,-3269413.1078,5234633.2010,1624692.8904,14.8432746,121.9878069,5267.169,0.00,GPSEST,ITRF2005
POLI,9,14,2,2,-3263465.7306,5235788.8437,1628813.0290,14.8842603,121.9352757,4228.819,0.00,GPSEST,ITRF2005
POLI,10,14,2,2,-3270721.8661,5240000.0605,1630710.7203,14.8836269,121.9717321,11880.829,0.00,GPSEST,ITRF2005
POLI,11,14,2,2,-3259926.5119,5233888.2323,1644323.1620,15.0277118,121.9167084,4864.944,0.00,GPSEST,ITRF2005
POLI,12,14,2,2,-3269306.6762,5235939.6934,1619720.3154,14.7974344,121.9805449,5012.032,0.00,GPSEST,ITRF2005
POLI,13,14,2,2,-3273283.9526,5236355.8885,1626218.3991,14.8484628,122.0098012,9052.903,0.00,GPSEST,ITRF2005
POLI,14,14,2,2,-3267512.5269,5234646.5093,1617977.5163,14.7869353,121.9727739,2587.820,0.00,GPSEST,ITRF2005
POLV,1,1,758,758,3411556.9247,2348464.2448,4834397.0377,49.6026162,34.5429367,178.349,0.65,RNX2SNX,IGS08|IGS14|IGS14_0|IGS20|IGS20_0|IGb08|ITRF00|ITRF2005|ITRF2014_0
POR2,1,1,2,2,1541610.6918,-4404569.6811,4333255.6435,43.0709785,-70.7098228,-14.189,0.00,REFERENCE,ITRF2014_0
POR4,1,1,2,2,1541631.5026,-4404556.5579,4333256.6460,43.0710190,-70.7095284,-17.531,0.00,REFERENCE,ITRF2014_0
POTR,1,2,619,619,-3177189.6583,5291181.5822,1604077.7260,14.6630484,120.9835043,71.446,0.10,RNX2SNX,IGS14|IGS20
POTR,2,2,2,2,-2407290.4271,-4809163.1758,3418784.4607,32.6184116,-116.5908636,730.266,0.00,REFERENCE,ITRF2014_0
POTS,1,1,781,772,3800689.3050,882077.7116,5028791.5104,52.3793002,13.0660971,144.419,115.01,RNX2SNX,IGS00|IGS08|IGS14|IGS14_0|IGS20|IGS20_0|IGS97|IGb08|ITRF00|ITRF2005|ITRF2014_0|ITRF97
POVE,1,1,270,270,2774265.5672,-5662060.1950,-959415.6865,-8.7093339,-63.8963205,119.579,0.19,RNX2SNX,IGS20|IGS20_0|ITRF2014_0
PPPC,1,2,470,470,-3022676.3651,5511839.5733,1075517.5702,9.7729324,118.7402321,66.641,5.32,GPSEST,ITRF2005
PPPC,2,2,2,2,-3649683.1862,5117858.0487,1077577.3862,9.7918085,125.4936963,80.385,0.00,GPSEST,ITRF2005
PPT1,1,1,2,2,-2725253.2813,-4295976.7823,3833959.2940,37.1870862,-122.3899540,7.810,0.00,REFERENCE,ITRF2014_0
PPTE,1,1,2,2,3687624.3655,-4620818.7200,-2386880.2562,-22.1199036,-51.4085343,431.028,0.00,REFERENCE,ITRF2014_0
PRCO,1,1,2,2,-684650.2652,-5186967.8622,3636211.8541,34.9798657,-97.5192501,305.116,0.00,REFERENCE,ITRF2014_0
PRDS,1,1,766,766,-1659603.3152,-3676725.7924,4925493.4101,50.8713498,-114.2935011,1247.950,0.52,RNX2SNX,IGS00|IGS08|IGS14|IGS14_0|IGS20|IGS20_0|IGS97|IGb08|ITRF00|ITRF2005|ITRF2014_0
PRE1,1,1,630,630,5066232.0272,2719227.4077,-2754392.2838,-25.7463420,28.2240417,1416.312,0.52,RNX2SNX,IGS08|IGS14|IGS14_0|IGS20|IGb08|ITRF2014_0
PRE2,1,1,628,628,5066232.0272,2719227.4078,-2754392.2838,-25.7463420,28.2240417,1416.312,0.52,RNX2SNX,IGS14|IGS14_0|IGS20|IGb08|ITRF2014_0
PRIE,1,1,2,2,4630631.7736,435498.4589,4350065.6306,43.2767611,5.3727107,186.349,0.00,REFERENCE,ITRF2014_0
PRJ4,1,1,52,52,-3185311.5910,5287657.8456,1599709.8108,14.6221895,121.0649704,95.788,0.00,RNX2SNX,ITRF00
PRMI,1,1,2,2,2366882.0293,-5588324.2130,1955260.3511,17.9703980,-67.0453713,-25.478,0.00,REFERENCE,ITRF2014_0
PSNR,1,1,563,563,-3088262.4071,5332020.4294,1641797.5653,15.0157227,120.0790700,65.875,2.48,RNXHDR,
PSRF,1,1,791,791,-3167388.5303,5286533.3983,1638185.5516,14.9819179,120.9276305,69.930,4.25,RNXHDR,
PSTC,1,1,120,120,-3222394.9926,5276125.7912,1563214.8221,14.2816471,121.4145081,63.544,23.85,GPSEST,ITRF2005
PSTN,1,1,659,659,-3219842.8561,5124935.4511,2005414.7845,18.4472279,122.1399113,40.156,26.58,RNXHDR,
PSUR,1,2,494,494,-3649683.2024,5117858.0488,1077577.3988,9.7918086,125.4936964,80.397,185.17,GPSEST,ITRF2005
PSUR,2,2,12,12,-3588938.5165,5124729.7447,1236144.7506,11.2498915,125.0042318,82.709,0.92,GPSEST,ITRF2005
PTAC,1,1,302,302,-3588937.8195,5124729.1881,1236144.5765,11.2498915,125.0042295,81.836,12.20,GPSEST,ITRF2005
PTAG,1,17,3004,3004,-3184318.8195,5291065.6430,1590418.2177,14.5354412,121.0407652,86.808,110.08,RNX2SNX,IGS14|IGS20|IGS20_0|ITRF2005|ITRF2014_0
PTAG,2,17,4,4,-3192285.1275,5286671.5634,1614272.9575,14.7431330,121.1251109,6453.994,391.82,GPSEST,ITRF2005
PTAG,3,17,4,4,-3193083.4560,5286128.0382,1622092.3996,14.8115070,121.1340578,8397.642,112.38,GPSEST,ITRF2005
PTAG,4,17,2,2,-3189698.8583,5290525.4633,1596083.0763,14.5797276,121.0861012,3749.732,0.00,GPSEST,ITRF2005
PTAG,5,17,2,2,-3195589.4457,5291910.7840,1600278.9370,14.6067682,121.1262271,8899.813,0.00,GPSEST,ITRF2005
PTAG,6,17,2,2,-3197624.2906,5290641.3064,1592415.8119,14.5381515,121.1484536,6888.139,0.00,GPSEST,ITRF2005
PTAG,7,17,2,2,-3206502.8928,5290155.7859,1588887.8160,14.4978625,121.2211582,10052.170,0.00,GPSEST,ITRF2005
PTAG,8,17,2,2,-3209376.7805,5286706.8043,1606643.0838,14.6561962,121.2604889,13109.428,0.00,GPSEST,ITRF2005
PTAG,9,17,2,2,-3189314.3788,5289161.5598,1605405.2937,14.6643131,121.0895795,4780.762,0.00,GPSEST,ITRF2005
PTAG,10,17,2,2,-3182331.6658,5288321.4806,1608537.6812,14.7015829,121.0380957,1393.256,0.00,GPSEST,ITRF2005
PTAG,11,17,2,2,-3189627.5650,5293007.0177,1610573.5301,14.7015408,121.0736556,9432.984,0.00,GPSEST,ITRF2005
PTAG,12,17,2,2,-3178402.0309,5286497.9093,1624142.1751,14.8461826,121.0155545,1902.951,0.00,GPSEST,ITRF2005
PTAG,13,17,2,2,-3195332.5329,5291608.9693,1614549.1711,14.7322238,121.1256347,12135.235,0.00,GPSEST,ITRF2005
PTAG,14,17,2,2,-3198594.1757,5288910.2186,1621249.5267,14.7920959,121.1644484,13240.279,0.00,GPSEST,ITRF2005
PTAG,15,17,2,2,-3188560.5005,5289951.3599,1599913.1869,14.6156641,121.0798076,3670.496,0.00,GPSEST,ITRF2005
PTAG,16,17,2,2,-3193115.9649,5290706.4197,1606796.3261,14.6689500,121.1123676,8312.375,0.00,GPSEST,ITRF2005
PTAG,17,17,2,2,-3187249.7525,5289203.1876,1598552.2436,14.6067692,121.0729755,2052.413,0.00,GPSEST,ITRF2005
PTAGIA,1,1,49,49,-3184318.8513,5291065.4132,1590418.1968,14.5354414,121.0407666,86.628,0.03,GPSEST,ITRF2005
PTAR,1,1,696,696,-3128649.7667,5292969.2705,1690799.3745,15.4746097,120.5871381,110.576,3.43,RNXHDR,
PTBA,1,1,9,9,3844064.5781,709657.4969,5023126.4766,52.2961451,10.4596790,130.162,0.05,REFERENCE,IGS00|IGS97|ITRF97
PTBB,1,1,72,68,3844060.0344,709661.2322,5023129.4981,52.2961887,10.4597449,130.234,0.57,RNX2SNX,IGS00|IGS20|IGS20_0|IGS97|IGb08|ITRF00|ITRF2005|ITRF2014_0
PTBN,1,1,1193,1193,-3174850.4138,5254059.1460,1726405.5260,15.8080869,121.1431506,371.794,2.54,RNX2SNX,IGS14|IGS20|ITRF2005
PTGO,1,1,806,806,-3596114.5524,5182806.5195,939356.1401,8.5259263,124.7550280,96.300,6.99,RNXHDR,
PTGY,1,1,987,987,-3181286.0598,5307489.8850,1543919.5332,14.1002796,120.9382866,717.163,52.75,GPSEST,ITRF2005
PTGYYTAY,1,1,49,49,-3181286.0684,5307489.7115,1543919.5194,14.1002798,120.9382875,717.020,0.03,GPSEST,ITRF2005
PTKL,1,1,2,2,-4599806.0853,2558779.0002,-3590075.5658,-34.4755468,150.9136983,34.451,0.00,REFERENCE,ITRF2014_0
PTLD,1,1,2,2,-3926098.5058,3110284.5187,-3935497.5671,-38.3443961,141.6134722,0.865,0.00,REFERENCE,ITRF2014_0
PTPC,1,2,10,10,-3022122.0422,5512071.4232,1075995.1976,9.7772850,118.7347860,85.427,70.86,RNXHDR,
PTPC,2,2,1,1,-3022692.9277,5513448.9057,1076136.8607,9.7762716,118.7333130,1570.265,0.00,RNXHDR,
PTRB,1,1,2,2,-2742441.2943,-4219970.0348,3905199.1802,37.9961756,-123.0187205,145.752,0.00,REFERENCE,ITRF2014_0
PTSG,1,1,2,2,-2681055.8456,-3936889.8390,4227633.4927,41.7827411,-124.2551999,-10.203,0.00,REFERENCE,ITRF2014_0
PTSV,1,1,2,2,-3912011.6384,3462794.5433,-3646501.4204,-35.0947019,138.4857163,57.714,0.00,REFERENCE,ITRF2014_0
PTTN,1,1,56,56,-3377820.0096,5274057.6624,1202819.5079,10.9428581,122.6379139,97.661,0.01,RNX2SNX,IGS14|IGS20
PTUG,1,1,746,746,-3199386.4002,5169557.6182,1922602.2291,17.6601450,121.7529418,84.553,1.68,RNXHDR,
PTVL,1,1,268,268,-5950573.1922,1230677.9617,-1932016.8947,-17.7494318,168.3150178,86.495,0.57,RNX2SNX,IGS20|IGS20_0
PUER,1,1,639,639,-3190563.7006,5319597.9561,1479477.7982,13.5019937,120.9542911,62.223,6.97,RNX2SNX,IGS14|IGS20|ITRF2005
PUGA,1,1,196,196,-3166608.0896,5261649.3144,1717610.5678,15.7260920,121.0407083,140.878,67.78,GPSEST,ITRF2005|WGS-84
PULA,1,1,1,1,-3413583.6200,5225436.0300,1308630.3500,11.9187687,123.1550965,90.774,0.00,RNXHDR,
PUR3,1,1,55,55,2358177.8823,-5573619.7085,2007083.8938,18.4629760,-67.0669579,89.575,0.16,RNX2SNX,ITRF00|ITRF2005|ITRF2014_0
PUR5,1,1,2,2,2358178.0083,-5573619.7623,2007084.0562,18.4629772,-67.0669570,89.720,0.00,REFERENCE,ITRF2014_0
PUR6,1,1,2,2,2358186.6385,-5573607.2924,2007106.4971,18.4631927,-67.0668357,89.124,0.00,REFERENCE,ITRF2014_0
PURD,1,1,888,888,-3119485.2404,5279888.8185,1747197.0567,16.0041956,120.5756148,82.582,10.18,GPSEST,ITRF2005
PURDNETA,1,1,49,49,-3119485.2611,5279888.7973,1747197.0547,16.0041956,120.5756151,82.574,0.03,GPSEST,ITRF2005
PVE3,1,1,2,2,-2525524.6433,-4670030.8933,3522844.7977,33.7432967,-118.4042563,71.047,0.00,REFERENCE,ITRF2014_0
PVEP,1,1,2,2,-2525523.5431,-4670030.3289,3522843.3076,33.7432906,-118.4042487,69.371,0.00,REFERENCE,ITRF2014_0
PWSU,1,1,1,1,-3022123.6609,5512070.2348,1075996.2861,9.7772951,118.7348042,85.352,0.00,RNXHDR,
PZAM,1,1,814,814,-3361515.9861,5365985.4877,764311.9781,6.9286507,122.0650433,83.736,3.66,RNXHDR,
QAAR,1,1,2,2,1279062.0797,-1678302.3580,5998840.1414,70.7404055,-52.6883732,53.003,0.00,REFERENCE,ITRF2014_0
QAQ1,1,1,766,762,2170941.7243,-2251830.0476,5539988.5517,60.7152660,-46.0477689,110.500,0.55,RNX2SNX,IGS00|IGS08|IGS14|IGS14_0|IGS20|IGS20_0|IGb08|ITRF00|ITRF2005|ITRF2014_0
QIKI,1,1,705,705,1069080.8783,-2195214.2472,5872519.1574,67.5593407,-64.0336744,13.344,0.42,RNX2SNX,IGS08|IGS14|IGS14_0|IGS20|IGS20_0|IGb08|ITRF2014_0
QN42,1,1,113,113,-3326433.5036,5228386.6582,1504952.7750,13.7389300,122.4655632,55.047,8.53,GPSEST,ITRF2005
QUAD,1,1,2,2,-2369026.5177,-3342081.3646,4872243.2895,50.1324946,-125.3308314,-7.446,0.00,REFERENCE,ITRF2014_0
QUAR,1,1,2,2,-4558539.2011,818911.4976,-4370553.8613,-43.5316760,169.8158178,58.018,0.00,REFERENCE,ITRF2014_0
QUI1,1,1,5,5,1272867.3206,-6252772.1237,-23801.7647,-0.2151571,-78.4936080,2922.535,0.06,REFERENCE,IGb08|ITRF2014_0
QUI2,1,1,7,7,1272867.3206,-6252772.1237,-23801.7647,-0.2151571,-78.4936080,2922.535,0.06,REFERENCE,IGS08|IGb08|ITRF2014_0
QUIN,1,1,776,767,-2517231.5582,-4198594.9250,4076531.1493,39.9745533,-120.9444329,1105.777,54.74,RNX2SNX,IGS00|IGS08|IGS14|IGS14_0|IGS20|IGS20_0|IGS97|IGb08|ITRF00|ITRF2005|ITRF2014_0|ITRF97
QZN2,1,1,65,65,-3252604.3501,5260532.2187,1553182.8247,14.1881356,121.7286380,49.987,7.33,GPSEST,ITRF2005
QZN3,1,1,30,30,-3252589.1911,5260513.3969,1553278.8871,14.1890305,121.7286102,50.284,0.12,GPSEST,ITRF2005
QZN6,1,1,218,218,-3252607.7282,5260528.9641,1553186.1192,14.1881667,121.7286804,49.834,90.75,GPSEST,ITRF2005|WGS-84
RABT,1,1,766,766,5255617.4911,-631745.3335,3546322.8414,33.9981069,-6.8542858,90.067,0.73,RNX2SNX,IGS00|IGS08|IGS14|IGS14_0|IGS20|IGS20_0|IGS97|IGb08|ITRF00|ITRF2005|ITRF2014_0
RAMO,1,1,775,767,4514721.4270,3133508.1264,3228025.0567,30.5976091,34.7631444,886.846,0.88,RNX2SNX,IGS00|IGS08|IGS14|IGS14_0|IGS20|IGS20_0|IGS97|IGb08|ITRF00|ITRF2005|ITRF2014_0|ITRF97
RBAY,1,1,336,336,4739765.7611,2970758.6588,-3054077.3660,-28.7955432,32.0783878,31.752,0.71,RNX2SNX,IGS00|IGS08|IGS20|IGS20_0|IGS97|IGb08|ITRF00|ITRF2005|ITRF2014_0
RCA2,1,1,2,2,-2609202.4835,-4570711.4524,3592958.1346,34.4999812,-119.7199973,1179.207,0.00,REFERENCE,ITRF2014_0
RCM2,1,1,9,9,961318.9406,-5674091.0083,2740489.6029,25.6133542,-80.3841141,-22.714,0.01,REFERENCE,IGS00|IGS97|ITRF97
RCM4,1,1,9,9,961242.8407,-5674021.6738,2740657.6536,25.6150384,-80.3847458,-23.168,0.04,REFERENCE,IGS00|IGS97|ITRF97
RCM5,1,1,11,11,961334.7208,-5674074.1758,2740535.1520,25.6137794,-80.3839313,-15.611,0.10,REFERENCE,IGS00|IGS97|ITRF2014_0|ITRF97
RCM6,1,1,53,53,961334.7223,-5674074.1225,2740535.1440,25.6137795,-80.3839312,-15.662,0.00,RNX2SNX,ITRF00|ITRF2005
RCMN,1,1,700,700,5101056.4343,3829074.6103,-135015.9959,-1.2208272,36.8934853,1591.933,0.49,RNX2SNX,IGS14|IGS14_0|IGS20|IGS20_0|ITRF2014_0
RCMV,1,1,2,2,961317.6185,-5674054.8260,2740563.7831,25.6140980,-80.3840670,-23.013,0.00,REFERENCE,ITRF2014_0
RCPS,1,1,105,105,-3382221.0193,5255383.4848,1269922.0053,11.5613387,122.7642241,110.808,5.29,GPSEST,ITRF2005
RCSS,1,1,619,619,-3382221.4104,5255383.6680,1269922.0166,11.5613382,122.7642262,111.169,0.12,RNX2SNX,IGS14|IGS20
RDSD,1,1,268,268,2078678.9427,-5683737.2163,2006887.0037,18.4613986,-69.9113225,-9.191,0.11,RNX2SNX,IGS20|IGS20_0
RECF,1,1,700,700,5176588.5526,-3618162.2261,-887363.5897,-8.0509609,-34.9515174,20.088,0.21,RNX2SNX,IGS14|IGS14_0|IGS20|IGS20_0|ITRF2014_0
RED5,1,1,2,2,1227008.2001,-4768508.7866,4040548.6643,39.5614521,-75.5699831,-26.904,0.00,REFERENCE,ITRF2014_0
REDU,1,1,55,55,4091423.4144,368380.4982,4863179.7428,50.0015014,5.1448815,369.898,0.24,RNX2SNX,ITRF00|ITRF2005|ITRF2014_0
REDZ,1,1,2,2,3550066.5187,1093332.0696,5167562.1852,54.4723801,17.1175290,108.265,0.00,REFERENCE,ITRF2014_0
RESO,1,1,762,762,-144108.0144,-1683119.8865,6129763.3733,74.6908195,-94.8937056,20.079,0.56,RNX2SNX,IGS00|IGS08|IGS14|IGS14_0|IGS20|IGS20_0|IGb08|ITRF00|ITRF2005|ITRF2014_0
REUN,1,1,762,762,3364098.8669,4907944.7405,-2293466.6293,-21.2082235,55.5717234,1558.362,0.55,RNX2SNX,IGS00|IGS08|IGS14|IGS14_0|IGS20|IGS20_0|IGb08|ITRF00|ITRF2005|ITRF2014_0
REY2,1,1,2,2,2587383.5321,-1043032.7301,5716564.5395,64.1387943,-21.9554766,93.043,0.00,REFERENCE,ITRF2014_0
REYK,1,1,332,332,2587383.8804,-1043033.5697,5716564.1844,64.1387878,-21.9554900,93.001,0.66,RNX2SNX,IGS00|IGS20|IGS20_0|IGS97|ITRF00|ITRF2005|ITRF2014_0|ITRF97
REYZ,1,1,63,63,2587383.7355,-1043032.7221,5716564.4718,64.1387926,-21.9554749,93.063,0.21,RNX2SNX,IGS00|IGS97|ITRF00|ITRF2005|ITRF2014_0
RGMH,1,1,52,52,-3191133.3921,5280513.1236,1611515.6206,14.7325270,121.1455170,78.731,0.00,RNX2SNX,ITRF00
RIC1,1,1,2,2,1102093.8509,-4942503.1035,3864934.7047,37.5379050,-77.4296644,55.525,0.00,REFERENCE,ITRF2014_0
RICH,1,1,9,9,961334.7679,-5674074.1202,2740535.1161,25.6137793,-80.3839307,-15.669,0.01,REFERENCE,IGS00|IGS97|ITRF97
RIGA,1,1,719,714,3183898.8311,1421478.7840,5322810.9637,56.9486221,24.0587806,34.742,19.88,RNX2SNX,IGS00|IGS08|IGS14|IGS14_0|IGS20|IGS20_0|IGS97|IGb08|ITRF2014_0|ITRF97
RINK,1,1,2,2,1254672.4098,-1549057.5998,6039712.2738,71.8484998,-50.9939624,1337.824,0.00,REFERENCE,ITRF2014_0
RIO2,1,1,700,700,1429907.9316,-3495354.9847,-5122698.4989,-53.7854698,-67.7511170,32.041,0.20,RNX2SNX,IGS14|IGS14_0|IGS20|IGS20_0|ITRF2014_0
RIOB,1,1,2,2,2373576.7628,-5817088.3970,-1096515.6501,-9.9654580,-67.8028120,172.622,0.00,REFERENCE,ITRF2014_0
RIOG,1,1,771,771,1429907.9437,-3495354.9985,-5122698.5218,-53.7854698,-67.7511169,32.070,0.38,RNX2SNX,IGS00|IGS08|IGS14|IGS14_0|IGS20|IGS20_0|IGS97|IGb08|ITRF00|ITRF2005|ITRF2014_0
RIOP,1,1,10,10,1255144.9699,-6253609.4360,-182569.8654,-1.6505960,-78.6511070,2817.174,0.21,REFERENCE,IGS00|IGS97|ITRF2014_0
RIYL,1,1,4,4,3992100.9389,4192172.5503,2670410.7922,24.9105465,46.4003657,760.132,0.00,REFERENCE,IGS00
RIYL_20101S001,1,1,12,4,3992100.9429,4192172.5616,2670410.7734,24.9105463,46.4003658,760.134,0.08,REFERENCE,IGS00
RMHS,1,1,52,52,-3178877.5300,5291858.1100,1598489.7800,14.6108754,120.9937022,61.380,0.00,RNX2SNX,ITRF00
ROAP,1,1,2,2,5105509.6770,-555200.5764,3769790.2537,36.4642684,-6.2062637,73.668,0.00,REFERENCE,ITRF2014_0
ROB4,1,1,2,2,-1374250.6336,415169.5921,-6193596.4441,-77.0344393,163.1901095,-41.627,0.00,REFERENCE,ITRF2014_0
ROSA,1,1,2,2,3551520.4882,-4704836.1560,-2428155.6097,-22.5233026,-52.9520887,299.680,0.00,REFERENCE,ITRF2014_0
ROTG,1,1,2,2,4205957.7843,-291581.0338,4770000.5559,48.7184369,-3.9657259,56.119,0.00,REFERENCE,ITRF2014_0
ROTH,1,1,2,2,909246.0678,-2264764.1488,-5873056.3068,-67.5713884,-68.1257756,39.702,0.00,REFERENCE,ITRF2014_0
ROXA,1,1,935,935,-3255695.5101,5306633.8461,1381539.1948,12.5932579,121.5297091,62.573,3.57,RNX2SNX,IGS14|IGS20|ITRF2005
RSBY,1,1,2,2,-5121089.1211,2863243.3581,-2493143.8300,-23.1609889,150.7900827,58.138,0.00,REFERENCE,ITRF2014_0
RWSN,1,1,2,2,1956973.4358,-4217335.3690,-4351745.4494,-43.2988802,-65.1072486,27.394,0.00,REFERENCE,ITRF2014_0
S011,1,1,246,246,-2962663.5657,5061986.7936,2497671.2732,23.2054252,120.3394496,67.329,0.12,OTHER,WGS-84
S012,1,1,246,246,-2979081.3179,5059845.2298,2482856.4265,23.0594782,120.4882687,191.948,0.10,OTHER,WGS-84
S016,1,1,48,48,-2981676.0097,5001238.6078,2596788.2684,24.1795510,120.8028691,854.232,0.04,OTHER,WGS-84
S01R,1,15,8487,8347,-2886619.7490,5082944.9868,2543377.4350,23.6552742,119.5923732,49.889,141.66,RNX2SNX,IGS14|IGS20|ITRF00|ITRF2005|WGS-84
S01R,2,15,4,4,-2895830.0340,5080714.5848,2567928.3709,23.8484664,119.6816312,12332.783,382.56,GPSEST,ITRF2005
S01R,3,15,2,2,-2892777.0760,5083324.6143,2549387.9956,23.6927314,119.6429871,5552.505,0.00,GPSEST,ITRF2005
S01R,4,15,2,2,-2898755.6061,5084792.6679,2553384.5571,23.7103807,119.6867443,11036.408,0.00,GPSEST,ITRF2005
S01R,5,15,2,2,-2899594.2454,5082574.5422,2545235.7686,23.6485648,119.7046346,6379.579,0.00,GPSEST,ITRF2005
S01R,6,15,2,2,-2906427.7430,5080611.1487,2540721.8468,23.6051702,119.7722599,6114.146,0.00,GPSEST,ITRF2005
S01R,7,15,2,2,-2910701.4936,5079248.5798,2559661.4590,23.7581144,119.8151889,14583.157,0.00,GPSEST,ITRF2005
S01R,8,15,2,2,-2892128.2185,5082046.1036,2558568.6452,23.7737313,119.6436574,7936.531,0.00,GPSEST,ITRF2005
S01R,9,15,2,2,-2885328.8615,5083554.6742,2561817.3555,23.8079894,119.5784192,7373.021,0.00,GPSEST,ITRF2005
S01R,10,15,2,2,-2892945.4378,5086764.0060,2564310.6045,23.8047090,119.6277642,14374.773,0.00,GPSEST,ITRF2005
S01R,11,15,2,2,-2880873.4882,5080271.7839,2576271.7539,23.9456233,119.5563037,8602.402,0.00,GPSEST,ITRF2005
S01R,12,15,2,2,-2895028.0522,5078905.9167,2574719.1229,23.9115977,119.6835802,13281.871,0.00,GPSEST,ITRF2005
S01R,13,15,2,2,-2891000.3514,5082605.1780,2553195.9382,23.7296387,119.6313427,5706.818,0.00,GPSEST,ITRF2005
S01R,14,15,2,2,-2895934.4339,5083707.3086,2559911.8498,23.7727226,119.6680068,11522.591,0.00,GPSEST,ITRF2005
S01R,15,15,2,2,-2889010.7583,5081472.0280,2551475.7819,23.7225767,119.6198826,3212.535,0.00,GPSEST,ITRF2005
S051,1,1,53,53,3633908.9554,4425275.4939,2799861.3524,26.2091400,50.6081443,-17.085,0.00,RNX2SNX,ITRF00|ITRF2005
S058,1,1,183,183,-3058013.8367,4999158.3285,2509286.2639,23.3194316,121.4543648,106.083,0.21,OTHER,WGS-84
S092,1,1,188,188,-2979876.8184,5053083.0136,2495644.9529,23.1849007,120.5284734,227.308,0.09,OTHER,WGS-84
S101,1,1,246,246,-3030967.5086,4924099.3887,2683160.1797,25.0404536,121.6138527,59.211,0.15,OTHER,WGS-84
S102,1,1,238,238,-3095834.4472,5040451.8339,2378363.5621,22.0372108,121.5581547,348.673,0.16,OTHER,WGS-84
S103,1,1,188,188,-2966672.3766,5041400.7516,2534183.1048,23.5643768,120.4751908,125.404,0.18,OTHER,WGS-84
S104,1,1,241,241,-3046038.4634,5031710.1956,2458452.3965,22.8207611,121.1893886,42.925,0.10,OTHER,WGS-84
S105,1,1,246,246,-3036718.0804,5031463.6935,2472063.1387,22.9516553,121.1128989,699.957,0.07,OTHER,WGS-84
S106,1,1,101,101,-2965580.9769,5068057.0409,2481917.2007,23.0507974,120.3340991,52.403,0.11,RNX2SNX,ITRF00|ITRF2005|WGS-84
S150,1,1,23,23,-3322141.6409,5225862.5291,1523012.8559,13.9070104,122.4445953,65.331,0.05,OTHER,WGS-84
S167,1,1,48,48,-2998222.6633,5002905.1510,2573906.6936,23.9544220,120.9341020,580.724,0.05,OTHER,WGS-84
S23R,1,1,246,246,-2998517.9165,5068969.1378,2440519.0896,22.6449894,120.6061792,94.102,0.07,OTHER,WGS-84
S289,1,1,41,41,-3145125.1326,5168395.3440,2012395.3791,18.5137216,121.3217793,40.694,1.62,GPSEST,ITRF2005
S511,1,1,1,1,-3590560.2873,5125633.2476,1227664.2188,11.1717532,125.0116489,72.481,0.00,RNXHDR,
SA15,1,1,2,2,1136930.6808,-4813064.4637,4014274.2170,39.2546280,-76.7093528,44.603,0.00,REFERENCE,ITRF2014_0
SA22,1,1,2,2,1316068.9818,-4661570.9773,4135580.1610,40.6805295,-74.2344031,-4.776,0.00,REFERENCE,ITRF2014_0
SA26,1,1,2,2,1761245.7020,-4078264.1385,4561413.2958,45.9501381,-66.6423382,24.240,0.00,REFERENCE,ITRF2014_0
SA45,1,1,2,2,-3998750.1624,3608798.4559,-3404652.4432,-32.4702908,137.9343289,201.880,0.00,REFERENCE,ITRF2014_0
SABL,1,2,1236,1236,-3182859.2851,5343535.8528,1408578.5981,12.8438201,120.7800013,62.900,6.39,RNX2SNX,IGS14|IGS20|ITRF2005
SABL,2,2,2,2,4393606.5703,-138518.8689,4606018.7779,46.5300301,-1.8057872,56.714,0.00,REFERENCE,ITRF2014_0
SACH,1,1,55,55,-1141586.3351,-1615315.9032,6043418.4515,71.9903262,-125.2498562,69.232,0.22,RNX2SNX,ITRF00|ITRF2005|ITRF2014_0
SAG1,1,1,2,2,496374.7417,-4597431.5045,4378421.3411,43.6286445,-83.8377690,149.191,0.00,REFERENCE,ITRF2014_0
SAGA,1,1,2,2,2486243.7454,-5873685.3276,-15906.7035,-0.1438534,-67.0577813,94.888,0.00,REFERENCE,ITRF2014_0
SALU,1,1,700,700,4566947.8305,-4443098.5671,-286674.4841,-2.5934565,-44.2124798,18.963,0.21,RNX2SNX,IGS14|IGS14_0|IGS20|IGS20_0|ITRF2014_0
SALV,1,1,2,2,4863495.7188,-3870312.3892,-1426347.6916,-13.0086688,-38.5123595,35.743,0.00,REFERENCE,ITRF2014_0
SAMO,1,1,2,2,-6129702.3317,-890029.0909,-1516807.1460,-13.8492086,-171.7384237,76.839,0.00,REFERENCE,ITRF2014_0
SAMP,1,1,2,2,-964464.9994,6291996.9805,400195.6619,3.6216092,98.7147178,1.810,0.00,REFERENCE,ITRF2014_0
SANA,1,1,36,36,-3452821.6446,5160711.8137,1453592.8770,13.2613848,123.7848652,114.785,2.28,GPSEST,ITRF2005
SANC,1,2,53,53,-2965515.4400,4997442.5100,2620430.0700,24.4168834,120.6851740,79.399,0.00,RNX2SNX,ITRF00|ITRF2005
SANC,2,2,2,2,-5996581.3536,1362037.3939,-1687873.8264,-15.4471376,167.2032024,127.006,0.00,REFERENCE,ITRF2014_0
SAND,1,1,199,199,-3452823.2911,5160714.5128,1453593.1627,13.2613808,123.7848639,117.925,5.71,RNXHDR,
SANI,1,1,48,48,-2972978.9695,4993412.2698,2620280.8079,24.4143539,120.7687326,335.515,0.05,OTHER,WGS-84
SANJ,1,1,53,53,-3015838.4041,4921232.1476,2705262.4039,25.2608099,121.5008757,73.867,0.00,RNX2SNX,ITRF00|ITRF2005
SANT,1,1,784,772,1769693.6006,-5044574.2702,-3468320.8170,-33.1502867,-70.6685536,723.097,0.48,RNX2SNX,IGS00|IGS08|IGS14|IGS14_0|IGS20|IGS20_0|IGS97|IGb08|ITRF00|ITRF2005|ITRF2014_0|ITRF97
SANW,1,1,53,53,-2983425.1600,4974012.8200,2644514.0000,24.6557094,120.9554339,124.123,0.00,RNX2SNX,ITRF00|ITRF2005
SAOB,1,1,2,2,-2669035.4212,-4364495.2060,3796775.6795,36.7653045,-121.4471866,359.828,0.00,REFERENCE,ITRF2014_0
SAPN,1,1,619,619,-3126572.7558,5304686.5095,1658433.9873,15.1709418,120.5150215,271.500,0.18,RNX2SNX,IGS14|IGS20
SARI,1,1,2,2,4693638.6676,777237.9066,4233935.1129,41.8583286,9.4025077,57.240,0.00,REFERENCE,ITRF2014_0
SARZ,1,1,2,2,4309876.4079,-208511.6340,4681398.4575,47.5244875,-2.7698077,83.810,0.00,REFERENCE,ITRF2014_0
SASK,1,1,270,270,-1106130.0583,-3758704.9155,5016675.4100,52.1962536,-106.3983593,578.871,0.28,RNX2SNX,IGS20|IGS20_0|ITRF2014_0
SASS,1,1,2,2,3606145.9953,875303.4200,5170193.9906,54.5135913,13.6432939,68.220,0.00,REFERENCE,ITRF2014_0
SAV1,1,1,2,2,780718.0178,-5349232.7007,3373459.7815,32.1386002,-81.6963360,8.415,0.00,REFERENCE,ITRF2014_0
SAVO,1,1,700,700,4870283.7383,-3864605.4019,-1418872.3082,-12.9392439,-38.4322547,76.309,0.21,RNX2SNX,IGS14|IGS14_0|IGS20|IGS20_0|ITRF2014_0
SBOK,1,1,270,270,5279492.0872,1703114.6223,-3139092.7098,-29.6693220,17.8792142,1043.086,0.40,RNX2SNX,IGS20|IGS20_0|ITRF2014_0
SBRN,1,1,2,2,-2708736.1070,-4266566.0949,3877939.5199,37.6862193,-122.4104427,-2.175,0.00,REFERENCE,ITRF2014_0
SC02,1,1,2,2,-2304501.5403,-3547589.3937,4757288.5866,48.5461945,-123.0076110,-15.033,0.00,REFERENCE,ITRF2014_0
SCCC,1,1,2,2,937783.1397,-5284982.0192,3433737.2779,32.7829238,-79.9379960,-11.383,0.00,REFERENCE,ITRF2014_0
SCH2,1,1,767,767,1448636.4485,-3385243.8353,5191047.3221,54.8320911,-66.8326217,498.469,0.65,RNX2SNX,IGS00|IGS08|IGS14|IGS14_0|IGS20|IGS20_0|IGS97|IGb08|ITRF00|ITRF2005|ITRF2014_0|ITRF97
SCHA,1,1,2,2,938983.9435,-5284976.2493,3433414.1465,32.7794769,-79.9253649,-14.618,0.00,REFERENCE,ITRF2014_0
SCHY,1,1,2,2,1034724.3322,-5194920.7236,3540911.2936,33.9399340,-78.7352499,-17.453,0.00,REFERENCE,ITRF2014_0
SCIL,1,1,2,2,4090376.0399,-451277.7986,4856740.0696,49.9145569,-6.2957941,85.362,0.00,REFERENCE,ITRF2014_0
SCIP,1,1,2,2,-2556587.8046,-4711013.6462,3446241.6161,32.9144275,-118.4879389,452.853,0.00,REFERENCE,ITRF2014_0
SCOA,1,1,2,2,4639940.6034,-136225.1213,4359552.3084,43.3952355,-1.6816774,59.457,0.00,REFERENCE,ITRF2014_0
SCOR,1,1,705,705,1982095.6589,-798821.0398,5989464.7340,70.4853373,-21.9503422,128.576,0.47,RNX2SNX,IGS08|IGS14|IGS14_0|IGS20|IGS20_0|IGb08|ITRF2014_0
SCRZ,1,1,268,268,2743005.9176,-5420745.2932,-1937116.9255,-17.7967896,-63.1596741,442.046,0.13,RNX2SNX,IGS20|IGS20_0
SCTB,1,1,268,268,-1311028.5903,308512.4162,-6213390.8830,-77.8489876,166.7580266,-18.982,0.15,RNX2SNX,IGS20|IGS20_0
SCUB,1,1,762,762,1474537.9636,-5811243.2576,2168958.9104,20.0120642,-75.7623175,20.902,0.19,RNX2SNX,IGS00|IGS08|IGS14|IGS14_0|IGS20|IGS20_0|IGb08|ITRF00|ITRF2005|ITRF2014_0
SDHS,1,1,53,53,-3034189.4218,4923736.7360,2680438.4907,25.0129177,121.6429177,158.994,0.00,RNX2SNX,ITRF00|ITRF2005
SEAT,1,1,2,2,-2300593.6390,-3637846.9911,4691079.1807,47.6539767,-122.3094765,44.210,0.00,REFERENCE,ITRF2014_0
SELE,1,1,69,69,1046790.7461,4540257.0563,4342920.7624,43.1787319,77.0168965,1341.994,0.28,RNX2SNX,IGS00|IGS08|IGS97|IGb08|ITRF00|ITRF2005|ITRF2014_0|ITRF97
SETE,1,1,2,2,4632081.0645,299471.6115,4359743.3514,43.3976492,3.6991176,53.910,0.00,REFERENCE,ITRF2014_0
SEY1,1,1,336,332,3602870.1648,5238174.7436,-516275.1765,-4.6737169,55.4794089,537.182,0.81,RNX2SNX,IGS00|IGS20|IGS20_0|IGS97|ITRF00|ITRF2005|ITRF2014_0|ITRF97
SEYG,1,1,268,268,3597835.7812,5240884.1852,-516780.8937,-4.6787304,55.5306335,-37.619,0.28,RNX2SNX,IGS20|IGS20_0
SFER,1,1,767,767,5105518.8140,-555145.5239,3769803.6567,36.4643488,-6.2056420,84.152,0.69,RNX2SNX,IGS00|IGS08|IGS14|IGS14_0|IGS20|IGS20_0|IGS97|IGb08|ITRF00|ITRF2005|ITRF2014_0|ITRF97
SFON,1,1,53,53,-2981507.7577,4960069.3049,2672358.3250,24.9328988,121.0101619,52.770,0.00,RNX2SNX,ITRF00|ITRF2005
SG02,1,1,2,2,2878964.8106,1345332.1712,5511632.7975,60.2001867,25.0465522,43.368,0.00,REFERENCE,ITRF2014_0
SG06,1,1,2,2,1401155.1596,-4618977.6166,4155283.2314,40.9146799,-73.1249589,23.785,0.00,REFERENCE,ITRF2014_0
SG21,1,1,2,2,-959340.6186,-5930616.8570,2141522.7442,19.7412383,-99.1886113,2267.961,0.00,REFERENCE,ITRF2014_0
SG26,1,1,2,2,-3047514.5124,4050725.9451,3858384.6598,37.4625173,126.9555294,200.258,0.00,REFERENCE,ITRF2014_0
SG40,1,1,2,2,2880657.5889,1340895.9116,5511858.7436,60.2038502,24.9611573,69.990,0.00,REFERENCE,ITRF2014_0
SGOC,1,1,270,270,1113279.4375,6233644.3362,760277.4094,6.8920795,79.8741823,-78.504,0.89,RNX2SNX,IGS20|IGS20_0|ITRF2014_0
SHAO,1,1,6066,6066,-2831733.6296,4675665.9204,3275369.3551,31.0996418,121.2004455,22.055,134.48,RNX2SNX,IGS00|IGS08|IGS14|IGS14_0|IGS20|IGS20_0|IGS97|IGb08|ITRF00|ITRF2005|ITRF2014_0|ITRF97|WGS-84
SHAS,1,1,2,2,1191988.4913,4548593.6759,4298062.0737,42.6207140,75.3154718,2171.531,0.00,REFERENCE,ITRF2014_0
SHE2,1,1,2,2,1899507.9077,-3991722.3591,4582242.8633,46.2206913,-64.5520110,-15.289,0.00,REFERENCE,ITRF2014_0
SHEE,1,1,2,2,3983074.2152,51683.2535,4964639.8737,51.4456818,0.7434122,53.323,0.00,REFERENCE,ITRF2014_0
SHJU,1,1,53,53,-2975958.3520,4968143.5730,2663522.5700,24.8450855,120.9219512,24.439,0.00,RNX2SNX,ITRF00|ITRF2005
SHK1,1,1,2,2,1338341.0262,-4670918.2156,4117936.3037,40.4714927,-74.0115984,-24.594,0.00,REFERENCE,ITRF2014_0
SHK5,1,1,2,2,1338341.0413,-4670918.2628,4117936.3416,40.4714927,-74.0115984,-24.532,0.00,REFERENCE,ITRF2014_0
SHMN,1,1,53,53,-3020328.0740,4916747.6440,2708321.3000,25.2914621,121.5621523,46.692,0.00,RNX2SNX,ITRF00|ITRF2005
SHOE,1,1,2,2,3973492.6730,57358.1920,4972193.1839,51.5547885,0.8270190,48.976,0.00,REFERENCE,ITRF2014_0
SHWA,1,1,53,53,-2967454.5895,5068475.1329,2478940.2590,23.0214409,120.3478147,90.521,0.00,RNX2SNX,ITRF00|ITRF2005
SIBA,1,1,138,138,-3282148.7459,5270576.0687,1454505.8318,13.2699931,121.9117833,53.776,4.58,GPSEST,ITRF2005
SIBB,1,1,255,255,-3293154.5894,5258079.6226,1474688.3928,13.4574427,122.0590650,78.312,9.50,GPSEST,ITRF2005
SIBC,1,1,200,200,-3315608.2344,5239748.9518,1489340.7247,13.5937120,122.3248095,53.326,8.56,GPSEST,ITRF2005
SIBD,1,1,39,39,-3326433.5380,5228386.6291,1504952.7184,13.7389295,122.4655636,55.028,6.71,GPSEST,ITRF2005
SIBE,1,1,207,207,-3349649.4424,5210856.3171,1514182.1059,13.8248148,122.7337732,58.216,20.27,GPSEST,ITRF2005
SIBF,1,1,129,129,-3303384.1918,5266814.0383,1419932.1570,12.9490953,122.0962368,65.932,6.12,GPSEST,ITRF2005
SIBH,1,1,175,175,-3379408.9104,5201145.1515,1481302.5461,13.5189673,123.0135246,57.161,8.49,GPSEST,ITRF2005
SIBI,1,1,103,103,-3365157.8147,5244285.9553,1357252.9699,12.3684211,122.6875117,58.111,5.08,GPSEST,ITRF2005
SIBJ,1,1,229,229,-3382147.0327,5211372.2559,1438981.7211,13.1257623,122.9833113,102.786,6.51,GPSEST,ITRF2005
SIBK,1,1,156,156,-3426065.1011,5184998.9867,1430245.2487,13.0447578,123.4553263,69.975,200.57,GPSEST,ITRF2005
SIBL,1,1,148,148,-3351378.4831,5225190.7479,1460353.6496,13.3242992,122.6756552,57.228,6.02,GPSEST,ITRF2005
SICH,1,1,53,53,-3056570.9730,4957829.2430,2591021.4760,24.1257298,121.6544120,55.040,0.00,RNX2SNX,ITRF00|ITRF2005
SIMO,1,1,68,68,5010435.8017,1670594.5723,-3563732.6607,-34.1879402,18.4395728,39.541,0.26,RNX2SNX,IGS00|IGS08|IGS97|IGb08|ITRF00|ITRF2005|ITRF2014_0
SIN1,1,1,268,268,-1507972.8824,6195613.8103,148487.9268,1.3429804,103.6794416,92.375,0.28,RNX2SNX,IGS20|IGS20_0
SINA,1,2,92,92,-3361297.7611,5366348.2892,762627.3095,6.9133197,122.0616272,70.951,8.44,GPSEST,ITRF2005
SINA,2,2,2,2,-3390451.4687,5345368.4527,776799.5484,7.0429441,122.3860716,-393.702,0.00,GPSEST,ITRF2005
SINB,1,1,71,71,-3403889.8895,5324894.8426,857743.5335,7.7804871,122.5883722,80.132,7.05,GPSEST,ITRF2005
SINC,1,1,85,85,-3438689.8532,5294206.4922,907103.2677,8.2311889,123.0045058,75.294,6.66,GPSEST,ITRF2005
SIND,1,2,108,108,-3444140.6394,5285175.1340,938304.1529,8.5163436,123.0907047,70.359,5.97,GPSEST,ITRF2005
SIND,2,2,53,53,-3026623.8834,4930812.6306,2675764.6941,24.9668051,121.5423712,55.102,0.00,RNX2SNX,ITRF00|ITRF2005
SINE,1,1,64,64,-3509729.1154,5242389.8721,935296.9608,8.4888519,123.8019243,70.111,6.77,GPSEST,ITRF2005
SINF,1,1,72,72,-3509367.3053,5250769.2250,888817.5542,8.0641714,123.7569057,72.553,7.38,GPSEST,ITRF2005
SING,1,1,34,34,-3482359.3737,5273007.3276,863563.5562,7.8335502,123.4412668,123.024,6.74,GPSEST,ITRF2005
SINH,1,1,49,49,-3552052.2448,5218940.8253,906435.1591,8.2250864,124.2395117,74.384,71.15,GPSEST,ITRF2005
SINI,1,1,1090,1090,-3223608.2085,5271156.2008,1577292.7168,14.4129952,121.4481291,56.836,246.15,RNX2SNX,IGS14|IGS20|ITRF2005
SINY,1,1,53,53,-2997053.5090,5017006.1000,2547754.1070,23.6964954,120.8532032,536.345,0.00,RNX2SNX,ITRF00|ITRF2005
SIO3,1,1,55,55,-2455456.5980,-4767480.6110,3441383.7000,32.8647021,-117.2504059,34.877,0.44,RNX2SNX,ITRF00|ITRF2005|ITRF2014_0
SIO5,1,1,2,2,-2456115.1891,-4768905.7334,3439232.4692,32.8407348,-117.2496899,185.529,0.00,REFERENCE,ITRF2014_0
SISI,1,1,1,1,-3555697.5000,5153767.3800,1211213.0100,11.0202427,124.6026478,46.667,0.00,RNXHDR,
SISN,1,1,64,64,-3111468.4112,5279013.1685,1764049.1453,16.1626083,120.5152429,111.753,8.85,GPSEST,ITRF2005
SITE,1,3,44,44,-3075079.6722,5329395.2995,1674485.8443,15.3218237,119.9850959,57.793,7.53,RNXHDR,
SITE,2,3,3,3,-3569887.5070,5139693.4647,1229668.0243,11.1900413,124.7827642,171.520,7.72,RNXHDR,
SITE,3,3,1,1,-3506293.6560,5204926.2462,1134764.0452,10.3168798,123.9661413,85.333,0.00,RNXHDR,
SJAQ,1,1,60,60,-3315670.2134,5317997.4890,1182103.6966,10.7522165,121.9427541,72.221,0.16,GPSEST,ITRF2005
SJDB,1,1,619,619,-3315633.7405,5318243.7360,1181151.1142,10.7434361,121.9412800,80.914,0.09,RNX2SNX,IGS14|IGS20
SJDV,1,1,64,64,4433469.9214,362672.7293,4556211.6555,45.8790837,4.6765742,432.417,0.25,RNX2SNX,IGS00|IGS97|ITRF00|ITRF2005|ITRF2014_0|ITRF97
SKE0,1,1,2,2,2534030.8169,975174.6348,5752078.6283,64.8791981,21.0482922,81.339,0.00,REFERENCE,ITRF2014_0
SLCR,1,1,2,2,-555003.6825,-6102266.9772,1764636.4654,16.1684293,-95.1967769,-0.939,0.00,REFERENCE,ITRF2014_0
SLEU,1,1,2,2,3387826.1129,4890457.9023,-2291647.1340,-21.1959616,55.2880242,27.638,0.00,REFERENCE,ITRF2014_0
SLSB,1,1,59,59,-3624930.7842,5103007.0304,1220922.1161,11.1096403,125.3881549,68.146,8.33,GPSEST,ITRF2005
SMAT,1,1,47,47,-3197820.5998,5207958.2801,1819633.7419,16.6862114,121.5509973,128.239,4.13,GPSEST,ITRF2005
SMCL,1,1,75,75,-3695883.8873,5125980.4356,862125.5885,7.8202993,125.7919861,225.069,158.61,GPSEST,ITRF2005
SMCP,1,1,80,80,-3711075.5421,5126960.5835,787146.5920,7.1367020,125.8983502,74.505,8.13,GPSEST,ITRF2005
SMD1,1,1,82,82,-3730582.3293,5120668.3010,734455.9954,6.6567876,126.0746207,71.948,7.96,GPSEST,ITRF2005
SMDB,1,1,76,76,-3766824.1869,5078506.7898,834667.8658,7.5699603,126.5650245,72.880,7.73,GPSEST,ITRF2005
SMDM,1,2,84,84,-3767380.1383,5084394.5183,795654.5678,7.2142424,126.5373095,72.264,800.81,GPSEST,ITRF2005
SMDM,2,2,1,1,-3184285.8367,5287322.8623,1602895.7766,14.6519130,121.0584186,111.155,0.00,COORDINATE,ITRF2005
SMDS,1,2,41,41,-3198696.7986,5199753.6262,1841242.6878,16.8901925,121.5982975,116.779,8.99,GPSEST,ITRF2005
SMDS,2,2,5,5,-3730582.2711,5120668.2860,734455.9803,6.6567875,126.0746203,71.901,0.08,GPSEST,ITRF2005
SMDT,1,1,60,60,-3675743.6889,5154255.0738,774806.6597,7.0242445,125.4944685,92.239,9.30,GPSEST,ITRF2005
SMMM,1,1,86,86,-3746766.4704,5103227.5236,772925.0198,7.0070304,126.2859463,156.611,827.52,GPSEST,ITRF2005
SMPH,1,1,52,52,-3187157.2119,5288624.5747,1592734.2571,14.5571250,121.0750111,61.806,0.00,RNX2SNX,ITRF00
SMSK,1,1,48,48,-3697132.1140,5139955.7900,768337.0616,6.9652679,125.7271847,127.008,9.14,GPSEST,ITRF2005
SMST,1,1,270,270,-3822373.3225,3699359.9720,3507585.7379,33.5778547,135.9369539,97.516,0.04,RNX2SNX,IGS20|IGS20_0|ITRF2014_0
SMTC,1,1,52,52,-3189101.6715,5282895.8215,1607703.4255,14.6969327,121.1179294,67.097,0.00,RNX2SNX,ITRF00
SMTG,1,1,2,2,4219870.8946,-149386.5275,4764322.0689,48.6410826,-2.0274660,57.755,0.00,REFERENCE,ITRF2014_0
SNFD,1,1,2,2,978158.1010,-5107368.3377,3680831.1710,35.4735291,-79.1580562,94.068,0.00,REFERENCE,ITRF2014_0
SNFO,1,1,619,619,-3616726.9704,5135046.9222,1106350.0066,10.0558869,125.1578825,82.212,0.09,RNX2SNX,IGS14|IGS20
SNI1,1,1,55,55,-2631346.6487,-4646278.8745,3477113.3033,33.2478732,-119.5243615,239.679,0.50,RNX2SNX,ITRF00|ITRF2005|ITRF2014_0
SNNI,1,1,52,52,-3550410.3325,5152040.3260,1234387.8748,11.2335255,124.5717775,179.020,81.28,GPSEST,ITRF2005
SNP1,1,1,12,12,-3450093.9466,5264662.3898,1028308.5032,9.3397671,123.2380488,292.496,6.43,GPSEST,ITRF2005
SODA,1,1,9,9,2200146.8158,1091638.2552,5866870.6777,67.4208583,26.3890486,299.745,0.09,REFERENCE,IGS00|IGS97|ITRF97
SOFI,1,1,758,758,4319371.7370,1868688.1592,4292064.1082,42.5560968,23.3947386,1119.523,0.68,RNX2SNX,IGS08|IGS14|IGS14_0|IGS20|IGS20_0|IGb08|ITRF00|ITRF2005|ITRF2014_0
SOFN,1,1,53,53,-3057733.6170,4970632.2060,2565173.6940,23.8702640,121.5981627,58.806,0.00,RNX2SNX,ITRF00|ITRF2005
SOGO,1,1,619,619,-3597139.9419,5140906.5570,1142158.4992,10.3848450,124.9808388,80.131,0.67,RNX2SNX,IGS14|IGS20
SOL1,1,1,55,55,1173608.8153,-4871160.8494,3933263.1012,38.3188764,-76.4538940,-19.065,0.15,RNX2SNX,ITRF00|ITRF2005|ITRF2014_0
SOLA,1,3,1161,1161,-3167040.6326,5233138.4498,1801879.8954,16.5183301,121.1818873,306.079,0.26,RNX2SNX,IGS14|IGS20|ITRF2005
SOLA,2,3,178,178,-3551580.7928,5180177.3885,1106952.3661,10.0614322,124.4349202,73.215,9.20,GPSEST,ITRF2005
SOLA,3,3,55,55,3992082.0561,4192182.0819,2670423.6756,24.9106752,46.4005662,760.008,0.43,RNX2SNX,ITRF00|ITRF2005|ITRF2014_0
SOLB,1,1,155,155,-3577053.7249,5155276.2966,1140416.1132,10.3688506,124.7553366,68.148,11.16,GPSEST,ITRF2005
SOLC,1,1,167,167,-3595925.3518,5133733.2032,1177558.8345,10.7103530,125.0093351,98.312,10.47,GPSEST,ITRF2005
SOLD,1,2,154,154,-3657200.5735,5081909.7838,1212694.8649,11.0338585,125.7407092,65.185,5.24,GPSEST,ITRF2005
SOLD,2,2,53,53,-3185919.8496,5294426.2188,1575995.0628,14.4008540,121.0374168,70.728,0.00,RNX2SNX,ITRF00|ITRF2005
SOLE,1,1,200,200,-3554242.9724,5182253.7751,1088737.3640,9.8942028,124.4442345,86.490,7.99,GPSEST,ITRF2005
SOLF,1,1,150,150,-3581337.2906,5156777.0223,1120708.5825,10.1876121,124.7796463,168.282,7.32,GPSEST,ITRF2005
SOLG,1,1,125,125,-3604588.9390,5137830.6632,1132503.7202,10.2961287,125.0526548,73.859,7.54,GPSEST,ITRF2005
SOLH,1,1,178,178,-3615489.9177,5130896.5932,1129204.3935,10.2658151,125.1704659,73.032,8.13,GPSEST,ITRF2005
SOLI,1,1,364,364,-3621704.4415,5124476.9728,1138325.0343,10.3496296,125.2506128,69.960,513.52,GPSEST,ITRF2005
SOLJ,1,1,92,92,-3659035.4087,5088297.9514,1180441.4736,10.7368410,125.7202114,118.965,7.14,GPSEST,ITRF2005
SOLK,1,1,455,455,-3503726.1754,5221223.1506,1066308.1717,9.6883988,123.8637711,102.897,8.21,GPSEST,ITRF2005
SOLL,1,1,57,57,-3628916.9732,5129821.7596,1090699.8418,9.9122114,125.2761917,87.925,6.52,GPSEST,ITRF2005
SOLO,1,1,268,268,-5911340.1180,2156887.9538,-1038663.3822,-9.4349096,159.9543431,122.938,0.55,RNX2SNX,IGS20|IGS20_0
SOMA,1,1,91,91,-3689450.4029,5118349.2159,930905.1529,8.4486586,125.7851262,104.734,2.58,GPSEST,ITRF2005
SOMB,1,1,101,101,-3718293.9750,5092744.8114,955905.9609,8.6772843,126.1337760,81.731,2.87,GPSEST,ITRF2005
SOMC,1,1,59,59,-3693691.0764,5118564.0405,912741.8253,8.2826874,125.8152120,88.758,2.75,GPSEST,ITRF2005
SOMD,1,1,169,169,-3706504.8282,5104916.2566,936848.2819,8.5029893,125.9821163,103.180,3.88,GPSEST,ITRF2005
SOME,1,1,122,122,-3718598.9468,5095599.1502,939669.9266,8.5287761,126.1207258,110.340,6.41,GPSEST,ITRF2005
SOMF,1,1,106,106,-3682948.5828,5140673.9870,828698.9779,7.5154764,125.6190619,108.019,2.88,GPSEST,ITRF2005
SOMG,1,1,93,93,-3700878.4832,5126501.4445,836376.4786,7.5855271,125.8259373,88.349,2.62,GPSEST,ITRF2005
SOMH,1,1,86,86,-3710111.2903,5121300.3008,827648.2013,7.5058697,125.9213429,127.699,2.90,GPSEST,ITRF2005
SOMI,1,1,96,96,-3723771.3107,5108402.5170,845765.6676,7.6711216,126.0901878,137.798,6.49,GPSEST,ITRF2005
SOMJ,1,1,135,135,-3739039.4085,5083709.7518,922651.7132,8.3732671,126.3342689,71.518,2.91,GPSEST,ITRF2005
SOMK,1,1,83,83,-3754351.2560,5083701.9045,858734.3102,7.7895368,126.4461405,73.786,2.89,GPSEST,ITRF2005
SOML,1,1,99,99,-3722786.6188,5122443.7442,760961.7442,6.8981493,126.0081501,70.855,2.83,GPSEST,ITRF2005
SOMM,1,1,70,70,-3744542.3553,5106018.5481,764581.4651,6.9311186,126.2547772,71.796,2.96,GPSEST,ITRF2005
SOUF,1,1,2,2,2910909.5279,-5397728.7458,1751904.0709,16.0449814,-61.6627188,1417.670,0.00,REFERENCE,ITRF2014_0
SP0G,1,1,63,63,3328984.5948,761910.1952,5369033.6277,57.7149580,12.8913478,219.935,0.23,RNX2SNX,IGS00|IGS97|ITRF00|ITRF2005|ITRF2014_0
SPAB,1,1,625,625,-3217091.6237,5286073.7518,1541033.6698,14.0745871,121.3245921,189.064,6.84,RNX2SNX,IGS14|IGS20|ITRF2005
SPBY,1,1,2,2,-3988046.3154,2498705.4546,-4290517.2882,-42.5464381,147.9308502,1.069,0.00,REFERENCE,ITRF2014_0
SPK1,1,1,2,2,-2535991.9874,-4642434.9178,3552148.2872,34.0593430,-118.6461620,440.131,0.00,REFERENCE,ITRF2014_0
SPLT,1,1,2,2,4444024.9267,1311189.2152,4368530.1661,43.5066415,16.4384534,48.202,0.00,REFERENCE,ITRF2014_0
SPLY,1,1,619,619,-3371373.0163,5305842.2239,1075081.2336,9.7689020,122.4321914,84.287,0.17,RNX2SNX,IGS14|IGS20
SPMX,1,1,2,2,-2352721.1956,-4940155.3568,3271598.5983,31.0450454,-115.4658623,2763.655,0.00,REFERENCE,ITRF2014_0
SPT0,1,1,59,59,3328984.5948,761910.1952,5369033.6277,57.7149580,12.8913478,219.935,0.23,RNX2SNX,IGS00|ITRF00|ITRF2005|ITRF2014_0
SQJR,1,1,56,56,-3476733.4930,5249770.5598,1013645.8029,9.2056996,123.5150707,120.527,0.09,RNX2SNX,IGS14|IGS20
SRMP,1,1,2,2,1094652.5635,-1528639.6471,6074674.3849,72.9106778,-54.3937047,370.384,0.00,REFERENCE,ITRF2014_0
SRQE,1,1,66,66,-3127471.1838,5271186.2483,1759297.6409,16.1178253,120.6812701,143.943,9.21,GPSEST,ITRF2005
SRS1,1,1,2,2,-2651739.2636,-4580896.6344,3546883.4376,34.0043360,-120.0652217,68.214,0.00,REFERENCE,ITRF2014_0
SSA1,1,1,2,2,4863840.3150,-3871158.6461,-1422726.6710,-12.9751572,-38.5164850,-2.099,0.00,REFERENCE,ITRF2014_0
SSES,1,1,53,53,-2979277.6700,4975367.8300,2646446.1900,24.6752148,120.9134070,49.169,0.00,RNX2SNX,ITRF00|ITRF2005
SSIA,1,1,64,64,95566.9717,-6197785.5751,1500590.4782,13.6970844,-89.1165957,626.608,0.11,RNX2SNX,IGS00|IGS08|IGb08|ITRF00|ITRF2005|ITRF2014_0
STAS,1,1,2,2,3275753.5576,321111.1098,5445042.1225,59.0177127,5.5986256,104.920,0.00,REFERENCE,ITRF2014_0
STAV,1,1,29,11,3275753.7325,321110.9456,5445041.9715,59.0177108,5.5986224,104.872,0.28,REFERENCE,IGS00|IGS97|ITRF2014_0|ITRF97
STCV,1,1,56,56,-3202792.9180,5143718.6476,1984705.2448,18.2500599,121.9089110,54.431,0.01,RNX2SNX,IGS14|IGS20
STHL,1,1,700,700,6104817.3013,-605827.6873,-1740738.5876,-15.9425316,-5.6673426,453.179,0.45,RNX2SNX,IGS14|IGS14_0|IGS20|IGS20_0|ITRF2014_0
STJ2,1,1,2,2,2612598.0932,-3426832.7826,4686757.1324,47.5952323,-52.6783060,152.605,0.00,REFERENCE,ITRF2014_0
STJ3,1,1,268,268,2612588.4311,-3426820.6605,4686773.8700,47.5954367,-52.6783105,154.513,0.20,RNX2SNX,IGS20|IGS20_0
STJO,1,1,776,767,2612630.7290,-3426807.0577,4686758.0467,47.5952423,-52.6777536,152.828,0.57,RNX2SNX,IGS00|IGS08|IGS14|IGS14_0|IGS20|IGS20_0|IGS97|IGb08|ITRF00|ITRF2005|ITRF2014_0|ITRF97
STK2,1,1,270,270,-3642161.5280,2861487.8770,4370351.1923,43.5286418,141.8448206,118.622,0.31,RNX2SNX,IGS20|IGS20_0|ITRF2014_0
STL3,1,1,2,2,21018.2298,-4990461.9308,3958770.8147,38.6110884,-89.7586899,157.152,0.00,REFERENCE,ITRF2014_0
STNA,1,14,2211,2211,-3219918.4162,5124473.8456,2006499.7138,18.4575285,122.1428418,50.923,91.25,RNX2SNX,IGS14|IGS20|ITRF2005
STNA,2,14,4,4,-3228506.0658,5121187.2780,2030640.3151,18.6589802,122.2282088,9433.716,477.80,GPSEST,ITRF2005
STNA,3,14,4,4,-3229551.4838,5120956.1650,2038561.2928,18.7256040,122.2377445,12315.268,60.29,GPSEST,ITRF2005
STNA,4,14,2,2,-3226013.3342,5124725.5956,2012706.3245,18.5007910,122.1904035,5297.813,0.00,GPSEST,ITRF2005
STNA,5,14,2,2,-3231860.5118,5126246.1406,2016762.0403,18.5228782,122.2295304,10760.891,0.00,GPSEST,ITRF2005
STNA,6,14,2,2,-3233131.5954,5124462.1840,2008590.7713,18.4553419,122.2486944,7381.609,0.00,GPSEST,ITRF2005
STNA,7,14,2,2,-3242419.0059,5123765.5180,2004771.0514,18.4101761,122.3264286,10321.638,0.00,GPSEST,ITRF2005
STNA,8,14,2,2,-3225171.6274,5123313.6880,2021680.1618,18.5823015,122.1907806,6593.443,0.00,GPSEST,ITRF2005
STNA,9,14,2,2,-3218939.5041,5125371.2637,2025925.8577,18.6231535,122.1304753,6454.685,0.00,GPSEST,ITRF2005
STNA,10,14,2,2,-3226457.8037,5128325.1862,2027559.1797,18.6183882,122.1758264,13137.843,0.00,GPSEST,ITRF2005
STNA,11,14,2,2,-3214749.5916,5120918.1876,2040464.0677,18.7648071,122.1192952,5431.552,0.00,GPSEST,ITRF2005
STNA,12,14,2,2,-3224431.5678,5123798.1098,2016093.2083,18.5344487,122.1824108,4830.220,0.00,GPSEST,ITRF2005
STNA,13,14,2,2,-3229024.0739,5124654.0246,2022938.8069,18.5839015,122.2148657,10015.562,0.00,GPSEST,ITRF2005
STNA,14,14,2,2,-3222986.1227,5122963.7749,2014681.1766,18.5265958,122.1750366,2982.022,0.00,GPSEST,ITRF2005
STNY,1,1,2,2,-4111952.4233,2856387.5901,-3938194.5824,-38.3751795,145.2140373,29.216,0.00,REFERENCE,ITRF2014_0
STP1,1,1,2,2,-151856.0669,-4569681.7681,4432570.8666,44.3039489,-91.9033078,353.757,0.00,REFERENCE,ITRF2014_0
STPM,1,1,268,268,2436207.9043,-3634804.8956,4624885.5818,46.7778259,-56.1682482,0.434,0.20,RNX2SNX,IGS20|IGS20_0
STR1,1,1,55,55,-4467102.4699,2683039.4729,-3666949.6690,-35.3155359,149.0100514,799.942,0.59,RNX2SNX,ITRF00|ITRF2005|ITRF2014_0
STR2,1,1,63,63,-4467074.5235,2683011.8495,-3667007.9698,-35.3161635,149.0101536,802.490,0.58,RNX2SNX,IGS00|IGS97|ITRF00|ITRF2005|ITRF2014_0
STRL,1,1,4,4,-4467063.7531,2683034.4762,-3667007.2326,-35.3161455,149.0098793,804.037,0.00,REFERENCE,IGS00
STRR,1,1,2,2,-4467102.8410,2683039.4736,-3666949.2127,-35.3155309,149.0100535,799.938,0.00,REFERENCE,ITRF2014_0
STVI,1,1,2,2,2561887.1101,-5487593.7288,1994143.1144,18.3400948,-64.9744473,-21.473,0.00,REFERENCE,ITRF2014_0
SUAL,1,1,102,102,-3072766.3994,5304881.8595,1754473.5640,16.0724297,120.0808689,153.307,5.88,GPSEST,ITRF2005
SUAO,1,1,91,91,-3063681.6614,4928320.7332,2638097.8151,24.5923996,121.8670756,25.306,1.18,RNX2SNX,ITRF00|ITRF2005|WGS-84
SULP,1,1,270,270,3765296.6179,1677559.5178,4851297.5897,49.8355911,24.0144942,370.525,0.39,RNX2SNX,IGS20|IGS20_0|ITRF2014_0
SULT,1,1,619,619,-3621719.9293,5086259.0464,1297419.2660,11.8152491,125.4531347,70.235,0.10,RNX2SNX,IGS14|IGS20
SUMK,1,1,2,2,1262670.6575,4402617.4998,4425403.8506,44.2081314,73.9971091,1012.149,0.00,REFERENCE,ITRF2014_0
SUN1,1,1,48,48,-2997875.7821,5007428.8499,2566681.1408,23.8812425,120.9083517,1035.871,0.04,OTHER,WGS-84
SUNM,1,1,10,10,-5046793.8136,2567554.7019,-2926028.0601,-27.4848959,153.0352986,92.022,0.59,REFERENCE,IGS00|IGS97|ITRF2014_0
SURI,1,1,11,11,-3658610.9006,5114994.1120,1061800.2821,9.6468545,125.5750705,233.975,15.53,GPSEST,ITRF2005
SUTH,1,1,771,767,5041274.9183,1916054.5459,-3397075.6135,-32.3802070,20.8104663,1799.762,0.74,RNX2SNX,IGS00|IGS08|IGS14|IGS14_0|IGS20|IGS20_0|IGS97|IGb08|ITRF00|ITRF2005|ITRF2014_0|ITRF97
SUTM,1,1,758,758,5041190.2955,1916067.5216,-3397189.0666,-32.3814304,20.8109145,1797.612,0.64,RNX2SNX,IGS08|IGS14|IGS14_0|IGS20|IGS20_0|IGb08|ITRF00|ITRF2005|ITRF2014_0
SUTV,1,1,628,628,5041274.9184,1916054.5462,-3397075.6103,-32.3802070,20.8104663,1799.761,0.52,RNX2SNX,IGS14|IGS14_0|IGS20|IGb08|ITRF2014_0
SUVA,1,1,4,4,-6060677.1011,166617.2214,-1973761.6237,-18.1459273,178.4252486,72.636,0.00,REFERENCE,IGS00
SUWN,1,1,767,767,-3062023.4468,4055447.7586,3841818.0740,37.2755125,127.0542478,82.264,0.90,RNX2SNX,IGS00|IGS08|IGS14|IGS14_0|IGS20|IGS20_0|IGS97|IGb08|ITRF00|ITRF2005|ITRF2014_0|ITRF97
SVAQ,1,2,15,15,-3315670.3095,5317997.6144,1182103.6945,10.7522162,121.9427542,72.375,6.86,GPSEST,ITRF2005
SVAQ,2,2,5,5,-3344973.0844,5275350.4060,1285341.3100,11.7037440,122.3778033,60.501,6.68,GPSEST,ITRF2005
SVTL,1,1,275,275,2730154.9765,1562365.0135,5529989.4294,60.5328643,29.7808828,76.725,0.73,RNX2SNX,IGS20|IGS20_0|IGS97|ITRF2014_0|ITRF97
SWAN,1,1,53,53,-2941544.4770,5069395.4747,2507425.1442,23.3014313,120.1246850,29.467,0.00,RNX2SNX,ITRF00|ITRF2005
SWAS,1,1,2,2,3963403.5024,-275880.6159,4972970.3004,51.5655592,-3.9817647,89.976,0.00,REFERENCE,ITRF2014_0
SWTG,1,1,2,2,3347545.1197,-374833.4204,5398005.4542,58.2075867,-6.3889464,60.082,0.00,REFERENCE,ITRF2014_0
SWYH,1,1,53,53,-2981315.4300,4976174.7800,2642961.7000,24.6400751,120.9265802,176.211,0.00,RNX2SNX,ITRF00|ITRF2005
SYDN,1,1,700,700,-4648241.0502,2560636.4409,-3526317.5504,-33.7808692,151.1503834,85.578,0.88,RNX2SNX,IGS14|IGS14_0|IGS20|IGS20_0|ITRF2014_0
SYOG,1,1,766,766,1766207.9614,1460290.3081,-5932297.6539,-69.0069568,39.5837415,49.995,0.16,RNX2SNX,IGS00|IGS08|IGS14|IGS14_0|IGS20|IGS20_0|IGS97|IGb08|ITRF00|ITRF2005|ITRF2014_0
T101,1,1,53,53,-3053375.6739,5017260.1401,2478835.6174,23.0203382,121.3236201,110.354,0.00,RNX2SNX,ITRF00|ITRF2005
T102,1,1,53,53,-3049384.4524,5019934.9566,2478405.4602,23.0160148,121.2767962,137.261,0.00,RNX2SNX,ITRF00|ITRF2005
T103,1,1,53,53,-3045512.7531,5015417.0839,2492637.2948,23.1550165,121.2673883,316.509,0.00,RNX2SNX,ITRF00|ITRF2005
T104,1,1,53,53,-3043123.2032,5016851.4281,2492607.8294,23.1548201,121.2401747,292.436,0.00,RNX2SNX,ITRF00|ITRF2005
T105,1,1,53,53,-3041978.3312,5017496.1134,2492667.2154,23.1554637,121.2273514,276.796,0.00,RNX2SNX,ITRF00|ITRF2005
T106,1,1,53,53,-3042294.1186,5010100.1176,2506928.6068,23.2957286,121.2674718,240.676,0.00,RNX2SNX,ITRF00|ITRF2005
T107,1,1,53,53,-3042625.6547,5020205.2764,2486554.2200,23.0952973,121.2190455,315.139,0.00,RNX2SNX,ITRF00|ITRF2005
T108,1,1,53,53,-3041678.8312,5023403.3116,2481291.7322,23.0436386,121.1949731,318.245,0.00,RNX2SNX,ITRF00|ITRF2005
T109,1,1,53,53,-3040648.8793,5025852.3221,2477406.3225,23.0058346,121.1740068,235.964,0.00,RNX2SNX,ITRF00|ITRF2005
T110,1,1,53,53,-3034722.8519,5034701.9038,2466892.9455,22.9025317,121.0799412,290.595,0.00,RNX2SNX,ITRF00|ITRF2005
TABA,1,1,384,384,-3446552.7700,5161896.0498,1463968.0350,13.3578443,123.7306893,71.461,0.12,GPSEST,ITRF2005
TABL,1,1,2,2,-2448550.1487,-4668099.0418,3582741.0051,34.3818488,-117.6782828,2228.006,0.00,REFERENCE,ITRF2014_0
TABV,1,1,2,2,-2448550.1487,-4668099.0414,3582741.0048,34.3818488,-117.6782828,2228.006,0.00,REFERENCE,ITRF2014_0
TACB,1,1,619,619,-3589341.4068,5124619.2450,1235471.0996,11.2436706,125.0078344,89.237,0.10,RNX2SNX,IGS14|IGS20
TACH,1,1,53,53,-2955322.0330,5010114.2060,2607692.8310,24.2908434,120.5351300,33.845,0.00,RNX2SNX,ITRF00|ITRF2005
TACLOBAN,1,1,10,10,-3588937.8123,5124729.1944,1236144.5685,11.2498914,125.0042294,81.835,0.04,GPSEST,ITRF2005
TAEJ,1,1,771,762,-3120423.6650,4086355.1681,3761769.3435,36.3744186,127.3660872,77.471,0.84,RNX2SNX,IGS00|IGS14|IGS14_0|IGS20|IGS20_0|IGS97|ITRF00|ITRF2005|ITRF2014_0|ITRF97
TAFT,1,1,26,26,-3617525.0535,5086765.8102,1307003.9171,11.9037940,125.4190703,63.832,188.64,GPSEST,ITRF2005
TAGAYTAY,1,1,230,230,-3181286.4570,5307490.6408,1543919.5571,14.1002779,120.9382862,717.996,323.38,GPSEST,ITRF2005
TAGB,1,1,53,53,-3668043.2870,5120644.3646,999857.2800,9.0794503,125.6149549,106.669,0.08,GPSEST,ITRF2005
TAH1,1,1,630,630,-5246404.7845,-3077284.2582,-1913838.6216,-17.5770229,-149.6062005,99.804,1.50,RNX2SNX,IGS08|IGS14|IGS14_0|IGS20|IGb08|ITRF2014_0
TAH2,1,1,628,628,-5246404.7847,-3077284.2581,-1913838.6216,-17.5770229,-149.6062005,99.804,1.50,RNX2SNX,IGS14|IGS14_0|IGS20|IGb08|ITRF2014_0
TAHI,1,1,71,62,-5246568.9032,-3076989.3378,-1913777.4292,-17.5765167,-149.6093791,74.043,318.37,RNX2SNX,IGS00|IGS97|ITRF00|ITRF2005|ITRF97
TAIW,1,1,251,251,-3024781.9974,4928936.8347,2681234.4503,25.0213316,121.5365409,43.983,6.84,GPSEST,IGS00|IGS97|ITRF2005|ITRF2014_0|ITRF97|WGS-84
TAIWAN,1,1,286,286,-3024781.9849,4928936.8139,2681234.4566,25.0213317,121.5365409,43.964,142.69,GPSEST,ITRF2005
TAKL,1,1,2,2,-5089175.8401,465847.6148,-3803541.6381,-36.8435985,174.7698945,40.868,0.00,REFERENCE,ITRF2014_0
TALA,1,1,2,2,1440489.6290,4489412.6551,4283257.7913,42.4454652,72.2104491,1498.512,0.00,REFERENCE,ITRF2014_0
TALI,1,1,619,619,-3202997.0596,5285765.4703,1570450.2933,14.3491373,121.2144612,63.565,0.09,RNX2SNX,IGS14|IGS20
TAMA,1,1,2,2,6289725.4577,-94603.9592,1051694.9793,9.5542565,-0.8617226,194.494,0.00,REFERENCE,ITRF2014_0
TAMP,1,1,2,2,-807922.6837,-5849358.2527,2402967.6662,22.2783209,-97.8640274,21.047,0.00,REFERENCE,ITRF2014_0
TANS,1,1,53,53,-3011412.8309,4928282.3052,2697297.2153,25.1815154,121.4268971,30.320,0.00,RNX2SNX,ITRF00|ITRF2005
TANY,1,15,1469,1469,-3214233.6953,5272149.5837,1595513.4142,14.5815555,121.3691100,709.064,167.53,RNX2SNX,IGS14|IGS20|ITRF2005
TANY,2,15,4,4,-3222272.5973,5267841.8041,1619419.2352,14.7892484,121.4536013,7265.950,398.52,GPSEST,ITRF2005
TANY,3,15,4,4,-3223043.5356,5267346.2351,1627249.9414,14.8576231,121.4621026,9249.645,222.35,GPSEST,ITRF2005
TANY,4,15,2,2,-3219572.3652,5271529.8462,1601188.0662,14.6260366,121.4143842,4318.901,0.00,GPSEST,ITRF2005
TANY,5,15,2,2,-3225514.6988,5272858.7496,1605415.9908,14.6533089,121.4549716,9482.989,0.00,GPSEST,ITRF2005
TANY,6,15,2,2,-3227531.2379,5271649.5526,1597526.3366,14.5843553,121.4767658,7512.280,0.00,GPSEST,ITRF2005
TANY,7,15,2,2,-3236700.8598,5271308.5306,1594172.9215,14.5448463,121.5508519,11026.584,0.00,GPSEST,ITRF2005
TANY,8,15,2,2,-3219294.2227,5270438.0321,1610557.4796,14.7103543,121.4174616,5649.785,0.00,GPSEST,ITRF2005
TANY,9,15,2,2,-3212020.3597,5269519.2477,1613594.1628,14.7473832,121.3642766,1999.050,0.00,GPSEST,ITRF2005
TANY,10,15,2,2,-3219798.9137,5274365.7308,1615772.0357,14.7475795,121.4024717,10471.932,0.00,GPSEST,ITRF2005
TANY,11,15,2,2,-3208702.7009,5267935.6912,1629439.2740,14.8928822,121.3456184,3075.815,0.00,GPSEST,ITRF2005
TANY,12,15,2,2,-3225333.4498,5272793.8715,1619702.6008,14.7783163,121.4538523,12967.139,0.00,GPSEST,ITRF2005
TANY,13,15,2,2,-3218502.4918,5271020.9572,1605016.6021,14.6617565,121.4083744,4327.112,0.00,GPSEST,ITRF2005
TANY,14,15,2,2,-3223041.9945,5271806.2990,1611895.7053,14.7148816,121.4405049,9009.066,0.00,GPSEST,ITRF2005
TANY,15,15,2,2,-3217156.3937,5270325.0895,1603663.5909,14.6528934,121.4010789,2731.551,0.00,GPSEST,ITRF2005
TANZ,1,1,2,2,4908011.7922,4004007.3555,-746405.3883,-6.7655853,39.2079254,70.454,0.00,REFERENCE,ITRF2014_0
TARI,1,1,2,2,5140808.1556,-504297.6650,3728985.0437,36.0085116,-5.6026165,49.911,0.00,REFERENCE,ITRF2014_0
TARL,1,1,74,74,-3129784.5263,5293308.0919,1687593.1173,15.4445891,120.5946335,93.622,2.56,GPSEST,ITRF2005
TASH,1,1,625,625,1695944.6848,4487138.6833,4190140.7679,41.3280500,69.2955724,439.692,0.38,RNX2SNX,IGS14|IGS14_0|IGS20|ITRF2014_0
TASI,1,1,53,53,-2937915.0000,5050110.0000,2549964.0000,23.7202696,120.1888188,36.253,0.00,RNX2SNX,ITRF00|ITRF2005
TASO,1,1,53,53,-2965374.0000,4995237.0000,2624935.0000,24.4612635,120.6950753,150.806,0.00,RNX2SNX,ITRF00|ITRF2005
TATA,1,1,53,53,-3187010.4697,5293941.4623,1575383.8180,14.3951725,121.0483991,61.199,0.00,RNX2SNX,ITRF00|ITRF2005
TAW2,1,1,619,619,-3154392.9092,5515655.6858,554873.7502,5.0242937,119.7651564,155.255,0.09,RNX2SNX,IGS14|IGS20
TAWI,1,1,942,942,-3154392.2867,5515655.5571,554873.6927,5.0242935,119.7651521,154.831,11.76,RNX2SNX,IGS14|IGS20|ITRF2005
TAYN,1,1,53,53,-3001407.0120,5042068.0640,2493207.7760,23.1593476,120.7641964,645.677,0.00,RNX2SNX,ITRF00|ITRF2005
TBTG,1,1,2,2,-5047203.4996,-2975933.3283,-2511520.6193,-23.3417985,-149.4755382,4.508,0.00,REFERENCE,ITRF2014_0
TCDR,1,1,619,619,-3589404.6576,5124569.1446,1235482.8411,11.2437831,125.0085721,86.868,0.46,RNX2SNX,IGS14|IGS20
TCGN,1,17,1124,1124,-3689418.8767,5118380.4035,930927.2603,8.4488472,125.7847283,114.773,9.19,RNX2SNX,IGS14|IGS20|ITRF2005
TCGN,2,17,4,4,-3696629.2927,5112808.7480,954682.5378,8.6615864,125.8674338,3354.943,207.41,GPSEST,ITRF2005
TCGN,3,17,4,4,-3696859.0843,5111543.9079,962293.1512,8.7307866,125.8758562,3625.576,412.79,GPSEST,ITRF2005
TCGN,4,17,2,2,-3694491.8556,5117406.9260,936711.0656,8.4976572,125.8272534,3121.641,0.00,GPSEST,ITRF2005
TCGN,5,17,2,2,-3700611.8817,5118955.6896,941142.5365,8.5307749,125.8640398,8563.742,0.00,GPSEST,ITRF2005
TCGN,6,17,2,2,-3702868.4503,5118182.2578,933207.6449,8.4589821,125.8847359,8079.618,0.00,GPSEST,ITRF2005
TCGN,7,17,2,2,-3694055.1359,5116026.7842,945960.5081,8.5821646,125.8313735,3135.795,0.00,GPSEST,ITRF2005
TCGN,8,17,2,2,-3686976.2648,5114031.0878,948798.6546,8.6153222,125.7898334,-2135.440,0.00,GPSEST,ITRF2005
TCGN,9,17,2,2,-3695256.8683,5120431.3003,951588.8456,8.6266591,125.8168184,8204.380,0.00,GPSEST,ITRF2005
TCGN,10,17,2,2,-3682835.5889,5111604.7271,964474.1250,8.7614947,125.7721920,-4106.531,0.00,GPSEST,ITRF2005
TCGN,11,17,2,2,-3704723.8139,5111567.5912,981541.9131,8.8961617,125.9335685,11151.528,0.00,GPSEST,ITRF2005
TCGN,12,17,2,2,-3699203.8046,5117023.3869,954931.6126,8.6571140,125.8639576,8260.202,0.00,GPSEST,ITRF2005
TCGN,13,17,2,2,-3701240.6001,5111622.4037,971200.3405,8.8066850,125.9076710,7584.962,0.00,GPSEST,ITRF2005
TCGN,14,17,2,2,-3702524.8854,5114593.8603,961571.3581,8.7164074,125.9012965,9241.394,0.00,GPSEST,ITRF2005
TCGN,15,17,2,2,-3693234.9335,5116430.2225,940278.7586,8.5315907,125.8231911,2139.105,0.00,GPSEST,ITRF2005
TCGN,16,17,2,2,-3697541.1592,5116873.9327,947146.7459,8.5890827,125.8525233,6010.289,0.00,GPSEST,ITRF2005
TCGN,17,17,2,2,-3692029.9685,5115650.2213,938806.1201,8.5202183,125.8184641,597.886,0.00,GPSEST,ITRF2005
TCMS,1,1,758,758,-2982783.5165,4966659.8343,2658809.2709,24.7979843,120.9873964,77.239,0.81,RNX2SNX,IGS08|IGS14|IGS14_0|IGS20|IGS20_0|IGb08|ITRF00|ITRF2005|ITRF2014_0
TCSS,1,1,619,619,-3503721.0522,5221226.8842,1066311.0025,9.6884237,123.8637134,103.616,0.09,RNX2SNX,IGS14|IGS20
TCYU,1,1,53,53,-3000308.7572,4948091.1965,2673879.9948,24.9473993,121.2308130,207.355,0.00,RNX2SNX,ITRF00|ITRF2005
TEHN,1,1,630,630,3240498.7448,4049740.5074,3701663.4023,35.6972856,51.3340988,1194.589,0.67,RNX2SNX,IGS08|IGS14|IGS14_0|IGS20|IGb08|ITRF2014_0
TELA,1,1,64,64,4443535.4943,3086140.8312,3366854.1511,32.0679950,34.7808959,58.360,0.30,RNX2SNX,IGS00|IGS97|ITRF00|ITRF2005|ITRF2014_0|ITRF97
TEMP,1,17,9,9,-3503727.8227,5221226.2341,1066308.5714,9.6883971,123.8637679,106.393,2.63,RNXHDR,
TEMP,2,17,7,7,-3551583.0847,5180180.5822,1106952.3401,10.0614258,124.4349210,77.080,0.63,RNXHDR,
TEMP,3,17,7,7,-3554245.3433,5182257.2761,1088737.4729,9.8941972,124.4442343,90.674,0.82,RNXHDR,
TEMP,4,17,6,6,-3628915.3198,5173166.5764,865896.8977,7.8545237,125.0492068,382.349,0.00,RNXHDR,
TEMP,5,17,6,6,-3609036.9509,5196519.5409,806030.7537,7.3086899,124.7803814,187.784,0.00,RNXHDR,
TEMP,6,17,6,6,-3621598.5059,5192088.5427,777285.1402,7.0468084,124.8966401,107.516,0.00,RNXHDR,
TEMP,7,17,6,6,-3494944.9748,5193621.1501,1217865.1690,11.0814740,123.9378045,70.623,11.98,RNXHDR,
TEMP,8,17,6,6,-3505879.9208,5195157.1054,1179525.3329,10.7284974,124.0129009,68.689,3.94,RNXHDR,
TEMP,9,17,5,5,-3561008.7391,5230878.5824,796565.6165,7.2225358,124.2457361,81.171,0.00,RNXHDR,
TEMP,10,17,5,5,-3665511.7201,5165984.2512,744746.6864,6.7504630,125.3575148,88.072,0.00,RNXHDR,
TEMP,11,17,5,5,-3639560.3175,5180475.1337,772872.2649,7.0063364,125.0900890,348.631,0.00,RNXHDR,
TEMP,12,17,5,5,-3477441.4466,5222655.1824,1141950.7357,10.3829468,123.6571785,73.266,1.81,RNXHDR,
TEMP,13,17,4,4,-3599865.4106,5199831.7994,827669.8998,7.5056310,124.6950184,494.172,0.00,RNXHDR,
TEMP,14,17,4,4,-3597724.9783,5215290.3069,732107.9890,6.6353363,124.5995324,144.295,0.00,RNXHDR,
TEMP,15,17,4,4,-3504771.9709,5190573.4340,1202672.6650,10.9415374,124.0279554,79.734,0.73,RNXHDR,
TEMP,16,17,1,1,-3450240.9446,5188621.3538,1357646.5462,12.3720311,123.6224341,74.379,0.00,RNXHDR,
TEMP,17,17,1,1,-3087542.3504,5297592.8112,1750208.8950,16.0325938,120.2344821,51.066,0.00,RNXHDR,
TERC,1,1,2,2,4434022.2118,-2274181.0498,3968280.1909,38.7189939,-27.1529914,406.863,0.00,REFERENCE,ITRF2014_0
TERS,1,1,19,11,3798580.6626,346993.9647,5094780.9677,53.3627380,5.2193877,56.094,0.24,REFERENCE,IGS00|IGS97|ITRF2014_0|ITRF97
TESD,1,1,53,53,-3189209.6189,5295357.9168,1574167.0717,14.3792503,121.0590909,2033.104,0.00,RNX2SNX,ITRF00|ITRF2005
TETN,1,1,2,2,5171749.5154,-485505.9561,3688771.0476,35.5616447,-5.3630121,63.730,0.00,REFERENCE,ITRF2014_0
TFNO,1,1,2,2,-2451194.5950,-3385217.2923,4801784.8358,49.1541428,-125.9078394,-3.867,0.00,REFERENCE,ITRF2014_0
TGBF,1,1,2,2,3770680.3087,446150.5173,5107675.8694,53.5574267,6.7479184,48.798,0.00,REFERENCE,ITRF2014_0
TGBU,1,1,2,2,3701580.9502,576949.9988,5144738.1552,54.1217357,8.8591713,51.246,0.00,REFERENCE,ITRF2014_0
TGCV,1,1,4,4,5624175.6237,-2385323.6927,1826873.6609,16.7547724,-22.9827576,35.204,0.00,REFERENCE,IGS00
TGDA,1,1,2,2,3648811.9471,557503.0267,5184159.5032,54.7305074,8.6870550,50.358,0.00,REFERENCE,ITRF2014_0
TGDE,1,1,2,2,3358080.8284,445364.9805,5386152.9728,58.0063774,7.5547559,45.844,0.00,REFERENCE,ITRF2014_0
TGDN,1,2,1301,1301,-3092681.8691,5261789.9098,1845872.9785,16.9340942,120.4454080,54.294,5.55,RNX2SNX,IGS14|IGS20|ITRF2005
TGDN,2,2,1,1,-3184291.5246,5287323.5695,1602898.5566,14.6519292,121.0584605,115.283,0.00,COORDINATE,ITRF2005
TGEM,1,1,2,2,3786730.6312,477454.2305,5093051.7942,53.3367700,7.1862817,51.111,0.00,REFERENCE,ITRF2014_0
TGKN,1,1,2,2,3788865.1037,467273.8866,5092415.8045,53.3271717,7.0306832,53.515,0.00,REFERENCE,ITRF2014_0
TGME,1,1,2,2,3740165.0783,531813.9365,5121826.8416,53.7717100,8.0926368,73.328,0.00,REFERENCE,ITRF2014_0
TGRC,1,1,2,2,4838809.0072,1355666.7794,3914997.4944,38.1083228,15.6510329,139.083,0.00,REFERENCE,ITRF2014_0
THTG,1,1,268,268,-5246415.5523,-3077260.2988,-1913841.5885,-17.5770562,-149.6064465,97.999,0.77,RNX2SNX,IGS20|IGS20_0
THTI,1,1,771,767,-5246416.3744,-3077258.9679,-1913841.5389,-17.5770557,-149.6064613,98.018,2.12,RNX2SNX,IGS00|IGS08|IGS14|IGS14_0|IGS20|IGS20_0|IGS97|IGb08|ITRF00|ITRF2005|ITRF2014_0|ITRF97
THU1,1,1,346,346,538980.7904,-1388714.9199,6181005.2711,76.5373382,-68.7880310,55.114,0.67,RNX2SNX,IGS00|IGS08|IGS20|IGS20_0|IGS97|IGb08|ITRF00|ITRF2005|ITRF2014_0|ITRF97
THU2,1,1,764,764,538093.0953,-1389088.1508,6180979.3847,76.5370484,-68.8250544,36.241,0.65,RNX2SNX,IGS00|IGS14|IGS14_0|IGS20|IGS20_0|IGS97|IGb08|ITRF00|ITRF2005|ITRF2014_0
THU3,1,1,687,687,538093.0950,-1389088.1505,6180979.3842,76.5370484,-68.8250544,36.241,0.60,RNX2SNX,IGS00|IGS08|IGS14|IGS14_0|IGS20|IGb08|ITRF00|ITRF2005|ITRF2014_0
TIAN,1,1,53,53,-2986842.0830,4982610.7066,2625465.1845,24.4650412,120.9407160,511.334,0.00,RNX2SNX,ITRF00|ITRF2005
TIBB,1,1,2,2,-2704026.9129,-4253049.9800,3895879.2811,37.8908755,-122.4476034,-21.084,0.00,REFERENCE,ITRF2014_0
TID1,1,1,756,756,-4460997.1574,2682557.0885,-3674442.3934,-35.3991945,148.9800023,665.319,1.48,RNX2SNX,IGS14|IGS14_0|IGS20|IGS20_0|IGb08|ITRF00|ITRF2005|ITRF2014_0
TID2,1,1,695,695,-4460997.1581,2682557.0885,-3674442.3938,-35.3991945,148.9800023,665.319,1.68,RNX2SNX,IGS00|IGS14|IGS14_0|IGS20|IGS97|IGb08|ITRF00|ITRF2005|ITRF2014_0|ITRF97
TIDB,1,1,790,772,-4460997.1579,2682557.0885,-3674442.3943,-35.3991945,148.9800023,665.320,1.68,RNX2SNX,IGS00|IGS08|IGS14|IGS14_0|IGS20|IGS20_0|IGS97|IGb08|ITRF00|ITRF2005|ITRF2014_0|ITRF97
TIGZ,1,1,8,8,4075582.3464,931722.9297,4801581.3292,49.1444625,12.8771559,658.070,0.04,REFERENCE,IGS00|IGS97
TIMM,1,1,2,2,2182031.1821,-1984531.6691,5636567.4395,62.5355424,-42.2861504,313.265,0.00,REFERENCE,ITRF2014_0
TITZ,1,1,2,2,3993780.5292,450206.8017,4936136.9486,51.0353064,6.4316286,156.178,0.00,REFERENCE,ITRF2014_0
TIXG,1,1,628,628,-1264873.6045,1569455.7444,6031003.3705,71.6344715,128.8664302,47.078,0.42,RNX2SNX,IGS14|IGS14_0|IGS20|IGb08|ITRF2014_0
TIXI,1,1,767,767,-1264873.6039,1569455.7447,6031003.3706,71.6344715,128.8664302,47.078,0.60,RNX2SNX,IGS00|IGS08|IGS14|IGS14_0|IGS20|IGS20_0|IGS97|IGb08|ITRF00|ITRF2005|ITRF2014_0|ITRF97
TIXJ,1,1,2,2,-1264873.1830,1569457.2239,6031003.0725,71.6344631,128.8663945,47.075,0.00,REFERENCE,ITRF2014_0
TLSE,1,1,766,766,4627851.5874,119640.4085,4372993.7875,43.5606977,1.4808954,207.181,0.74,RNX2SNX,IGS00|IGS08|IGS14|IGS14_0|IGS20|IGS20_0|IGS97|IGb08|ITRF00|ITRF2005|ITRF2014_0
TLSY,1,1,56,56,-3362468.5082,5192711.9359,1547576.7027,14.1358216,122.9245148,74.836,0.01,RNX2SNX,IGS14|IGS20
TMAM,1,1,53,53,-3034565.0380,5048869.4975,2437552.2838,22.6160994,121.0074885,58.101,0.00,RNX2SNX,ITRF00|ITRF2005
TMGO,1,1,2,2,-1283387.8219,-4713015.4500,4090190.2842,40.1309348,-105.2327117,1672.967,0.00,REFERENCE,ITRF2014_0
TMLM,1,1,246,246,-3034565.2690,5048871.0266,2437550.6654,22.6160810,121.0074827,58.798,0.10,OTHER,WGS-84
TN01,1,1,2,2,5386836.3805,-1569217.3317,3023119.1062,28.4771846,-16.2411541,51.755,0.00,REFERENCE,ITRF2014_0
TN22,1,1,2,2,419473.0377,-5188697.5030,3673388.6457,35.3904843,-85.3780541,206.194,0.00,REFERENCE,ITRF2014_0
TNDG,1,20,1115,1115,-3721894.0491,5082455.0049,995559.4081,9.0401383,126.2154079,80.809,9.03,RNX2SNX,IGS14|IGS20|ITRF2005
TNDG,2,20,4,4,-3729225.6116,5076852.3674,1019334.1656,9.2525607,126.2993168,3680.478,296.76,GPSEST,ITRF2005
TNDG,3,20,2,2,-3757056.6639,5068836.5469,1008543.8323,9.1418330,126.5460979,11900.690,0.00,GPSEST,ITRF2005
TNDG,4,20,2,2,-3726920.1433,5081275.5301,1001314.8479,9.0886372,126.2586140,2982.043,0.00,GPSEST,ITRF2005
TNDG,5,20,2,2,-3732829.7118,5082672.2952,1005733.3322,9.1214403,126.2944037,8245.622,0.00,GPSEST,ITRF2005
TNDG,6,20,2,2,-3735305.2988,5082222.9829,997797.7247,9.0491087,126.3149452,8082.360,0.00,GPSEST,ITRF2005
TNDG,7,20,2,2,-3746055.7627,5076654.9997,1011981.1336,9.1728230,126.4235579,12195.877,0.00,GPSEST,ITRF2005
TNDG,8,20,2,2,-3726327.1370,5080137.7953,1010527.1241,9.1726523,126.2603848,3191.834,0.00,GPSEST,ITRF2005
TNDG,9,20,2,2,-3718569.5018,5078326.8185,1013559.5988,9.2084471,126.2131938,-2292.626,0.00,GPSEST,ITRF2005
TNDG,10,20,2,2,-3726974.4321,5084105.8151,1016107.0127,9.2172398,126.2437976,7620.106,0.00,GPSEST,ITRF2005
TNDG,11,20,2,2,-3728825.9041,5075273.2202,1026577.5369,9.3193570,126.3048911,3359.772,0.00,GPSEST,ITRF2005
TNDG,12,20,2,2,-3715385.4110,5077079.0853,1029079.9220,9.3512006,126.1965110,-2639.653,0.00,GPSEST,ITRF2005
TNDG,13,20,2,2,-3737035.8233,5075724.2998,1046190.6608,9.4863814,126.3626057,11721.501,0.00,GPSEST,ITRF2005
TNDG,14,20,2,2,-3729408.4009,5076104.9964,1027042.3113,9.3220155,126.3046814,4436.840,0.00,GPSEST,ITRF2005
TNDG,15,20,2,2,-3731569.4454,5081178.8683,1019423.6699,9.2462817,126.2932063,8505.960,0.00,GPSEST,ITRF2005
TNDG,16,20,2,2,-3733991.3103,5076025.5290,1035758.9283,9.3958038,126.3386900,8469.555,0.00,GPSEST,ITRF2005
TNDG,17,20,2,2,-3734775.6422,5078511.1453,1026193.8336,9.3069728,126.3310457,9349.600,0.00,GPSEST,ITRF2005
TNDG,18,20,2,2,-3725688.9902,5080173.4894,1004815.3067,9.1221878,126.2555131,1939.599,0.00,GPSEST,ITRF2005
TNDG,19,20,2,2,-3730175.5923,5081175.7962,1011876.0496,9.1801971,126.2830111,6480.767,0.00,GPSEST,ITRF2005
TNDG,20,20,2,2,-3724467.9672,5079567.2693,1003437.5086,9.1116248,126.2498177,525.670,0.00,GPSEST,ITRF2005
TNDR,1,1,53,53,-2973386.6919,5072157.0339,2464311.2155,22.8780564,120.3795738,72.977,0.00,RNX2SNX,ITRF00|ITRF2005
TNHS,1,1,52,52,-3181508.6734,5287998.0122,1606098.2412,14.6818667,121.0330972,96.031,0.00,RNX2SNX,ITRF00
TNML,1,9,2624,2624,-2982779.4304,4966662.6552,2658805.6455,24.7979534,120.9873474,76.004,198.84,RNX2SNX,IGS08|IGS14|IGS14_0|IGS20|IGS20_0|IGb08|ITRF00|ITRF2005|ITRF2014_0
TNML,2,9,2,2,-3004060.5317,4964560.5251,2656336.4292,24.7429969,121.1781742,7382.830,0.00,GPSEST,ITRF2005
TNML,3,9,2,2,-2988318.4810,4966096.6440,2674097.0889,24.9141431,121.0371702,8652.922,0.00,GPSEST,ITRF2005
TNML,4,9,2,2,-2981951.5617,4968429.0720,2678133.5709,24.9520062,120.9713375,9193.454,0.00,GPSEST,ITRF2005
TNML,5,9,2,2,-2989444.3774,4970891.6594,2679880.3940,24.9435896,121.0222789,15342.885,0.00,GPSEST,ITRF2005
TNML,6,9,2,2,-2978588.8820,4965054.5275,2693017.2392,25.0911878,120.9599904,11298.827,0.00,GPSEST,ITRF2005
TNML,7,9,2,2,-2991592.7816,4963978.1053,2683267.6748,24.9895574,121.0757035,12407.615,0.00,GPSEST,ITRF2005
TNML,8,9,2,2,-2987332.2651,4966509.9257,2668590.4312,24.8696875,121.0267099,6195.182,0.00,GPSEST,ITRF2005
TNML,9,9,2,2,-2992137.6471,4967478.3567,2675334.4359,24.9122844,121.0624635,12034.297,0.00,GPSEST,ITRF2005
TNSM,1,1,198,198,-2684180.8715,5331205.6965,2240635.6889,20.7026424,116.7245585,18.268,0.07,OTHER,WGS-84
TOF1,1,1,14,14,-3556132.2755,5150000.7838,1228965.5993,11.1826858,124.6255062,665.337,0.02,GPSEST,ITRF2005
TOFN,1,1,53,53,-2980616.4007,4975357.5540,2645154.7228,24.6620612,120.9248056,127.237,0.00,RNX2SNX,ITRF00|ITRF2005
TOLF,1,1,2,2,4638873.2495,986019.1797,4251128.1446,42.0640135,11.9999555,362.759,0.00,REFERENCE,ITRF2014_0
TONA,1,1,239,239,-3559635.2343,5149502.4433,1220801.1051,11.1075131,124.6544805,638.508,103.89,GPSEST,ITRF2005
TONF,1,1,313,313,-3556132.5025,5150001.3108,1228966.0008,11.1826884,124.6255052,665.967,351.97,GPSEST,ITRF2005
TONG,1,1,2,2,-5930303.6409,-500147.8219,-2286366.2133,-21.1447132,-175.1792173,56.301,0.00,REFERENCE,ITRF2014_0
TONU,1,1,24,24,-3565163.2501,5144038.8537,1226892.1593,11.1638869,124.7245501,493.968,15.50,GPSEST,ITRF2005
TONW,1,1,97,97,-3557621.3187,5149680.8215,1225062.7790,11.1470537,124.6383870,481.545,527.99,GPSEST,ITRF2005
TOPL,1,1,270,270,4174345.5773,-4690236.8050,-1118921.1143,-10.1710507,-48.3306800,256.540,0.19,RNX2SNX,IGS20|IGS20_0|ITRF2014_0
TORI,1,1,2,2,4472544.2823,601634.4367,4492545.2569,45.0633682,7.6612826,310.741,0.00,REFERENCE,ITRF2014_0
TORP,1,1,2,2,-2517894.6058,-4670259.8421,3527827.6563,33.7977984,-118.3306043,-5.209,0.00,REFERENCE,ITRF2014_0
TORS,1,1,2,2,2979075.6133,-353362.1914,5609834.8805,62.0232968,-6.7645161,114.605,0.00,REFERENCE,ITRF2014_0
TOUL,1,1,762,762,4627845.7856,119629.7186,4373000.0623,43.5607763,1.4807650,207.102,0.73,RNX2SNX,IGS00|IGS14|IGS14_0|IGS20|IGS20_0|IGS97|ITRF00|ITRF2005|ITRF2014_0|ITRF97
TOW2,1,1,767,767,-5054583.5677,3275504.0335,-2091538.1856,-19.2692697,147.0556937,88.100,1.82,RNX2SNX,IGS00|IGS08|IGS14|IGS14_0|IGS20|IGS20_0|IGS97|IGb08|ITRF00|ITRF2005|ITRF2014_0|ITRF97
TRAB,1,1,758,758,3705249.8978,3084421.9773,4162044.9765,40.9947105,39.7755677,99.279,0.73,RNX2SNX,IGS08|IGS14|IGS14_0|IGS20|IGS20_0|IGb08|ITRF00|ITRF2005|ITRF2014_0
TRAK,1,1,2,2,-2480029.3997,-4703110.6797,3511298.6455,33.6179353,-117.8034358,115.525,0.00,REFERENCE,ITRF2014_0
TRC3,1,1,63,63,-3107842.1631,5300617.4750,1705192.6212,15.6095267,120.3838211,146.959,46.60,GPSEST,ITRF2005
TRDS,1,1,2,2,2820170.7455,513486.1068,5678935.9983,63.3713845,10.3191587,317.757,0.00,REFERENCE,ITRF2014_0
TREO,1,1,2,2,2082987.4295,-1834790.7065,5723297.7517,64.2770689,-41.3750765,121.882,0.00,REFERENCE,ITRF2014_0
TRIE,1,1,2,2,4333581.6420,1061504.6777,4543010.6922,45.7097578,13.7635214,323.409,0.00,REFERENCE,ITRF2014_0
TRIN,1,1,619,619,-3543089.6132,5185584.4484,1108922.0560,10.0794932,124.3431365,88.906,0.11,RNX2SNX,IGS14|IGS20
TRL1,1,1,12,12,-3129785.8563,5293310.1759,1687594.0104,15.4445909,120.5946343,96.242,2.15,GPSEST,ITRF2005
TRLC,1,1,314,314,-3128662.1431,5292548.0799,1692048.3663,15.4863468,120.5892347,100.587,0.05,GPSEST,ITRF2005
TRO1,1,1,767,767,2102928.1303,721619.6559,5958196.4209,69.6627209,18.9396544,138.148,0.61,RNX2SNX,IGS00|IGS08|IGS14|IGS14_0|IGS20|IGS20_0|IGS97|IGb08|ITRF00|ITRF2005|ITRF2014_0|ITRF97
TROM,1,1,781,772,2102939.8436,721569.6573,5958192.3279,69.6627514,18.9383376,132.521,51.16,RNX2SNX,IGS00|IGS08|IGS14|IGS14_0|IGS20|IGS20_0|IGS97|IGb08|ITRF00|ITRF2005|ITRF2014_0|ITRF97
TRON,1,1,29,11,2820170.9828,513485.9507,5678935.8954,63.3713825,10.3191548,317.757,0.30,REFERENCE,IGS00|IGS97|ITRF2014_0|ITRF97
TRSA,1,1,52,52,-3199432.1562,5281215.7073,1592891.7393,14.5584871,121.2080499,108.011,0.00,RNX2SNX,ITRF00
TSHI,1,1,53,53,-3027243.9232,4914415.5021,2704863.5943,25.2569273,121.6327648,50.851,0.00,RNX2SNX,ITRF00|ITRF2005
TSHO,1,1,48,48,-2970361.2483,5072618.4988,2466978.2062,22.9042158,120.3518591,68.223,0.04,OTHER,WGS-84
TSIO,1,1,53,53,-2965850.3565,4994246.3014,2626061.2390,24.4727940,120.7041043,63.257,0.00,RNX2SNX,ITRF00|ITRF2005
TSK2,1,1,2,2,-3957184.4466,3310231.2332,3737703.9388,36.1055764,140.0871226,69.874,0.00,REFERENCE,ITRF2014_0
TSKB,1,12,7936,7933,-3957199.2448,3310199.6830,3737711.6402,36.1056797,140.0874968,67.228,276.08,RNX2SNX,IGS00|IGS08|IGS20|IGS20_0|IGS97|IGb08|ITRF00|ITRF2005|ITRF2014_0|ITRF97|WGS-84
TSKB,2,12,2,2,-3963468.7745,3311407.0198,3743818.8366,36.1204713,140.1218491,8178.130,0.00,GPSEST,ITRF2005
TSKB,3,12,2,2,-3969356.5056,3313310.9883,3747614.8865,36.1176211,140.1474895,15052.153,0.00,GPSEST,ITRF2005
TSKB,4,12,2,2,-3970224.9254,3310703.5290,3739566.4781,36.0644383,140.1758437,9500.103,0.00,GPSEST,ITRF2005
TSKB,5,12,2,2,-3978855.9277,3308326.6094,3735005.6530,36.0041958,140.2572611,10950.753,0.00,GPSEST,ITRF2005
TSKB,6,12,2,2,-3963049.3387,3310503.3922,3753017.7433,36.1920802,140.1265595,12877.730,0.00,GPSEST,ITRF2005
TSKB,7,12,2,2,-3957457.0666,3313541.9618,3757504.3249,36.2370697,140.0608754,13640.146,0.00,GPSEST,ITRF2005
TSKB,8,12,2,2,-3962457.6631,3313562.9686,3757266.5137,36.2148968,140.0963059,16604.215,0.00,GPSEST,ITRF2005
TSKB,9,12,2,2,-3952733.1434,3310782.0361,3771366.8907,36.3662115,140.0506908,17500.465,0.00,GPSEST,ITRF2005
TSKB,10,12,2,2,-3961444.2336,3309942.5764,3747046.2838,36.1571619,140.1199154,8068.507,0.00,GPSEST,ITRF2005
TSKB,11,12,2,2,-3966361.4661,3311876.0550,3753677.4306,36.1787012,140.1384230,16029.183,0.00,GPSEST,ITRF2005
TSKB,12,12,2,2,-3960408.6634,3309606.7898,3745942.7597,36.1545051,140.1154049,6601.981,0.00,GPSEST,ITRF2005
TUA2,1,1,56,56,-3171161.5595,5183968.5134,1930495.4259,17.7350011,121.4551552,85.658,0.01,RNX2SNX,IGS14|IGS20
TUAO,1,1,1828,1828,-3171161.4134,5183968.0795,1930494.1074,17.7349910,121.4551562,84.831,93.15,RNX2SNX,IGS14|IGS20|ITRF2005
TUBI,1,1,270,270,4211317.0034,2377866.1674,4144663.4428,40.7867271,29.4506882,220.320,0.43,RNX2SNX,IGS20|IGS20_0|ITRF2014_0
TUC2,1,1,2,2,4744543.8067,2119411.9548,3686258.8034,35.5331900,24.0705595,160.915,0.00,REFERENCE,ITRF2014_0
TUCU,1,1,2,2,2386117.1905,-5171223.2996,-2862949.0635,-26.8432548,-65.2303516,485.023,0.00,REFERENCE,ITRF2014_0
TUKT,1,1,2,2,-1532091.4377,-1643291.7322,5949315.9159,69.4382343,-132.9943507,-1.537,0.00,REFERENCE,ITRF2014_0
TUKU,1,1,41,41,-3494516.3144,5264571.2668,865536.9907,7.8516250,123.5754055,72.627,6.41,GPSEST,ITRF2005
TUMA,1,1,52,52,-3188313.2868,5284798.5293,1603054.2964,14.6534884,121.1025356,71.137,0.00,RNX2SNX,ITRF00
TUNA,1,1,53,53,-3187471.7957,5294127.9134,1573851.1629,14.3808618,121.0511720,65.561,0.00,RNX2SNX,ITRF00|ITRF2005
TUVA,1,1,700,700,-6307543.8090,88455.7090,-939277.4226,-8.5252851,179.1965483,38.384,1.12,RNX2SNX,IGS14|IGS14_0|IGS20|IGS20_0|ITRF2014_0
TWTF,1,14,2312,2312,-2994428.4327,4951309.3360,2674496.8001,24.9535642,121.1645028,201.698,140.14,RNX2SNX,IGS00|IGS08|IGb08|ITRF00|ITRF2005
TWTF,2,14,2,2,-3000700.0159,4951838.4466,2680625.6256,24.9895989,121.2148976,6143.679,0.00,GPSEST,ITRF2005
TWTF,3,14,2,2,-3006566.0858,4953240.8147,2684490.7875,25.0050229,121.2573189,11620.758,0.00,GPSEST,ITRF2005
TWTF,4,14,2,2,-3007539.4090,4951193.1081,2676493.2180,24.9444110,121.2760569,7115.341,0.00,GPSEST,ITRF2005
TWTF,5,14,2,2,-3015502.1290,4948865.9608,2671938.6560,24.8989933,121.3552864,7146.421,0.00,GPSEST,ITRF2005
TWTF,6,14,2,2,-2999912.5314,4950367.3733,2689676.4335,25.0699030,121.2157776,8463.235,0.00,GPSEST,ITRF2005
TWTF,7,14,2,2,-2993887.2006,4953430.8117,2693836.3016,25.1057708,121.1490503,9775.252,0.00,GPSEST,ITRF2005
TWTF,8,14,2,2,-3001005.4031,4955450.7501,2695607.0206,25.0995281,121.1989658,15428.127,0.00,GPSEST,ITRF2005
TWTF,9,14,2,2,-3004036.1029,4949697.5717,2699048.3069,25.1403935,121.2541106,13857.204,0.00,GPSEST,ITRF2005
TWTF,10,14,2,2,-2990378.4334,4949686.4012,2708549.8153,25.2450187,121.1384882,11491.615,0.00,GPSEST,ITRF2005
TWTF,11,14,2,2,-3003455.2756,4948806.0913,2699019.7164,25.1442306,121.2537740,12882.357,0.00,GPSEST,ITRF2005
TWTF,12,14,2,2,-2998803.6976,4950716.0293,2684218.3372,25.0263700,121.2046018,5902.002,0.00,GPSEST,ITRF2005
TWTF,13,14,2,2,-3003930.1205,4952331.2129,2691102.5277,25.0671786,121.2396977,12475.270,0.00,GPSEST,ITRF2005
TWTF,14,14,2,2,-2997534.0698,4950131.2232,2682839.4653,25.0195177,121.1968499,4269.517,0.00,GPSEST,ITRF2005
TXGA,1,1,2,2,-463028.9544,-5545823.9584,3105629.4207,29.3278681,-94.7726392,-10.676,0.00,REFERENCE,ITRF2014_0
TXGV,1,1,2,2,-464834.7820,-5547993.4730,3101495.9133,29.2851366,-94.7893014,-17.441,0.00,REFERENCE,ITRF2014_0
TYTY,1,1,52,52,-3192364.3758,5285653.0152,1592228.3742,14.5523691,121.1306256,75.525,0.00,RNX2SNX,ITRF00
UCLP,1,1,2,2,-2519007.2809,-4650672.2715,3552862.8137,34.0691213,-118.4419107,111.544,0.00,REFERENCE,ITRF2014_0
UCLU,1,1,71,63,-2440669.0569,-3416437.0629,4785136.8274,48.9256378,-125.5416406,10.045,0.09,RNX2SNX,IGS00|IGS97|ITRF00|ITRF2005|ITRF2014_0
UCNF,1,1,2,2,1959617.3397,-5506063.4372,-2545790.0226,-23.6789671,-70.4092693,72.782,0.00,REFERENCE,ITRF2014_0
UCOM,1,1,2,2,-1499330.8347,-5838862.1579,2076330.5164,19.1241050,-104.4015267,-9.714,0.00,REFERENCE,ITRF2014_0
UCSF,1,1,2,2,-2709557.0570,-4260015.8053,3884773.2754,37.7629679,-122.4581511,154.613,0.00,REFERENCE,ITRF2014_0
UEPP,1,1,2,2,3687624.3224,-4620818.6603,-2386880.2248,-22.1199036,-51.4085342,430.948,0.00,REFERENCE,ITRF2014_0
UFPR,1,1,700,700,3763751.6916,-4365113.9760,-2724404.4262,-25.4483658,-49.2309556,925.791,0.20,RNX2SNX,IGS14|IGS14_0|IGS20|IGS20_0|ITRF2014_0
ULAB,1,1,328,328,-1257409.1418,4099404.3169,4707992.5307,47.8650663,107.0523331,1575.558,0.75,RNX2SNX,IGS08|IGS20|IGS20_0|IGb08|ITRF00|ITRF2005|ITRF2014_0
ULDI,1,1,270,270,4796680.8792,2930311.7936,-3005435.5401,-28.2931148,31.4209271,607.945,0.37,RNX2SNX,IGS20|IGS20_0|ITRF2014_0
ULLA,1,1,2,2,3384245.1521,-305570.7825,5379585.3876,57.8949745,-5.1593688,65.435,0.00,REFERENCE,ITRF2014_0
UMSS,1,1,2,2,-2791752.1453,5695647.5764,666580.6355,6.0392323,116.1120312,76.357,0.00,REFERENCE,ITRF2014_0
UNB1,1,1,331,331,1761287.8613,-4078238.7165,4561418.0406,45.9502106,-66.6417090,23.045,0.58,RNX2SNX,IGS00|IGS20|IGS20_0|IGS97|ITRF00|ITRF2005|ITRF2014_0
UNB3,1,1,625,625,1761287.7816,-4078238.5203,4561417.8297,45.9502106,-66.6417089,22.746,0.27,RNX2SNX,IGS14|IGS14_0|IGS20|ITRF2014_0
UNBJ,1,1,700,700,1761287.7817,-4078238.5204,4561417.8297,45.9502106,-66.6417089,22.747,0.27,RNX2SNX,IGS14|IGS14_0|IGS20|IGS20_0|ITRF2014_0
UNBN,1,1,625,625,1761287.7816,-4078238.5203,4561417.8297,45.9502106,-66.6417089,22.746,0.27,RNX2SNX,IGS14|IGS14_0|IGS20|ITRF2014_0
UNBT,1,1,625,625,1761287.7816,-4078238.5203,4561417.8297,45.9502106,-66.6417089,22.746,0.27,RNX2SNX,IGS14|IGS14_0|IGS20|ITRF2014_0
UNIP,1,1,2,2,-961121.1303,-5946435.5806,2096809.8241,19.3126972,-99.1813029,2308.246,0.00,REFERENCE,ITRF2014_0
UNPG,1,1,2,2,4555145.6630,997822.5160,4337432.8019,43.1193922,12.3557044,351.097,0.00,REFERENCE,ITRF2014_0
UNPM,1,1,2,2,325739.2105,-5953361.8177,2257796.9801,20.8685025,-86.8681744,-0.458,0.00,REFERENCE,ITRF2014_0
UNSA,1,1,774,766,2412830.4955,-5271936.7947,-2652208.8008,-24.7274542,-65.4076431,1257.778,0.38,RNX2SNX,IGS00|IGS08|IGS14|IGS14_0|IGS20|IGS20_0|IGS97|IGb08|ITRF00|ITRF2005|ITRF2014_0
UP02,1,1,319,319,-3184327.0824,5287171.5033,1603251.7161,14.6552731,121.0594715,96.344,116.61,GPSEST,ITRF2005|WGS-84
UPAD,1,1,82,64,4389531.2255,923253.6991,4519256.3796,45.4067177,11.8779319,84.028,6.26,RNX2SNX,IGS00|IGS97|ITRF00|ITRF2005|ITRF2014_0|ITRF97
UPO1,1,1,55,55,-5464031.8138,-2446032.4304,2193283.1446,20.2458857,-155.8838123,78.201,0.68,RNX2SNX,ITRF00|ITRF2005|ITRF2014_0
URDANETA,1,1,35,35,-3119485.3212,5279888.9150,1747197.0639,16.0041953,120.5756150,82.703,5.06,GPSEST,ITRF2005
URDT,1,14,1193,1193,-3119572.1986,5280370.0455,1745568.2300,15.9889044,120.5740274,74.507,9.03,RNX2SNX,IGS14|IGS20|ITRF2005
URDT,2,14,4,4,-3128620.8492,5275885.3730,1777365.9855,16.2628538,120.6681082,9626.514,211.72,GPSEST,ITRF2005
URDT,3,14,2,2,-3132870.2490,5280413.0447,1747632.4352,15.9898797,120.6806656,7191.309,0.00,GPSEST,ITRF2005
URDT,4,14,2,2,-3142210.4227,5280229.0787,1743964.4589,15.9466044,120.7564450,10617.244,0.00,GPSEST,ITRF2005
URDT,5,14,2,2,-3124742.4916,5278974.9730,1760748.2706,16.1171000,120.6222319,5647.324,0.00,GPSEST,ITRF2005
URDT,6,14,2,2,-3119035.5600,5281510.1398,1765163.8166,16.1572062,120.5642945,6180.815,0.00,GPSEST,ITRF2005
URDT,7,14,2,2,-3126585.0041,5284761.6531,1767020.9514,16.1566280,120.6095228,13075.904,0.00,GPSEST,ITRF2005
URDT,8,14,2,2,-3128316.6371,5277300.4526,1769886.3117,16.1953708,120.6589234,8555.853,0.00,GPSEST,ITRF2005
URDT,9,14,2,2,-3114320.3231,5276794.1954,1779736.6042,16.2998423,120.5487531,4052.585,0.00,GPSEST,ITRF2005
URDT,10,14,2,2,-3130729.8549,5281289.0116,1769830.4532,16.1831619,120.6593155,13017.022,0.00,GPSEST,ITRF2005
URDT,11,14,2,2,-3127604.6610,5276508.8000,1769692.4596,16.1963189,120.6569732,7499.172,0.00,GPSEST,ITRF2005
URDT,12,14,2,2,-3123878.5246,5279388.4206,1755127.9797,16.0685491,120.6133207,4008.492,0.00,GPSEST,ITRF2005
URDT,13,14,2,2,-3128477.3077,5280210.8608,1762001.6397,16.1205346,120.6463589,8845.181,0.00,GPSEST,ITRF2005
URDT,14,14,2,2,-3122456.3834,5278609.7764,1753719.5548,16.0598094,120.6055908,2278.927,0.00,GPSEST,ITRF2005
URUM,1,1,336,336,193029.9984,4606851.2983,4393311.5375,43.8079500,87.6006739,858.877,0.89,RNX2SNX,IGS00|IGS08|IGS20|IGS20_0|IGS97|IGb08|ITRF00|ITRF2005|ITRF2014_0
USC1,1,1,2,2,-2507564.9542,-4659953.1835,3548661.0385,34.0239512,-118.2851157,21.903,0.00,REFERENCE,ITRF2014_0
USDA,1,1,1,1,-3855182.7326,3427382.4886,3740981.1508,36.1333210,138.3618666,1410.199,0.00,RNXHDR,
USLO,1,1,2,2,-2657201.2459,-4482167.2368,3666227.2359,35.3118044,-120.6610939,134.623,0.00,REFERENCE,ITRF2014_0
USMX,1,1,2,2,-1865330.4384,-5215100.1666,3153548.2331,29.8216537,-109.6810498,625.469,0.00,REFERENCE,ITRF2014_0
USN1,1,1,57,57,1112161.0666,-4842855.2686,3985494.2440,38.9205444,-77.0662902,57.420,0.02,RNX2SNX,IGS00|ITRF00|ITRF2005
USN3,1,1,687,687,1112161.8208,-4842853.5398,3985496.0661,38.9205657,-77.0662773,57.385,0.40,RNX2SNX,IGS00|IGS08|IGS14|IGS14_0|IGS20|IGb08|ITRF00|ITRF2005|ITRF2014_0
USN4,1,1,625,625,1112161.8194,-4842853.5398,3985496.0663,38.9205657,-77.0662773,57.385,0.24,RNX2SNX,IGS14|IGS14_0|IGS20|ITRF2014_0
USN5,1,1,625,625,1112161.8194,-4842853.5398,3985496.0663,38.9205657,-77.0662773,57.385,0.24,RNX2SNX,IGS14|IGS14_0|IGS20|ITRF2014_0
USNA,1,1,55,55,1160668.8872,-4826883.3327,3990863.0642,38.9833485,-76.4793877,-27.302,0.15,RNX2SNX,ITRF00|ITRF2005|ITRF2014_0
USNB,1,1,25,9,1112158.3057,-4842853.5182,3985494.7617,38.9205612,-77.0663167,55.938,4.66,REFERENCE,IGS00|IGS97|ITRF97
USNO,1,1,692,692,1112189.4654,-4842955.0281,3985352.3117,38.9189635,-77.0662285,48.846,0.44,RNX2SNX,IGS00|IGS08|IGS14|IGS14_0|IGS20|IGS97|IGb08|ITRF00|ITRF2005|ITRF2014_0|ITRF97
USUD,1,9,5990,5990,-3855263.0331,3427432.5240,3741020.2929,36.1331104,138.3620439,1508.600,419.87,RNX2SNX,IGS00|IGS20|IGS20_0|IGS97|ITRF00|ITRF2005|ITRF2014_0|ITRF97|WGS-84
USUD,2,9,2,2,-3860835.8780,3427408.6095,3755945.3439,36.2195027,138.4033353,13668.632,0.00,GPSEST,ITRF2005
USUD,3,9,2,2,-3855178.5868,3430442.5879,3760630.2359,36.2652430,138.3364440,14653.509,0.00,GPSEST,ITRF2005
USUD,4,9,2,2,-3859709.9158,3429627.3852,3759498.9724,36.2419190,138.3766278,16278.384,0.00,GPSEST,ITRF2005
USUD,5,9,2,2,-3849448.8792,3426510.3826,3773610.2467,36.3959640,138.3267576,16789.286,0.00,GPSEST,ITRF2005
USUD,6,9,2,2,-3861678.3179,3426570.9933,3760683.7649,36.2534706,138.4164939,16529.345,0.00,GPSEST,ITRF2005
USUD,7,9,2,2,-3859286.4145,3427002.5828,3750166.4211,36.1851414,138.3952867,9102.873,0.00,GPSEST,ITRF2005
USUD,8,9,2,2,-3864107.2945,3428749.8476,3756670.2775,36.2070364,138.4162985,16789.322,0.00,GPSEST,ITRF2005
USUD,9,9,2,2,-3858207.4820,3426617.2016,3748986.0020,36.1822128,138.3905319,7548.299,0.00,GPSEST,ITRF2005
USUDA,1,1,218,218,-3855262.7861,3427432.3503,3741020.1996,36.1331113,138.3620435,1508.302,198.67,GPSEST,ITRF2005
UZHL,1,1,683,683,3907587.0967,1602429.0236,4763783.9366,48.6319802,22.2976247,232.007,0.65,RNX2SNX,IGS08|IGS14|IGS14_0|IGS20|IGb08|ITRF00|ITRF2005|ITRF2014_0
VAAS,1,1,11,11,2699864.4018,1078263.9375,5658064.8108,62.9611927,21.7706346,58.085,0.25,REFERENCE,IGS00|IGS97|ITRF2014_0|ITRF97
VACO,1,1,2,2,4062325.8028,992104.7179,4800911.3268,49.1337859,13.7241798,799.405,0.00,REFERENCE,ITRF2014_0
VACS,1,1,700,700,3215946.8294,5047449.8301,-2198718.0969,-20.2970738,57.4970396,421.149,0.32,RNX2SNX,IGS14|IGS14_0|IGS20|IGS20_0|ITRF2014_0
VAGP,1,1,2,2,1186732.2399,-4942857.6456,3839380.2144,37.2486215,-76.4993741,-21.156,0.00,REFERENCE,ITRF2014_0
VALD,1,1,270,270,919075.4773,-4167766.3881,4724323.6841,48.0970577,-77.5641710,312.941,0.28,RNX2SNX,IGS20|IGS20_0|ITRF2014_0
VALE,1,1,2,2,4929533.7745,-29050.3086,4033710.2193,39.4808287,-0.3376467,77.568,0.00,REFERENCE,ITRF2014_0
VALN,1,1,2,2,1686528.3263,-5080258.0688,-3456620.9976,-33.0279296,-71.6350257,119.196,0.00,REFERENCE,ITRF2014_0
VALP,1,1,2,2,1687310.3127,-5079964.4344,-3456509.1880,-33.0272428,-71.6260916,31.229,0.00,REFERENCE,ITRF2014_0
VAN1,1,1,2,2,-2665275.3614,-4513292.3444,3622150.1865,34.8266148,-120.5635096,98.896,0.00,REFERENCE,ITRF2014_0
VANU,1,1,2,2,-5950766.5526,1230704.0442,-1931445.0787,-17.7439752,168.3151462,97.573,0.00,REFERENCE,ITRF2014_0
VARD,1,1,29,11,1844607.4646,1109719.1265,5983936.0940,70.3363720,31.0311905,174.864,0.31,REFERENCE,IGS00|IGS97|ITRF2014_0|ITRF97
VARS,1,1,2,2,1844607.2011,1109719.2584,5983936.1900,70.3363736,31.0311971,174.901,0.00,REFERENCE,ITRF2014_0
VATU,1,1,2,2,-6017542.9245,1261942.0434,-1691695.2122,-15.4825397,168.1561074,298.519,0.00,REFERENCE,ITRF2014_0
VBCA,1,1,2,2,2319240.7935,-4411743.9906,-3966484.0638,-38.7007677,-62.2692277,59.470,0.00,REFERENCE,ITRF2014_0
VCAC,1,1,52,52,-3175339.3807,5291294.7376,1607312.2226,14.6932856,120.9682352,63.668,0.00,RNX2SNX,ITRF00
VCIO,1,1,2,2,-826818.1876,-5095172.2649,3734993.1664,36.0717076,-99.2173161,623.897,0.00,REFERENCE,ITRF2014_0
VEN1,1,1,2,2,4379846.4855,959292.3474,4521100.4141,45.4305709,12.3540792,60.422,0.00,REFERENCE,ITRF2014_0
VENE,1,1,60,60,4379724.8532,957495.7950,4521605.2059,45.4369815,12.3319831,67.183,0.27,RNX2SNX,IGS97|ITRF00|ITRF2005|ITRF2014_0|ITRF97
VESL,1,1,767,767,2009329.9868,-99741.4890,-6033158.3651,-71.6737944,-2.8417828,862.359,0.30,RNX2SNX,IGS00|IGS08|IGS14|IGS14_0|IGS20|IGS20_0|IGS97|IGb08|ITRF00|ITRF2005|ITRF2014_0|ITRF97
VICT,1,1,619,619,-3511621.9506,5145120.7517,1365704.4641,12.4466287,124.3141218,66.116,0.10,RNX2SNX,IGS14|IGS20
VIGN,1,15,1459,1459,-3076592.8376,5247404.5474,1912072.8106,17.5604143,120.3834174,55.529,7.31,RNX2SNX,IGS14|IGS20|ITRF2005
VIGN,2,15,4,4,-3085978.9419,5243543.3546,1943952.2218,17.8306756,120.4780585,11102.928,277.62,GPSEST,ITRF2005
VIGN,3,15,2,2,-3082535.0105,5247498.1657,1918214.5342,17.6048682,120.4312310,4854.885,0.00,GPSEST,ITRF2005
VIGN,4,15,2,2,-3088386.7745,5248880.5717,1922257.8060,17.6282913,120.4721131,10041.046,0.00,GPSEST,ITRF2005
VIGN,5,15,2,2,-3089757.5770,5247421.3966,1914123.3612,17.5598590,120.4901918,7046.368,0.00,GPSEST,ITRF2005
VIGN,6,15,2,2,-3099193.4798,5247139.6136,1910439.4336,17.5157908,120.5679837,10275.246,0.00,GPSEST,ITRF2005
VIGN,7,15,2,2,-3081797.3674,5246198.3040,1927235.1070,17.6865595,120.4314416,6165.198,0.00,GPSEST,ITRF2005
VIGN,8,15,2,2,-3076150.6889,5248635.3333,1931617.0968,17.7263126,120.3739623,6778.011,0.00,GPSEST,ITRF2005
VIGN,9,15,2,2,-3083102.8330,5251606.6342,1933265.5578,17.7237779,120.4162586,13071.661,0.00,GPSEST,ITRF2005
VIGN,10,15,2,2,-3085365.9416,5244581.4648,1936338.2046,17.7636691,120.4681260,9331.616,0.00,GPSEST,ITRF2005
VIGN,11,15,2,2,-3071121.7885,5243979.1278,1945912.5610,17.8672791,120.3552542,4901.596,0.00,GPSEST,ITRF2005
VIGN,12,15,2,2,-3084780.0397,5243498.6589,1936132.0171,17.7652845,120.4685409,8097.004,0.00,GPSEST,ITRF2005
VIGN,13,15,2,2,-3081049.4842,5246730.2777,1921677.6925,17.6385348,120.4228319,4555.200,0.00,GPSEST,ITRF2005
VIGN,14,15,2,2,-3085670.0556,5247568.1236,1928537.0314,17.6891347,120.4563395,9555.396,0.00,GPSEST,ITRF2005
VIGN,15,15,2,2,-3079606.9924,5245887.7278,1920232.5866,17.6300841,120.4151345,2728.950,0.00,GPSEST,ITRF2005
VIGO,1,1,2,2,4677480.8459,-725204.7177,4260827.4748,42.1839809,-8.8130678,87.771,0.00,REFERENCE,ITRF2014_0
VIKH,1,1,2,2,2587868.6690,-5499033.7894,1928483.5271,17.7161830,-64.7981252,-6.387,0.00,REFERENCE,ITRF2014_0
VIL0,1,1,11,11,2620258.6634,779138.0869,5743799.4081,64.6978469,16.5599296,449.974,0.24,REFERENCE,IGS00|IGS97|ITRF2014_0|ITRF97
VILA,1,1,2,2,-5951373.4263,1230358.9489,-1929859.7983,-17.7288894,168.3194911,114.131,0.00,REFERENCE,ITRF2014_0
VILL,1,1,78,78,4849833.7545,-335049.1288,4116014.8809,40.4435926,-3.9519804,647.361,0.58,RNX2SNX,IGS00|IGS08|IGS20|IGS20_0|IGS97|IGb08|ITRF00|ITRF2005|ITRF2014_0|ITRF97
VIMS,1,1,2,2,1250692.5270,-4902017.1560,3871080.2749,37.6083541,-75.6870060,-29.124,0.00,REFERENCE,ITRF2014_0
VIRA,1,1,3,3,-3497968.8200,5120787.0200,1486385.2600,13.5660313,124.3366717,144.604,104.01,RNXHDR,
VIS0,1,1,275,275,3246469.9358,1077900.8120,5365278.3005,57.6538725,18.3673236,79.881,0.70,RNX2SNX,IGS20|IGS20_0|IGS97|ITRF2014_0|ITRF97
VITH,1,1,2,2,2562351.0957,-5487279.8023,1994491.2960,18.3433313,-64.9692133,4.419,0.00,REFERENCE,ITRF2014_0
VLAD,1,1,198,198,-3111691.5977,3464879.7803,4343567.5184,43.1973157,131.9259406,87.265,0.13,OTHER,WGS-84
VLIS,1,1,2,2,3975804.8984,249950.3809,4964446.3520,51.4428787,3.5973292,54.416,0.00,REFERENCE,ITRF2014_0
VMAN,1,1,580,580,-3443620.1810,5168619.7777,1450377.6902,13.2300591,123.6737460,806.578,1.72,GPSEST,ITRF2005
VMRH,1,1,516,516,-3442685.7479,5167712.8253,1456102.4088,13.2830568,123.6712106,880.366,1.42,GPSEST,ITRF2005
VMSM,1,1,522,522,-3448200.5769,5164517.4101,1452647.3181,13.2518306,123.7299032,478.213,4.37,GPSEST,ITRF2005
VNAD,1,1,2,2,1163305.8283,-2412230.4279,-5769267.1707,-65.2460052,-64.2541624,20.997,0.00,REFERENCE,ITRF2014_0
VNDP,1,1,758,758,-2678090.7527,-4525436.6920,3597432.1055,34.5563152,-120.6164589,-11.526,1.23,RNX2SNX,IGS08|IGS14|IGS14_0|IGS20|IGS20_0|IGb08|ITRF00|ITRF2005|ITRF2014_0
VNHS,1,1,619,619,-3177151.8292,5290882.8903,1605114.8943,14.6727472,120.9846307,67.508,0.77,RNX2SNX,IGS14|IGS20
VOIL,1,1,2,2,1838472.8991,-5763685.4651,2014028.6118,18.5286778,-72.3086053,240.572,0.00,REFERENCE,ITRF2014_0
VOIM,1,1,268,268,4054014.0386,4316070.4331,-2365223.8596,-21.9062996,46.7932701,1163.389,0.24,RNX2SNX,IGS20|IGS20_0
VR01,1,1,53,53,-2956100.5760,5018816.0650,2590149.6480,24.1171685,120.4982369,39.438,0.00,RNX2SNX,ITRF00|ITRF2005
VR02,1,1,53,53,-2950116.9890,5033689.1590,2568172.6750,23.8999411,120.3734811,42.820,0.00,RNX2SNX,ITRF00|ITRF2005
VR03,1,1,53,53,-2969200.1000,5024342.6000,2564590.5720,23.8644327,120.5815122,77.371,0.00,RNX2SNX,ITRF00|ITRF2005
VRAC,1,1,619,619,-3488311.1927,5126845.6881,1487855.5148,13.5798699,124.2314121,67.675,0.10,RNX2SNX,IGS14|IGS20
VRC1,1,1,71,71,-3497936.9273,5120717.4626,1486361.5038,13.5659825,124.3367909,65.710,132.34,GPSEST,ITRF2005
VRC2,1,1,228,228,-3497917.4448,5120732.2760,1486355.7413,13.5659292,124.3365650,65.567,79.90,GPSEST,ITRF2005|WGS-84
VRC3,1,1,54,54,-3497916.5805,5120733.0376,1486354.6513,13.5659193,124.3365545,65.449,64.50,GPSEST,ITRF2005|WGS-84
VRC4,1,1,52,52,-3497934.8136,5120709.7327,1486418.3906,13.5664984,124.3368150,71.691,6.78,GPSEST,ITRF2005
VS0G,1,1,2,2,3246470.1721,1077900.5829,5365278.1458,57.6538706,18.3673187,79.832,0.00,REFERENCE,ITRF2014_0
VTBM,1,1,627,627,-3186331.5780,5307468.9291,1530996.2611,13.9813197,120.9784408,82.324,2.91,GPSEST,ITRF2005
VTCT,1,1,662,662,-3189177.6520,5305219.3724,1532776.2758,13.9979419,121.0117445,63.642,6.20,GPSEST,ITRF2005
VTDK,1,1,680,680,-3188032.0505,5305513.2630,1534943.9035,14.0176906,121.0012542,260.141,0.81,GPSEST,ITRF2005
VTIS,1,1,2,2,-2517409.2744,-4676543.9767,3520010.3492,33.7126402,-118.2938238,59.504,0.00,REFERENCE,ITRF2014_0
VTSP,1,1,2,2,1400224.0513,-4434888.8078,4350424.8260,43.2814655,-72.4775701,155.265,0.00,REFERENCE,ITRF2014_0
WAB1,1,1,8,8,4327307.9556,566979.4489,4636431.3592,46.9238291,7.4645776,610.307,29.67,REFERENCE,IGS00|IGS97
WAB2,1,1,10,10,4327318.3250,566955.8288,4636425.8268,46.9237477,7.4642525,611.192,53.48,REFERENCE,IGS00|IGS97|ITRF2014_0
WAB3,1,1,8,8,4327299.9106,567006.8739,4636434.5892,46.9238779,7.4649483,609.652,0.04,REFERENCE,IGS00|IGS97
WABA,1,1,8,8,4327298.5707,567004.6139,4636435.8392,46.9238963,7.4649212,609.457,0.04,REFERENCE,IGS00|IGS97
WABB,1,1,9,9,4327298.4026,567007.2148,4636435.8943,46.9238955,7.4649553,609.614,0.05,REFERENCE,IGS00|IGS97|ITRF97
WANL,1,1,53,53,-3029973.7295,4917924.4514,2696227.1750,25.1694004,121.6375644,370.157,0.00,RNX2SNX,ITRF00|ITRF2005
WARE,1,1,5,5,4031947.3298,370150.8844,4911905.8837,50.6898733,5.2453071,187.871,0.02,REFERENCE,IGS97|ITRF97
WARK,1,1,2,2,-5115333.2400,477886.8996,-3767147.4392,-36.4344105,174.6627800,111.277,0.00,REFERENCE,ITRF2014_0
WARN,1,1,270,270,3658785.4805,784471.1945,5147870.7766,54.1697911,12.1014306,50.743,0.37,RNX2SNX,IGS20|IGS20_0|ITRF2014_0
WARO,1,1,53,53,-3045513.7410,4981347.2430,2559335.2150,23.8120281,121.4409293,210.326,0.00,RNX2SNX,ITRF00|ITRF2005
WATR,1,1,53,53,-3048677.5565,5005009.4652,2509186.7124,23.3181420,121.3466486,185.922,0.00,RNX2SNX,ITRF00|ITRF2005
WDC1,1,1,2,2,1112167.3627,-4842857.9060,3985484.1043,38.9204508,-77.0662262,54.146,0.00,REFERENCE,ITRF2014_0
WDC2,1,1,2,2,1112167.3627,-4842857.9060,3985484.1043,38.9204508,-77.0662262,54.146,0.00,REFERENCE,ITRF2014_0
WDC3,1,1,2,2,1112160.1638,-4842854.1989,3985496.3524,38.9205662,-77.0662976,57.777,0.00,REFERENCE,ITRF2014_0
WDC4,1,1,2,2,1112160.1634,-4842854.1986,3985496.3519,38.9205662,-77.0662976,57.776,0.00,REFERENCE,ITRF2014_0
WEL1,1,1,2,2,-4780787.1770,436877.4037,-4185258.6431,-41.2726457,174.7787045,46.800,0.00,REFERENCE,ITRF2014_0
WEL2,1,1,2,2,-4780787.1771,436877.4039,-4185258.6432,-41.2726457,174.7787045,46.800,0.00,REFERENCE,ITRF2014_0
WES2,1,1,705,697,1492232.9318,-4458089.5121,4296046.1190,42.6133367,-71.4933307,85.013,0.47,RNX2SNX,IGS00|IGS08|IGS14|IGS14_0|IGS20|IGS97|IGb08|ITRF00|ITRF2005|ITRF2014_0|ITRF97
WETT,1,1,22,9,4075578.5299,931785.5072,4801570.0725,49.1443268,12.8780036,656.246,67.22,REFERENCE,IGS00|IGS97|ITRF97
WEYB,1,1,2,2,3850873.2504,75980.4685,5066907.8109,52.9448661,1.1303398,74.144,0.00,REFERENCE,ITRF2014_0
WGTN,1,1,270,270,-4777269.9763,434270.7005,-4189483.8270,-41.3234484,174.8058871,26.046,0.70,RNX2SNX,IGS20|IGS20_0|ITRF2014_0
WGTT,1,1,2,2,-4779508.1429,436517.5834,-4186740.8926,-41.2904364,174.7815927,42.950,0.00,REFERENCE,ITRF2014_0
WHC1,1,1,2,2,-2488199.3776,-4673487.1092,3544649.2801,33.9798851,-118.0311700,94.246,0.00,REFERENCE,ITRF2014_0
WHES,1,1,53,53,-2969666.3789,5072276.7948,2468504.5407,22.9191819,120.3476970,67.429,0.00,RNX2SNX,ITRF00|ITRF2005
WHIT,1,1,767,767,-2218338.2960,-2201205.1314,5543057.4340,60.7505093,-135.2221164,1427.426,0.50,RNX2SNX,IGS00|IGS08|IGS14|IGS14_0|IGS20|IGS20_0|IGS97|IGb08|ITRF00|ITRF2005|ITRF2014_0|ITRF97
WHN0,1,1,2,2,-1016195.5136,490807.9465,-6258686.6004,-79.8456985,154.2201197,2192.649,0.00,REFERENCE,ITRF2014_0
WIAN,1,1,53,53,-2878629.3057,5091941.1061,2534471.8440,23.5675364,119.4807977,45.312,0.00,RNX2SNX,ITRF00|ITRF2005
WIDC,1,1,2,2,-2354850.2602,-4745523.9403,3540693.1127,33.9347575,-116.3917824,445.033,0.00,REFERENCE,ITRF2014_0
WILL,1,1,767,767,-2084258.5026,-3313873.0103,5019852.9263,52.2368657,-122.1678163,1095.710,0.53,RNX2SNX,IGS00|IGS08|IGS14|IGS14_0|IGS20|IGS20_0|IGS97|IGb08|ITRF00|ITRF2005|ITRF2014_0|ITRF97
WIND,1,1,705,705,5633708.8146,1732018.1457,-2433985.4078,-22.5749166,17.0894358,1734.676,0.57,RNX2SNX,IGS08|IGS14|IGS14_0|IGS20|IGS20_0|IGb08|ITRF2014_0
WINT,1,1,2,2,-2689810.1418,-4281187.8289,3874973.5101,37.6526437,-122.1405691,-28.788,0.00,REFERENCE,ITRF2014_0
WIPN,1,1,53,53,-2991960.9727,4967951.4874,2646455.7070,24.6746456,121.0585564,209.204,0.00,RNX2SNX,ITRF00|ITRF2005
WIS1,1,1,2,2,-154082.6110,-4379009.1208,4619457.4664,46.7050559,-92.0152145,159.225,0.00,REFERENCE,ITRF2014_0
WLAD,1,1,2,2,3496344.6588,1164350.2756,5188401.8947,54.7967600,18.4187542,34.740,0.00,REFERENCE,ITRF2014_0
WLPS,1,1,2,2,1263659.9969,-4875636.5303,3899914.5305,37.9368788,-75.4698826,-9.930,0.00,REFERENCE,ITRF2014_0
WNFL,1,1,2,2,-263063.8568,-5413758.6431,3350797.6540,31.8972281,-92.7819125,68.027,0.00,REFERENCE,ITRF2014_0
WNHE,1,1,53,53,-2969666.3789,5072276.7948,2468504.5407,22.9191819,120.3476970,67.429,0.00,RNX2SNX,ITRF00|ITRF2005
WOOL,1,1,2,2,-5046788.7821,2567555.1237,-2926033.9963,-27.4849613,153.0352717,90.953,0.00,REFERENCE,ITRF2014_0
WRHS,1,1,2,2,-2521083.1934,-4657280.7040,3542601.7488,33.9581522,-118.4276077,7.866,0.00,REFERENCE,ITRF2014_0
WROC,1,1,64,64,3835751.3736,1177249.8734,4941605.1815,51.1132603,17.0620387,180.790,0.25,RNX2SNX,IGS00|IGS97|ITRF00|ITRF2005|ITRF2014_0|ITRF97
WS01,1,1,53,53,-2999392.7500,5055541.5400,2467621.1000,22.9094577,120.6801527,346.097,0.00,RNX2SNX,ITRF00|ITRF2005
WS02,1,1,53,53,-2999375.2200,5055546.9400,2467663.7700,22.9098277,120.6799789,358.746,0.00,RNX2SNX,ITRF00|ITRF2005
WS03,1,1,53,53,-2999341.6600,5055564.9000,2467663.5900,22.9098321,120.6796083,357.131,0.00,RNX2SNX,ITRF00|ITRF2005
WS04,1,1,53,53,-2999311.8900,5055603.0600,2467625.0700,22.9094498,120.6791689,358.375,0.00,RNX2SNX,ITRF00|ITRF2005
WSBC,1,1,5,5,-3566563.8375,5125299.5598,1296595.4179,11.8076353,124.8330617,73.008,6.35,GPSEST,ITRF2005
WSLR,1,1,2,2,-2227013.7886,-3439649.1212,4872522.1572,50.1265388,-122.9211905,909.269,0.00,REFERENCE,ITRF2014_0
WSMN,1,1,2,2,-1517577.8972,-5173006.2489,3399278.6464,32.4071362,-106.3498311,1204.061,0.00,REFERENCE,ITRF2014_0
WSRT,1,1,772,772,3828735.5560,443305.2839,5064884.9158,52.9146141,6.6045108,82.282,0.70,RNX2SNX,IGS00|IGS08|IGS14|IGS14_0|IGS20|IGS20_0|IGS97|IGb08|ITRF00|ITRF2005|ITRF2014_0|ITRF97
WTZ2,1,1,2,2,4075535.1020,931822.4123,4801609.0583,49.1447880,12.8786293,663.420,0.00,REFERENCE,ITRF2014_0
WTZ3,1,1,2,2,4075535.1020,931822.4123,4801609.0583,49.1447880,12.8786293,663.420,0.00,REFERENCE,ITRF2014_0
WTZA,1,1,6,6,4075578.4425,931852.7117,4801569.9683,49.1442249,12.8789017,665.910,0.26,REFERENCE,IGS00|ITRF2014_0
WTZG,1,1,2,2,4075579.8035,931855.4522,4801568.3070,49.1442019,12.8789342,665.921,0.00,REFERENCE,ITRF2014_0
WTZJ,1,1,6,6,4075579.9041,931855.3496,4801568.2341,49.1442010,12.8789325,665.915,0.16,REFERENCE,IGS00|ITRF2014_0
WTZR,1,1,776,776,4075580.2172,931854.1468,4801568.3292,49.1442013,12.8789155,666.011,0.74,RNX2SNX,IGS00|IGS08|IGS14|IGS14_0|IGS20|IGS20_0|IGS97|IGb08|ITRF00|ITRF2005|ITRF2014_0|ITRF97
WTZS,1,1,2,2,4075535.1020,931822.4123,4801609.0583,49.1447880,12.8786293,663.420,0.00,REFERENCE,ITRF2014_0
WTZT,1,1,2,2,4075577.3966,931855.5027,4801570.3360,49.1442297,12.8789422,665.928,0.00,REFERENCE,ITRF2014_0
WTZZ,1,1,68,68,4075579.5057,931853.0257,4801568.9814,49.1442115,12.8789027,665.887,0.59,RNX2SNX,IGS00|IGS20|IGS20_0|IGS97|IGb08|ITRF00|ITRF2005|ITRF2014_0
WUFN,1,1,48,48,-2975451.2015,5011352.5101,2582656.5423,24.0427853,120.6993899,109.710,0.04,OTHER,WGS-84
WUHAN,1,1,336,336,-2267750.0071,5009156.1439,3221291.9364,30.5316535,114.3572597,28.150,5.79,GPSEST,ITRF2005
WUHL,1,1,4,4,-2279714.4458,5004767.4339,3219793.9005,30.5156565,114.4896715,86.552,0.00,REFERENCE,IGS00
WUHM,1,1,1,1,-2267750.2573,5009156.8294,3221291.4537,30.5316464,114.3572591,28.532,0.00,RNXHDR,
WUHN,1,9,6694,6694,-2267749.5718,5009154.2546,3221290.6417,30.5316522,114.3572637,25.855,85.02,RNX2SNX,IGS00|IGS08|IGS14|IGS14_0|IGS20|IGS20_0|IGS97|IGb08|ITRF00|ITRF2005|ITRF2014_0|ITRF97|WGS-84
WUHN,2,9,4,4,-2279714.2521,5004767.4831,3219793.9758,30.5156572,114.4896694,86.560,0.00,REFERENCE,IGS97
WUHN,3,9,2,2,-2273121.2264,5009124.4627,3226707.1965,30.5636754,114.4083625,4665.278,0.00,GPSEST,ITRF2005
WUHN,4,9,2,2,-2280065.1186,5011946.4340,3231489.2841,30.5758359,114.4620259,11782.699,0.00,GPSEST,ITRF2005
WUHN,5,9,2,2,-2280570.1975,5008573.9439,3222831.5776,30.5217659,114.4813515,4918.947,0.00,GPSEST,ITRF2005
WUHN,6,9,2,2,-2302710.8079,5010663.1237,3226531.0310,30.4996727,114.6817182,16368.869,0.00,GPSEST,ITRF2005
WUHN,7,9,2,2,-2271467.2505,5007786.9566,3230266.3442,30.6000126,114.3984281,4839.169,0.00,GPSEST,ITRF2005
WUHN,8,9,2,2,-2277570.4377,5010496.3706,3237952.7105,30.6367005,114.4446380,13048.549,0.00,GPSEST,ITRF2005
WUHN,9,9,2,2,-2270186.4264,5007526.8556,3229200.2177,30.5952544,114.3873922,3637.286,0.00,GPSEST,ITRF2005
WUHU,1,1,53,53,-2970996.1528,4988615.4687,2631055.8008,24.5220964,120.7761355,123.736,0.00,RNX2SNX,ITRF00|ITRF2005
WUJN,1,1,53,53,-3047502.4068,5007753.6580,2505194.2980,23.2788448,121.3228865,198.350,0.00,RNX2SNX,ITRF00|ITRF2005
WUKU,1,1,53,53,-3010824.0992,4932392.7832,2690940.8364,25.1172945,121.4006659,226.658,0.00,RNX2SNX,ITRF00|ITRF2005
WULI,1,1,53,53,-3022048.0560,4968742.8880,2614618.3070,24.3522833,121.3084605,1790.034,0.00,RNX2SNX,ITRF00|ITRF2005
WULU,1,1,53,53,-3025684.0784,5027337.3332,2494329.1617,23.1692640,121.0414739,929.358,0.00,RNX2SNX,ITRF00|ITRF2005
WUST,1,1,53,53,-2965214.7500,5060525.7480,2497661.4530,23.2052425,120.3681675,89.602,0.00,RNX2SNX,ITRF00|ITRF2005
XCTY,1,1,2,2,665804.9071,-5508488.6749,3134878.0821,29.6310094,-83.1081547,-15.290,0.00,REFERENCE,ITRF2014_0
XIAN,1,1,64,64,-1735212.5997,4976840.0865,3580538.3342,34.3686719,109.2214921,463.984,0.34,RNX2SNX,IGS00|IGS97|ITRF00|ITRF2005|ITRF2014_0|ITRF97
XMIS,1,1,700,700,-1696344.9859,6039589.9800,-1149274.7922,-10.4499565,105.6885064,261.495,1.06,RNX2SNX,IGS14|IGS14_0|IGS20|IGS20_0|ITRF2014_0
YAKA,1,1,53,53,-1915023.2920,2308213.2037,5610224.9777,62.0310070,129.6810063,99.942,0.00,RNX2SNX,ITRF00|ITRF2005
YAKT,1,1,761,761,-1914999.3851,2308241.4332,5610225.4497,62.0309577,129.6803104,103.389,0.60,RNX2SNX,IGS00|IGS14|IGS14_0|IGS20|IGS20_0|IGS97|ITRF00|ITRF2005|ITRF2014_0
YAKZ,1,1,62,62,-1915023.2920,2308213.2037,5610224.9777,62.0310070,129.6810063,99.942,0.14,RNX2SNX,IGS00|IGS97|ITRF00|ITRF2005|ITRF97
YAR1,1,1,781,772,-2389026.8767,5043317.1002,-3078529.2971,-29.0465441,115.3469850,241.282,2.00,RNX2SNX,IGS00|IGS08|IGS14|IGS14_0|IGS20|IGS20_0|IGS97|IGb08|ITRF00|ITRF2005|ITRF2014_0|ITRF97
YAR2,1,1,765,765,-2389026.8701,5043317.1020,-3078529.2863,-29.0465441,115.3469850,241.276,1.78,RNX2SNX,IGS00|IGS14|IGS14_0|IGS20|IGS20_0|IGb08|ITRF00|ITRF2005|ITRF2014_0
YAR3,1,1,2,2,-2389043.3013,5043313.4981,-3078524.8980,-29.0464929,115.3471533,242.448,0.00,REFERENCE,ITRF2014_0
YARR,1,1,77,69,-2389024.6352,5043315.3730,-3078533.9978,-29.0465923,115.3469718,241.361,24.33,RNX2SNX,IGS00|IGS08|IGS97|IGb08|ITRF00|ITRF2005|ITRF2014_0|ITRF97
YCBA,1,1,2,2,2623233.4112,-5303044.7941,-2376416.0130,-22.0171030,-63.6799847,659.677,0.00,REFERENCE,ITRF2014_0
YEBE,1,1,758,758,4848724.5089,-261631.8150,4123094.4035,40.5249036,-3.0886217,972.756,0.63,RNX2SNX,IGS08|IGS14|IGS14_0|IGS20|IGS20_0|IGb08|ITRF00|ITRF2005|ITRF2014_0
YEL2,1,1,2,2,-1224441.9428,-2689174.6377,5633660.3646,62.4813213,-114.4808458,180.985,0.00,REFERENCE,ITRF2014_0
YELL,1,1,781,772,-1224453.0894,-2689216.2363,5633638.2903,62.4808918,-114.4807083,181.035,0.61,RNX2SNX,IGS00|IGS08|IGS14|IGS14_0|IGS20|IGS20_0|IGS97|IGb08|ITRF00|ITRF2005|ITRF2014_0|ITRF97
YIBL,1,1,762,762,3294552.0341,4905092.5990,2393580.2812,22.1864652,56.1123414,95.090,1.19,RNX2SNX,IGS00|IGS08|IGS14|IGS14_0|IGS20|IGS20_0|IGb08|ITRF00|ITRF2005|ITRF2014_0
YILN,1,1,53,53,-3049510.5820,4928790.2560,2653583.4280,24.7460809,121.7456508,64.071,0.00,RNX2SNX,ITRF00|ITRF2005
YKRO,1,1,10,10,6306439.9849,-578380.9832,757956.3260,6.8705588,-5.2400947,270.270,0.29,REFERENCE,IGS00|IGS97|ITRF2014_0
YMSM,1,1,289,289,-3024807.6104,4921747.1396,2696033.6416,25.1657147,121.5740543,784.070,2.06,RNX2SNX,ITRF00|ITRF2005|WGS-84
YNLI,1,1,53,53,-2962125.5625,4997786.1408,2623521.8234,24.4476496,120.6546939,52.993,0.00,RNX2SNX,ITRF00|ITRF2005
YRCM,1,1,2,2,4487075.8842,3133519.9214,3265358.0836,30.9915701,34.9282693,516.068,0.00,REFERENCE,ITRF2014_0
YSSK,1,1,761,761,-3465321.2725,2638269.2646,4644085.2549,47.0297327,142.7167238,91.303,0.56,RNX2SNX,IGS00|IGS14|IGS14_0|IGS20|IGS20_0|IGS97|ITRF00|ITRF2005|ITRF2014_0
YUL1,1,1,53,53,-3044551.8614,5007366.5026,2509520.5265,23.3213793,121.3002114,197.466,0.00,RNX2SNX,ITRF00|ITRF2005
YULJ,1,1,53,53,-3045276.1468,5006139.0398,2511001.2307,23.3360601,121.3124982,166.406,0.00,RNX2SNX,ITRF00|ITRF2005
YUSN,1,1,96,96,-3012672.6359,5022037.5593,2527852.8335,23.4873044,120.9591433,3879.680,0.15,RNX2SNX,ITRF00|ITRF2005|WGS-84
Z12T,1,1,1,1,-2994433.0329,4951319.2402,2674503.2118,24.9535753,121.1644910,214.245,0.00,RNXHDR,
ZAMB,1,1,762,762,5415352.9062,2917210.3033,-1685888.5063,-15.4255375,28.3110160,1324.908,0.71,RNX2SNX,IGS00|IGS08|IGS14|IGS14_0|IGS20|IGS20_0|IGb08|ITRF00|ITRF2005|ITRF2014_0
ZBS1,1,1,75,75,-3070782.1252,5328951.8080,1683818.2758,15.4092089,119.9524842,90.188,10.20,GPSEST,ITRF2005
ZBS3,1,1,81,81,-3062287.5466,5320172.8639,1726061.0928,15.8056872,119.9246987,45.340,9.11,GPSEST,ITRF2005
ZECK,1,1,775,767,3451174.2541,3060335.7281,4391955.8312,43.7883950,41.5650727,1166.303,0.80,RNX2SNX,IGS00|IGS08|IGS14|IGS14_0|IGS20|IGS20_0|IGS97|IGb08|ITRF00|ITRF2005|ITRF2014_0|ITRF97
ZEEB,1,1,2,2,3986703.5179,223465.5479,4957020.9395,51.3358602,3.2082267,60.246,0.00,REFERENCE,ITRF2014_0
ZHN1,1,1,2,2,-5508636.6839,-2234493.3194,2303721.9523,21.3129895,-157.9208259,24.226,0.00,REFERENCE,ITRF2014_0
ZIM2,1,1,701,701,4331299.5921,567537.6894,4633133.9528,46.8770967,7.4650359,956.443,0.51,RNX2SNX,IGS14|IGS14_0|IGS20|IGS20_0|IGb08|ITRF2014_0
ZIM3,1,1,625,625,4331299.5907,567537.6896,4633133.9528,46.8770967,7.4650359,956.442,0.40,RNX2SNX,IGS14|IGS14_0|IGS20|ITRF2014_0
ZIMG,1,1,9,9,4331297.1891,567555.7387,4633133.8379,46.8770962,7.4652748,956.334,0.05,REFERENCE,IGS00|IGS97|ITRF97
ZIMJ,1,1,77,69,4331293.9997,567542.0451,4633135.6625,46.8771399,7.4651021,954.288,0.26,RNX2SNX,IGS00|IGS08|IGS97|IGb08|ITRF00|ITRF2005|ITRF2014_0|ITRF97
ZIMM,1,1,776,767,4331296.7845,567556.2459,4633134.1728,46.8771005,7.4652820,956.349,15.87,RNX2SNX,IGS00|IGS08|IGS14|IGS14_0|IGS20|IGS20_0|IGS97|IGb08|ITRF00|ITRF2005|ITRF2014_0|ITRF97
ZIMZ,1,1,61,61,4331292.7669,567545.2560,4633135.8861,46.8771465,7.4651460,953.901,0.05,RNX2SNX,IGS00|IGS97|ITRF00|ITRF2005
ZMPS,1,1,11,11,-3362375.4611,5365389.4805,764690.0796,6.9320978,122.0744971,80.997,13.22,GPSEST,ITRF2005
ZOSI,1,1,53,53,-3044264.3638,5006296.7143,2512012.1174,23.3458395,121.3032440,207.879,0.00,RNX2SNX,ITRF00|ITRF2005
ZSU1,1,1,2,2,2462589.1868,-5529371.1543,2003724.4638,18.4313385,-65.9934752,-29.036,0.00,REFERENCE,ITRF2014_0
ZWE2,1,1,6,6,2886335.8569,2155987.5701,5245818.7944,55.6992826,36.7583894,208.195,0.14,REFERENCE,IGS00|ITRF2014_0
ZWEN,1,1,69,69,2886325.4791,2155998.4420,5245816.1527,55.6992826,36.7586267,204.994,0.26,RNX2SNX,IGS00|IGS97|ITRF00|ITRF2005|ITRF2014_0|ITRF97
