path,ext,size,outcome,detail
/srv/gnss-archive/legacy/RECOVERED_SEAGATE_W2A0W9T2_DATA0/RAW/2012/AURA/AURA201203070000A.T02,.t02,1224353,ok,
/srv/gnss-archive/legacy/RECOVERED_SEAGATE_W2A0W9T2_DATA0/RAW/2012/AURA/AURA201202150000A.T02,.t02,964911,ok,
/srv/gnss-archive/legacy/RECOVERED_SEAGATE_W2A0W9T2_DATA0/RAW/2012/AURA/AURA201203060000A.dat,.dat,2348122,ok,
/srv/gnss-archive/legacy/RECOVERED_SEAGATE_W2A0W9T2_DATA0/RAW/2012/AURA/AURA201202150000A.dat,.dat,1847384,ok,
/srv/gnss-archive/legacy/RECOVERED_SEAGATE_W2A0W9T2_DATA0/RAW/2012/AURA/AURA201203070000A.dat,.dat,2348222,ok,
/srv/gnss-archive/legacy/RECOVERED_SEAGATE_W2A0W9T2_DATA0/RAW/2012/AURA/AURA201202160000A.T02,.t02,1193227,ok,
/srv/gnss-archive/legacy/RECOVERED_SEAGATE_W2A0W9T2_DATA0/RAW/2012/AURA/AURA201203080000A.T02,.t02,1280000,ok,
/srv/gnss-archive/legacy/RECOVERED_SEAGATE_W2A0W9T2_DATA0/RAW/2012/AURA/AURA201202160000A.dat,.dat,2290774,ok,
/srv/gnss-archive/legacy/RECOVERED_SEAGATE_W2A0W9T2_DATA0/RAW/2012/AURA/AURA201203100000A.dat,.dat,2348128,ok,
/srv/gnss-archive/legacy/RECOVERED_SEAGATE_W2A0W9T2_DATA0/RAW/2012/AURA/AURA201202170000A.T02,.t02,1192237,ok,
/srv/gnss-archive/legacy/RECOVERED_SEAGATE_W2A0W9T2_DATA0/RAW/2012/AURA/AURA201203110000A.T02,.t02,1252248,ok,
/srv/gnss-archive/legacy/RECOVERED_SEAGATE_W2A0W9T2_DATA0/RAW/2012/AURA/AURA201202170000A.dat,.dat,2290393,ok,
/srv/gnss-archive/legacy/RECOVERED_SEAGATE_W2A0W9T2_DATA0/RAW/2012/AURA/AURA201203110000A.dat,.dat,2347098,ok,
/srv/gnss-archive/legacy/RECOVERED_SEAGATE_W2A0W9T2_DATA0/RAW/2012/AURA/AURA201202180000A.T02,.t02,1194412,ok,
/srv/gnss-archive/legacy/RECOVERED_SEAGATE_W2A0W9T2_DATA0/RAW/2012/AURA/AURA201203120000A.T02,.t02,1259128,ok,
/srv/gnss-archive/legacy/RECOVERED_SEAGATE_W2A0W9T2_DATA0/RAW/2012/AURA/AURA201202180000A.dat,.dat,2290949,ok,
/srv/gnss-archive/legacy/RECOVERED_SEAGATE_W2A0W9T2_DATA0/RAW/2012/AURA/AURA201203120000A.dat,.dat,2343652,ok,
/srv/gnss-archive/legacy/RECOVERED_SEAGATE_W2A0W9T2_DATA0/RAW/2012/AURA/AURA201202190000A.T02,.t02,1192226,ok,
/srv/gnss-archive/legacy/RECOVERED_SEAGATE_W2A0W9T2_DATA0/RAW/2012/AURA/AURA201203130000A.T02,.t02,1224573,ok,
/srv/gnss-archive/legacy/RECOVERED_SEAGATE_W2A0W9T2_DATA0/RAW/2012/AURA/AURA201202190000A.dat,.dat,2289967,ok,
/srv/gnss-archive/legacy/RECOVERED_SEAGATE_W2A0W9T2_DATA0/RAW/2012/AURA/AURA201203130000A.dat,.dat,2347742,ok,
/srv/gnss-archive/legacy/RECOVERED_SEAGATE_W2A0W9T2_DATA0/RAW/2012/AURA/AURA201202200000A.T02,.t02,1195522,ok,
/srv/gnss-archive/legacy/RECOVERED_SEAGATE_W2A0W9T2_DATA0/RAW/2012/AURA/AURA201203140000A.T02,.t02,1229620,ok,
/srv/gnss-archive/legacy/RECOVERED_SEAGATE_W2A0W9T2_DATA0/RAW/2012/AURA/AURA201202200000A.dat,.dat,2290829,ok,
/srv/gnss-archive/legacy/RECOVERED_SEAGATE_W2A0W9T2_DATA0/RAW/2012/AURA/AURA201203140000A.dat,.dat,2349316,ok,
/srv/gnss-archive/legacy/RECOVERED_SEAGATE_W2A0W9T2_DATA0/RAW/2012/AURA/AURA201202210000A.T02,.t02,1192421,ok,
/srv/gnss-archive/legacy/RECOVERED_SEAGATE_W2A0W9T2_DATA0/RAW/2012/AURA/AURA201203150000A.T02,.t02,1250280,ok,
/srv/gnss-archive/legacy/RECOVERED_SEAGATE_W2A0W9T2_DATA0/RAW/2012/AURA/AURA201202210000A.dat,.dat,2291487,ok,
/srv/gnss-archive/legacy/RECOVERED_SEAGATE_W2A0W9T2_DATA0/RAW/2012/AURA/AURA201203150000A.dat,.dat,2348172,ok,
/srv/gnss-archive/legacy/RECOVERED_SEAGATE_W2A0W9T2_DATA0/RAW/2012/AURA/AURA201202220000A.T02,.t02,1181982,ok,
/srv/gnss-archive/legacy/RECOVERED_SEAGATE_W2A0W9T2_DATA0/RAW/2012/AURA/AURA201203160000A.T02,.t02,1209289,ok,
/srv/gnss-archive/legacy/RECOVERED_SEAGATE_W2A0W9T2_DATA0/RAW/2012/AURA/AURA201202220000A.dat,.dat,2244547,ok,
/srv/gnss-archive/legacy/RECOVERED_SEAGATE_W2A0W9T2_DATA0/RAW/2012/AURA/AURA201203160000A.dat,.dat,2348438,ok,
/srv/gnss-archive/legacy/RECOVERED_SEAGATE_W2A0W9T2_DATA0/RAW/2012/AURA/AURA201202230000A.T02,.t02,1211102,ok,
/srv/gnss-archive/legacy/RECOVERED_SEAGATE_W2A0W9T2_DATA0/RAW/2012/AURA/AURA201203170000A.T02,.t02,1205236,ok,
/srv/gnss-archive/legacy/RECOVERED_SEAGATE_W2A0W9T2_DATA0/RAW/2012/AURA/AURA201202230000A.dat,.dat,2288733,ok,
/srv/gnss-archive/legacy/RECOVERED_SEAGATE_W2A0W9T2_DATA0/RAW/2012/AURA/AURA201203170000A.dat,.dat,2347746,ok,
/srv/gnss-archive/legacy/RECOVERED_SEAGATE_W2A0W9T2_DATA0/RAW/2012/AURA/AURA201202240000A.T02,.t02,1209376,ok,
/srv/gnss-archive/legacy/RECOVERED_SEAGATE_W2A0W9T2_DATA0/RAW/2012/AURA/AURA201203180000A.T02,.t02,1208361,ok,
/srv/gnss-archive/legacy/RECOVERED_SEAGATE_W2A0W9T2_DATA0/RAW/2012/AURA/AURA201202240000A.dat,.dat,2337475,ok,
/srv/gnss-archive/legacy/RECOVERED_SEAGATE_W2A0W9T2_DATA0/RAW/2012/AURA/AURA201203180000A.dat,.dat,2347884,ok,
/srv/gnss-archive/legacy/RECOVERED_SEAGATE_W2A0W9T2_DATA0/RAW/2012/AURA/AURA201202250000A.T02,.t02,1209294,ok,
/srv/gnss-archive/legacy/RECOVERED_SEAGATE_W2A0W9T2_DATA0/RAW/2012/AURA/AURA201203190000A.T02,.t02,1219193,ok,
/srv/gnss-archive/legacy/RECOVERED_SEAGATE_W2A0W9T2_DATA0/RAW/2012/AURA/AURA201202250000A.dat,.dat,2349113,ok,
/srv/gnss-archive/legacy/RECOVERED_SEAGATE_W2A0W9T2_DATA0/RAW/2012/AURA/AURA201203190000A.dat,.dat,2345648,ok,
/srv/gnss-archive/legacy/RECOVERED_SEAGATE_W2A0W9T2_DATA0/RAW/2012/AURA/AURA201202260000A.T02,.t02,1209801,ok,
/srv/gnss-archive/legacy/RECOVERED_SEAGATE_W2A0W9T2_DATA0/RAW/2012/AURA/AURA201203200000A.T02,.t02,1201015,ok,
/srv/gnss-archive/legacy/RECOVERED_SEAGATE_W2A0W9T2_DATA0/RAW/2012/AURA/AURA201202260000A.dat,.dat,2348473,ok,
/srv/gnss-archive/legacy/RECOVERED_SEAGATE_W2A0W9T2_DATA0/RAW/2012/AURA/AURA201203200000A.dat,.dat,2345878,ok,
/srv/gnss-archive/legacy/RECOVERED_SEAGATE_W2A0W9T2_DATA0/RAW/2012/AURA/AURA201202270000A.T02,.t02,1204094,ok,
/srv/gnss-archive/legacy/RECOVERED_SEAGATE_W2A0W9T2_DATA0/RAW/2012/AURA/AURA201203210000A.T02,.t02,1202191,ok,
/srv/gnss-archive/legacy/RECOVERED_SEAGATE_W2A0W9T2_DATA0/RAW/2012/AURA/AURA201202270000A.dat,.dat,2347696,ok,
/srv/gnss-archive/legacy/RECOVERED_SEAGATE_W2A0W9T2_DATA0/RAW/2012/AURA/AURA201203210000A.dat,.dat,2347790,ok,
/srv/gnss-archive/legacy/RECOVERED_SEAGATE_W2A0W9T2_DATA0/RAW/2012/AURA/AURA201202280000A.T02,.t02,1197901,ok,
/srv/gnss-archive/legacy/RECOVERED_SEAGATE_W2A0W9T2_DATA0/RAW/2012/AURA/AURA201203220000A.T02,.t02,1212332,ok,
/srv/gnss-archive/legacy/RECOVERED_SEAGATE_W2A0W9T2_DATA0/RAW/2012/AURA/AURA201202280000A.dat,.dat,2293424,ok,
/srv/gnss-archive/legacy/RECOVERED_SEAGATE_W2A0W9T2_DATA0/RAW/2012/AURA/AURA201203220000A.dat,.dat,2348134,ok,
/srv/gnss-archive/legacy/RECOVERED_SEAGATE_W2A0W9T2_DATA0/RAW/2012/AURA/AURA201202290000A.T02,.t02,1207932,ok,
/srv/gnss-archive/legacy/RECOVERED_SEAGATE_W2A0W9T2_DATA0/RAW/2012/AURA/AURA201203230000A.T02,.t02,1209669,ok,
/srv/gnss-archive/legacy/RECOVERED_SEAGATE_W2A0W9T2_DATA0/RAW/2012/AURA/AURA201202290000A.dat,.dat,2332944,ok,
/srv/gnss-archive/legacy/RECOVERED_SEAGATE_W2A0W9T2_DATA0/RAW/2012/AURA/AURA201203230000A.dat,.dat,2348784,ok,
/srv/gnss-archive/legacy/RECOVERED_SEAGATE_W2A0W9T2_DATA0/RAW/2012/AURA/AURA201203010000A.T02,.t02,1247823,ok,
/srv/gnss-archive/legacy/RECOVERED_SEAGATE_W2A0W9T2_DATA0/RAW/2012/AURA/AURA201203240000A.T02,.t02,1208877,ok,
/srv/gnss-archive/legacy/RECOVERED_SEAGATE_W2A0W9T2_DATA0/RAW/2012/AURA/AURA201203010000A.dat,.dat,2298814,ok,
/srv/gnss-archive/legacy/RECOVERED_SEAGATE_W2A0W9T2_DATA0/RAW/2012/AURA/AURA201203240000A.dat,.dat,2347016,ok,
/srv/gnss-archive/legacy/RECOVERED_SEAGATE_W2A0W9T2_DATA0/RAW/2012/AURA/AURA201203020000A.T02,.t02,1225509,ok,
/srv/gnss-archive/legacy/RECOVERED_SEAGATE_W2A0W9T2_DATA0/RAW/2012/AURA/AURA201203250000A.T02,.t02,1208358,ok,
/srv/gnss-archive/legacy/RECOVERED_SEAGATE_W2A0W9T2_DATA0/RAW/2012/AURA/AURA201203020000A.dat,.dat,2330198,ok,
/srv/gnss-archive/legacy/RECOVERED_SEAGATE_W2A0W9T2_DATA0/RAW/2012/AURA/AURA201203250000A.dat,.dat,2347522,ok,
/srv/gnss-archive/legacy/RECOVERED_SEAGATE_W2A0W9T2_DATA0/RAW/2012/AURA/AURA201203030000A.T02,.t02,1204693,ok,
/srv/gnss-archive/legacy/RECOVERED_SEAGATE_W2A0W9T2_DATA0/RAW/2012/AURA/AURA201203260000A.T02,.t02,1214606,ok,
/srv/gnss-archive/legacy/RECOVERED_SEAGATE_W2A0W9T2_DATA0/RAW/2012/AURA/AURA201203030000A.dat,.dat,2346254,ok,
/srv/gnss-archive/legacy/RECOVERED_SEAGATE_W2A0W9T2_DATA0/RAW/2012/AURA/AURA201203260000A.dat,.dat,2345156,ok,
/srv/gnss-archive/legacy/RECOVERED_SEAGATE_W2A0W9T2_DATA0/RAW/2012/AURA/AURA201203040000A.T02,.t02,1234327,ok,
/srv/gnss-archive/legacy/RECOVERED_SEAGATE_W2A0W9T2_DATA0/RAW/2012/AURA/AURA201203270000A.T02,.t02,1214446,ok,
/srv/gnss-archive/legacy/RECOVERED_SEAGATE_W2A0W9T2_DATA0/RAW/2012/AURA/AURA201203040000A.dat,.dat,2346932,ok,
/srv/gnss-archive/legacy/RECOVERED_SEAGATE_W2A0W9T2_DATA0/RAW/2012/AURA/AURA201203270000A.dat,.dat,2344072,ok,
/srv/gnss-archive/legacy/RECOVERED_SEAGATE_W2A0W9T2_DATA0/RAW/2012/AURA/AURA201203050000A.T02,.t02,1258562,ok,
/srv/gnss-archive/legacy/RECOVERED_SEAGATE_W2A0W9T2_DATA0/RAW/2012/AURA/AURA201203280000A.T02,.t02,1200599,ok,
/srv/gnss-archive/legacy/RECOVERED_SEAGATE_W2A0W9T2_DATA0/RAW/2012/AURA/AURA201203050000A.dat,.dat,2346734,ok,
/srv/gnss-archive/legacy/RECOVERED_SEAGATE_W2A0W9T2_DATA0/RAW/2012/AURA/AURA201203280000A.dat,.dat,2348450,ok,
/srv/gnss-archive/legacy/RECOVERED_SEAGATE_W2A0W9T2_DATA0/RAW/2012/AURA/AURA201203060000A.T02,.t02,1232024,ok,
/srv/gnss-archive/legacy/RECOVERED_SEAGATE_W2A0W9T2_DATA0/RAW/2012/AURA/AURA201203080000A.dat,.dat,2347420,ok,
/srv/gnss-archive/legacy/RECOVERED_SEAGATE_W2A0W9T2_DATA0/RAW/2012/AURA/AURA201203290000A.T02,.t02,1214693,ok,
/srv/gnss-archive/legacy/RECOVERED_SEAGATE_W2A0W9T2_DATA0/RAW/2012/AURA/AURA201203090000A.T02,.t02,1240784,ok,
/srv/gnss-archive/legacy/RECOVERED_SEAGATE_W2A0W9T2_DATA0/RAW/2012/AURA/AURA201203290000A.dat,.dat,2344308,ok,
/srv/gnss-archive/legacy/RECOVERED_SEAGATE_W2A0W9T2_DATA0/RAW/2012/AURA/AURA201203090000A.dat,.dat,2348394,ok,
/srv/gnss-archive/legacy/RECOVERED_SEAGATE_W2A0W9T2_DATA0/RAW/2012/AURA/AURA201203300000A.T02,.t02,1216910,ok,
/srv/gnss-archive/legacy/RECOVERED_SEAGATE_W2A0W9T2_DATA0/RAW/2012/AURA/AURA201203100000A.T02,.t02,1217237,ok,
/srv/gnss-archive/legacy/RECOVERED_SEAGATE_W2A0W9T2_DATA0/RAW/2012/AURA/AURA201212190000A.dat,.dat,2345044,ok,
/srv/gnss-archive/legacy/RECOVERED_SEAGATE_W2A0W9T2_DATA0/RAW/2012/AURA/AURA201203300000A.dat,.dat,2345866,ok,
/srv/gnss-archive/legacy/RECOVERED_SEAGATE_W2A0W9T2_DATA0/RAW/2012/AURA/AURA201203310000A.T02,.t02,1210790,ok,
/srv/gnss-archive/legacy/RECOVERED_SEAGATE_W2A0W9T2_DATA0/RAW/2012/AURA/AURA201203310000A.dat,.dat,2346222,ok,
/srv/gnss-archive/legacy/RECOVERED_SEAGATE_W2A0W9T2_DATA0/RAW/2012/AURA/AURA201204010000A.T02,.t02,1199435,ok,
/srv/gnss-archive/legacy/RECOVERED_SEAGATE_W2A0W9T2_DATA0/RAW/2012/AURA/AURA201204010000A.dat,.dat,2348084,ok,
/srv/gnss-archive/legacy/RECOVERED_SEAGATE_W2A0W9T2_DATA0/RAW/2012/AURA/AURA201204020000A.T02,.t02,1200774,ok,
/srv/gnss-archive/legacy/RECOVERED_SEAGATE_W2A0W9T2_DATA0/RAW/2012/AURA/AURA201204020000A.dat,.dat,2347358,ok,
/srv/gnss-archive/legacy/RECOVERED_SEAGATE_W2A0W9T2_DATA0/RAW/2012/AURA/AURA201204030000A.T02,.t02,1193480,ok,
/srv/gnss-archive/legacy/RECOVERED_SEAGATE_W2A0W9T2_DATA0/RAW/2012/AURA/AURA201204030000A.dat,.dat,2347838,ok,
/srv/gnss-archive/legacy/RECOVERED_SEAGATE_W2A0W9T2_DATA0/RAW/2012/AURA/AURA201204040000A.T02,.t02,1217223,ok,
/srv/gnss-archive/legacy/RECOVERED_SEAGATE_W2A0W9T2_DATA0/RAW/2012/AURA/AURA201204040000A.dat,.dat,2345578,ok,
/srv/gnss-archive/legacy/RECOVERED_SEAGATE_W2A0W9T2_DATA0/RAW/2012/AURA/AURA201204050000A.T02,.t02,1202182,ok,
/srv/gnss-archive/legacy/RECOVERED_SEAGATE_W2A0W9T2_DATA0/RAW/2012/AURA/AURA201204050000A.dat,.dat,2348181,ok,
/srv/gnss-archive/legacy/RECOVERED_SEAGATE_W2A0W9T2_DATA0/RAW/2012/AURA/AURA201204060000A.T02,.t02,1215450,ok,
/srv/gnss-archive/legacy/RECOVERED_SEAGATE_W2A0W9T2_DATA0/RAW/2012/AURA/AURA201204060000A.dat,.dat,2346750,ok,
/srv/gnss-archive/legacy/RECOVERED_SEAGATE_W2A0W9T2_DATA0/RAW/2012/AURA/AURA201204070000A.T02,.t02,1227575,ok,
/srv/gnss-archive/legacy/RECOVERED_SEAGATE_W2A0W9T2_DATA0/RAW/2012/AURA/AURA201204070000A.dat,.dat,2341409,ok,
/srv/gnss-archive/legacy/RECOVERED_SEAGATE_W2A0W9T2_DATA0/RAW/2012/AURA/AURA201204080000A.T02,.t02,1201545,ok,
/srv/gnss-archive/legacy/RECOVERED_SEAGATE_W2A0W9T2_DATA0/RAW/2012/AURA/AURA201204080000A.dat,.dat,2348417,ok,
/srv/gnss-archive/legacy/RECOVERED_SEAGATE_W2A0W9T2_DATA0/RAW/2012/AURA/AURA201204090000A.T02,.t02,1218217,ok,
/srv/gnss-archive/legacy/RECOVERED_SEAGATE_W2A0W9T2_DATA0/RAW/2012/AURA/AURA201204090000A.dat,.dat,2345649,ok,
/srv/gnss-archive/legacy/RECOVERED_SEAGATE_W2A0W9T2_DATA0/RAW/2012/AURA/AURA201204100000A.T02,.t02,1208176,ok,
/srv/gnss-archive/legacy/RECOVERED_SEAGATE_W2A0W9T2_DATA0/RAW/2012/AURA/AURA201204100000A.dat,.dat,2346955,ok,
/srv/gnss-archive/legacy/RECOVERED_SEAGATE_W2A0W9T2_DATA0/RAW/2012/AURA/AURA201204110000A.T02,.t02,1210449,ok,
/srv/gnss-archive/legacy/RECOVERED_SEAGATE_W2A0W9T2_DATA0/RAW/2012/AURA/AURA201204110000A.dat,.dat,2346687,ok,
/srv/gnss-archive/legacy/RECOVERED_SEAGATE_W2A0W9T2_DATA0/RAW/2012/AURA/AURA201204120000A.T02,.t02,1211137,ok,
/srv/gnss-archive/legacy/RECOVERED_SEAGATE_W2A0W9T2_DATA0/RAW/2012/AURA/AURA201204120000A.dat,.dat,2345813,ok,
/srv/gnss-archive/legacy/RECOVERED_SEAGATE_W2A0W9T2_DATA0/RAW/2012/AURA/AURA201204130000A.T02,.t02,1197439,ok,
/srv/gnss-archive/legacy/RECOVERED_SEAGATE_W2A0W9T2_DATA0/RAW/2012/AURA/AURA201204130000A.dat,.dat,2345305,ok,
/srv/gnss-archive/legacy/RECOVERED_SEAGATE_W2A0W9T2_DATA0/RAW/2012/AURA/AURA201204140000A.T02,.t02,1194322,ok,
/srv/gnss-archive/legacy/RECOVERED_SEAGATE_W2A0W9T2_DATA0/RAW/2012/AURA/AURA201204140000A.dat,.dat,2345561,ok,
/srv/gnss-archive/legacy/RECOVERED_SEAGATE_W2A0W9T2_DATA0/RAW/2012/AURA/AURA201204150000A.T02,.t02,1199995,ok,
/srv/gnss-archive/legacy/RECOVERED_SEAGATE_W2A0W9T2_DATA0/RAW/2012/AURA/AURA201204150000A.dat,.dat,2343707,ok,
/srv/gnss-archive/legacy/RECOVERED_SEAGATE_W2A0W9T2_DATA0/RAW/2012/AURA/AURA201204160000A.T02,.t02,1200640,ok,
/srv/gnss-archive/legacy/RECOVERED_SEAGATE_W2A0W9T2_DATA0/RAW/2012/AURA/AURA201204160000A.dat,.dat,2345777,ok,
/srv/gnss-archive/legacy/RECOVERED_SEAGATE_W2A0W9T2_DATA0/RAW/2012/AURA/AURA201204170000A.T02,.t02,1206256,ok,
/srv/gnss-archive/legacy/RECOVERED_SEAGATE_W2A0W9T2_DATA0/RAW/2012/AURA/AURA201204170000A.dat,.dat,2343852,ok,
/srv/gnss-archive/legacy/RECOVERED_SEAGATE_W2A0W9T2_DATA0/RAW/2012/AURA/AURA201204180000A.T02,.t02,1198634,ok,
/srv/gnss-archive/legacy/RECOVERED_SEAGATE_W2A0W9T2_DATA0/RAW/2012/AURA/AURA201204180000A.dat,.dat,2345030,ok,
/srv/gnss-archive/legacy/RECOVERED_SEAGATE_W2A0W9T2_DATA0/RAW/2012/AURA/AURA201204190000A.T02,.t02,1214125,ok,
/srv/gnss-archive/legacy/RECOVERED_SEAGATE_W2A0W9T2_DATA0/RAW/2012/AURA/AURA201204190000A.dat,.dat,2342462,ok,
/srv/gnss-archive/legacy/RECOVERED_SEAGATE_W2A0W9T2_DATA0/RAW/2012/AURA/AURA201204200000A.T02,.t02,1210281,ok,
/srv/gnss-archive/legacy/RECOVERED_SEAGATE_W2A0W9T2_DATA0/RAW/2012/AURA/AURA201204200000A.dat,.dat,2344244,ok,
/srv/gnss-archive/legacy/RECOVERED_SEAGATE_W2A0W9T2_DATA0/RAW/2012/AURA/AURA201204210000A.T02,.t02,1000310,ok,
/srv/gnss-archive/legacy/RECOVERED_SEAGATE_W2A0W9T2_DATA0/RAW/2012/AURA/AURA201204210000A.dat,.dat,1885056,ok,
/srv/gnss-archive/legacy/RECOVERED_SEAGATE_W2A0W9T2_DATA0/RAW/2012/AURA/AURA201205110000A.T02,.t02,1173334,ok,
/srv/gnss-archive/legacy/RECOVERED_SEAGATE_W2A0W9T2_DATA0/RAW/2012/AURA/AURA201205110000A.dat,.dat,2286435,ok,
/srv/gnss-archive/legacy/RECOVERED_SEAGATE_W2A0W9T2_DATA0/RAW/2012/AURA/AURA201205120000A.T02,.t02,1192008,ok,
/srv/gnss-archive/legacy/RECOVERED_SEAGATE_W2A0W9T2_DATA0/RAW/2012/AURA/AURA201205120000A.dat,.dat,2341178,ok,
/srv/gnss-archive/legacy/RECOVERED_SEAGATE_W2A0W9T2_DATA0/RAW/2012/AURA/AURA201205130000A.T02,.t02,1196774,ok,
/srv/gnss-archive/legacy/RECOVERED_SEAGATE_W2A0W9T2_DATA0/RAW/2012/AURA/AURA201205130000A.dat,.dat,2340393,ok,
/srv/gnss-archive/legacy/RECOVERED_SEAGATE_W2A0W9T2_DATA0/RAW/2012/AURA/AURA201205140000A.T02,.t02,1202800,ok,
/srv/gnss-archive/legacy/RECOVERED_SEAGATE_W2A0W9T2_DATA0/RAW/2012/AURA/AURA201205140000A.dat,.dat,2341203,ok,
/srv/gnss-archive/legacy/RECOVERED_SEAGATE_W2A0W9T2_DATA0/RAW/2012/AURA/AURA201205150000A.T02,.t02,1193422,ok,
/srv/gnss-archive/legacy/RECOVERED_SEAGATE_W2A0W9T2_DATA0/RAW/2012/AURA/AURA201205150000A.dat,.dat,2337721,ok,
/srv/gnss-archive/legacy/RECOVERED_SEAGATE_W2A0W9T2_DATA0/RAW/2012/AURA/AURA201205160000A.T02,.t02,1192524,ok,
/srv/gnss-archive/legacy/RECOVERED_SEAGATE_W2A0W9T2_DATA0/RAW/2012/AURA/AURA201205160000A.dat,.dat,2338511,ok,
/srv/gnss-archive/legacy/RECOVERED_SEAGATE_W2A0W9T2_DATA0/RAW/2012/AURA/AURA201205170000A.T02,.t02,1168963,ok,
/srv/gnss-archive/legacy/RECOVERED_SEAGATE_W2A0W9T2_DATA0/RAW/2012/AURA/AURA201205170000A.dat,.dat,2335901,ok,
/srv/gnss-archive/legacy/RECOVERED_SEAGATE_W2A0W9T2_DATA0/RAW/2012/AURA/AURA201205180000A.T02,.t02,1172387,ok,
/srv/gnss-archive/legacy/RECOVERED_SEAGATE_W2A0W9T2_DATA0/RAW/2012/AURA/AURA201205180000A.dat,.dat,2337273,ok,
/srv/gnss-archive/legacy/RECOVERED_SEAGATE_W2A0W9T2_DATA0/RAW/2012/AURA/AURA201205190000A.T02,.t02,1165738,ok,
/srv/gnss-archive/legacy/RECOVERED_SEAGATE_W2A0W9T2_DATA0/RAW/2012/AURA/AURA201205190000A.dat,.dat,2263773,ok,
/srv/gnss-archive/legacy/RECOVERED_SEAGATE_W2A0W9T2_DATA0/RAW/2012/AURA/AURA201205200000A.T02,.t02,1176677,ok,
/srv/gnss-archive/legacy/RECOVERED_SEAGATE_W2A0W9T2_DATA0/RAW/2012/AURA/AURA201205200000A.dat,.dat,2265975,ok,
/srv/gnss-archive/legacy/RECOVERED_SEAGATE_W2A0W9T2_DATA0/RAW/2012/AURA/AURA201205210000A.T02,.t02,1176351,ok,
/srv/gnss-archive/legacy/RECOVERED_SEAGATE_W2A0W9T2_DATA0/RAW/2012/AURA/AURA201205210000A.dat,.dat,2265055,ok,
/srv/gnss-archive/legacy/RECOVERED_SEAGATE_W2A0W9T2_DATA0/RAW/2012/AURA/AURA201205220000A.T02,.t02,1177017,ok,
/srv/gnss-archive/legacy/RECOVERED_SEAGATE_W2A0W9T2_DATA0/RAW/2012/AURA/AURA201205220000A.dat,.dat,2264821,ok,
/srv/gnss-archive/legacy/RECOVERED_SEAGATE_W2A0W9T2_DATA0/RAW/2012/AURA/AURA201205230000A.T02,.t02,1177207,ok,
/srv/gnss-archive/legacy/RECOVERED_SEAGATE_W2A0W9T2_DATA0/RAW/2012/AURA/AURA201205230000A.dat,.dat,2265420,ok,
/srv/gnss-archive/legacy/RECOVERED_SEAGATE_W2A0W9T2_DATA0/RAW/2012/AURA/AURA201205240000A.T02,.t02,1175304,ok,
/srv/gnss-archive/legacy/RECOVERED_SEAGATE_W2A0W9T2_DATA0/RAW/2012/AURA/AURA201205240000A.dat,.dat,2264696,ok,
/srv/gnss-archive/legacy/RECOVERED_SEAGATE_W2A0W9T2_DATA0/RAW/2012/AURA/AURA201205250000A.T02,.t02,1198816,ok,
/srv/gnss-archive/legacy/RECOVERED_SEAGATE_W2A0W9T2_DATA0/RAW/2012/AURA/AURA201205250000A.dat,.dat,2335706,ok,
/srv/gnss-archive/legacy/RECOVERED_SEAGATE_W2A0W9T2_DATA0/RAW/2012/AURA/AURA201205260000A.T02,.t02,1206772,ok,
/srv/gnss-archive/legacy/RECOVERED_SEAGATE_W2A0W9T2_DATA0/RAW/2012/AURA/AURA201205260000A.dat,.dat,2337212,ok,
/srv/gnss-archive/legacy/RECOVERED_SEAGATE_W2A0W9T2_DATA0/RAW/2012/AURA/AURA201205270000A.T02,.t02,1188005,ok,
/srv/gnss-archive/legacy/RECOVERED_SEAGATE_W2A0W9T2_DATA0/RAW/2012/AURA/AURA201205270000A.dat,.dat,2336556,ok,
/srv/gnss-archive/legacy/RECOVERED_SEAGATE_W2A0W9T2_DATA0/RAW/2012/AURA/AURA201205280000A.T02,.t02,1176428,ok,
/srv/gnss-archive/legacy/RECOVERED_SEAGATE_W2A0W9T2_DATA0/RAW/2012/AURA/AURA201205280000A.dat,.dat,2337788,ok,
/srv/gnss-archive/legacy/RECOVERED_SEAGATE_W2A0W9T2_DATA0/RAW/2012/AURA/AURA201205290000A.T02,.t02,1171423,ok,
/srv/gnss-archive/legacy/RECOVERED_SEAGATE_W2A0W9T2_DATA0/RAW/2012/AURA/AURA201205290000A.dat,.dat,2335934,ok,
/srv/gnss-archive/legacy/RECOVERED_SEAGATE_W2A0W9T2_DATA0/RAW/2012/AURA/AURA201205300000A.T02,.t02,1169040,ok,
/srv/gnss-archive/legacy/RECOVERED_SEAGATE_W2A0W9T2_DATA0/RAW/2012/AURA/AURA201205300000A.dat,.dat,2335538,ok,
/srv/gnss-archive/legacy/RECOVERED_SEAGATE_W2A0W9T2_DATA0/RAW/2012/AURA/AURA201205310000A.T02,.t02,1193815,ok,
/srv/gnss-archive/legacy/RECOVERED_SEAGATE_W2A0W9T2_DATA0/RAW/2012/AURA/AURA201205310000A.dat,.dat,2338098,ok,
/srv/gnss-archive/legacy/RECOVERED_SEAGATE_W2A0W9T2_DATA0/RAW/2012/AURA/AURA201206010000A.T02,.t02,1192552,ok,
/srv/gnss-archive/legacy/RECOVERED_SEAGATE_W2A0W9T2_DATA0/RAW/2012/AURA/AURA201206010000A.dat,.dat,2336934,ok,
/srv/gnss-archive/legacy/RECOVERED_SEAGATE_W2A0W9T2_DATA0/RAW/2012/AURA/AURA201206020000A.T02,.t02,1194320,ok,
/srv/gnss-archive/legacy/RECOVERED_SEAGATE_W2A0W9T2_DATA0/RAW/2012/AURA/AURA201206020000A.dat,.dat,2337048,ok,
/srv/gnss-archive/legacy/RECOVERED_SEAGATE_W2A0W9T2_DATA0/RAW/2012/AURA/AURA201206030000A.T02,.t02,1197319,ok,
/srv/gnss-archive/legacy/RECOVERED_SEAGATE_W2A0W9T2_DATA0/RAW/2012/AURA/AURA201206030000A.dat,.dat,2337286,ok,
/srv/gnss-archive/legacy/RECOVERED_SEAGATE_W2A0W9T2_DATA0/RAW/2012/AURA/AURA201206040000A.T02,.t02,1174964,ok,
/srv/gnss-archive/legacy/RECOVERED_SEAGATE_W2A0W9T2_DATA0/RAW/2012/AURA/AURA201206040000A.dat,.dat,2336002,ok,
/srv/gnss-archive/legacy/RECOVERED_SEAGATE_W2A0W9T2_DATA0/RAW/2012/AURA/AURA201206050000A.T02,.t02,1170127,ok,
/srv/gnss-archive/legacy/RECOVERED_SEAGATE_W2A0W9T2_DATA0/RAW/2012/AURA/AURA201206050000A.dat,.dat,2335968,ok,
/srv/gnss-archive/legacy/RECOVERED_SEAGATE_W2A0W9T2_DATA0/RAW/2012/AURA/AURA201206060000A.T02,.t02,1179749,ok,
/srv/gnss-archive/legacy/RECOVERED_SEAGATE_W2A0W9T2_DATA0/RAW/2012/AURA/AURA201206060000A.dat,.dat,2334850,ok,
/srv/gnss-archive/legacy/RECOVERED_SEAGATE_W2A0W9T2_DATA0/RAW/2012/AURA/AURA201206062100B.T02,.t02,885100,ok,
/srv/gnss-archive/legacy/RECOVERED_SEAGATE_W2A0W9T2_DATA0/RAW/2012/AURA/AURA201206062100B.dat,.dat,2570538,ok,
/srv/gnss-archive/legacy/RECOVERED_SEAGATE_W2A0W9T2_DATA0/RAW/2012/AURA/AURA201206070000A.T02,.t02,1188316,ok,
/srv/gnss-archive/legacy/RECOVERED_SEAGATE_W2A0W9T2_DATA0/RAW/2012/AURA/AURA201206070000A.dat,.dat,2335018,ok,
/srv/gnss-archive/legacy/RECOVERED_SEAGATE_W2A0W9T2_DATA0/RAW/2012/AURA/AURA201206080000A.T02,.t02,1192772,ok,
/srv/gnss-archive/legacy/RECOVERED_SEAGATE_W2A0W9T2_DATA0/RAW/2012/AURA/AURA201206080000A.dat,.dat,2335724,ok,
/srv/gnss-archive/legacy/RECOVERED_SEAGATE_W2A0W9T2_DATA0/RAW/2012/AURA/AURA201206090000A.T02,.t02,1192122,ok,
/srv/gnss-archive/legacy/RECOVERED_SEAGATE_W2A0W9T2_DATA0/RAW/2012/AURA/AURA201206090000A.dat,.dat,2335988,ok,
/srv/gnss-archive/legacy/RECOVERED_SEAGATE_W2A0W9T2_DATA0/RAW/2012/AURA/AURA201206100000A.T02,.t02,1193220,ok,
/srv/gnss-archive/legacy/RECOVERED_SEAGATE_W2A0W9T2_DATA0/RAW/2012/AURA/AURA201206100000A.dat,.dat,2334904,ok,
/srv/gnss-archive/legacy/RECOVERED_SEAGATE_W2A0W9T2_DATA0/RAW/2012/AURA/AURA201206110000A.T02,.t02,1186730,ok,
/srv/gnss-archive/legacy/RECOVERED_SEAGATE_W2A0W9T2_DATA0/RAW/2012/AURA/AURA201206110000A.dat,.dat,2334788,ok,
/srv/gnss-archive/legacy/RECOVERED_SEAGATE_W2A0W9T2_DATA0/RAW/2012/AURA/AURA201206120000A.T02,.t02,1170185,ok,
/srv/gnss-archive/legacy/RECOVERED_SEAGATE_W2A0W9T2_DATA0/RAW/2012/AURA/AURA201206120000A.dat,.dat,2334688,ok,
/srv/gnss-archive/legacy/RECOVERED_SEAGATE_W2A0W9T2_DATA0/RAW/2012/AURA/AURA201206130000A.T02,.t02,1163374,ok,
/srv/gnss-archive/legacy/RECOVERED_SEAGATE_W2A0W9T2_DATA0/RAW/2012/AURA/AURA201206130000A.dat,.dat,2332410,ok,
/srv/gnss-archive/legacy/RECOVERED_SEAGATE_W2A0W9T2_DATA0/RAW/2012/AURA/AURA201206140000A.T02,.t02,1166757,ok,
/srv/gnss-archive/legacy/RECOVERED_SEAGATE_W2A0W9T2_DATA0/RAW/2012/AURA/AURA201206140000A.dat,.dat,2333678,ok,
/srv/gnss-archive/legacy/RECOVERED_SEAGATE_W2A0W9T2_DATA0/RAW/2012/AURA/AURA201206150000A.T02,.t02,1178283,ok,
/srv/gnss-archive/legacy/RECOVERED_SEAGATE_W2A0W9T2_DATA0/RAW/2012/AURA/AURA201206150000A.dat,.dat,2334142,ok,
/srv/gnss-archive/legacy/RECOVERED_SEAGATE_W2A0W9T2_DATA0/RAW/2012/AURA/AURA201206160000A.T02,.t02,1174145,ok,
/srv/gnss-archive/legacy/RECOVERED_SEAGATE_W2A0W9T2_DATA0/RAW/2012/AURA/AURA201206160000A.dat,.dat,2332842,ok,
/srv/gnss-archive/legacy/RECOVERED_SEAGATE_W2A0W9T2_DATA0/RAW/2012/AURA/AURA201206170000A.T02,.t02,1178822,ok,
/srv/gnss-archive/legacy/RECOVERED_SEAGATE_W2A0W9T2_DATA0/RAW/2012/AURA/AURA201206170000A.dat,.dat,2331942,ok,
/srv/gnss-archive/legacy/RECOVERED_SEAGATE_W2A0W9T2_DATA0/RAW/2012/AURA/AURA201206180000A.T02,.t02,1183695,ok,
/srv/gnss-archive/legacy/RECOVERED_SEAGATE_W2A0W9T2_DATA0/RAW/2012/AURA/AURA201206180000A.dat,.dat,2332724,ok,
/srv/gnss-archive/legacy/RECOVERED_SEAGATE_W2A0W9T2_DATA0/RAW/2012/AURA/AURA201206190000A.T02,.t02,1192020,ok,
/srv/gnss-archive/legacy/RECOVERED_SEAGATE_W2A0W9T2_DATA0/RAW/2012/AURA/AURA201206190000A.dat,.dat,2333588,ok,
/srv/gnss-archive/legacy/RECOVERED_SEAGATE_W2A0W9T2_DATA0/RAW/2012/AURA/AURA201206200000A.T02,.t02,1193334,ok,
/srv/gnss-archive/legacy/RECOVERED_SEAGATE_W2A0W9T2_DATA0/RAW/2012/AURA/AURA201206200000A.dat,.dat,2330884,ok,
/srv/gnss-archive/legacy/RECOVERED_SEAGATE_W2A0W9T2_DATA0/RAW/2012/AURA/AURA201206210000A.T02,.t02,1189577,ok,
/srv/gnss-archive/legacy/RECOVERED_SEAGATE_W2A0W9T2_DATA0/RAW/2012/AURA/AURA201206210000A.dat,.dat,2334580,ok,
/srv/gnss-archive/legacy/RECOVERED_SEAGATE_W2A0W9T2_DATA0/RAW/2012/AURA/AURA201206220000A.T02,.t02,1189689,ok,
/srv/gnss-archive/legacy/RECOVERED_SEAGATE_W2A0W9T2_DATA0/RAW/2012/AURA/AURA201206220000A.dat,.dat,2334480,ok,
/srv/gnss-archive/legacy/RECOVERED_SEAGATE_W2A0W9T2_DATA0/RAW/2012/AURA/AURA201206230000A.T02,.t02,1190711,ok,
/srv/gnss-archive/legacy/RECOVERED_SEAGATE_W2A0W9T2_DATA0/RAW/2012/AURA/AURA201206230000A.dat,.dat,2334674,ok,
/srv/gnss-archive/legacy/RECOVERED_SEAGATE_W2A0W9T2_DATA0/RAW/2012/AURA/AURA201206240000A.T02,.t02,1185932,ok,
/srv/gnss-archive/legacy/RECOVERED_SEAGATE_W2A0W9T2_DATA0/RAW/2012/AURA/AURA201206240000A.dat,.dat,2332920,ok,
/srv/gnss-archive/legacy/RECOVERED_SEAGATE_W2A0W9T2_DATA0/RAW/2012/AURA/AURA201206250000A.T02,.t02,1166077,ok,
/srv/gnss-archive/legacy/RECOVERED_SEAGATE_W2A0W9T2_DATA0/RAW/2012/AURA/AURA201206250000A.dat,.dat,2333408,ok,
/srv/gnss-archive/legacy/RECOVERED_SEAGATE_W2A0W9T2_DATA0/RAW/2012/AURA/AURA201206260000A.T02,.t02,1166996,ok,
/srv/gnss-archive/legacy/RECOVERED_SEAGATE_W2A0W9T2_DATA0/RAW/2012/AURA/AURA201206260000A.dat,.dat,2331534,ok,
/srv/gnss-archive/legacy/RECOVERED_SEAGATE_W2A0W9T2_DATA0/RAW/2012/AURA/AURA201206270000A.T02,.t02,1168121,ok,
/srv/gnss-archive/legacy/RECOVERED_SEAGATE_W2A0W9T2_DATA0/RAW/2012/AURA/AURA201206270000A.dat,.dat,2331086,ok,
/srv/gnss-archive/legacy/RECOVERED_SEAGATE_W2A0W9T2_DATA0/RAW/2012/AURA/AURA201206280000A.T02,.t02,1190487,ok,
/srv/gnss-archive/legacy/RECOVERED_SEAGATE_W2A0W9T2_DATA0/RAW/2012/AURA/AURA201206280000A.dat,.dat,2332534,ok,
/srv/gnss-archive/legacy/RECOVERED_SEAGATE_W2A0W9T2_DATA0/RAW/2012/AURA/AURA201206290000A.T02,.t02,1187381,ok,
/srv/gnss-archive/legacy/RECOVERED_SEAGATE_W2A0W9T2_DATA0/RAW/2012/AURA/AURA201206290000A.dat,.dat,2331188,ok,
/srv/gnss-archive/legacy/RECOVERED_SEAGATE_W2A0W9T2_DATA0/RAW/2012/AURA/AURA201206300000A.T02,.t02,1191834,ok,
/srv/gnss-archive/legacy/RECOVERED_SEAGATE_W2A0W9T2_DATA0/RAW/2012/AURA/AURA201206300000A.dat,.dat,2332658,ok,
/srv/gnss-archive/legacy/RECOVERED_SEAGATE_W2A0W9T2_DATA0/RAW/2012/AURA/AURA201207010000A.T02,.t02,1129442,ok,
/srv/gnss-archive/legacy/RECOVERED_SEAGATE_W2A0W9T2_DATA0/RAW/2012/AURA/AURA201207010000A.dat,.dat,2330553,ok,
/srv/gnss-archive/legacy/RECOVERED_SEAGATE_W2A0W9T2_DATA0/RAW/2012/AURA/AURA201207020000A.T02,.t02,1170960,ok,
/srv/gnss-archive/legacy/RECOVERED_SEAGATE_W2A0W9T2_DATA0/RAW/2012/AURA/AURA201207020000A.dat,.dat,2331101,ok,
/srv/gnss-archive/legacy/RECOVERED_SEAGATE_W2A0W9T2_DATA0/RAW/2012/AURA/AURA201207030000A.T02,.t02,1169503,ok,
/srv/gnss-archive/legacy/RECOVERED_SEAGATE_W2A0W9T2_DATA0/RAW/2012/AURA/AURA201207030000A.dat,.dat,2332227,ok,
/srv/gnss-archive/legacy/RECOVERED_SEAGATE_W2A0W9T2_DATA0/RAW/2012/AURA/AURA201207040000A.T02,.t02,1168949,ok,
/srv/gnss-archive/legacy/RECOVERED_SEAGATE_W2A0W9T2_DATA0/RAW/2012/AURA/AURA201207040000A.dat,.dat,2332017,ok,
/srv/gnss-archive/legacy/RECOVERED_SEAGATE_W2A0W9T2_DATA0/RAW/2012/AURA/AURA201207050000A.T02,.t02,1141770,ok,
/srv/gnss-archive/legacy/RECOVERED_SEAGATE_W2A0W9T2_DATA0/RAW/2012/AURA/AURA201207050000A.dat,.dat,2221107,ok,
/srv/gnss-archive/legacy/RECOVERED_SEAGATE_W2A0W9T2_DATA0/RAW/2012/AURA/AURA201207060000A.T02,.t02,1191746,ok,
/srv/gnss-archive/legacy/RECOVERED_SEAGATE_W2A0W9T2_DATA0/RAW/2012/AURA/AURA201207060000A.dat,.dat,2330343,ok,
/srv/gnss-archive/legacy/RECOVERED_SEAGATE_W2A0W9T2_DATA0/RAW/2012/AURA/AURA201207070000A.T02,.t02,1189479,ok,
/srv/gnss-archive/legacy/RECOVERED_SEAGATE_W2A0W9T2_DATA0/RAW/2012/AURA/AURA201207070000A.dat,.dat,2332834,ok,
/srv/gnss-archive/legacy/RECOVERED_SEAGATE_W2A0W9T2_DATA0/RAW/2012/AURA/AURA201207080000A.T02,.t02,1114319,ok,
/srv/gnss-archive/legacy/RECOVERED_SEAGATE_W2A0W9T2_DATA0/RAW/2012/AURA/AURA201207080000A.dat,.dat,2168355,ok,
/srv/gnss-archive/legacy/RECOVERED_SEAGATE_W2A0W9T2_DATA0/RAW/2012/AURA/AURA201207090000A.T02,.t02,468746,ok,
/srv/gnss-archive/legacy/RECOVERED_SEAGATE_W2A0W9T2_DATA0/RAW/2012/AURA/AURA201207090000A.dat,.dat,908359,ok,
/srv/gnss-archive/legacy/RECOVERED_SEAGATE_W2A0W9T2_DATA0/RAW/2012/AURA/AURA201207100000A.T02,.t02,1190977,ok,
/srv/gnss-archive/legacy/RECOVERED_SEAGATE_W2A0W9T2_DATA0/RAW/2012/AURA/AURA201207100000A.dat,.dat,2332082,ok,
/srv/gnss-archive/legacy/RECOVERED_SEAGATE_W2A0W9T2_DATA0/RAW/2012/AURA/AURA201207110000A.T02,.t02,1187916,ok,
/srv/gnss-archive/legacy/RECOVERED_SEAGATE_W2A0W9T2_DATA0/RAW/2012/AURA/AURA201207110000A.dat,.dat,2330161,ok,
/srv/gnss-archive/legacy/RECOVERED_SEAGATE_W2A0W9T2_DATA0/RAW/2012/AURA/AURA201207120000A.T02,.t02,1190108,ok,
/srv/gnss-archive/legacy/RECOVERED_SEAGATE_W2A0W9T2_DATA0/RAW/2012/AURA/AURA201207120000A.dat,.dat,2329277,ok,
/srv/gnss-archive/legacy/RECOVERED_SEAGATE_W2A0W9T2_DATA0/RAW/2012/AURA/AURA201207130000A.T02,.t02,1195772,ok,
/srv/gnss-archive/legacy/RECOVERED_SEAGATE_W2A0W9T2_DATA0/RAW/2012/AURA/AURA201207130000A.dat,.dat,2330991,ok,
/srv/gnss-archive/legacy/RECOVERED_SEAGATE_W2A0W9T2_DATA0/RAW/2012/AURA/AURA201207140000A.T02,.t02,1190554,ok,
/srv/gnss-archive/legacy/RECOVERED_SEAGATE_W2A0W9T2_DATA0/RAW/2012/AURA/AURA201207140000A.dat,.dat,2329865,ok,
/srv/gnss-archive/legacy/RECOVERED_SEAGATE_W2A0W9T2_DATA0/RAW/2012/AURA/AURA201207150000A.T02,.t02,1188718,ok,
/srv/gnss-archive/legacy/RECOVERED_SEAGATE_W2A0W9T2_DATA0/RAW/2012/AURA/AURA201207150000A.dat,.dat,2328661,ok,
/srv/gnss-archive/legacy/RECOVERED_SEAGATE_W2A0W9T2_DATA0/RAW/2012/AURA/AURA201207160000A.T02,.t02,1191339,ok,
/srv/gnss-archive/legacy/RECOVERED_SEAGATE_W2A0W9T2_DATA0/RAW/2012/AURA/AURA201207160000A.dat,.dat,2329599,ok,
/srv/gnss-archive/legacy/RECOVERED_SEAGATE_W2A0W9T2_DATA0/RAW/2012/AURA/AURA201207170000A.T02,.t02,1189177,ok,
/srv/gnss-archive/legacy/RECOVERED_SEAGATE_W2A0W9T2_DATA0/RAW/2012/AURA/AURA201207170000A.dat,.dat,2327959,ok,
/srv/gnss-archive/legacy/RECOVERED_SEAGATE_W2A0W9T2_DATA0/RAW/2012/AURA/AURA201207180000A.T02,.t02,1190429,ok,
/srv/gnss-archive/legacy/RECOVERED_SEAGATE_W2A0W9T2_DATA0/RAW/2012/AURA/AURA201207180000A.dat,.dat,2328225,ok,
/srv/gnss-archive/legacy/RECOVERED_SEAGATE_W2A0W9T2_DATA0/RAW/2012/AURA/AURA201207190000A.T02,.t02,1164397,ok,
/srv/gnss-archive/legacy/RECOVERED_SEAGATE_W2A0W9T2_DATA0/RAW/2012/AURA/AURA201207190000A.dat,.dat,2327287,ok,
/srv/gnss-archive/legacy/RECOVERED_SEAGATE_W2A0W9T2_DATA0/RAW/2012/AURA/AURA201207200000A.T02,.t02,1140147,ok,
/srv/gnss-archive/legacy/RECOVERED_SEAGATE_W2A0W9T2_DATA0/RAW/2012/AURA/AURA201207200000A.dat,.dat,2326215,ok,
/srv/gnss-archive/legacy/RECOVERED_SEAGATE_W2A0W9T2_DATA0/RAW/2012/AURA/AURA201207210000A.T02,.t02,1137944,ok,
/srv/gnss-archive/legacy/RECOVERED_SEAGATE_W2A0W9T2_DATA0/RAW/2012/AURA/AURA201207210000A.dat,.dat,2326193,ok,
/srv/gnss-archive/legacy/RECOVERED_SEAGATE_W2A0W9T2_DATA0/RAW/2012/AURA/AURA201207220000A.T02,.t02,1135863,ok,
/srv/gnss-archive/legacy/RECOVERED_SEAGATE_W2A0W9T2_DATA0/RAW/2012/AURA/AURA201207220000A.dat,.dat,2326718,ok,
/srv/gnss-archive/legacy/RECOVERED_SEAGATE_W2A0W9T2_DATA0/RAW/2012/AURA/AURA201207230000A.T02,.t02,1136114,ok,
/srv/gnss-archive/legacy/RECOVERED_SEAGATE_W2A0W9T2_DATA0/RAW/2012/AURA/AURA201207230000A.dat,.dat,2328746,ok,
/srv/gnss-archive/legacy/RECOVERED_SEAGATE_W2A0W9T2_DATA0/RAW/2012/AURA/AURA201207240000A.T02,.t02,1144257,ok,
/srv/gnss-archive/legacy/RECOVERED_SEAGATE_W2A0W9T2_DATA0/RAW/2012/AURA/AURA201207240000A.dat,.dat,2327256,ok,
/srv/gnss-archive/legacy/RECOVERED_SEAGATE_W2A0W9T2_DATA0/RAW/2012/AURA/AURA201207250000A.T02,.t02,1123690,ok,
/srv/gnss-archive/legacy/RECOVERED_SEAGATE_W2A0W9T2_DATA0/RAW/2012/AURA/AURA201207250000A.dat,.dat,2327330,ok,
/srv/gnss-archive/legacy/RECOVERED_SEAGATE_W2A0W9T2_DATA0/RAW/2012/AURA/AURA201207260000A.T02,.t02,1121285,ok,
/srv/gnss-archive/legacy/RECOVERED_SEAGATE_W2A0W9T2_DATA0/RAW/2012/AURA/AURA201207260000A.dat,.dat,2324668,ok,
/srv/gnss-archive/legacy/RECOVERED_SEAGATE_W2A0W9T2_DATA0/RAW/2012/AURA/AURA201207270000A.T02,.t02,1138107,ok,
/srv/gnss-archive/legacy/RECOVERED_SEAGATE_W2A0W9T2_DATA0/RAW/2012/AURA/AURA201207270000A.dat,.dat,2325302,ok,
/srv/gnss-archive/legacy/RECOVERED_SEAGATE_W2A0W9T2_DATA0/RAW/2012/AURA/AURA201207280000A.T02,.t02,1144748,ok,
/srv/gnss-archive/legacy/RECOVERED_SEAGATE_W2A0W9T2_DATA0/RAW/2012/AURA/AURA201207280000A.dat,.dat,2325444,ok,
/srv/gnss-archive/legacy/RECOVERED_SEAGATE_W2A0W9T2_DATA0/RAW/2012/AURA/AURA201207290000A.T02,.t02,1143828,ok,
/srv/gnss-archive/legacy/RECOVERED_SEAGATE_W2A0W9T2_DATA0/RAW/2012/AURA/AURA201207290000A.dat,.dat,2325560,ok,
/srv/gnss-archive/legacy/RECOVERED_SEAGATE_W2A0W9T2_DATA0/RAW/2012/AURA/AURA201207300000A.T02,.t02,1163506,ok,
/srv/gnss-archive/legacy/RECOVERED_SEAGATE_W2A0W9T2_DATA0/RAW/2012/AURA/AURA201207300000A.dat,.dat,2326820,ok,
/srv/gnss-archive/legacy/RECOVERED_SEAGATE_W2A0W9T2_DATA0/RAW/2012/AURA/AURA201207310000A.T02,.t02,1143812,ok,
/srv/gnss-archive/legacy/RECOVERED_SEAGATE_W2A0W9T2_DATA0/RAW/2012/AURA/AURA201207310000A.dat,.dat,2326052,ok,
/srv/gnss-archive/legacy/RECOVERED_SEAGATE_W2A0W9T2_DATA0/RAW/2012/AURA/AURA201208010000A.T02,.t02,1137693,ok,
/srv/gnss-archive/legacy/RECOVERED_SEAGATE_W2A0W9T2_DATA0/RAW/2012/AURA/AURA201208010000A.dat,.dat,2327226,ok,
/srv/gnss-archive/legacy/RECOVERED_SEAGATE_W2A0W9T2_DATA0/RAW/2012/AURA/AURA201208020000A.T02,.t02,1162201,ok,
/srv/gnss-archive/legacy/RECOVERED_SEAGATE_W2A0W9T2_DATA0/RAW/2012/AURA/AURA201208020000A.dat,.dat,2316946,ok,
/srv/gnss-archive/legacy/RECOVERED_SEAGATE_W2A0W9T2_DATA0/RAW/2012/AURA/AURA201208030000A.T02,.t02,1152105,ok,
/srv/gnss-archive/legacy/RECOVERED_SEAGATE_W2A0W9T2_DATA0/RAW/2012/AURA/AURA201208030000A.dat,.dat,2326238,ok,
/srv/gnss-archive/legacy/RECOVERED_SEAGATE_W2A0W9T2_DATA0/RAW/2012/AURA/AURA201208040000A.T02,.t02,1149416,ok,
/srv/gnss-archive/legacy/RECOVERED_SEAGATE_W2A0W9T2_DATA0/RAW/2012/AURA/AURA201208040000A.dat,.dat,2327908,ok,
/srv/gnss-archive/legacy/RECOVERED_SEAGATE_W2A0W9T2_DATA0/RAW/2012/AURA/AURA201208050000A.T02,.t02,1136800,ok,
/srv/gnss-archive/legacy/RECOVERED_SEAGATE_W2A0W9T2_DATA0/RAW/2012/AURA/AURA201208050000A.dat,.dat,2326230,ok,
/srv/gnss-archive/legacy/RECOVERED_SEAGATE_W2A0W9T2_DATA0/RAW/2012/AURA/AURA201208060000A.T02,.t02,1140498,ok,
/srv/gnss-archive/legacy/RECOVERED_SEAGATE_W2A0W9T2_DATA0/RAW/2012/AURA/AURA201208060000A.dat,.dat,2328058,ok,
/srv/gnss-archive/legacy/RECOVERED_SEAGATE_W2A0W9T2_DATA0/RAW/2012/AURA/AURA201208070000A.T02,.t02,1156460,ok,
/srv/gnss-archive/legacy/RECOVERED_SEAGATE_W2A0W9T2_DATA0/RAW/2012/AURA/AURA201208070000A.dat,.dat,2327576,ok,
/srv/gnss-archive/legacy/RECOVERED_SEAGATE_W2A0W9T2_DATA0/RAW/2012/AURA/AURA201208080000A.T02,.t02,1140584,ok,
/srv/gnss-archive/legacy/RECOVERED_SEAGATE_W2A0W9T2_DATA0/RAW/2012/AURA/AURA201208080000A.dat,.dat,2317768,ok,
/srv/gnss-archive/legacy/RECOVERED_SEAGATE_W2A0W9T2_DATA0/RAW/2012/AURA/AURA201208090000A.T02,.t02,1179033,ok,
/srv/gnss-archive/legacy/RECOVERED_SEAGATE_W2A0W9T2_DATA0/RAW/2012/AURA/AURA201208090000A.dat,.dat,2327294,ok,
/srv/gnss-archive/legacy/RECOVERED_SEAGATE_W2A0W9T2_DATA0/RAW/2012/AURA/AURA201208100000A.T02,.t02,1194742,ok,
/srv/gnss-archive/legacy/RECOVERED_SEAGATE_W2A0W9T2_DATA0/RAW/2012/AURA/AURA201208100000A.dat,.dat,2327132,ok,
/srv/gnss-archive/legacy/RECOVERED_SEAGATE_W2A0W9T2_DATA0/RAW/2012/AURA/AURA201208110000A.T02,.t02,1189992,ok,
/srv/gnss-archive/legacy/RECOVERED_SEAGATE_W2A0W9T2_DATA0/RAW/2012/AURA/AURA201208110000A.dat,.dat,2328174,ok,
/srv/gnss-archive/legacy/RECOVERED_SEAGATE_W2A0W9T2_DATA0/RAW/2012/AURA/AURA201208120000A.T02,.t02,1189887,ok,
/srv/gnss-archive/legacy/RECOVERED_SEAGATE_W2A0W9T2_DATA0/RAW/2012/AURA/AURA201208120000A.dat,.dat,2326576,ok,
/srv/gnss-archive/legacy/RECOVERED_SEAGATE_W2A0W9T2_DATA0/RAW/2012/AURA/AURA201208130000A.T02,.t02,1187822,ok,
/srv/gnss-archive/legacy/RECOVERED_SEAGATE_W2A0W9T2_DATA0/RAW/2012/AURA/AURA201208130000A.dat,.dat,2327526,ok,
/srv/gnss-archive/legacy/RECOVERED_SEAGATE_W2A0W9T2_DATA0/RAW/2012/AURA/AURA201208140000A.T02,.t02,1188489,ok,
/srv/gnss-archive/legacy/RECOVERED_SEAGATE_W2A0W9T2_DATA0/RAW/2012/AURA/AURA201208140000A.dat,.dat,2327564,ok,
/srv/gnss-archive/legacy/RECOVERED_SEAGATE_W2A0W9T2_DATA0/RAW/2012/AURA/AURA201208150000A.T02,.t02,1184079,ok,
/srv/gnss-archive/legacy/RECOVERED_SEAGATE_W2A0W9T2_DATA0/RAW/2012/AURA/AURA201208150000A.dat,.dat,2327270,ok,
/srv/gnss-archive/legacy/RECOVERED_SEAGATE_W2A0W9T2_DATA0/RAW/2012/AURA/AURA201208160000A.T02,.t02,1187132,ok,
/srv/gnss-archive/legacy/RECOVERED_SEAGATE_W2A0W9T2_DATA0/RAW/2012/AURA/AURA201208160000A.dat,.dat,2327422,ok,
/srv/gnss-archive/legacy/RECOVERED_SEAGATE_W2A0W9T2_DATA0/RAW/2012/AURA/AURA201208170000A.T02,.t02,1185288,ok,
/srv/gnss-archive/legacy/RECOVERED_SEAGATE_W2A0W9T2_DATA0/RAW/2012/AURA/AURA201208170000A.dat,.dat,2327382,ok,
/srv/gnss-archive/legacy/RECOVERED_SEAGATE_W2A0W9T2_DATA0/RAW/2012/AURA/AURA201208180000A.T02,.t02,1188544,ok,
/srv/gnss-archive/legacy/RECOVERED_SEAGATE_W2A0W9T2_DATA0/RAW/2012/AURA/AURA201208180000A.dat,.dat,2327354,ok,
/srv/gnss-archive/legacy/RECOVERED_SEAGATE_W2A0W9T2_DATA0/RAW/2012/AURA/AURA201208190000A.T02,.t02,1193934,ok,
/srv/gnss-archive/legacy/RECOVERED_SEAGATE_W2A0W9T2_DATA0/RAW/2012/AURA/AURA201208190000A.dat,.dat,2327808,ok,
/srv/gnss-archive/legacy/RECOVERED_SEAGATE_W2A0W9T2_DATA0/RAW/2012/AURA/AURA201208200000A.T02,.t02,1187745,ok,
/srv/gnss-archive/legacy/RECOVERED_SEAGATE_W2A0W9T2_DATA0/RAW/2012/AURA/AURA201208200000A.dat,.dat,2327216,ok,
/srv/gnss-archive/legacy/RECOVERED_SEAGATE_W2A0W9T2_DATA0/RAW/2012/AURA/AURA201208210000A.T02,.t02,1186721,ok,
/srv/gnss-archive/legacy/RECOVERED_SEAGATE_W2A0W9T2_DATA0/RAW/2012/AURA/AURA201208210000A.dat,.dat,2326866,ok,
/srv/gnss-archive/legacy/RECOVERED_SEAGATE_W2A0W9T2_DATA0/RAW/2012/AURA/AURA201208220000A.T02,.t02,1190359,ok,
/srv/gnss-archive/legacy/RECOVERED_SEAGATE_W2A0W9T2_DATA0/RAW/2012/AURA/AURA201208220000A.dat,.dat,2328128,ok,
/srv/gnss-archive/legacy/RECOVERED_SEAGATE_W2A0W9T2_DATA0/RAW/2012/AURA/AURA201208230000A.T02,.t02,1187822,ok,
/srv/gnss-archive/legacy/RECOVERED_SEAGATE_W2A0W9T2_DATA0/RAW/2012/AURA/AURA201208230000A.dat,.dat,2326762,ok,
/srv/gnss-archive/legacy/RECOVERED_SEAGATE_W2A0W9T2_DATA0/RAW/2012/AURA/AURA201208240000A.T02,.t02,1188142,ok,
/srv/gnss-archive/legacy/RECOVERED_SEAGATE_W2A0W9T2_DATA0/RAW/2012/AURA/AURA201208240000A.dat,.dat,2326548,ok,
/srv/gnss-archive/legacy/RECOVERED_SEAGATE_W2A0W9T2_DATA0/RAW/2012/AURA/AURA201208250000A.T02,.t02,1185888,ok,
/srv/gnss-archive/legacy/RECOVERED_SEAGATE_W2A0W9T2_DATA0/RAW/2012/AURA/AURA201208250000A.dat,.dat,2325474,ok,
/srv/gnss-archive/legacy/RECOVERED_SEAGATE_W2A0W9T2_DATA0/RAW/2012/AURA/AURA201208260000A.T02,.t02,1197446,ok,
/srv/gnss-archive/legacy/RECOVERED_SEAGATE_W2A0W9T2_DATA0/RAW/2012/AURA/AURA201208260000A.dat,.dat,2324886,ok,
/srv/gnss-archive/legacy/RECOVERED_SEAGATE_W2A0W9T2_DATA0/RAW/2012/AURA/AURA201208270000A.T02,.t02,1186546,ok,
/srv/gnss-archive/legacy/RECOVERED_SEAGATE_W2A0W9T2_DATA0/RAW/2012/AURA/AURA201208270000A.dat,.dat,2327214,ok,
/srv/gnss-archive/legacy/RECOVERED_SEAGATE_W2A0W9T2_DATA0/RAW/2012/AURA/AURA201208280000A.T02,.t02,1192487,ok,
/srv/gnss-archive/legacy/RECOVERED_SEAGATE_W2A0W9T2_DATA0/RAW/2012/AURA/AURA201208280000A.dat,.dat,2328938,ok,
/srv/gnss-archive/legacy/RECOVERED_SEAGATE_W2A0W9T2_DATA0/RAW/2012/AURA/AURA201208290000A.T02,.t02,1191509,ok,
/srv/gnss-archive/legacy/RECOVERED_SEAGATE_W2A0W9T2_DATA0/RAW/2012/AURA/AURA201208290000A.dat,.dat,2314864,ok,
/srv/gnss-archive/legacy/RECOVERED_SEAGATE_W2A0W9T2_DATA0/RAW/2012/AURA/AURA201208300000A.T02,.t02,1200404,ok,
/srv/gnss-archive/legacy/RECOVERED_SEAGATE_W2A0W9T2_DATA0/RAW/2012/AURA/AURA201208300000A.dat,.dat,2332027,ok,
/srv/gnss-archive/legacy/RECOVERED_SEAGATE_W2A0W9T2_DATA0/RAW/2012/AURA/AURA201208310000A.T02,.t02,1203673,ok,
/srv/gnss-archive/legacy/RECOVERED_SEAGATE_W2A0W9T2_DATA0/RAW/2012/AURA/AURA201208310000A.dat,.dat,2330657,ok,
/srv/gnss-archive/legacy/RECOVERED_SEAGATE_W2A0W9T2_DATA0/RAW/2012/AURA/AURA201209010000A.T02,.t02,1197760,ok,
/srv/gnss-archive/legacy/RECOVERED_SEAGATE_W2A0W9T2_DATA0/RAW/2012/AURA/AURA201209010000A.dat,.dat,2329859,ok,
/srv/gnss-archive/legacy/RECOVERED_SEAGATE_W2A0W9T2_DATA0/RAW/2012/AURA/AURA201209020000A.T02,.t02,1209803,ok,
/srv/gnss-archive/legacy/RECOVERED_SEAGATE_W2A0W9T2_DATA0/RAW/2012/AURA/AURA201209020000A.dat,.dat,2328577,ok,
/srv/gnss-archive/legacy/RECOVERED_SEAGATE_W2A0W9T2_DATA0/RAW/2012/AURA/AURA201209030000A.T02,.t02,1189165,ok,
/srv/gnss-archive/legacy/RECOVERED_SEAGATE_W2A0W9T2_DATA0/RAW/2012/AURA/AURA201209030000A.dat,.dat,2331559,ok,
/srv/gnss-archive/legacy/RECOVERED_SEAGATE_W2A0W9T2_DATA0/RAW/2012/AURA/AURA201209040000A.T02,.t02,1188980,ok,
/srv/gnss-archive/legacy/RECOVERED_SEAGATE_W2A0W9T2_DATA0/RAW/2012/AURA/AURA201209040000A.dat,.dat,2332037,ok,
/srv/gnss-archive/legacy/RECOVERED_SEAGATE_W2A0W9T2_DATA0/RAW/2012/AURA/AURA201209050000A.T02,.t02,1192625,ok,
/srv/gnss-archive/legacy/RECOVERED_SEAGATE_W2A0W9T2_DATA0/RAW/2012/AURA/AURA201209050000A.dat,.dat,2330341,ok,
/srv/gnss-archive/legacy/RECOVERED_SEAGATE_W2A0W9T2_DATA0/RAW/2012/AURA/AURA201209060000A.T02,.t02,1193091,ok,
/srv/gnss-archive/legacy/RECOVERED_SEAGATE_W2A0W9T2_DATA0/RAW/2012/AURA/AURA201209060000A.dat,.dat,2329561,ok,
/srv/gnss-archive/legacy/RECOVERED_SEAGATE_W2A0W9T2_DATA0/RAW/2012/AURA/AURA201209070000A.T02,.t02,1193834,ok,
/srv/gnss-archive/legacy/RECOVERED_SEAGATE_W2A0W9T2_DATA0/RAW/2012/AURA/AURA201209070000A.dat,.dat,2329905,ok,
/srv/gnss-archive/legacy/RECOVERED_SEAGATE_W2A0W9T2_DATA0/RAW/2012/AURA/AURA201209080000A.T02,.t02,1193439,ok,
/srv/gnss-archive/legacy/RECOVERED_SEAGATE_W2A0W9T2_DATA0/RAW/2012/AURA/AURA201209080000A.dat,.dat,2330657,ok,
/srv/gnss-archive/legacy/RECOVERED_SEAGATE_W2A0W9T2_DATA0/RAW/2012/AURA/AURA201209090000A.T02,.t02,1177305,ok,
/srv/gnss-archive/legacy/RECOVERED_SEAGATE_W2A0W9T2_DATA0/RAW/2012/AURA/AURA201209090000A.dat,.dat,2330282,ok,
/srv/gnss-archive/legacy/RECOVERED_SEAGATE_W2A0W9T2_DATA0/RAW/2012/AURA/AURA201209100000A.T02,.t02,1175410,ok,
/srv/gnss-archive/legacy/RECOVERED_SEAGATE_W2A0W9T2_DATA0/RAW/2012/AURA/AURA201209100000A.dat,.dat,2290518,ok,
/srv/gnss-archive/legacy/RECOVERED_SEAGATE_W2A0W9T2_DATA0/RAW/2012/AURA/AURA201209110000A.T02,.t02,1151952,ok,
/srv/gnss-archive/legacy/RECOVERED_SEAGATE_W2A0W9T2_DATA0/RAW/2012/AURA/AURA201209110000A.dat,.dat,2255944,ok,
/srv/gnss-archive/legacy/RECOVERED_SEAGATE_W2A0W9T2_DATA0/RAW/2012/AURA/AURA201209120000A.T02,.t02,1155093,ok,
/srv/gnss-archive/legacy/RECOVERED_SEAGATE_W2A0W9T2_DATA0/RAW/2012/AURA/AURA201209120000A.dat,.dat,2255760,ok,
/srv/gnss-archive/legacy/RECOVERED_SEAGATE_W2A0W9T2_DATA0/RAW/2012/AURA/AURA201209130000A.T02,.t02,1152329,ok,
/srv/gnss-archive/legacy/RECOVERED_SEAGATE_W2A0W9T2_DATA0/RAW/2012/AURA/AURA201209130000A.dat,.dat,2254984,ok,
/srv/gnss-archive/legacy/RECOVERED_SEAGATE_W2A0W9T2_DATA0/RAW/2012/AURA/AURA201209140000A.T02,.t02,1172711,ok,
/srv/gnss-archive/legacy/RECOVERED_SEAGATE_W2A0W9T2_DATA0/RAW/2012/AURA/AURA201209140000A.dat,.dat,2299262,ok,
/srv/gnss-archive/legacy/RECOVERED_SEAGATE_W2A0W9T2_DATA0/RAW/2012/AURA/AURA201209150000A.T02,.t02,1170436,ok,
/srv/gnss-archive/legacy/RECOVERED_SEAGATE_W2A0W9T2_DATA0/RAW/2012/AURA/AURA201209150000A.dat,.dat,2331382,ok,
/srv/gnss-archive/legacy/RECOVERED_SEAGATE_W2A0W9T2_DATA0/RAW/2012/AURA/AURA201209160000A.T02,.t02,1162937,ok,
/srv/gnss-archive/legacy/RECOVERED_SEAGATE_W2A0W9T2_DATA0/RAW/2012/AURA/AURA201209160000A.dat,.dat,2331566,ok,
/srv/gnss-archive/legacy/RECOVERED_SEAGATE_W2A0W9T2_DATA0/RAW/2012/AURA/AURA201209170000A.T02,.t02,1174252,ok,
/srv/gnss-archive/legacy/RECOVERED_SEAGATE_W2A0W9T2_DATA0/RAW/2012/AURA/AURA201209170000A.dat,.dat,2331818,ok,
/srv/gnss-archive/legacy/RECOVERED_SEAGATE_W2A0W9T2_DATA0/RAW/2012/AURA/AURA201209180000A.T02,.t02,1187949,ok,
/srv/gnss-archive/legacy/RECOVERED_SEAGATE_W2A0W9T2_DATA0/RAW/2012/AURA/AURA201209180000A.dat,.dat,2331866,ok,
/srv/gnss-archive/legacy/RECOVERED_SEAGATE_W2A0W9T2_DATA0/RAW/2012/AURA/AURA201209190000A.T02,.t02,1175783,ok,
/srv/gnss-archive/legacy/RECOVERED_SEAGATE_W2A0W9T2_DATA0/RAW/2012/AURA/AURA201209190000A.dat,.dat,2332276,ok,
/srv/gnss-archive/legacy/RECOVERED_SEAGATE_W2A0W9T2_DATA0/RAW/2012/AURA/AURA201209200000A.T02,.t02,1183339,ok,
/srv/gnss-archive/legacy/RECOVERED_SEAGATE_W2A0W9T2_DATA0/RAW/2012/AURA/AURA201209200000A.dat,.dat,2332826,ok,
/srv/gnss-archive/legacy/RECOVERED_SEAGATE_W2A0W9T2_DATA0/RAW/2012/AURA/AURA201209210000A.T02,.t02,1202822,ok,
/srv/gnss-archive/legacy/RECOVERED_SEAGATE_W2A0W9T2_DATA0/RAW/2012/AURA/AURA201209210000A.dat,.dat,2331292,ok,
/srv/gnss-archive/legacy/RECOVERED_SEAGATE_W2A0W9T2_DATA0/RAW/2012/AURA/AURA201209220000A.T02,.t02,1204141,ok,
/srv/gnss-archive/legacy/RECOVERED_SEAGATE_W2A0W9T2_DATA0/RAW/2012/AURA/AURA201209220000A.dat,.dat,2334740,ok,
/srv/gnss-archive/legacy/RECOVERED_SEAGATE_W2A0W9T2_DATA0/RAW/2012/AURA/AURA201209230000A.T02,.t02,1229467,ok,
/srv/gnss-archive/legacy/RECOVERED_SEAGATE_W2A0W9T2_DATA0/RAW/2012/AURA/AURA201209230000A.dat,.dat,2326968,ok,
/srv/gnss-archive/legacy/RECOVERED_SEAGATE_W2A0W9T2_DATA0/RAW/2012/AURA/AURA201209240000A.T02,.t02,1204969,ok,
/srv/gnss-archive/legacy/RECOVERED_SEAGATE_W2A0W9T2_DATA0/RAW/2012/AURA/AURA201209240000A.dat,.dat,2328916,ok,
/srv/gnss-archive/legacy/RECOVERED_SEAGATE_W2A0W9T2_DATA0/RAW/2012/AURA/AURA201209250000A.T02,.t02,1209945,ok,
/srv/gnss-archive/legacy/RECOVERED_SEAGATE_W2A0W9T2_DATA0/RAW/2012/AURA/AURA201209250000A.dat,.dat,2317562,ok,
/srv/gnss-archive/legacy/RECOVERED_SEAGATE_W2A0W9T2_DATA0/RAW/2012/AURA/AURA201209260000A.T02,.t02,1231918,ok,
/srv/gnss-archive/legacy/RECOVERED_SEAGATE_W2A0W9T2_DATA0/RAW/2012/AURA/AURA201209260000A.dat,.dat,2326972,ok,
/srv/gnss-archive/legacy/RECOVERED_SEAGATE_W2A0W9T2_DATA0/RAW/2012/AURA/AURA201209270000A.T02,.t02,1215811,ok,
/srv/gnss-archive/legacy/RECOVERED_SEAGATE_W2A0W9T2_DATA0/RAW/2012/AURA/AURA201209270000A.dat,.dat,2307782,ok,
/srv/gnss-archive/legacy/RECOVERED_SEAGATE_W2A0W9T2_DATA0/RAW/2012/AURA/AURA201209280000A.T02,.t02,1208131,ok,
/srv/gnss-archive/legacy/RECOVERED_SEAGATE_W2A0W9T2_DATA0/RAW/2012/AURA/AURA201209280000A.dat,.dat,2326946,ok,
/srv/gnss-archive/legacy/RECOVERED_SEAGATE_W2A0W9T2_DATA0/RAW/2012/AURA/AURA201209290000A.T02,.t02,1219960,ok,
/srv/gnss-archive/legacy/RECOVERED_SEAGATE_W2A0W9T2_DATA0/RAW/2012/AURA/AURA201209290000A.dat,.dat,2329358,ok,
/srv/gnss-archive/legacy/RECOVERED_SEAGATE_W2A0W9T2_DATA0/RAW/2012/AURA/AURA201209300000A.T02,.t02,1210626,ok,
/srv/gnss-archive/legacy/RECOVERED_SEAGATE_W2A0W9T2_DATA0/RAW/2012/AURA/AURA201209300000A.dat,.dat,2333086,ok,
/srv/gnss-archive/legacy/RECOVERED_SEAGATE_W2A0W9T2_DATA0/RAW/2012/AURA/AURA201210010000A.T02,.t02,1188233,ok,
/srv/gnss-archive/legacy/RECOVERED_SEAGATE_W2A0W9T2_DATA0/RAW/2012/AURA/AURA201210010000A.dat,.dat,2331486,ok,
/srv/gnss-archive/legacy/RECOVERED_SEAGATE_W2A0W9T2_DATA0/RAW/2012/AURA/AURA201210020000A.T02,.t02,1218173,ok,
/srv/gnss-archive/legacy/RECOVERED_SEAGATE_W2A0W9T2_DATA0/RAW/2012/AURA/AURA201210020000A.dat,.dat,2329216,ok,
/srv/gnss-archive/legacy/RECOVERED_SEAGATE_W2A0W9T2_DATA0/RAW/2012/AURA/AURA201210030000A.T02,.t02,1200479,ok,
/srv/gnss-archive/legacy/RECOVERED_SEAGATE_W2A0W9T2_DATA0/RAW/2012/AURA/AURA201210030000A.dat,.dat,2333960,ok,
/srv/gnss-archive/legacy/RECOVERED_SEAGATE_W2A0W9T2_DATA0/RAW/2012/AURA/AURA201210040000A.T02,.t02,1206554,ok,
/srv/gnss-archive/legacy/RECOVERED_SEAGATE_W2A0W9T2_DATA0/RAW/2012/AURA/AURA201210040000A.dat,.dat,2334736,ok,
/srv/gnss-archive/legacy/RECOVERED_SEAGATE_W2A0W9T2_DATA0/RAW/2012/AURA/AURA201210050000A.T02,.t02,1192724,ok,
/srv/gnss-archive/legacy/RECOVERED_SEAGATE_W2A0W9T2_DATA0/RAW/2012/AURA/AURA201210050000A.dat,.dat,2335734,ok,
/srv/gnss-archive/legacy/RECOVERED_SEAGATE_W2A0W9T2_DATA0/RAW/2012/AURA/AURA201210060000A.T02,.t02,1184452,ok,
/srv/gnss-archive/legacy/RECOVERED_SEAGATE_W2A0W9T2_DATA0/RAW/2012/AURA/AURA201210060000A.dat,.dat,2337260,ok,
/srv/gnss-archive/legacy/RECOVERED_SEAGATE_W2A0W9T2_DATA0/RAW/2012/AURA/AURA201210070000A.T02,.t02,1179610,ok,
/srv/gnss-archive/legacy/RECOVERED_SEAGATE_W2A0W9T2_DATA0/RAW/2012/AURA/AURA201210070000A.dat,.dat,2281840,ok,
/srv/gnss-archive/legacy/RECOVERED_SEAGATE_W2A0W9T2_DATA0/RAW/2012/AURA/AURA201210080000A.T02,.t02,1188707,ok,
/srv/gnss-archive/legacy/RECOVERED_SEAGATE_W2A0W9T2_DATA0/RAW/2012/AURA/AURA201210080000A.dat,.dat,2282048,ok,
/srv/gnss-archive/legacy/RECOVERED_SEAGATE_W2A0W9T2_DATA0/RAW/2012/AURA/AURA201210090000A.T02,.t02,1177668,ok,
/srv/gnss-archive/legacy/RECOVERED_SEAGATE_W2A0W9T2_DATA0/RAW/2012/AURA/AURA201210090000A.dat,.dat,2282056,ok,
/srv/gnss-archive/legacy/RECOVERED_SEAGATE_W2A0W9T2_DATA0/RAW/2012/AURA/AURA201210100000A.T02,.t02,1168139,ok,
/srv/gnss-archive/legacy/RECOVERED_SEAGATE_W2A0W9T2_DATA0/RAW/2012/AURA/AURA201210100000A.dat,.dat,2281142,ok,
/srv/gnss-archive/legacy/RECOVERED_SEAGATE_W2A0W9T2_DATA0/RAW/2012/AURA/AURA201210110000A.T02,.t02,1173593,ok,
/srv/gnss-archive/legacy/RECOVERED_SEAGATE_W2A0W9T2_DATA0/RAW/2012/AURA/AURA201210110000A.dat,.dat,2280814,ok,
/srv/gnss-archive/legacy/RECOVERED_SEAGATE_W2A0W9T2_DATA0/RAW/2012/AURA/AURA201210120000A.T02,.t02,1171502,ok,
/srv/gnss-archive/legacy/RECOVERED_SEAGATE_W2A0W9T2_DATA0/RAW/2012/AURA/AURA201210120000A.dat,.dat,2281598,ok,
/srv/gnss-archive/legacy/RECOVERED_SEAGATE_W2A0W9T2_DATA0/RAW/2012/AURA/AURA201210130000A.T02,.t02,1166989,ok,
/srv/gnss-archive/legacy/RECOVERED_SEAGATE_W2A0W9T2_DATA0/RAW/2012/AURA/AURA201210130000A.dat,.dat,2281932,ok,
/srv/gnss-archive/legacy/RECOVERED_SEAGATE_W2A0W9T2_DATA0/RAW/2012/AURA/AURA201210140000A.T02,.t02,1156477,ok,
/srv/gnss-archive/legacy/RECOVERED_SEAGATE_W2A0W9T2_DATA0/RAW/2012/AURA/AURA201210140000A.dat,.dat,2282444,ok,
/srv/gnss-archive/legacy/RECOVERED_SEAGATE_W2A0W9T2_DATA0/RAW/2012/AURA/AURA201210150000A.T02,.t02,1175959,ok,
/srv/gnss-archive/legacy/RECOVERED_SEAGATE_W2A0W9T2_DATA0/RAW/2012/AURA/AURA201210150000A.dat,.dat,2282124,ok,
/srv/gnss-archive/legacy/RECOVERED_SEAGATE_W2A0W9T2_DATA0/RAW/2012/AURA/AURA201210160000A.T02,.t02,1202274,ok,
/srv/gnss-archive/legacy/RECOVERED_SEAGATE_W2A0W9T2_DATA0/RAW/2012/AURA/AURA201210160000A.dat,.dat,2280646,ok,
/srv/gnss-archive/legacy/RECOVERED_SEAGATE_W2A0W9T2_DATA0/RAW/2012/AURA/AURA201210170000A.T02,.t02,1183107,ok,
/srv/gnss-archive/legacy/RECOVERED_SEAGATE_W2A0W9T2_DATA0/RAW/2012/AURA/AURA201210170000A.dat,.dat,2281062,ok,
/srv/gnss-archive/legacy/RECOVERED_SEAGATE_W2A0W9T2_DATA0/RAW/2012/AURA/AURA201210180000A.T02,.t02,1174112,ok,
/srv/gnss-archive/legacy/RECOVERED_SEAGATE_W2A0W9T2_DATA0/RAW/2012/AURA/AURA201210180000A.dat,.dat,2277758,ok,
/srv/gnss-archive/legacy/RECOVERED_SEAGATE_W2A0W9T2_DATA0/RAW/2012/AURA/AURA201210190000A.T02,.t02,1164795,ok,
/srv/gnss-archive/legacy/RECOVERED_SEAGATE_W2A0W9T2_DATA0/RAW/2012/AURA/AURA201210190000A.dat,.dat,2277721,ok,
/srv/gnss-archive/legacy/RECOVERED_SEAGATE_W2A0W9T2_DATA0/RAW/2012/AURA/AURA201210200000A.T02,.t02,1168652,ok,
/srv/gnss-archive/legacy/RECOVERED_SEAGATE_W2A0W9T2_DATA0/RAW/2012/AURA/AURA201210200000A.dat,.dat,2281085,ok,
/srv/gnss-archive/legacy/RECOVERED_SEAGATE_W2A0W9T2_DATA0/RAW/2012/AURA/AURA201210210000A.T02,.t02,1162903,ok,
/srv/gnss-archive/legacy/RECOVERED_SEAGATE_W2A0W9T2_DATA0/RAW/2012/AURA/AURA201210210000A.dat,.dat,2280377,ok,
/srv/gnss-archive/legacy/RECOVERED_SEAGATE_W2A0W9T2_DATA0/RAW/2012/AURA/AURA201210220000A.T02,.t02,1160802,ok,
/srv/gnss-archive/legacy/RECOVERED_SEAGATE_W2A0W9T2_DATA0/RAW/2012/AURA/AURA201210220000A.dat,.dat,2279917,ok,
/srv/gnss-archive/legacy/RECOVERED_SEAGATE_W2A0W9T2_DATA0/RAW/2012/AURA/AURA201210230000A.T02,.t02,1184741,ok,
/srv/gnss-archive/legacy/RECOVERED_SEAGATE_W2A0W9T2_DATA0/RAW/2012/AURA/AURA201210230000A.dat,.dat,2279991,ok,
/srv/gnss-archive/legacy/RECOVERED_SEAGATE_W2A0W9T2_DATA0/RAW/2012/AURA/AURA201210240000A.T02,.t02,1193147,ok,
/srv/gnss-archive/legacy/RECOVERED_SEAGATE_W2A0W9T2_DATA0/RAW/2012/AURA/AURA201210240000A.dat,.dat,2281795,ok,
/srv/gnss-archive/legacy/RECOVERED_SEAGATE_W2A0W9T2_DATA0/RAW/2012/AURA/AURA201210250000A.T02,.t02,1194959,ok,
/srv/gnss-archive/legacy/RECOVERED_SEAGATE_W2A0W9T2_DATA0/RAW/2012/AURA/AURA201210250000A.dat,.dat,2278723,ok,
/srv/gnss-archive/legacy/RECOVERED_SEAGATE_W2A0W9T2_DATA0/RAW/2012/AURA/AURA201210260000A.T02,.t02,1192534,ok,
/srv/gnss-archive/legacy/RECOVERED_SEAGATE_W2A0W9T2_DATA0/RAW/2012/AURA/AURA201210260000A.dat,.dat,2260377,ok,
/srv/gnss-archive/legacy/RECOVERED_SEAGATE_W2A0W9T2_DATA0/RAW/2012/AURA/AURA201210270000A.T02,.t02,1182219,ok,
/srv/gnss-archive/legacy/RECOVERED_SEAGATE_W2A0W9T2_DATA0/RAW/2012/AURA/AURA201210270000A.dat,.dat,2283289,ok,
/srv/gnss-archive/legacy/RECOVERED_SEAGATE_W2A0W9T2_DATA0/RAW/2012/AURA/AURA201210280000A.T02,.t02,1183099,ok,
/srv/gnss-archive/legacy/RECOVERED_SEAGATE_W2A0W9T2_DATA0/RAW/2012/AURA/AURA201210280000A.dat,.dat,2283507,ok,
/srv/gnss-archive/legacy/RECOVERED_SEAGATE_W2A0W9T2_DATA0/RAW/2012/AURA/AURA201210290000A.T02,.t02,1185774,ok,
/srv/gnss-archive/legacy/RECOVERED_SEAGATE_W2A0W9T2_DATA0/RAW/2012/AURA/AURA201210290000A.dat,.dat,2283404,ok,
/srv/gnss-archive/legacy/RECOVERED_SEAGATE_W2A0W9T2_DATA0/RAW/2012/AURA/AURA201210300000A.T02,.t02,1190875,ok,
/srv/gnss-archive/legacy/RECOVERED_SEAGATE_W2A0W9T2_DATA0/RAW/2012/AURA/AURA201210300000A.dat,.dat,2282926,ok,
/srv/gnss-archive/legacy/RECOVERED_SEAGATE_W2A0W9T2_DATA0/RAW/2012/AURA/AURA201210310000A.T02,.t02,1191562,ok,
/srv/gnss-archive/legacy/RECOVERED_SEAGATE_W2A0W9T2_DATA0/RAW/2012/AURA/AURA201210310000A.dat,.dat,2283820,ok,
/srv/gnss-archive/legacy/RECOVERED_SEAGATE_W2A0W9T2_DATA0/RAW/2012/AURA/AURA201211010000A.T02,.t02,1184822,ok,
/srv/gnss-archive/legacy/RECOVERED_SEAGATE_W2A0W9T2_DATA0/RAW/2012/AURA/AURA201211010000A.dat,.dat,2285518,ok,
/srv/gnss-archive/legacy/RECOVERED_SEAGATE_W2A0W9T2_DATA0/RAW/2012/AURA/AURA201211020000A.T02,.t02,1186285,ok,
/srv/gnss-archive/legacy/RECOVERED_SEAGATE_W2A0W9T2_DATA0/RAW/2012/AURA/AURA201211020000A.dat,.dat,2285182,ok,
/srv/gnss-archive/legacy/RECOVERED_SEAGATE_W2A0W9T2_DATA0/RAW/2012/AURA/AURA201211030000A.T02,.t02,1187676,ok,
/srv/gnss-archive/legacy/RECOVERED_SEAGATE_W2A0W9T2_DATA0/RAW/2012/AURA/AURA201211030000A.dat,.dat,2285030,ok,
/srv/gnss-archive/legacy/RECOVERED_SEAGATE_W2A0W9T2_DATA0/RAW/2012/AURA/AURA201211040000A.T02,.t02,1182506,ok,
/srv/gnss-archive/legacy/RECOVERED_SEAGATE_W2A0W9T2_DATA0/RAW/2012/AURA/AURA201211040000A.dat,.dat,2284816,ok,
/srv/gnss-archive/legacy/RECOVERED_SEAGATE_W2A0W9T2_DATA0/RAW/2012/AURA/AURA201211050000A.T02,.t02,1170412,ok,
/srv/gnss-archive/legacy/RECOVERED_SEAGATE_W2A0W9T2_DATA0/RAW/2012/AURA/AURA201211050000A.dat,.dat,2285486,ok,
/srv/gnss-archive/legacy/RECOVERED_SEAGATE_W2A0W9T2_DATA0/RAW/2012/AURA/AURA201211060000A.T02,.t02,1176684,ok,
/srv/gnss-archive/legacy/RECOVERED_SEAGATE_W2A0W9T2_DATA0/RAW/2012/AURA/AURA201211060000A.dat,.dat,2285284,ok,
/srv/gnss-archive/legacy/RECOVERED_SEAGATE_W2A0W9T2_DATA0/RAW/2012/AURA/AURA201211070000A.T02,.t02,1179703,ok,
/srv/gnss-archive/legacy/RECOVERED_SEAGATE_W2A0W9T2_DATA0/RAW/2012/AURA/AURA201211070000A.dat,.dat,2283384,ok,
/srv/gnss-archive/legacy/RECOVERED_SEAGATE_W2A0W9T2_DATA0/RAW/2012/AURA/AURA201211080000A.T02,.t02,1181318,ok,
/srv/gnss-archive/legacy/RECOVERED_SEAGATE_W2A0W9T2_DATA0/RAW/2012/AURA/AURA201211080000A.dat,.dat,2284808,ok,
/srv/gnss-archive/legacy/RECOVERED_SEAGATE_W2A0W9T2_DATA0/RAW/2012/AURA/AURA201211300000A.T02,.t02,1187730,ok,
/srv/gnss-archive/legacy/RECOVERED_SEAGATE_W2A0W9T2_DATA0/RAW/2012/AURA/AURA201211090000A.T02,.t02,1183703,ok,
/srv/gnss-archive/legacy/RECOVERED_SEAGATE_W2A0W9T2_DATA0/RAW/2012/AURA/AURA201211290000A.dat,.dat,2344630,ok,
/srv/gnss-archive/legacy/RECOVERED_SEAGATE_W2A0W9T2_DATA0/RAW/2012/AURA/AURA201211090000A.dat,.dat,2284060,ok,
/srv/gnss-archive/legacy/RECOVERED_SEAGATE_W2A0W9T2_DATA0/RAW/2012/AURA/AURA201211300000A.dat,.dat,2343192,ok,
/srv/gnss-archive/legacy/RECOVERED_SEAGATE_W2A0W9T2_DATA0/RAW/2012/AURA/AURA201211100000A.T02,.t02,1186599,ok,
/srv/gnss-archive/legacy/RECOVERED_SEAGATE_W2A0W9T2_DATA0/RAW/2012/AURA/AURA201212010000A.T02,.t02,1188196,ok,
/srv/gnss-archive/legacy/RECOVERED_SEAGATE_W2A0W9T2_DATA0/RAW/2012/AURA/AURA201211100000A.dat,.dat,2284830,ok,
/srv/gnss-archive/legacy/RECOVERED_SEAGATE_W2A0W9T2_DATA0/RAW/2012/AURA/AURA201212010000A.dat,.dat,2343166,ok,
/srv/gnss-archive/legacy/RECOVERED_SEAGATE_W2A0W9T2_DATA0/RAW/2012/AURA/AURA201211110000A.T02,.t02,1185135,ok,
/srv/gnss-archive/legacy/RECOVERED_SEAGATE_W2A0W9T2_DATA0/RAW/2012/AURA/AURA201212020000A.T02,.t02,1187985,ok,
/srv/gnss-archive/legacy/RECOVERED_SEAGATE_W2A0W9T2_DATA0/RAW/2012/AURA/AURA201211110000A.dat,.dat,2284882,ok,
/srv/gnss-archive/legacy/RECOVERED_SEAGATE_W2A0W9T2_DATA0/RAW/2012/AURA/AURA201212020000A.dat,.dat,2341102,ok,
/srv/gnss-archive/legacy/RECOVERED_SEAGATE_W2A0W9T2_DATA0/RAW/2012/AURA/AURA201211120000A.T02,.t02,1183396,ok,
/srv/gnss-archive/legacy/RECOVERED_SEAGATE_W2A0W9T2_DATA0/RAW/2012/AURA/AURA201212030000A.T02,.t02,1191673,ok,
/srv/gnss-archive/legacy/RECOVERED_SEAGATE_W2A0W9T2_DATA0/RAW/2012/AURA/AURA201211120000A.dat,.dat,2284396,ok,
/srv/gnss-archive/legacy/RECOVERED_SEAGATE_W2A0W9T2_DATA0/RAW/2012/AURA/AURA201212030000A.dat,.dat,2342200,ok,
/srv/gnss-archive/legacy/RECOVERED_SEAGATE_W2A0W9T2_DATA0/RAW/2012/AURA/AURA201211130000A.T02,.t02,1179623,ok,
/srv/gnss-archive/legacy/RECOVERED_SEAGATE_W2A0W9T2_DATA0/RAW/2012/AURA/AURA201212040000A.T02,.t02,1176863,ok,
/srv/gnss-archive/legacy/RECOVERED_SEAGATE_W2A0W9T2_DATA0/RAW/2012/AURA/AURA201211130000A.dat,.dat,2255990,ok,
/srv/gnss-archive/legacy/RECOVERED_SEAGATE_W2A0W9T2_DATA0/RAW/2012/AURA/AURA201212040000A.dat,.dat,2342168,ok,
/srv/gnss-archive/legacy/RECOVERED_SEAGATE_W2A0W9T2_DATA0/RAW/2012/AURA/AURA201211140000A.T02,.t02,1201770,ok,
/srv/gnss-archive/legacy/RECOVERED_SEAGATE_W2A0W9T2_DATA0/RAW/2012/AURA/AURA201212050000A.T02,.t02,1165268,ok,
/srv/gnss-archive/legacy/RECOVERED_SEAGATE_W2A0W9T2_DATA0/RAW/2012/AURA/AURA201211140000A.dat,.dat,2342184,ok,
/srv/gnss-archive/legacy/RECOVERED_SEAGATE_W2A0W9T2_DATA0/RAW/2012/AURA/AURA201212050000A.dat,.dat,2341334,ok,
/srv/gnss-archive/legacy/RECOVERED_SEAGATE_W2A0W9T2_DATA0/RAW/2012/AURA/AURA201211150000A.T02,.t02,1203105,ok,
/srv/gnss-archive/legacy/RECOVERED_SEAGATE_W2A0W9T2_DATA0/RAW/2012/AURA/AURA201212060000A.T02,.t02,1163361,ok,
/srv/gnss-archive/legacy/RECOVERED_SEAGATE_W2A0W9T2_DATA0/RAW/2012/AURA/AURA201211150000A.dat,.dat,2334652,ok,
/srv/gnss-archive/legacy/RECOVERED_SEAGATE_W2A0W9T2_DATA0/RAW/2012/AURA/AURA201212060000A.dat,.dat,2326020,ok,
/srv/gnss-archive/legacy/RECOVERED_SEAGATE_W2A0W9T2_DATA0/RAW/2012/AURA/AURA201211160000A.T02,.t02,1206875,ok,
/srv/gnss-archive/legacy/RECOVERED_SEAGATE_W2A0W9T2_DATA0/RAW/2012/AURA/AURA201212070000A.T02,.t02,1178009,ok,
/srv/gnss-archive/legacy/RECOVERED_SEAGATE_W2A0W9T2_DATA0/RAW/2012/AURA/AURA201211160000A.dat,.dat,2340740,ok,
/srv/gnss-archive/legacy/RECOVERED_SEAGATE_W2A0W9T2_DATA0/RAW/2012/AURA/AURA201212070000A.dat,.dat,2342181,ok,
/srv/gnss-archive/legacy/RECOVERED_SEAGATE_W2A0W9T2_DATA0/RAW/2012/AURA/AURA201211170000A.T02,.t02,1207266,ok,
/srv/gnss-archive/legacy/RECOVERED_SEAGATE_W2A0W9T2_DATA0/RAW/2012/AURA/AURA201212080000A.T02,.t02,1174805,ok,
/srv/gnss-archive/legacy/RECOVERED_SEAGATE_W2A0W9T2_DATA0/RAW/2012/AURA/AURA201211170000A.dat,.dat,2341588,ok,
/srv/gnss-archive/legacy/RECOVERED_SEAGATE_W2A0W9T2_DATA0/RAW/2012/AURA/AURA201212080000A.dat,.dat,2342987,ok,
/srv/gnss-archive/legacy/RECOVERED_SEAGATE_W2A0W9T2_DATA0/RAW/2012/AURA/AURA201211180000A.T02,.t02,1197596,ok,
/srv/gnss-archive/legacy/RECOVERED_SEAGATE_W2A0W9T2_DATA0/RAW/2012/AURA/AURA201212090000A.T02,.t02,1176464,ok,
/srv/gnss-archive/legacy/RECOVERED_SEAGATE_W2A0W9T2_DATA0/RAW/2012/AURA/AURA201211180000A.dat,.dat,2342290,ok,
/srv/gnss-archive/legacy/RECOVERED_SEAGATE_W2A0W9T2_DATA0/RAW/2012/AURA/AURA201212090000A.dat,.dat,2343443,ok,
/srv/gnss-archive/legacy/RECOVERED_SEAGATE_W2A0W9T2_DATA0/RAW/2012/AURA/AURA201211190000A.T02,.t02,1208990,ok,
/srv/gnss-archive/legacy/RECOVERED_SEAGATE_W2A0W9T2_DATA0/RAW/2012/AURA/AURA201212100000A.T02,.t02,1175928,ok,
/srv/gnss-archive/legacy/RECOVERED_SEAGATE_W2A0W9T2_DATA0/RAW/2012/AURA/AURA201211190000A.dat,.dat,2343278,ok,
/srv/gnss-archive/legacy/RECOVERED_SEAGATE_W2A0W9T2_DATA0/RAW/2012/AURA/AURA201212100000A.dat,.dat,2343625,ok,
/srv/gnss-archive/legacy/RECOVERED_SEAGATE_W2A0W9T2_DATA0/RAW/2012/AURA/AURA201211200000A.T02,.t02,1201913,ok,
/srv/gnss-archive/legacy/RECOVERED_SEAGATE_W2A0W9T2_DATA0/RAW/2012/AURA/AURA201212110000A.T02,.t02,1185491,ok,
/srv/gnss-archive/legacy/RECOVERED_SEAGATE_W2A0W9T2_DATA0/RAW/2012/AURA/AURA201211200000A.dat,.dat,2341208,ok,
/srv/gnss-archive/legacy/RECOVERED_SEAGATE_W2A0W9T2_DATA0/RAW/2012/AURA/AURA201212110000A.dat,.dat,2342517,ok,
/srv/gnss-archive/legacy/RECOVERED_SEAGATE_W2A0W9T2_DATA0/RAW/2012/AURA/AURA201211210000A.T02,.t02,1182737,ok,
/srv/gnss-archive/legacy/RECOVERED_SEAGATE_W2A0W9T2_DATA0/RAW/2012/AURA/AURA201212120000A.T02,.t02,1171635,ok,
/srv/gnss-archive/legacy/RECOVERED_SEAGATE_W2A0W9T2_DATA0/RAW/2012/AURA/AURA201211210000A.dat,.dat,2341202,ok,
/srv/gnss-archive/legacy/RECOVERED_SEAGATE_W2A0W9T2_DATA0/RAW/2012/AURA/AURA201212120000A.dat,.dat,2309453,ok,
/srv/gnss-archive/legacy/RECOVERED_SEAGATE_W2A0W9T2_DATA0/RAW/2012/AURA/AURA201211220000A.T02,.t02,1180193,ok,
/srv/gnss-archive/legacy/RECOVERED_SEAGATE_W2A0W9T2_DATA0/RAW/2012/AURA/AURA201212130000A.T02,.t02,1171905,ok,
/srv/gnss-archive/legacy/RECOVERED_SEAGATE_W2A0W9T2_DATA0/RAW/2012/AURA/AURA201211220000A.dat,.dat,2341718,ok,
/srv/gnss-archive/legacy/RECOVERED_SEAGATE_W2A0W9T2_DATA0/RAW/2012/AURA/AURA201212130000A.dat,.dat,2341773,ok,
/srv/gnss-archive/legacy/RECOVERED_SEAGATE_W2A0W9T2_DATA0/RAW/2012/AURA/AURA201211230000A.T02,.t02,1181975,ok,
/srv/gnss-archive/legacy/RECOVERED_SEAGATE_W2A0W9T2_DATA0/RAW/2012/AURA/AURA201212140000A.T02,.t02,1182806,ok,
/srv/gnss-archive/legacy/RECOVERED_SEAGATE_W2A0W9T2_DATA0/RAW/2012/AURA/AURA201211230000A.dat,.dat,2341512,ok,
/srv/gnss-archive/legacy/RECOVERED_SEAGATE_W2A0W9T2_DATA0/RAW/2012/AURA/AURA201212140000A.dat,.dat,2343065,ok,
/srv/gnss-archive/legacy/RECOVERED_SEAGATE_W2A0W9T2_DATA0/RAW/2012/AURA/AURA201211240000A.T02,.t02,1180317,ok,
/srv/gnss-archive/legacy/RECOVERED_SEAGATE_W2A0W9T2_DATA0/RAW/2012/AURA/AURA201212150000A.T02,.t02,1182474,ok,
/srv/gnss-archive/legacy/RECOVERED_SEAGATE_W2A0W9T2_DATA0/RAW/2012/AURA/AURA201211240000A.dat,.dat,2341896,ok,
/srv/gnss-archive/legacy/RECOVERED_SEAGATE_W2A0W9T2_DATA0/RAW/2012/AURA/AURA201212150000A.dat,.dat,2343183,ok,
/srv/gnss-archive/legacy/RECOVERED_SEAGATE_W2A0W9T2_DATA0/RAW/2012/AURA/AURA201211250000A.T02,.t02,1190179,ok,
/srv/gnss-archive/legacy/RECOVERED_SEAGATE_W2A0W9T2_DATA0/RAW/2012/AURA/AURA201212160000A.T02,.t02,1181851,ok,
/srv/gnss-archive/legacy/RECOVERED_SEAGATE_W2A0W9T2_DATA0/RAW/2012/AURA/AURA201211250000A.dat,.dat,2342594,ok,
/srv/gnss-archive/legacy/RECOVERED_SEAGATE_W2A0W9T2_DATA0/RAW/2012/AURA/AURA201212160000A.dat,.dat,2343713,ok,
/srv/gnss-archive/legacy/RECOVERED_SEAGATE_W2A0W9T2_DATA0/RAW/2012/AURA/AURA201211260000A.T02,.t02,1176168,ok,
/srv/gnss-archive/legacy/RECOVERED_SEAGATE_W2A0W9T2_DATA0/RAW/2012/AURA/AURA201212170000A.T02,.t02,1172973,ok,
/srv/gnss-archive/legacy/RECOVERED_SEAGATE_W2A0W9T2_DATA0/RAW/2012/AURA/AURA201211260000A.dat,.dat,2341668,ok,
/srv/gnss-archive/legacy/RECOVERED_SEAGATE_W2A0W9T2_DATA0/RAW/2012/AURA/AURA201212170000A.dat,.dat,2335363,ok,
/srv/gnss-archive/legacy/RECOVERED_SEAGATE_W2A0W9T2_DATA0/RAW/2012/AURA/AURA201211270000A.T02,.t02,1174885,ok,
/srv/gnss-archive/legacy/RECOVERED_SEAGATE_W2A0W9T2_DATA0/RAW/2012/AURA/AURA201212180000A.T02,.t02,1182760,ok,
/srv/gnss-archive/legacy/RECOVERED_SEAGATE_W2A0W9T2_DATA0/RAW/2012/AURA/AURA201211270000A.dat,.dat,2342532,ok,
/srv/gnss-archive/legacy/RECOVERED_SEAGATE_W2A0W9T2_DATA0/RAW/2012/AURA/AURA201212180000A.dat,.dat,2345158,ok,
/srv/gnss-archive/legacy/RECOVERED_SEAGATE_W2A0W9T2_DATA0/RAW/2012/AURA/AURA201211280000A.T02,.t02,1184707,ok,
/srv/gnss-archive/legacy/RECOVERED_SEAGATE_W2A0W9T2_DATA0/RAW/2012/AURA/AURA201212190000A.T02,.t02,1184022,ok,
/srv/gnss-archive/legacy/RECOVERED_SEAGATE_W2A0W9T2_DATA0/RAW/2012/AURA/AURA201211280000A.dat,.dat,2343668,ok,
/srv/gnss-archive/legacy/RECOVERED_SEAGATE_W2A0W9T2_DATA0/RAW/2012/AURA/AURA201211290000A.T02,.t02,1187035,ok,
/srv/gnss-archive/legacy/RECOVERED_SEAGATE_W2A0W9T2_DATA0/RAW/2012/AURA/AURA201212200000A.T02,.t02,1164341,ok,
/srv/gnss-archive/legacy/RECOVERED_SEAGATE_W2A0W9T2_DATA0/RAW/2012/AURA/AURA201212200000A.dat,.dat,2307242,ok,
/srv/gnss-archive/legacy/RECOVERED_SEAGATE_W2A0W9T2_DATA0/RAW/2012/AURA/AURA201212210000A.T02,.t02,1176500,ok,
/srv/gnss-archive/legacy/RECOVERED_SEAGATE_W2A0W9T2_DATA0/RAW/2012/AURA/AURA201212210000A.dat,.dat,2344864,ok,
/srv/gnss-archive/legacy/RECOVERED_SEAGATE_W2A0W9T2_DATA0/RAW/2012/AURA/AURA201212220000A.T02,.t02,1182355,ok,
/srv/gnss-archive/legacy/RECOVERED_SEAGATE_W2A0W9T2_DATA0/RAW/2012/AURA/AURA201212220000A.dat,.dat,2344886,ok,
/srv/gnss-archive/legacy/RECOVERED_SEAGATE_W2A0W9T2_DATA0/RAW/2012/AURA/AURA201212230000A.T02,.t02,1180230,ok,
/srv/gnss-archive/legacy/RECOVERED_SEAGATE_W2A0W9T2_DATA0/RAW/2012/AURA/AURA201212230000A.dat,.dat,2345080,ok,
/srv/gnss-archive/legacy/RECOVERED_SEAGATE_W2A0W9T2_DATA0/RAW/2012/AURA/AURA201212240000A.T02,.t02,1180493,ok,
/srv/gnss-archive/legacy/RECOVERED_SEAGATE_W2A0W9T2_DATA0/RAW/2012/AURA/AURA201212240000A.dat,.dat,2344718,ok,
/srv/gnss-archive/legacy/RECOVERED_SEAGATE_W2A0W9T2_DATA0/RAW/2012/AURA/AURA201212250000A.T02,.t02,1194611,ok,
/srv/gnss-archive/legacy/RECOVERED_SEAGATE_W2A0W9T2_DATA0/RAW/2012/AURA/AURA201212250000A.dat,.dat,2345968,ok,
/srv/gnss-archive/legacy/RECOVERED_SEAGATE_W2A0W9T2_DATA0/RAW/2012/AURA/AURA201212260000A.T02,.t02,1204019,ok,
/srv/gnss-archive/legacy/RECOVERED_SEAGATE_W2A0W9T2_DATA0/RAW/2012/AURA/AURA201212260000A.dat,.dat,2346576,ok,
/srv/gnss-archive/legacy/RECOVERED_SEAGATE_W2A0W9T2_DATA0/RAW/2012/AURA/AURA201212270000A.T02,.t02,1209695,ok,
/srv/gnss-archive/legacy/RECOVERED_SEAGATE_W2A0W9T2_DATA0/RAW/2012/AURA/AURA201212270000A.dat,.dat,2347496,ok,
/srv/gnss-archive/legacy/RECOVERED_SEAGATE_W2A0W9T2_DATA0/RAW/2012/AURA/AURA201212280000A.T02,.t02,1196025,ok,
/srv/gnss-archive/legacy/RECOVERED_SEAGATE_W2A0W9T2_DATA0/RAW/2012/AURA/AURA201212280000A.dat,.dat,2346954,ok,
/srv/gnss-archive/legacy/RECOVERED_SEAGATE_W2A0W9T2_DATA0/RAW/2012/AURA/AURA201212290000A.T02,.t02,1196234,ok,
/srv/gnss-archive/legacy/RECOVERED_SEAGATE_W2A0W9T2_DATA0/RAW/2012/AURA/AURA201212290000A.dat,.dat,2346634,ok,
/srv/gnss-archive/legacy/RECOVERED_SEAGATE_W2A0W9T2_DATA0/RAW/2012/AURA/AURA201212300000A.T02,.t02,1211824,ok,
/srv/gnss-archive/legacy/RECOVERED_SEAGATE_W2A0W9T2_DATA0/RAW/2012/AURA/AURA201212300000A.dat,.dat,2347092,ok,
/srv/gnss-archive/legacy/RECOVERED_SEAGATE_W2A0W9T2_DATA0/RAW/2012/AURA/AURA201212310000A.T02,.t02,1208751,ok,
/srv/gnss-archive/legacy/RECOVERED_SEAGATE_W2A0W9T2_DATA0/RAW/2012/AURA/AURA201212310000A.dat,.dat,2347104,ok,
/srv/gnss-archive/legacy/RECOVERED_SEAGATE_W2A0W9T2_DATA0/RAW/2012/BACO/BACO201202160000a.T00,.t00,496998,ok,
/srv/gnss-archive/legacy/RECOVERED_SEAGATE_W2A0W9T2_DATA0/RAW/2012/BACO/BACO201201010000a.T00,.t00,508709,ok,
/srv/gnss-archive/legacy/RECOVERED_SEAGATE_W2A0W9T2_DATA0/RAW/2012/BACO/BACO201202150000a.T00,.t00,498596,ok,
/srv/gnss-archive/legacy/RECOVERED_SEAGATE_W2A0W9T2_DATA0/RAW/2012/BACO/BACO201201020000a.T00,.t00,509258,ok,
/srv/gnss-archive/legacy/RECOVERED_SEAGATE_W2A0W9T2_DATA0/RAW/2012/BACO/BACO201202170000a.T00,.t00,498198,ok,
/srv/gnss-archive/legacy/RECOVERED_SEAGATE_W2A0W9T2_DATA0/RAW/2012/BACO/BACO201201030000a.T00,.t00,509280,ok,
/srv/gnss-archive/legacy/RECOVERED_SEAGATE_W2A0W9T2_DATA0/RAW/2012/BACO/BACO201202180000a.T00,.t00,498248,ok,
/srv/gnss-archive/legacy/RECOVERED_SEAGATE_W2A0W9T2_DATA0/RAW/2012/BACO/BACO201201040000a.T00,.t00,510275,ok,
/srv/gnss-archive/legacy/RECOVERED_SEAGATE_W2A0W9T2_DATA0/RAW/2012/BACO/BACO201202230000a.T00,.t00,490157,ok,
/srv/gnss-archive/legacy/RECOVERED_SEAGATE_W2A0W9T2_DATA0/RAW/2012/BACO/BACO201201050000a.T00,.t00,510227,ok,
/srv/gnss-archive/legacy/RECOVERED_SEAGATE_W2A0W9T2_DATA0/RAW/2012/BACO/BACO201202240000a.T00,.t00,512876,ok,
/srv/gnss-archive/legacy/RECOVERED_SEAGATE_W2A0W9T2_DATA0/RAW/2012/BACO/BACO201201060000a.T00,.t00,510348,ok,
/srv/gnss-archive/legacy/RECOVERED_SEAGATE_W2A0W9T2_DATA0/RAW/2012/BACO/BACO201202250000a.T00,.t00,514083,ok,
/srv/gnss-archive/legacy/RECOVERED_SEAGATE_W2A0W9T2_DATA0/RAW/2012/BACO/BACO201201070000a.T00,.t00,511164,ok,
/srv/gnss-archive/legacy/RECOVERED_SEAGATE_W2A0W9T2_DATA0/RAW/2012/BACO/BACO201202260000a.T00,.t00,511596,ok,
/srv/gnss-archive/legacy/RECOVERED_SEAGATE_W2A0W9T2_DATA0/RAW/2012/BACO/BACO201201080000a.T00,.t00,509649,ok,
/srv/gnss-archive/legacy/RECOVERED_SEAGATE_W2A0W9T2_DATA0/RAW/2012/BACO/BACO201202270000a.T00,.t00,513018,ok,
/srv/gnss-archive/legacy/RECOVERED_SEAGATE_W2A0W9T2_DATA0/RAW/2012/BACO/BACO201201090000a.T00,.t00,512654,ok,
/srv/gnss-archive/legacy/RECOVERED_SEAGATE_W2A0W9T2_DATA0/RAW/2012/BACO/BACO201202280000a.T00,.t00,500687,ok,
/srv/gnss-archive/legacy/RECOVERED_SEAGATE_W2A0W9T2_DATA0/RAW/2012/BACO/BACO201201100000a.T00,.t00,512124,ok,
/srv/gnss-archive/legacy/RECOVERED_SEAGATE_W2A0W9T2_DATA0/RAW/2012/BACO/BACO201202290000a.T00,.t00,518260,ok,
/srv/gnss-archive/legacy/RECOVERED_SEAGATE_W2A0W9T2_DATA0/RAW/2012/BACO/BACO201201110000a.T00,.t00,511184,ok,
/srv/gnss-archive/legacy/RECOVERED_SEAGATE_W2A0W9T2_DATA0/RAW/2012/BACO/BACO201203010000a.T00,.t00,514339,ok,
/srv/gnss-archive/legacy/RECOVERED_SEAGATE_W2A0W9T2_DATA0/RAW/2012/BACO/BACO201201120000a.T00,.t00,512205,ok,
/srv/gnss-archive/legacy/RECOVERED_SEAGATE_W2A0W9T2_DATA0/RAW/2012/BACO/BACO201203020000a.T00,.t00,518394,ok,
/srv/gnss-archive/legacy/RECOVERED_SEAGATE_W2A0W9T2_DATA0/RAW/2012/BACO/BACO201201130000a.T00,.t00,510517,ok,
/srv/gnss-archive/legacy/RECOVERED_SEAGATE_W2A0W9T2_DATA0/RAW/2012/BACO/BACO201203030000a.T00,.t00,181574,ok,
/srv/gnss-archive/legacy/RECOVERED_SEAGATE_W2A0W9T2_DATA0/RAW/2012/BACO/BACO201201140000a.T00,.t00,510949,ok,
/srv/gnss-archive/legacy/RECOVERED_SEAGATE_W2A0W9T2_DATA0/RAW/2012/BACO/BACO201205140000a.T00,.t00,362946,ok,
/srv/gnss-archive/legacy/RECOVERED_SEAGATE_W2A0W9T2_DATA0/RAW/2012/BACO/BACO201201150000a.T00,.t00,509052,ok,
/srv/gnss-archive/legacy/RECOVERED_SEAGATE_W2A0W9T2_DATA0/RAW/2012/BACO/BACO201205150000a.T00,.t00,505067,ok,
/srv/gnss-archive/legacy/RECOVERED_SEAGATE_W2A0W9T2_DATA0/RAW/2012/BACO/BACO201201160000a.T00,.t00,510598,ok,
/srv/gnss-archive/legacy/RECOVERED_SEAGATE_W2A0W9T2_DATA0/RAW/2012/BACO/BACO201205160000a.T00,.t00,508803,ok,
/srv/gnss-archive/legacy/RECOVERED_SEAGATE_W2A0W9T2_DATA0/RAW/2012/BACO/BACO201201170000a.T00,.t00,511108,ok,
/srv/gnss-archive/legacy/RECOVERED_SEAGATE_W2A0W9T2_DATA0/RAW/2012/BACO/BACO201205170000a.T00,.t00,504851,ok,
/srv/gnss-archive/legacy/RECOVERED_SEAGATE_W2A0W9T2_DATA0/RAW/2012/BACO/BACO201201180000a.T00,.t00,510289,ok,
/srv/gnss-archive/legacy/RECOVERED_SEAGATE_W2A0W9T2_DATA0/RAW/2012/BACO/BACO201205180000a.T00,.t00,506454,ok,
/srv/gnss-archive/legacy/RECOVERED_SEAGATE_W2A0W9T2_DATA0/RAW/2012/BACO/BACO201201190000a.T00,.t00,509080,ok,
/srv/gnss-archive/legacy/RECOVERED_SEAGATE_W2A0W9T2_DATA0/RAW/2012/BACO/BACO201205190000a.T00,.t00,493758,ok,
/srv/gnss-archive/legacy/RECOVERED_SEAGATE_W2A0W9T2_DATA0/RAW/2012/BACO/BACO201201200000a.T00,.t00,512844,ok,
/srv/gnss-archive/legacy/RECOVERED_SEAGATE_W2A0W9T2_DATA0/RAW/2012/BACO/BACO201205200000a.T00,.t00,491361,ok,
/srv/gnss-archive/legacy/RECOVERED_SEAGATE_W2A0W9T2_DATA0/RAW/2012/BACO/BACO201201210000a.T00,.t00,510495,ok,
/srv/gnss-archive/legacy/RECOVERED_SEAGATE_W2A0W9T2_DATA0/RAW/2012/BACO/BACO201205210000a.T00,.t00,491264,ok,
/srv/gnss-archive/legacy/RECOVERED_SEAGATE_W2A0W9T2_DATA0/RAW/2012/BACO/BACO201201220000a.T00,.t00,511318,ok,
/srv/gnss-archive/legacy/RECOVERED_SEAGATE_W2A0W9T2_DATA0/RAW/2012/BACO/BACO201205220000a.T00,.t00,491504,ok,
/srv/gnss-archive/legacy/RECOVERED_SEAGATE_W2A0W9T2_DATA0/RAW/2012/BACO/BACO201201230000a.T00,.t00,511747,ok,
/srv/gnss-archive/legacy/RECOVERED_SEAGATE_W2A0W9T2_DATA0/RAW/2012/BACO/BACO201205230000a.T00,.t00,490740,ok,
/srv/gnss-archive/legacy/RECOVERED_SEAGATE_W2A0W9T2_DATA0/RAW/2012/BACO/BACO201201240000a.T00,.t00,511328,ok,
/srv/gnss-archive/legacy/RECOVERED_SEAGATE_W2A0W9T2_DATA0/RAW/2012/BACO/BACO201205240000a.T00,.t00,491480,ok,
/srv/gnss-archive/legacy/RECOVERED_SEAGATE_W2A0W9T2_DATA0/RAW/2012/BACO/BACO201201250000a.T00,.t00,512072,ok,
/srv/gnss-archive/legacy/RECOVERED_SEAGATE_W2A0W9T2_DATA0/RAW/2012/BACO/BACO201205250000a.T00,.t00,503426,ok,
/srv/gnss-archive/legacy/RECOVERED_SEAGATE_W2A0W9T2_DATA0/RAW/2012/BACO/BACO201201260000a.T00,.t00,510785,ok,
/srv/gnss-archive/legacy/RECOVERED_SEAGATE_W2A0W9T2_DATA0/RAW/2012/BACO/BACO201205260000a.T00,.t00,501769,ok,
/srv/gnss-archive/legacy/RECOVERED_SEAGATE_W2A0W9T2_DATA0/RAW/2012/BACO/BACO201201270000a.T00,.t00,508461,ok,
/srv/gnss-archive/legacy/RECOVERED_SEAGATE_W2A0W9T2_DATA0/RAW/2012/BACO/BACO201205270000a.T00,.t00,500314,ok,
/srv/gnss-archive/legacy/RECOVERED_SEAGATE_W2A0W9T2_DATA0/RAW/2012/BACO/BACO201201280000a.T00,.t00,511447,ok,
/srv/gnss-archive/legacy/RECOVERED_SEAGATE_W2A0W9T2_DATA0/RAW/2012/BACO/BACO201205280000a.T00,.t00,504366,ok,
/srv/gnss-archive/legacy/RECOVERED_SEAGATE_W2A0W9T2_DATA0/RAW/2012/BACO/BACO201201290000a.T00,.t00,237178,ok,
/srv/gnss-archive/legacy/RECOVERED_SEAGATE_W2A0W9T2_DATA0/RAW/2012/BACO/BACO201205290000a.T00,.t00,501915,ok,
/srv/gnss-archive/legacy/RECOVERED_SEAGATE_W2A0W9T2_DATA0/RAW/2012/BACO/BACO201202030000a.T00,.t00,446733,ok,
/srv/gnss-archive/legacy/RECOVERED_SEAGATE_W2A0W9T2_DATA0/RAW/2012/BACO/BACO201205300000a.T00,.t00,503025,ok,
/srv/gnss-archive/legacy/RECOVERED_SEAGATE_W2A0W9T2_DATA0/RAW/2012/BACO/BACO201202040000a.T00,.t00,511005,ok,
/srv/gnss-archive/legacy/RECOVERED_SEAGATE_W2A0W9T2_DATA0/RAW/2012/BACO/BACO201205310000a.T00,.t00,503544,ok,
/srv/gnss-archive/legacy/RECOVERED_SEAGATE_W2A0W9T2_DATA0/RAW/2012/BACO/BACO201202050000a.T00,.t00,510646,ok,
/srv/gnss-archive/legacy/RECOVERED_SEAGATE_W2A0W9T2_DATA0/RAW/2012/BACO/BACO201206010000a.T00,.t00,504815,ok,
/srv/gnss-archive/legacy/RECOVERED_SEAGATE_W2A0W9T2_DATA0/RAW/2012/BACO/BACO201202060000a.T00,.t00,513241,ok,
/srv/gnss-archive/legacy/RECOVERED_SEAGATE_W2A0W9T2_DATA0/RAW/2012/BACO/BACO201206020000a.T00,.t00,503455,ok,
/srv/gnss-archive/legacy/RECOVERED_SEAGATE_W2A0W9T2_DATA0/RAW/2012/BACO/BACO201202070000a.T00,.t00,511984,ok,
/srv/gnss-archive/legacy/RECOVERED_SEAGATE_W2A0W9T2_DATA0/RAW/2012/BACO/BACO201206030000a.T00,.t00,499435,ok,
/srv/gnss-archive/legacy/RECOVERED_SEAGATE_W2A0W9T2_DATA0/RAW/2012/BACO/BACO201202080000a.T00,.t00,512133,ok,
/srv/gnss-archive/legacy/RECOVERED_SEAGATE_W2A0W9T2_DATA0/RAW/2012/BACO/BACO201206040000a.T00,.t00,502020,ok,
/srv/gnss-archive/legacy/RECOVERED_SEAGATE_W2A0W9T2_DATA0/RAW/2012/BACO/BACO201202090000a.T00,.t00,511041,ok,
/srv/gnss-archive/legacy/RECOVERED_SEAGATE_W2A0W9T2_DATA0/RAW/2012/BACO/BACO201206050000a.T00,.t00,415580,ok,
/srv/gnss-archive/legacy/RECOVERED_SEAGATE_W2A0W9T2_DATA0/RAW/2012/BACO/BACO201202100000a.T00,.t00,499531,ok,
/srv/gnss-archive/legacy/RECOVERED_SEAGATE_W2A0W9T2_DATA0/RAW/2012/BACO/BACO201206090000a.T00,.t00,402196,ok,
/srv/gnss-archive/legacy/RECOVERED_SEAGATE_W2A0W9T2_DATA0/RAW/2012/BACO/BACO201202110000a.T00,.t00,498688,ok,
/srv/gnss-archive/legacy/RECOVERED_SEAGATE_W2A0W9T2_DATA0/RAW/2012/BACO/BACO201206100000a.T00,.t00,506129,ok,
/srv/gnss-archive/legacy/RECOVERED_SEAGATE_W2A0W9T2_DATA0/RAW/2012/BACO/BACO201202120000a.T00,.t00,222923,ok,
/srv/gnss-archive/legacy/RECOVERED_SEAGATE_W2A0W9T2_DATA0/RAW/2012/BACO/BACO201206110000a.T00,.t00,506065,ok,
/srv/gnss-archive/legacy/RECOVERED_SEAGATE_W2A0W9T2_DATA0/RAW/2012/BACO/BACO201202130000a.T00,.t00,199836,ok,
/srv/gnss-archive/legacy/RECOVERED_SEAGATE_W2A0W9T2_DATA0/RAW/2012/BACO/BACO201206120000a.T00,.t00,504720,ok,
/srv/gnss-archive/legacy/RECOVERED_SEAGATE_W2A0W9T2_DATA0/RAW/2012/BACO/BACO201202140000a.T00,.t00,496169,ok,
/srv/gnss-archive/legacy/RECOVERED_SEAGATE_W2A0W9T2_DATA0/RAW/2012/BACO/BACO201202190000a.T00,.t00,497318,ok,
/srv/gnss-archive/legacy/RECOVERED_SEAGATE_W2A0W9T2_DATA0/RAW/2012/BACO/BACO201206130000a.T00,.t00,505083,ok,
/srv/gnss-archive/legacy/RECOVERED_SEAGATE_W2A0W9T2_DATA0/RAW/2012/BACO/BACO201202200000a.T00,.t00,497749,ok,
/srv/gnss-archive/legacy/RECOVERED_SEAGATE_W2A0W9T2_DATA0/RAW/2012/BACO/BACO201206140000a.T00,.t00,504889,ok,
/srv/gnss-archive/legacy/RECOVERED_SEAGATE_W2A0W9T2_DATA0/RAW/2012/BACO/BACO201202210000a.T00,.t00,500097,ok,
/srv/gnss-archive/legacy/RECOVERED_SEAGATE_W2A0W9T2_DATA0/RAW/2012/BACO/BACO201206150000a.T00,.t00,506277,ok,
/srv/gnss-archive/legacy/RECOVERED_SEAGATE_W2A0W9T2_DATA0/RAW/2012/BACO/BACO201202220000a.T00,.t00,280685,ok,
/srv/gnss-archive/legacy/RECOVERED_SEAGATE_W2A0W9T2_DATA0/RAW/2012/BACO/BACO201206160000a.T00,.t00,504654,ok,
/srv/gnss-archive/legacy/RECOVERED_SEAGATE_W2A0W9T2_DATA0/RAW/2012/BACO/BACO201206170000a.T00,.t00,507723,ok,
/srv/gnss-archive/legacy/RECOVERED_SEAGATE_W2A0W9T2_DATA0/RAW/2012/BACO/BACO201206180000a.T00,.t00,505554,ok,
/srv/gnss-archive/legacy/RECOVERED_SEAGATE_W2A0W9T2_DATA0/RAW/2012/BACO/BACO201206190000a.T00,.t00,502899,ok,
/srv/gnss-archive/legacy/RECOVERED_SEAGATE_W2A0W9T2_DATA0/RAW/2012/BACO/BACO201206200000a.T00,.t00,503882,ok,
/srv/gnss-archive/legacy/RECOVERED_SEAGATE_W2A0W9T2_DATA0/RAW/2012/BACO/BACO201206210000a.T00,.t00,506452,ok,
/srv/gnss-archive/legacy/RECOVERED_SEAGATE_W2A0W9T2_DATA0/RAW/2012/BACO/BACO201206220000a.T00,.t00,504486,ok,
/srv/gnss-archive/legacy/RECOVERED_SEAGATE_W2A0W9T2_DATA0/RAW/2012/BACO/BACO201206230000a.T00,.t00,503163,ok,
/srv/gnss-archive/legacy/RECOVERED_SEAGATE_W2A0W9T2_DATA0/RAW/2012/BACO/BACO201206240000a.T00,.t00,503367,ok,
/srv/gnss-archive/legacy/RECOVERED_SEAGATE_W2A0W9T2_DATA0/RAW/2012/BACO/BACO201206250000a.T00,.t00,503805,ok,
/srv/gnss-archive/legacy/RECOVERED_SEAGATE_W2A0W9T2_DATA0/RAW/2012/BACO/BACO201206260000a.T00,.t00,503123,ok,
/srv/gnss-archive/legacy/RECOVERED_SEAGATE_W2A0W9T2_DATA0/RAW/2012/BACO/BACO201206270000a.T00,.t00,503964,ok,
/srv/gnss-archive/legacy/RECOVERED_SEAGATE_W2A0W9T2_DATA0/RAW/2012/BACO/BACO201206280000a.T00,.t00,502653,ok,
/srv/gnss-archive/legacy/RECOVERED_SEAGATE_W2A0W9T2_DATA0/RAW/2012/BACO/BACO201206290000a.T00,.t00,503431,ok,
/srv/gnss-archive/legacy/RECOVERED_SEAGATE_W2A0W9T2_DATA0/RAW/2012/BACO/BACO201206300000a.T00,.t00,501980,ok,
/srv/gnss-archive/legacy/RECOVERED_SEAGATE_W2A0W9T2_DATA0/RAW/2012/BACO/BACO201207010000a.T00,.t00,503734,ok,
/srv/gnss-archive/legacy/RECOVERED_SEAGATE_W2A0W9T2_DATA0/RAW/2012/BACO/BACO201207020000a.T00,.t00,500904,ok,
/srv/gnss-archive/legacy/RECOVERED_SEAGATE_W2A0W9T2_DATA0/RAW/2012/BACO/BACO201207030000a.T00,.t00,506557,ok,
/srv/gnss-archive/legacy/RECOVERED_SEAGATE_W2A0W9T2_DATA0/RAW/2012/BACO/BACO201207040000a.T00,.t00,505192,ok,
/srv/gnss-archive/legacy/RECOVERED_SEAGATE_W2A0W9T2_DATA0/RAW/2012/BACO/BACO201207050000a.T00,.t00,505409,ok,
/srv/gnss-archive/legacy/RECOVERED_SEAGATE_W2A0W9T2_DATA0/RAW/2012/BACO/BACO201207060000a.T00,.t00,501966,ok,
/srv/gnss-archive/legacy/RECOVERED_SEAGATE_W2A0W9T2_DATA0/RAW/2012/BACO/BACO201207070000a.T00,.t00,501179,ok,
/srv/gnss-archive/legacy/RECOVERED_SEAGATE_W2A0W9T2_DATA0/RAW/2012/BACO/BACO201207080000a.T00,.t00,502736,ok,
/srv/gnss-archive/legacy/RECOVERED_SEAGATE_W2A0W9T2_DATA0/RAW/2012/BACO/BACO201207090000a.T00,.t00,507640,ok,
/srv/gnss-archive/legacy/RECOVERED_SEAGATE_W2A0W9T2_DATA0/RAW/2012/BACO/BACO201207100000a.T00,.t00,500648,ok,
/srv/gnss-archive/legacy/RECOVERED_SEAGATE_W2A0W9T2_DATA0/RAW/2012/BACO/BACO201207110000a.T00,.t00,501358,ok,
/srv/gnss-archive/legacy/RECOVERED_SEAGATE_W2A0W9T2_DATA0/RAW/2012/BACO/BACO201207120000a.T00,.t00,500376,ok,
/srv/gnss-archive/legacy/RECOVERED_SEAGATE_W2A0W9T2_DATA0/RAW/2012/BACO/BACO201207130000a.T00,.t00,504238,ok,
/srv/gnss-archive/legacy/RECOVERED_SEAGATE_W2A0W9T2_DATA0/RAW/2012/BACO/BACO201207140000a.T00,.t00,496433,ok,
/srv/gnss-archive/legacy/RECOVERED_SEAGATE_W2A0W9T2_DATA0/RAW/2012/BACO/BACO201207150000a.T00,.t00,495942,ok,
/srv/gnss-archive/legacy/RECOVERED_SEAGATE_W2A0W9T2_DATA0/RAW/2012/BACO/BACO201207160000a.T00,.t00,500474,ok,
/srv/gnss-archive/legacy/RECOVERED_SEAGATE_W2A0W9T2_DATA0/RAW/2012/BACO/BACO201207170000a.T00,.t00,497778,ok,
/srv/gnss-archive/legacy/RECOVERED_SEAGATE_W2A0W9T2_DATA0/RAW/2012/BACO/BACO201207180000a.T00,.t00,497331,ok,
/srv/gnss-archive/legacy/RECOVERED_SEAGATE_W2A0W9T2_DATA0/RAW/2012/BACO/BACO201207190000a.T00,.t00,496673,ok,
/srv/gnss-archive/legacy/RECOVERED_SEAGATE_W2A0W9T2_DATA0/RAW/2012/BACO/BACO201207200000a.T00,.t00,502607,ok,
/srv/gnss-archive/legacy/RECOVERED_SEAGATE_W2A0W9T2_DATA0/RAW/2012/BACO/BACO201207210000a.T00,.t00,502947,ok,
/srv/gnss-archive/legacy/RECOVERED_SEAGATE_W2A0W9T2_DATA0/RAW/2012/BACO/BACO201207220000a.T00,.t00,501635,ok,
/srv/gnss-archive/legacy/RECOVERED_SEAGATE_W2A0W9T2_DATA0/RAW/2012/BACO/BACO201207230000a.T00,.t00,501323,ok,
/srv/gnss-archive/legacy/RECOVERED_SEAGATE_W2A0W9T2_DATA0/RAW/2012/BACO/BACO201207240000a.T00,.t00,500101,ok,
/srv/gnss-archive/legacy/RECOVERED_SEAGATE_W2A0W9T2_DATA0/RAW/2012/BACO/BACO201207250000a.T00,.t00,499807,ok,
/srv/gnss-archive/legacy/RECOVERED_SEAGATE_W2A0W9T2_DATA0/RAW/2012/BACO/BACO201207260000a.T00,.t00,495491,ok,
/srv/gnss-archive/legacy/RECOVERED_SEAGATE_W2A0W9T2_DATA0/RAW/2012/BACO/BACO201207270000a.T00,.t00,495894,ok,
/srv/gnss-archive/legacy/RECOVERED_SEAGATE_W2A0W9T2_DATA0/RAW/2012/BACO/BACO201207280000a.T00,.t00,496225,ok,
/srv/gnss-archive/legacy/RECOVERED_SEAGATE_W2A0W9T2_DATA0/RAW/2012/BACO/BACO201207290000a.T00,.t00,499374,ok,
/srv/gnss-archive/legacy/RECOVERED_SEAGATE_W2A0W9T2_DATA0/RAW/2012/BACO/BACO201207300000a.T00,.t00,501388,ok,
/srv/gnss-archive/legacy/RECOVERED_SEAGATE_W2A0W9T2_DATA0/RAW/2012/BACO/BACO201207310000a.T00,.t00,503986,ok,
/srv/gnss-archive/legacy/RECOVERED_SEAGATE_W2A0W9T2_DATA0/RAW/2012/BACO/BACO201208010000a.T00,.t00,503417,ok,
/srv/gnss-archive/legacy/RECOVERED_SEAGATE_W2A0W9T2_DATA0/RAW/2012/BACO/BACO201208020000a.T00,.t00,501883,ok,
/srv/gnss-archive/legacy/RECOVERED_SEAGATE_W2A0W9T2_DATA0/RAW/2012/BACO/BACO201208030000a.T00,.t00,501841,ok,
/srv/gnss-archive/legacy/RECOVERED_SEAGATE_W2A0W9T2_DATA0/RAW/2012/BACO/BACO201208040000a.T00,.t00,502347,ok,
/srv/gnss-archive/legacy/RECOVERED_SEAGATE_W2A0W9T2_DATA0/RAW/2012/BACO/BACO201208050000a.T00,.t00,500582,ok,
/srv/gnss-archive/legacy/RECOVERED_SEAGATE_W2A0W9T2_DATA0/RAW/2012/BACO/BACO201208060000a.T00,.t00,500962,ok,
/srv/gnss-archive/legacy/RECOVERED_SEAGATE_W2A0W9T2_DATA0/RAW/2012/BACO/BACO201208070000a.T00,.t00,504636,ok,
/srv/gnss-archive/legacy/RECOVERED_SEAGATE_W2A0W9T2_DATA0/RAW/2012/BACO/BACO201208080000a.T00,.t00,501096,ok,
/srv/gnss-archive/legacy/RECOVERED_SEAGATE_W2A0W9T2_DATA0/RAW/2012/BACO/BACO201208090000a.T00,.t00,501872,ok,
/srv/gnss-archive/legacy/RECOVERED_SEAGATE_W2A0W9T2_DATA0/RAW/2012/BACO/BACO201208100000a.T00,.t00,503848,ok,
/srv/gnss-archive/legacy/RECOVERED_SEAGATE_W2A0W9T2_DATA0/RAW/2012/BACO/BACO201208110000a.T00,.t00,498141,ok,
/srv/gnss-archive/legacy/RECOVERED_SEAGATE_W2A0W9T2_DATA0/RAW/2012/BACO/BACO201208120000a.T00,.t00,496314,ok,
/srv/gnss-archive/legacy/RECOVERED_SEAGATE_W2A0W9T2_DATA0/RAW/2012/BACO/BACO201208130000a.T00,.t00,495696,ok,
/srv/gnss-archive/legacy/RECOVERED_SEAGATE_W2A0W9T2_DATA0/RAW/2012/BACO/BACO201208140000a.T00,.t00,499780,ok,
/srv/gnss-archive/legacy/RECOVERED_SEAGATE_W2A0W9T2_DATA0/RAW/2012/BACO/BACO201208150000a.T00,.t00,501632,ok,
/srv/gnss-archive/legacy/RECOVERED_SEAGATE_W2A0W9T2_DATA0/RAW/2012/BACO/BACO201208160000a.T00,.t00,502045,ok,
/srv/gnss-archive/legacy/RECOVERED_SEAGATE_W2A0W9T2_DATA0/RAW/2012/BACO/BACO201208170000a.T00,.t00,499997,ok,
/srv/gnss-archive/legacy/RECOVERED_SEAGATE_W2A0W9T2_DATA0/RAW/2012/BACO/BACO201208180000a.T00,.t00,498059,ok,
/srv/gnss-archive/legacy/RECOVERED_SEAGATE_W2A0W9T2_DATA0/RAW/2012/BACO/BACO201208190000a.T00,.t00,190771,ok,
/srv/gnss-archive/legacy/RECOVERED_SEAGATE_W2A0W9T2_DATA0/RAW/2012/BACO/BACO201208280000a.T00,.t00,52288,ok,
/srv/gnss-archive/legacy/RECOVERED_SEAGATE_W2A0W9T2_DATA0/RAW/2012/BACO/BACO201208290000a.T00,.t00,501384,ok,
/srv/gnss-archive/legacy/RECOVERED_SEAGATE_W2A0W9T2_DATA0/RAW/2012/BACO/BACO201208300000a.T00,.t00,501235,ok,
/srv/gnss-archive/legacy/RECOVERED_SEAGATE_W2A0W9T2_DATA0/RAW/2012/BACO/BACO201208310000a.T00,.t00,502835,ok,
/srv/gnss-archive/legacy/RECOVERED_SEAGATE_W2A0W9T2_DATA0/RAW/2012/BACO/BACO201209010000a.T00,.t00,500810,ok,
/srv/gnss-archive/legacy/RECOVERED_SEAGATE_W2A0W9T2_DATA0/RAW/2012/BACO/BACO201209020000a.T00,.t00,508303,ok,
/srv/gnss-archive/legacy/RECOVERED_SEAGATE_W2A0W9T2_DATA0/RAW/2012/BACO/BACO201209030000a.T00,.t00,499478,ok,
/srv/gnss-archive/legacy/RECOVERED_SEAGATE_W2A0W9T2_DATA0/RAW/2012/BACO/BACO201209040000a.T00,.t00,499221,ok,
/srv/gnss-archive/legacy/RECOVERED_SEAGATE_W2A0W9T2_DATA0/RAW/2012/BACO/BACO201209050000a.T00,.t00,498742,ok,
/srv/gnss-archive/legacy/RECOVERED_SEAGATE_W2A0W9T2_DATA0/RAW/2012/BACO/BACO201209060000a.T00,.t00,495174,ok,
/srv/gnss-archive/legacy/RECOVERED_SEAGATE_W2A0W9T2_DATA0/RAW/2012/BACO/BACO201209070000a.T00,.t00,497670,ok,
/srv/gnss-archive/legacy/RECOVERED_SEAGATE_W2A0W9T2_DATA0/RAW/2012/BACO/BACO201209080000a.T00,.t00,502111,ok,
/srv/gnss-archive/legacy/RECOVERED_SEAGATE_W2A0W9T2_DATA0/RAW/2012/BACO/BACO201209090000a.T00,.t00,500238,ok,
/srv/gnss-archive/legacy/RECOVERED_SEAGATE_W2A0W9T2_DATA0/RAW/2012/BACO/BACO201209100000a.T00,.t00,502355,ok,
/srv/gnss-archive/legacy/RECOVERED_SEAGATE_W2A0W9T2_DATA0/RAW/2012/BACO/BACO201209110000a.T00,.t00,488197,ok,
/srv/gnss-archive/legacy/RECOVERED_SEAGATE_W2A0W9T2_DATA0/RAW/2012/BACO/BACO201209120000a.T00,.t00,487500,ok,
/srv/gnss-archive/legacy/RECOVERED_SEAGATE_W2A0W9T2_DATA0/RAW/2012/BACO/BACO201209130000a.T00,.t00,486197,ok,
/srv/gnss-archive/legacy/RECOVERED_SEAGATE_W2A0W9T2_DATA0/RAW/2012/BACO/BACO201209140000a.T00,.t00,498366,ok,
/srv/gnss-archive/legacy/RECOVERED_SEAGATE_W2A0W9T2_DATA0/RAW/2012/BACO/BACO201209150000a.T00,.t00,499597,ok,
/srv/gnss-archive/legacy/RECOVERED_SEAGATE_W2A0W9T2_DATA0/RAW/2012/BACO/BACO201209160000a.T00,.t00,500620,ok,
/srv/gnss-archive/legacy/RECOVERED_SEAGATE_W2A0W9T2_DATA0/RAW/2012/BACO/BACO201209170000a.T00,.t00,220296,ok,
/srv/gnss-archive/legacy/RECOVERED_SEAGATE_W2A0W9T2_DATA0/RAW/2012/BACO/BACO201209260000a.T00,.t00,20675,ok,
/srv/gnss-archive/legacy/RECOVERED_SEAGATE_W2A0W9T2_DATA0/RAW/2012/BACO/BACO201209270000a.T00,.t00,494057,ok,
/srv/gnss-archive/legacy/RECOVERED_SEAGATE_W2A0W9T2_DATA0/RAW/2012/BACO/BACO201209280000a.T00,.t00,502424,ok,
/srv/gnss-archive/legacy/RECOVERED_SEAGATE_W2A0W9T2_DATA0/RAW/2012/BACO/BACO201209290000a.T00,.t00,500703,ok,
/srv/gnss-archive/legacy/RECOVERED_SEAGATE_W2A0W9T2_DATA0/RAW/2012/BACO/BACO201209300000a.T00,.t00,499833,ok,
/srv/gnss-archive/legacy/RECOVERED_SEAGATE_W2A0W9T2_DATA0/RAW/2012/BACO/BACO201210010000a.T00,.t00,495451,ok,
/srv/gnss-archive/legacy/RECOVERED_SEAGATE_W2A0W9T2_DATA0/RAW/2012/BACO/BACO201210020000a.T00,.t00,500840,ok,
/srv/gnss-archive/legacy/RECOVERED_SEAGATE_W2A0W9T2_DATA0/RAW/2012/BACO/BACO201210030000a.T00,.t00,507250,ok,
/srv/gnss-archive/legacy/RECOVERED_SEAGATE_W2A0W9T2_DATA0/RAW/2012/BACO/BACO201210040000a.T00,.t00,505933,ok,
/srv/gnss-archive/legacy/RECOVERED_SEAGATE_W2A0W9T2_DATA0/RAW/2012/BACO/BACO201210050000a.T00,.t00,497212,ok,
/srv/gnss-archive/legacy/RECOVERED_SEAGATE_W2A0W9T2_DATA0/RAW/2012/BACO/BACO201210060000a.T00,.t00,500421,ok,
/srv/gnss-archive/legacy/RECOVERED_SEAGATE_W2A0W9T2_DATA0/RAW/2012/BACO/BACO201210070000a.T00,.t00,489097,ok,
/srv/gnss-archive/legacy/RECOVERED_SEAGATE_W2A0W9T2_DATA0/RAW/2012/BACO/BACO201210080000a.T00,.t00,487631,ok,
/srv/gnss-archive/legacy/RECOVERED_SEAGATE_W2A0W9T2_DATA0/RAW/2012/BACO/BACO201210090000a.T00,.t00,486377,ok,
/srv/gnss-archive/legacy/RECOVERED_SEAGATE_W2A0W9T2_DATA0/RAW/2012/BACO/BACO201210100000a.T00,.t00,486410,ok,
/srv/gnss-archive/legacy/RECOVERED_SEAGATE_W2A0W9T2_DATA0/RAW/2012/BACO/BACO201210110000a.T00,.t00,490377,ok,
/srv/gnss-archive/legacy/RECOVERED_SEAGATE_W2A0W9T2_DATA0/RAW/2012/BACO/BACO201210120000a.T00,.t00,487522,ok,
/srv/gnss-archive/legacy/RECOVERED_SEAGATE_W2A0W9T2_DATA0/RAW/2012/BACO/BACO201210130000a.T00,.t00,487060,ok,
/srv/gnss-archive/legacy/RECOVERED_SEAGATE_W2A0W9T2_DATA0/RAW/2012/BACO/BACO201210140000a.T00,.t00,483948,ok,
/srv/gnss-archive/legacy/RECOVERED_SEAGATE_W2A0W9T2_DATA0/RAW/2012/BACO/BACO201210150000a.T00,.t00,125290,ok,
/srv/gnss-archive/legacy/RECOVERED_SEAGATE_W2A0W9T2_DATA0/RAW/2012/BACO/BACO201210240000a.T00,.t00,466801,ok,
/srv/gnss-archive/legacy/RECOVERED_SEAGATE_W2A0W9T2_DATA0/RAW/2012/BACO/BACO201210250000a.T00,.t00,493093,ok,
/srv/gnss-archive/legacy/RECOVERED_SEAGATE_W2A0W9T2_DATA0/RAW/2012/BACO/BACO201210260000a.T00,.t00,490413,ok,
/srv/gnss-archive/legacy/RECOVERED_SEAGATE_W2A0W9T2_DATA0/RAW/2012/BACO/BACO201210270000a.T00,.t00,488661,ok,
/srv/gnss-archive/legacy/RECOVERED_SEAGATE_W2A0W9T2_DATA0/RAW/2012/BACO/BACO201210280000a.T00,.t00,487517,ok,
/srv/gnss-archive/legacy/RECOVERED_SEAGATE_W2A0W9T2_DATA0/RAW/2012/BACO/BACO201210290000a.T00,.t00,486723,ok,
/srv/gnss-archive/legacy/RECOVERED_SEAGATE_W2A0W9T2_DATA0/RAW/2012/BACO/BACO201210300000a.T00,.t00,489567,ok,
/srv/gnss-archive/legacy/RECOVERED_SEAGATE_W2A0W9T2_DATA0/RAW/2012/BACO/BACO201210310000a.T00,.t00,491651,ok,
/srv/gnss-archive/legacy/RECOVERED_SEAGATE_W2A0W9T2_DATA0/RAW/2012/BACO/BACO201211010000a.T00,.t00,486377,ok,
/srv/gnss-archive/legacy/RECOVERED_SEAGATE_W2A0W9T2_DATA0/RAW/2012/BACO/BACO201211020000a.T00,.t00,486127,ok,
/srv/gnss-archive/legacy/RECOVERED_SEAGATE_W2A0W9T2_DATA0/RAW/2012/BACO/BACO201211030000a.T00,.t00,487496,ok,
/srv/gnss-archive/legacy/RECOVERED_SEAGATE_W2A0W9T2_DATA0/RAW/2012/BACO/BACO201211040000a.T00,.t00,486235,ok,
/srv/gnss-archive/legacy/RECOVERED_SEAGATE_W2A0W9T2_DATA0/RAW/2012/BACO/BACO201211050000a.T00,.t00,491075,ok,
/srv/gnss-archive/legacy/RECOVERED_SEAGATE_W2A0W9T2_DATA0/RAW/2012/BACO/BACO201211060000a.T00,.t00,487670,ok,
/srv/gnss-archive/legacy/RECOVERED_SEAGATE_W2A0W9T2_DATA0/RAW/2012/BACO/BACO201211070000a.T00,.t00,487847,ok,
/srv/gnss-archive/legacy/RECOVERED_SEAGATE_W2A0W9T2_DATA0/RAW/2012/BACO/BACO201211080000a.T00,.t00,487954,ok,
/srv/gnss-archive/legacy/RECOVERED_SEAGATE_W2A0W9T2_DATA0/RAW/2012/BACO/BACO201211090000a.T00,.t00,486666,ok,
/srv/gnss-archive/legacy/RECOVERED_SEAGATE_W2A0W9T2_DATA0/RAW/2012/BACO/BACO201211100000a.T00,.t00,488473,ok,
/srv/gnss-archive/legacy/RECOVERED_SEAGATE_W2A0W9T2_DATA0/RAW/2012/BACO/BACO201211110000a.T00,.t00,486919,ok,
/srv/gnss-archive/legacy/RECOVERED_SEAGATE_W2A0W9T2_DATA0/RAW/2012/BACO/BACO201211120000a.T00,.t00,487993,ok,
/srv/gnss-archive/legacy/RECOVERED_SEAGATE_W2A0W9T2_DATA0/RAW/2012/BACO/BACO201211130000a.T00,.t00,488946,ok,
/srv/gnss-archive/legacy/RECOVERED_SEAGATE_W2A0W9T2_DATA0/RAW/2012/BACO/BACO201211140000a.T00,.t00,501913,ok,
/srv/gnss-archive/legacy/RECOVERED_SEAGATE_W2A0W9T2_DATA0/RAW/2012/BACO/BACO201211150000a.T00,.t00,74478,ok,
/srv/gnss-archive/legacy/RECOVERED_SEAGATE_W2A0W9T2_DATA0/RAW/2012/BACO/BACO201211180000a.T00,.t00,435276,ok,
/srv/gnss-archive/legacy/RECOVERED_SEAGATE_W2A0W9T2_DATA0/RAW/2012/BACO/BACO201211190000a.T00,.t00,502497,ok,
/srv/gnss-archive/legacy/RECOVERED_SEAGATE_W2A0W9T2_DATA0/RAW/2012/BACO/BACO201211200000a.T00,.t00,497575,ok,
/srv/gnss-archive/legacy/RECOVERED_SEAGATE_W2A0W9T2_DATA0/RAW/2012/BACO/BACO201211210000a.T00,.t00,497922,ok,
/srv/gnss-archive/legacy/RECOVERED_SEAGATE_W2A0W9T2_DATA0/RAW/2012/BACO/BACO201211220000a.T00,.t00,498031,ok,
/srv/gnss-archive/legacy/RECOVERED_SEAGATE_W2A0W9T2_DATA0/RAW/2012/BACO/BACO201211230000a.T00,.t00,496094,ok,
/srv/gnss-archive/legacy/RECOVERED_SEAGATE_W2A0W9T2_DATA0/RAW/2012/BACO/BACO201211240000a.T00,.t00,497053,ok,
/srv/gnss-archive/legacy/RECOVERED_SEAGATE_W2A0W9T2_DATA0/RAW/2012/BACO/BACO201211250000a.T00,.t00,499624,ok,
/srv/gnss-archive/legacy/RECOVERED_SEAGATE_W2A0W9T2_DATA0/RAW/2012/BACO/BACO201211260000a.T00,.t00,501741,ok,
/srv/gnss-archive/legacy/RECOVERED_SEAGATE_W2A0W9T2_DATA0/RAW/2012/BACO/BACO201211270000a.T00,.t00,502554,ok,
/srv/gnss-archive/legacy/RECOVERED_SEAGATE_W2A0W9T2_DATA0/RAW/2012/BACO/BACO201211280000a.T00,.t00,501495,ok,
/srv/gnss-archive/legacy/RECOVERED_SEAGATE_W2A0W9T2_DATA0/RAW/2012/BACO/BACO201211290000a.T00,.t00,501255,ok,
/srv/gnss-archive/legacy/RECOVERED_SEAGATE_W2A0W9T2_DATA0/RAW/2012/BACO/BACO201211300000a.T00,.t00,500281,ok,
/srv/gnss-archive/legacy/RECOVERED_SEAGATE_W2A0W9T2_DATA0/RAW/2012/BACO/BACO201212010000a.T00,.t00,501611,ok,
/srv/gnss-archive/legacy/RECOVERED_SEAGATE_W2A0W9T2_DATA0/RAW/2012/BACO/BACO201212020000a.T00,.t00,318466,ok,
/srv/gnss-archive/legacy/RECOVERED_SEAGATE_W2A0W9T2_DATA0/RAW/2012/BACO/BACO201212110000a.T00,.t00,266910,ok,
/srv/gnss-archive/legacy/RECOVERED_SEAGATE_W2A0W9T2_DATA0/RAW/2012/BACO/BACO201212120000a.T00,.t00,502970,ok,
/srv/gnss-archive/legacy/RECOVERED_SEAGATE_W2A0W9T2_DATA0/RAW/2012/BACO/BACO201212130000a.T00,.t00,503108,ok,
/srv/gnss-archive/legacy/RECOVERED_SEAGATE_W2A0W9T2_DATA0/RAW/2012/BACO/BACO201212140000a.T00,.t00,502655,ok,
/srv/gnss-archive/legacy/RECOVERED_SEAGATE_W2A0W9T2_DATA0/RAW/2012/BACO/BACO201212150000a.T00,.t00,499624,ok,
/srv/gnss-archive/legacy/RECOVERED_SEAGATE_W2A0W9T2_DATA0/RAW/2012/BACO/BACO201212160000a.T00,.t00,497531,ok,
/srv/gnss-archive/legacy/RECOVERED_SEAGATE_W2A0W9T2_DATA0/RAW/2012/BACO/BACO201212170000a.T00,.t00,497328,ok,
/srv/gnss-archive/legacy/RECOVERED_SEAGATE_W2A0W9T2_DATA0/RAW/2012/BACO/BACO201212180000a.T00,.t00,502507,ok,
/srv/gnss-archive/legacy/RECOVERED_SEAGATE_W2A0W9T2_DATA0/RAW/2012/BACO/BACO201212190000a.T00,.t00,502208,ok,
/srv/gnss-archive/legacy/RECOVERED_SEAGATE_W2A0W9T2_DATA0/RAW/2012/BACO/BACO201212200000a.T00,.t00,500636,ok,
/srv/gnss-archive/legacy/RECOVERED_SEAGATE_W2A0W9T2_DATA0/RAW/2012/BACO/BACO201212210000a.T00,.t00,500554,ok,
/srv/gnss-archive/legacy/RECOVERED_SEAGATE_W2A0W9T2_DATA0/RAW/2012/BACO/BACO201212220000a.T00,.t00,496974,ok,
/srv/gnss-archive/legacy/RECOVERED_SEAGATE_W2A0W9T2_DATA0/RAW/2012/BACO/BACO201212230000a.T00,.t00,338342,ok,
/srv/gnss-archive/legacy/RECOVERED_SEAGATE_W2A0W9T2_DATA0/RAW/2012/BAGU/BAGU201205290000a.T00,.t00,599493,ok,
/srv/gnss-archive/legacy/RECOVERED_SEAGATE_W2A0W9T2_DATA0/RAW/2012/BAGU/BAGU201205080000a.T00,.t00,600781,ok,
/srv/gnss-archive/legacy/RECOVERED_SEAGATE_W2A0W9T2_DATA0/RAW/2012/BAGU/BAGU201205280000a.dat,.dat,2155433,ok,
/srv/gnss-archive/legacy/RECOVERED_SEAGATE_W2A0W9T2_DATA0/RAW/2012/BAGU/BAGU201205080000a.dat,.dat,2169714,ok,
/srv/gnss-archive/legacy/RECOVERED_SEAGATE_W2A0W9T2_DATA0/RAW/2012/BAGU/BAGU201205290000a.dat,.dat,2151270,ok,
/srv/gnss-archive/legacy/RECOVERED_SEAGATE_W2A0W9T2_DATA0/RAW/2012/BAGU/BAGU201205090000a.T00,.t00,605803,ok,
/srv/gnss-archive/legacy/RECOVERED_SEAGATE_W2A0W9T2_DATA0/RAW/2012/BAGU/BAGU201205300000a.T00,.t00,245760,ok,
/srv/gnss-archive/legacy/RECOVERED_SEAGATE_W2A0W9T2_DATA0/RAW/2012/BAGU/BAGU201205090000a.dat,.dat,2149552,ok,
/srv/gnss-archive/legacy/RECOVERED_SEAGATE_W2A0W9T2_DATA0/RAW/2012/BAGU/BAGU201206010000a.dat,.dat,2175861,ok,
/srv/gnss-archive/legacy/RECOVERED_SEAGATE_W2A0W9T2_DATA0/RAW/2012/BAGU/BAGU201205100000a.T00,.t00,613160,ok,
/srv/gnss-archive/legacy/RECOVERED_SEAGATE_W2A0W9T2_DATA0/RAW/2012/BAGU/BAGU201206020000a.T00,.t00,600634,ok,
/srv/gnss-archive/legacy/RECOVERED_SEAGATE_W2A0W9T2_DATA0/RAW/2012/BAGU/BAGU201205100000a.dat,.dat,2199927,ok,
/srv/gnss-archive/legacy/RECOVERED_SEAGATE_W2A0W9T2_DATA0/RAW/2012/BAGU/BAGU201206020000a.dat,.dat,2153503,ok,
/srv/gnss-archive/legacy/RECOVERED_SEAGATE_W2A0W9T2_DATA0/RAW/2012/BAGU/BAGU201205110000a.T00,.t00,604339,ok,
/srv/gnss-archive/legacy/RECOVERED_SEAGATE_W2A0W9T2_DATA0/RAW/2012/BAGU/BAGU201206030000a.T00,.t00,599973,ok,
/srv/gnss-archive/legacy/RECOVERED_SEAGATE_W2A0W9T2_DATA0/RAW/2012/BAGU/BAGU201205110000a.dat,.dat,2156496,ok,
/srv/gnss-archive/legacy/RECOVERED_SEAGATE_W2A0W9T2_DATA0/RAW/2012/BAGU/BAGU201206030000a.dat,.dat,2170117,ok,
/srv/gnss-archive/legacy/RECOVERED_SEAGATE_W2A0W9T2_DATA0/RAW/2012/BAGU/BAGU201205120000a.T00,.t00,600615,ok,
/srv/gnss-archive/legacy/RECOVERED_SEAGATE_W2A0W9T2_DATA0/RAW/2012/BAGU/BAGU201206040000a.T00,.t00,599791,ok,
/srv/gnss-archive/legacy/RECOVERED_SEAGATE_W2A0W9T2_DATA0/RAW/2012/BAGU/BAGU201205120000a.dat,.dat,2141868,ok,
/srv/gnss-archive/legacy/RECOVERED_SEAGATE_W2A0W9T2_DATA0/RAW/2012/BAGU/BAGU201206040000a.dat,.dat,2168466,ok,
/srv/gnss-archive/legacy/RECOVERED_SEAGATE_W2A0W9T2_DATA0/RAW/2012/BAGU/BAGU201205130000a.T00,.t00,601218,ok,
/srv/gnss-archive/legacy/RECOVERED_SEAGATE_W2A0W9T2_DATA0/RAW/2012/BAGU/BAGU201206050000a.T00,.t00,599342,ok,
/srv/gnss-archive/legacy/RECOVERED_SEAGATE_W2A0W9T2_DATA0/RAW/2012/BAGU/BAGU201205130000a.dat,.dat,2163579,ok,
/srv/gnss-archive/legacy/RECOVERED_SEAGATE_W2A0W9T2_DATA0/RAW/2012/BAGU/BAGU201206050000a.dat,.dat,2164355,ok,
/srv/gnss-archive/legacy/RECOVERED_SEAGATE_W2A0W9T2_DATA0/RAW/2012/BAGU/BAGU201205140000a.T00,.t00,604916,ok,
/srv/gnss-archive/legacy/RECOVERED_SEAGATE_W2A0W9T2_DATA0/RAW/2012/BAGU/BAGU201206060000a.T00,.t00,601715,ok,
/srv/gnss-archive/legacy/RECOVERED_SEAGATE_W2A0W9T2_DATA0/RAW/2012/BAGU/BAGU201205140000a.dat,.dat,2186795,ok,
/srv/gnss-archive/legacy/RECOVERED_SEAGATE_W2A0W9T2_DATA0/RAW/2012/BAGU/BAGU201206060000a.dat,.dat,2146141,ok,
/srv/gnss-archive/legacy/RECOVERED_SEAGATE_W2A0W9T2_DATA0/RAW/2012/BAGU/BAGU201205150000a.T00,.t00,601477,ok,
/srv/gnss-archive/legacy/RECOVERED_SEAGATE_W2A0W9T2_DATA0/RAW/2012/BAGU/BAGU201206070000a.T00,.t00,599868,ok,
/srv/gnss-archive/legacy/RECOVERED_SEAGATE_W2A0W9T2_DATA0/RAW/2012/BAGU/BAGU201205150000a.dat,.dat,2154295,ok,
/srv/gnss-archive/legacy/RECOVERED_SEAGATE_W2A0W9T2_DATA0/RAW/2012/BAGU/BAGU201206070000a.dat,.dat,2186991,ok,
/srv/gnss-archive/legacy/RECOVERED_SEAGATE_W2A0W9T2_DATA0/RAW/2012/BAGU/BAGU201205160000a.T00,.t00,601117,ok,
/srv/gnss-archive/legacy/RECOVERED_SEAGATE_W2A0W9T2_DATA0/RAW/2012/BAGU/BAGU201206080000a.T00,.t00,599969,ok,
/srv/gnss-archive/legacy/RECOVERED_SEAGATE_W2A0W9T2_DATA0/RAW/2012/BAGU/BAGU201205160000a.dat,.dat,2142462,ok,
/srv/gnss-archive/legacy/RECOVERED_SEAGATE_W2A0W9T2_DATA0/RAW/2012/BAGU/BAGU201206080000a.dat,.dat,2179645,ok,
/srv/gnss-archive/legacy/RECOVERED_SEAGATE_W2A0W9T2_DATA0/RAW/2012/BAGU/BAGU201205170000a.T00,.t00,599973,ok,
/srv/gnss-archive/legacy/RECOVERED_SEAGATE_W2A0W9T2_DATA0/RAW/2012/BAGU/BAGU201206090000a.T00,.t00,600187,ok,
/srv/gnss-archive/legacy/RECOVERED_SEAGATE_W2A0W9T2_DATA0/RAW/2012/BAGU/BAGU201205170000a.dat,.dat,2167258,ok,
/srv/gnss-archive/legacy/RECOVERED_SEAGATE_W2A0W9T2_DATA0/RAW/2012/BAGU/BAGU201206090000a.dat,.dat,2192484,ok,
/srv/gnss-archive/legacy/RECOVERED_SEAGATE_W2A0W9T2_DATA0/RAW/2012/BAGU/BAGU201205180000a.T00,.t00,601141,ok,
/srv/gnss-archive/legacy/RECOVERED_SEAGATE_W2A0W9T2_DATA0/RAW/2012/BAGU/BAGU201206100000a.T00,.t00,600004,ok,
/srv/gnss-archive/legacy/RECOVERED_SEAGATE_W2A0W9T2_DATA0/RAW/2012/BAGU/BAGU201205180000a.dat,.dat,2169143,ok,
/srv/gnss-archive/legacy/RECOVERED_SEAGATE_W2A0W9T2_DATA0/RAW/2012/BAGU/BAGU201206100000a.dat,.dat,2186639,ok,
/srv/gnss-archive/legacy/RECOVERED_SEAGATE_W2A0W9T2_DATA0/RAW/2012/BAGU/BAGU201205190000a.T00,.t00,588860,ok,
/srv/gnss-archive/legacy/RECOVERED_SEAGATE_W2A0W9T2_DATA0/RAW/2012/BAGU/BAGU201206110000a.T00,.t00,600202,ok,
/srv/gnss-archive/legacy/RECOVERED_SEAGATE_W2A0W9T2_DATA0/RAW/2012/BAGU/BAGU201205190000a.dat,.dat,2067214,ok,
/srv/gnss-archive/legacy/RECOVERED_SEAGATE_W2A0W9T2_DATA0/RAW/2012/BAGU/BAGU201206110000a.dat,.dat,2146821,ok,
/srv/gnss-archive/legacy/RECOVERED_SEAGATE_W2A0W9T2_DATA0/RAW/2012/BAGU/BAGU201205200000a.T00,.t00,586550,ok,
/srv/gnss-archive/legacy/RECOVERED_SEAGATE_W2A0W9T2_DATA0/RAW/2012/BAGU/BAGU201206120000a.T00,.t00,600325,ok,
/srv/gnss-archive/legacy/RECOVERED_SEAGATE_W2A0W9T2_DATA0/RAW/2012/BAGU/BAGU201205200000a.dat,.dat,2091993,ok,
/srv/gnss-archive/legacy/RECOVERED_SEAGATE_W2A0W9T2_DATA0/RAW/2012/BAGU/BAGU201206120000a.dat,.dat,2129452,ok,
/srv/gnss-archive/legacy/RECOVERED_SEAGATE_W2A0W9T2_DATA0/RAW/2012/BAGU/BAGU201205210000a.T00,.t00,585537,ok,
/srv/gnss-archive/legacy/RECOVERED_SEAGATE_W2A0W9T2_DATA0/RAW/2012/BAGU/BAGU201206130000a.T00,.t00,600682,ok,
/srv/gnss-archive/legacy/RECOVERED_SEAGATE_W2A0W9T2_DATA0/RAW/2012/BAGU/BAGU201205210000a.dat,.dat,2098144,ok,
/srv/gnss-archive/legacy/RECOVERED_SEAGATE_W2A0W9T2_DATA0/RAW/2012/BAGU/BAGU201206130000a.dat,.dat,2162469,ok,
/srv/gnss-archive/legacy/RECOVERED_SEAGATE_W2A0W9T2_DATA0/RAW/2012/BAGU/BAGU201205220000a.T00,.t00,584603,ok,
/srv/gnss-archive/legacy/RECOVERED_SEAGATE_W2A0W9T2_DATA0/RAW/2012/BAGU/BAGU201206140000a.T00,.t00,593722,ok,
/srv/gnss-archive/legacy/RECOVERED_SEAGATE_W2A0W9T2_DATA0/RAW/2012/BAGU/BAGU201205220000a.dat,.dat,2136015,ok,
/srv/gnss-archive/legacy/RECOVERED_SEAGATE_W2A0W9T2_DATA0/RAW/2012/BAGU/BAGU201206140000a.dat,.dat,2078316,ok,
/srv/gnss-archive/legacy/RECOVERED_SEAGATE_W2A0W9T2_DATA0/RAW/2012/BAGU/BAGU201205230000a.T00,.t00,585576,ok,
/srv/gnss-archive/legacy/RECOVERED_SEAGATE_W2A0W9T2_DATA0/RAW/2012/BAGU/BAGU201206150000a.T00,.t00,599807,ok,
/srv/gnss-archive/legacy/RECOVERED_SEAGATE_W2A0W9T2_DATA0/RAW/2012/BAGU/BAGU201205230000a.dat,.dat,2107180,ok,
/srv/gnss-archive/legacy/RECOVERED_SEAGATE_W2A0W9T2_DATA0/RAW/2012/BAGU/BAGU201206150000a.dat,.dat,2153749,ok,
/srv/gnss-archive/legacy/RECOVERED_SEAGATE_W2A0W9T2_DATA0/RAW/2012/BAGU/BAGU201205240000a.T00,.t00,585164,ok,
/srv/gnss-archive/legacy/RECOVERED_SEAGATE_W2A0W9T2_DATA0/RAW/2012/BAGU/BAGU201206160000a.T00,.t00,599224,ok,
/srv/gnss-archive/legacy/RECOVERED_SEAGATE_W2A0W9T2_DATA0/RAW/2012/BAGU/BAGU201205240000a.dat,.dat,2092122,ok,
/srv/gnss-archive/legacy/RECOVERED_SEAGATE_W2A0W9T2_DATA0/RAW/2012/BAGU/BAGU201206160000a.dat,.dat,2128693,ok,
/srv/gnss-archive/legacy/RECOVERED_SEAGATE_W2A0W9T2_DATA0/RAW/2012/BAGU/BAGU201205250000a.T00,.t00,614761,ok,
/srv/gnss-archive/legacy/RECOVERED_SEAGATE_W2A0W9T2_DATA0/RAW/2012/BAGU/BAGU201206170000a.T00,.t00,604665,ok,
/srv/gnss-archive/legacy/RECOVERED_SEAGATE_W2A0W9T2_DATA0/RAW/2012/BAGU/BAGU201205250000a.dat,.dat,2148085,ok,
/srv/gnss-archive/legacy/RECOVERED_SEAGATE_W2A0W9T2_DATA0/RAW/2012/BAGU/BAGU201206170000a.dat,.dat,2165926,ok,
/srv/gnss-archive/legacy/RECOVERED_SEAGATE_W2A0W9T2_DATA0/RAW/2012/BAGU/BAGU201205260000a.T00,.t00,600018,ok,
/srv/gnss-archive/legacy/RECOVERED_SEAGATE_W2A0W9T2_DATA0/RAW/2012/BAGU/BAGU201206180000a.T00,.t00,600112,ok,
/srv/gnss-archive/legacy/RECOVERED_SEAGATE_W2A0W9T2_DATA0/RAW/2012/BAGU/BAGU201205260000a.dat,.dat,2162978,ok,
/srv/gnss-archive/legacy/RECOVERED_SEAGATE_W2A0W9T2_DATA0/RAW/2012/BAGU/BAGU201206180000a.dat,.dat,2156605,ok,
/srv/gnss-archive/legacy/RECOVERED_SEAGATE_W2A0W9T2_DATA0/RAW/2012/BAGU/BAGU201205270000a.T00,.t00,599966,ok,
/srv/gnss-archive/legacy/RECOVERED_SEAGATE_W2A0W9T2_DATA0/RAW/2012/BAGU/BAGU201206190000a.T00,.t00,599483,ok,
/srv/gnss-archive/legacy/RECOVERED_SEAGATE_W2A0W9T2_DATA0/RAW/2012/BAGU/BAGU201205270000a.dat,.dat,2165904,ok,
/srv/gnss-archive/legacy/RECOVERED_SEAGATE_W2A0W9T2_DATA0/RAW/2012/BAGU/BAGU201206190000a.dat,.dat,2159343,ok,
/srv/gnss-archive/legacy/RECOVERED_SEAGATE_W2A0W9T2_DATA0/RAW/2012/BAGU/BAGU201205280000a.T00,.t00,600577,ok,
/srv/gnss-archive/legacy/RECOVERED_SEAGATE_W2A0W9T2_DATA0/RAW/2012/BAGU/BAGU201205300000a.dat,.dat,877238,ok,
/srv/gnss-archive/legacy/RECOVERED_SEAGATE_W2A0W9T2_DATA0/RAW/2012/BAGU/BAGU201206200000a.T00,.t00,598077,ok,
/srv/gnss-archive/legacy/RECOVERED_SEAGATE_W2A0W9T2_DATA0/RAW/2012/BAGU/BAGU201205310000a.T00,.t00,599814,ok,
/srv/gnss-archive/legacy/RECOVERED_SEAGATE_W2A0W9T2_DATA0/RAW/2012/BAGU/BAGU201206200000a.dat,.dat,2181636,ok,
/srv/gnss-archive/legacy/RECOVERED_SEAGATE_W2A0W9T2_DATA0/RAW/2012/BAGU/BAGU201205310000a.dat,.dat,2143497,ok,
/srv/gnss-archive/legacy/RECOVERED_SEAGATE_W2A0W9T2_DATA0/RAW/2012/BAGU/BAGU201206210000a.T00,.t00,600124,ok,
/srv/gnss-archive/legacy/RECOVERED_SEAGATE_W2A0W9T2_DATA0/RAW/2012/BAGU/BAGU201206010000a.T00,.t00,599690,ok,
/srv/gnss-archive/legacy/RECOVERED_SEAGATE_W2A0W9T2_DATA0/RAW/2012/BAGU/BAGU201206210000a.dat,.dat,2143419,ok,
/srv/gnss-archive/legacy/RECOVERED_SEAGATE_W2A0W9T2_DATA0/RAW/2012/BAGU/BAGU201206220000a.T00,.t00,599565,ok,
/srv/gnss-archive/legacy/RECOVERED_SEAGATE_W2A0W9T2_DATA0/RAW/2012/BAGU/BAGU201206220000a.dat,.dat,2149807,ok,
/srv/gnss-archive/legacy/RECOVERED_SEAGATE_W2A0W9T2_DATA0/RAW/2012/BAGU/BAGU201206230000a.T00,.t00,598990,ok,
/srv/gnss-archive/legacy/RECOVERED_SEAGATE_W2A0W9T2_DATA0/RAW/2012/BAGU/BAGU201206230000a.dat,.dat,2179328,ok,
/srv/gnss-archive/legacy/RECOVERED_SEAGATE_W2A0W9T2_DATA0/RAW/2012/BAGU/BAGU201206240000a.T00,.t00,598753,ok,
/srv/gnss-archive/legacy/RECOVERED_SEAGATE_W2A0W9T2_DATA0/RAW/2012/BAGU/BAGU201206240000a.dat,.dat,2191768,ok,
/srv/gnss-archive/legacy/RECOVERED_SEAGATE_W2A0W9T2_DATA0/RAW/2012/BAGU/BAGU201206250000a.T00,.t00,600382,ok,
/srv/gnss-archive/legacy/RECOVERED_SEAGATE_W2A0W9T2_DATA0/RAW/2012/BAGU/BAGU201206250000a.dat,.dat,2187000,ok,
/srv/gnss-archive/legacy/RECOVERED_SEAGATE_W2A0W9T2_DATA0/RAW/2012/BAGU/BAGU201206260000a.T00,.t00,598687,ok,
/srv/gnss-archive/legacy/RECOVERED_SEAGATE_W2A0W9T2_DATA0/RAW/2012/BAGU/BAGU201206260000a.dat,.dat,2197713,ok,
/srv/gnss-archive/legacy/RECOVERED_SEAGATE_W2A0W9T2_DATA0/RAW/2012/BAGU/BAGU201206270000a.T00,.t00,598391,ok,
/srv/gnss-archive/legacy/RECOVERED_SEAGATE_W2A0W9T2_DATA0/RAW/2012/BAGU/BAGU201206270000a.dat,.dat,2191275,ok,
/srv/gnss-archive/legacy/RECOVERED_SEAGATE_W2A0W9T2_DATA0/RAW/2012/BAGU/BAGU201206280000a.T00,.t00,597768,ok,
/srv/gnss-archive/legacy/RECOVERED_SEAGATE_W2A0W9T2_DATA0/RAW/2012/BAGU/BAGU201206280000a.dat,.dat,2144242,ok,
/srv/gnss-archive/legacy/RECOVERED_SEAGATE_W2A0W9T2_DATA0/RAW/2012/BAGU/BAGU201206290000a.T00,.t00,597826,ok,
/srv/gnss-archive/legacy/RECOVERED_SEAGATE_W2A0W9T2_DATA0/RAW/2012/BAGU/BAGU201206290000a.dat,.dat,2167085,ok,
/srv/gnss-archive/legacy/RECOVERED_SEAGATE_W2A0W9T2_DATA0/RAW/2012/BAGU/BAGU201206300000a.T00,.t00,598726,ok,
/srv/gnss-archive/legacy/RECOVERED_SEAGATE_W2A0W9T2_DATA0/RAW/2012/BAGU/BAGU201206300000a.dat,.dat,2151249,ok,
/srv/gnss-archive/legacy/RECOVERED_SEAGATE_W2A0W9T2_DATA0/RAW/2012/BAGU/BAGU201207010000a.T00,.t00,598544,ok,
/srv/gnss-archive/legacy/RECOVERED_SEAGATE_W2A0W9T2_DATA0/RAW/2012/BAGU/BAGU201207010000a.dat,.dat,2189702,ok,
/srv/gnss-archive/legacy/RECOVERED_SEAGATE_W2A0W9T2_DATA0/RAW/2012/BAGU/BAGU201207020000a.T00,.t00,597757,ok,
/srv/gnss-archive/legacy/RECOVERED_SEAGATE_W2A0W9T2_DATA0/RAW/2012/BAGU/BAGU201207020000a.dat,.dat,2178730,ok,
/srv/gnss-archive/legacy/RECOVERED_SEAGATE_W2A0W9T2_DATA0/RAW/2012/BAGU/BAGU201207030000a.T00,.t00,599600,ok,
/srv/gnss-archive/legacy/RECOVERED_SEAGATE_W2A0W9T2_DATA0/RAW/2012/BAGU/BAGU201207030000a.dat,.dat,2150253,ok,
/srv/gnss-archive/legacy/RECOVERED_SEAGATE_W2A0W9T2_DATA0/RAW/2012/BAGU/BAGU201207040000a.T00,.t00,598793,ok,
/srv/gnss-archive/legacy/RECOVERED_SEAGATE_W2A0W9T2_DATA0/RAW/2012/BAGU/BAGU201207040000a.dat,.dat,2135578,ok,
/srv/gnss-archive/legacy/RECOVERED_SEAGATE_W2A0W9T2_DATA0/RAW/2012/BAGU/BAGU201207050000a.T00,.t00,599265,ok,
/srv/gnss-archive/legacy/RECOVERED_SEAGATE_W2A0W9T2_DATA0/RAW/2012/BAGU/BAGU201207050000a.dat,.dat,2161648,ok,
/srv/gnss-archive/legacy/RECOVERED_SEAGATE_W2A0W9T2_DATA0/RAW/2012/BAGU/BAGU201207060000a.T00,.t00,598678,ok,
/srv/gnss-archive/legacy/RECOVERED_SEAGATE_W2A0W9T2_DATA0/RAW/2012/BAGU/BAGU201207060000a.dat,.dat,2175531,ok,
/srv/gnss-archive/legacy/RECOVERED_SEAGATE_W2A0W9T2_DATA0/RAW/2012/BAGU/BAGU201207070000a.T00,.t00,598778,ok,
/srv/gnss-archive/legacy/RECOVERED_SEAGATE_W2A0W9T2_DATA0/RAW/2012/BAGU/BAGU201207070000a.dat,.dat,2185551,ok,
/srv/gnss-archive/legacy/RECOVERED_SEAGATE_W2A0W9T2_DATA0/RAW/2012/BAGU/BAGU201207080000a.T00,.t00,598954,ok,
/srv/gnss-archive/legacy/RECOVERED_SEAGATE_W2A0W9T2_DATA0/RAW/2012/BAGU/BAGU201207080000a.dat,.dat,2127382,ok,
/srv/gnss-archive/legacy/RECOVERED_SEAGATE_W2A0W9T2_DATA0/RAW/2012/BAGU/BAGU201207090000a.T00,.t00,598874,ok,
/srv/gnss-archive/legacy/RECOVERED_SEAGATE_W2A0W9T2_DATA0/RAW/2012/BAGU/BAGU201207090000a.dat,.dat,2149481,ok,
/srv/gnss-archive/legacy/RECOVERED_SEAGATE_W2A0W9T2_DATA0/RAW/2012/BAGU/BAGU201207100000a.T00,.t00,598135,ok,
/srv/gnss-archive/legacy/RECOVERED_SEAGATE_W2A0W9T2_DATA0/RAW/2012/BAGU/BAGU201207100000a.dat,.dat,2156269,ok,
/srv/gnss-archive/legacy/RECOVERED_SEAGATE_W2A0W9T2_DATA0/RAW/2012/BAGU/BAGU201207110000a.T00,.t00,598511,ok,
/srv/gnss-archive/legacy/RECOVERED_SEAGATE_W2A0W9T2_DATA0/RAW/2012/BAGU/BAGU201207110000a.dat,.dat,2158731,ok,
/srv/gnss-archive/legacy/RECOVERED_SEAGATE_W2A0W9T2_DATA0/RAW/2012/BAGU/BAGU201207120000a.T00,.t00,598360,ok,
/srv/gnss-archive/legacy/RECOVERED_SEAGATE_W2A0W9T2_DATA0/RAW/2012/BAGU/BAGU201207120000a.dat,.dat,2159899,ok,
/srv/gnss-archive/legacy/RECOVERED_SEAGATE_W2A0W9T2_DATA0/RAW/2012/BAGU/BAGU201207130000a.T00,.t00,599711,ok,
/srv/gnss-archive/legacy/RECOVERED_SEAGATE_W2A0W9T2_DATA0/RAW/2012/BAGU/BAGU201207130000a.dat,.dat,2126306,ok,
/srv/gnss-archive/legacy/RECOVERED_SEAGATE_W2A0W9T2_DATA0/RAW/2012/BAGU/BAGU201207140000a.T00,.t00,598262,ok,
/srv/gnss-archive/legacy/RECOVERED_SEAGATE_W2A0W9T2_DATA0/RAW/2012/BAGU/BAGU201207140000a.dat,.dat,2121317,ok,
/srv/gnss-archive/legacy/RECOVERED_SEAGATE_W2A0W9T2_DATA0/RAW/2012/BAGU/BAGU201207150000a.T00,.t00,598161,ok,
/srv/gnss-archive/legacy/RECOVERED_SEAGATE_W2A0W9T2_DATA0/RAW/2012/BAGU/BAGU201207150000a.dat,.dat,2104609,ok,
/srv/gnss-archive/legacy/RECOVERED_SEAGATE_W2A0W9T2_DATA0/RAW/2012/BAGU/BAGU201207160000a.T00,.t00,598946,ok,
/srv/gnss-archive/legacy/RECOVERED_SEAGATE_W2A0W9T2_DATA0/RAW/2012/BAGU/BAGU201207160000a.dat,.dat,2154626,ok,
/srv/gnss-archive/legacy/RECOVERED_SEAGATE_W2A0W9T2_DATA0/RAW/2012/BAGU/BAGU201207170000a.T00,.t00,597503,ok,
/srv/gnss-archive/legacy/RECOVERED_SEAGATE_W2A0W9T2_DATA0/RAW/2012/BAGU/BAGU201207170000a.dat,.dat,2162626,ok,
/srv/gnss-archive/legacy/RECOVERED_SEAGATE_W2A0W9T2_DATA0/RAW/2012/BAGU/BAGU201207180000a.T00,.t00,597805,ok,
/srv/gnss-archive/legacy/RECOVERED_SEAGATE_W2A0W9T2_DATA0/RAW/2012/BAGU/BAGU201207180000a.dat,.dat,2185769,ok,
/srv/gnss-archive/legacy/RECOVERED_SEAGATE_W2A0W9T2_DATA0/RAW/2012/BAGU/BAGU201207190000a.T00,.t00,598016,ok,
/srv/gnss-archive/legacy/RECOVERED_SEAGATE_W2A0W9T2_DATA0/RAW/2012/BAGU/BAGU201207190000a.dat,.dat,2115019,ok,
/srv/gnss-archive/legacy/RECOVERED_SEAGATE_W2A0W9T2_DATA0/RAW/2012/BAGU/BAGU201207200000a.T00,.t00,600131,ok,
/srv/gnss-archive/legacy/RECOVERED_SEAGATE_W2A0W9T2_DATA0/RAW/2012/BAGU/BAGU201207200000a.dat,.dat,2184635,ok,
/srv/gnss-archive/legacy/RECOVERED_SEAGATE_W2A0W9T2_DATA0/RAW/2012/BAGU/BAGU201207210000a.T00,.t00,597025,ok,
/srv/gnss-archive/legacy/RECOVERED_SEAGATE_W2A0W9T2_DATA0/RAW/2012/BAGU/BAGU201207210000a.dat,.dat,2151907,ok,
/srv/gnss-archive/legacy/RECOVERED_SEAGATE_W2A0W9T2_DATA0/RAW/2012/BAGU/BAGU201207220000a.T00,.t00,597331,ok,
/srv/gnss-archive/legacy/RECOVERED_SEAGATE_W2A0W9T2_DATA0/RAW/2012/BAGU/BAGU201207220000a.dat,.dat,2142343,ok,
/srv/gnss-archive/legacy/RECOVERED_SEAGATE_W2A0W9T2_DATA0/RAW/2012/BAGU/BAGU201207230000a.T00,.t00,599459,ok,
/srv/gnss-archive/legacy/RECOVERED_SEAGATE_W2A0W9T2_DATA0/RAW/2012/BAGU/BAGU201207230000a.dat,.dat,2181360,ok,
/srv/gnss-archive/legacy/RECOVERED_SEAGATE_W2A0W9T2_DATA0/RAW/2012/BAGU/BAGU201207240000a.T00,.t00,598557,ok,
/srv/gnss-archive/legacy/RECOVERED_SEAGATE_W2A0W9T2_DATA0/RAW/2012/BAGU/BAGU201207240000a.dat,.dat,2182355,ok,
/srv/gnss-archive/legacy/RECOVERED_SEAGATE_W2A0W9T2_DATA0/RAW/2012/BAGU/BAGU201207250000a.T00,.t00,598964,ok,
/srv/gnss-archive/legacy/RECOVERED_SEAGATE_W2A0W9T2_DATA0/RAW/2012/BAGU/BAGU201207250000a.dat,.dat,2154335,ok,
/srv/gnss-archive/legacy/RECOVERED_SEAGATE_W2A0W9T2_DATA0/RAW/2012/BAGU/BAGU201207260000a.T00,.t00,596872,ok,
/srv/gnss-archive/legacy/RECOVERED_SEAGATE_W2A0W9T2_DATA0/RAW/2012/BAGU/BAGU201207260000a.dat,.dat,2138069,ok,
/srv/gnss-archive/legacy/RECOVERED_SEAGATE_W2A0W9T2_DATA0/RAW/2012/BAGU/BAGU201207270000a.T00,.t00,596651,ok,
/srv/gnss-archive/legacy/RECOVERED_SEAGATE_W2A0W9T2_DATA0/RAW/2012/BAGU/BAGU201207270000a.dat,.dat,2173477,ok,
/srv/gnss-archive/legacy/RECOVERED_SEAGATE_W2A0W9T2_DATA0/RAW/2012/BAGU/BAGU201207280000a.T00,.t00,597954,ok,
/srv/gnss-archive/legacy/RECOVERED_SEAGATE_W2A0W9T2_DATA0/RAW/2012/BAGU/BAGU201207280000a.dat,.dat,2170312,ok,
/srv/gnss-archive/legacy/RECOVERED_SEAGATE_W2A0W9T2_DATA0/RAW/2012/BAGU/BAGU201207290000a.T00,.t00,597887,ok,
/srv/gnss-archive/legacy/RECOVERED_SEAGATE_W2A0W9T2_DATA0/RAW/2012/BAGU/BAGU201207290000a.dat,.dat,2182163,ok,
/srv/gnss-archive/legacy/RECOVERED_SEAGATE_W2A0W9T2_DATA0/RAW/2012/BAGU/BAGU201207300000a.T00,.t00,606596,ok,
/srv/gnss-archive/legacy/RECOVERED_SEAGATE_W2A0W9T2_DATA0/RAW/2012/BAGU/BAGU201207300000a.dat,.dat,2172028,ok,
/srv/gnss-archive/legacy/RECOVERED_SEAGATE_W2A0W9T2_DATA0/RAW/2012/BAGU/BAGU201207310000a.T00,.t00,608407,ok,
/srv/gnss-archive/legacy/RECOVERED_SEAGATE_W2A0W9T2_DATA0/RAW/2012/BAGU/BAGU201207310000a.dat,.dat,2154689,ok,
/srv/gnss-archive/legacy/RECOVERED_SEAGATE_W2A0W9T2_DATA0/RAW/2012/BAGU/BAGU201208010000a.T00,.t00,621605,ok,
/srv/gnss-archive/legacy/RECOVERED_SEAGATE_W2A0W9T2_DATA0/RAW/2012/BAGU/BAGU201208010000a.dat,.dat,2159467,ok,
/srv/gnss-archive/legacy/RECOVERED_SEAGATE_W2A0W9T2_DATA0/RAW/2012/BAGU/BAGU201208020000a.T00,.t00,598676,ok,
/srv/gnss-archive/legacy/RECOVERED_SEAGATE_W2A0W9T2_DATA0/RAW/2012/BAGU/BAGU201208020000a.dat,.dat,2134953,ok,
/srv/gnss-archive/legacy/RECOVERED_SEAGATE_W2A0W9T2_DATA0/RAW/2012/BAGU/BAGU201208030000a.T00,.t00,603462,ok,
/srv/gnss-archive/legacy/RECOVERED_SEAGATE_W2A0W9T2_DATA0/RAW/2012/BAGU/BAGU201208030000a.dat,.dat,2160822,ok,
/srv/gnss-archive/legacy/RECOVERED_SEAGATE_W2A0W9T2_DATA0/RAW/2012/BAGU/BAGU201208040000a.T00,.t00,600795,ok,
/srv/gnss-archive/legacy/RECOVERED_SEAGATE_W2A0W9T2_DATA0/RAW/2012/BAGU/BAGU201208040000a.dat,.dat,2179840,ok,
/srv/gnss-archive/legacy/RECOVERED_SEAGATE_W2A0W9T2_DATA0/RAW/2012/BAGU/BAGU201208050000a.T00,.t00,600649,ok,
/srv/gnss-archive/legacy/RECOVERED_SEAGATE_W2A0W9T2_DATA0/RAW/2012/BAGU/BAGU201208050000a.dat,.dat,2203323,ok,
/srv/gnss-archive/legacy/RECOVERED_SEAGATE_W2A0W9T2_DATA0/RAW/2012/BAGU/BAGU201208060000a.T00,.t00,600202,ok,
/srv/gnss-archive/legacy/RECOVERED_SEAGATE_W2A0W9T2_DATA0/RAW/2012/BAGU/BAGU201208060000a.dat,.dat,2187250,ok,
/srv/gnss-archive/legacy/RECOVERED_SEAGATE_W2A0W9T2_DATA0/RAW/2012/BAGU/BAGU201208070000a.T00,.t00,601041,ok,
/srv/gnss-archive/legacy/RECOVERED_SEAGATE_W2A0W9T2_DATA0/RAW/2012/BAGU/BAGU201208070000a.dat,.dat,2159343,ok,
/srv/gnss-archive/legacy/RECOVERED_SEAGATE_W2A0W9T2_DATA0/RAW/2012/BAGU/BAGU201208080000a.T00,.t00,597110,ok,
/srv/gnss-archive/legacy/RECOVERED_SEAGATE_W2A0W9T2_DATA0/RAW/2012/BAGU/BAGU201208080000a.dat,.dat,2152129,ok,
/srv/gnss-archive/legacy/RECOVERED_SEAGATE_W2A0W9T2_DATA0/RAW/2012/BAGU/BAGU201208090000a.T00,.t00,599306,ok,
/srv/gnss-archive/legacy/RECOVERED_SEAGATE_W2A0W9T2_DATA0/RAW/2012/BAGU/BAGU201208090000a.dat,.dat,2183312,ok,
/srv/gnss-archive/legacy/RECOVERED_SEAGATE_W2A0W9T2_DATA0/RAW/2012/BAGU/BAGU201208100000a.T00,.t00,601273,ok,
/srv/gnss-archive/legacy/RECOVERED_SEAGATE_W2A0W9T2_DATA0/RAW/2012/BAGU/BAGU201208100000a.dat,.dat,2154695,ok,
/srv/gnss-archive/legacy/RECOVERED_SEAGATE_W2A0W9T2_DATA0/RAW/2012/BAGU/BAGU201208110000a.T00,.t00,600579,ok,
/srv/gnss-archive/legacy/RECOVERED_SEAGATE_W2A0W9T2_DATA0/RAW/2012/BAGU/BAGU201208110000a.dat,.dat,2187454,ok,
/srv/gnss-archive/legacy/RECOVERED_SEAGATE_W2A0W9T2_DATA0/RAW/2012/BAGU/BAGU201208120000a.T00,.t00,598925,ok,
/srv/gnss-archive/legacy/RECOVERED_SEAGATE_W2A0W9T2_DATA0/RAW/2012/BAGU/BAGU201208120000a.dat,.dat,2179649,ok,
/srv/gnss-archive/legacy/RECOVERED_SEAGATE_W2A0W9T2_DATA0/RAW/2012/BAGU/BAGU201208130000a.T00,.t00,598190,ok,
/srv/gnss-archive/legacy/RECOVERED_SEAGATE_W2A0W9T2_DATA0/RAW/2012/BAGU/BAGU201208130000a.dat,.dat,2181283,ok,
/srv/gnss-archive/legacy/RECOVERED_SEAGATE_W2A0W9T2_DATA0/RAW/2012/BAGU/BAGU201208140000a.T00,.t00,599594,ok,
/srv/gnss-archive/legacy/RECOVERED_SEAGATE_W2A0W9T2_DATA0/RAW/2012/BAGU/BAGU201208140000a.dat,.dat,2169160,ok,
/srv/gnss-archive/legacy/RECOVERED_SEAGATE_W2A0W9T2_DATA0/RAW/2012/BAGU/BAGU201208150000a.T00,.t00,598561,ok,
/srv/gnss-archive/legacy/RECOVERED_SEAGATE_W2A0W9T2_DATA0/RAW/2012/BAGU/BAGU201208150000a.dat,.dat,2175766,ok,
/srv/gnss-archive/legacy/RECOVERED_SEAGATE_W2A0W9T2_DATA0/RAW/2012/BAGU/BAGU201208160000a.T00,.t00,603408,ok,
/srv/gnss-archive/legacy/RECOVERED_SEAGATE_W2A0W9T2_DATA0/RAW/2012/BAGU/BAGU201208160000a.dat,.dat,2177566,ok,
/srv/gnss-archive/legacy/RECOVERED_SEAGATE_W2A0W9T2_DATA0/RAW/2012/BAGU/BAGU201208170000a.T00,.t00,598347,ok,
/srv/gnss-archive/legacy/RECOVERED_SEAGATE_W2A0W9T2_DATA0/RAW/2012/BAGU/BAGU201208170000a.dat,.dat,2171197,ok,
/srv/gnss-archive/legacy/RECOVERED_SEAGATE_W2A0W9T2_DATA0/RAW/2012/BAGU/BAGU201208180000a.T00,.t00,599030,ok,
/srv/gnss-archive/legacy/RECOVERED_SEAGATE_W2A0W9T2_DATA0/RAW/2012/BAGU/BAGU201208180000a.dat,.dat,2152849,ok,
/srv/gnss-archive/legacy/RECOVERED_SEAGATE_W2A0W9T2_DATA0/RAW/2012/BAGU/BAGU201208190000a.T00,.t00,601491,ok,
/srv/gnss-archive/legacy/RECOVERED_SEAGATE_W2A0W9T2_DATA0/RAW/2012/BAGU/BAGU201208190000a.dat,.dat,2180820,ok,
/srv/gnss-archive/legacy/RECOVERED_SEAGATE_W2A0W9T2_DATA0/RAW/2012/BAGU/BAGU201208200000a.T00,.t00,599593,ok,
/srv/gnss-archive/legacy/RECOVERED_SEAGATE_W2A0W9T2_DATA0/RAW/2012/BAGU/BAGU201208200000a.dat,.dat,2127763,ok,
/srv/gnss-archive/legacy/RECOVERED_SEAGATE_W2A0W9T2_DATA0/RAW/2012/BAGU/BAGU201208210000a.T00,.t00,599667,ok,
/srv/gnss-archive/legacy/RECOVERED_SEAGATE_W2A0W9T2_DATA0/RAW/2012/BAGU/BAGU201208210000a.dat,.dat,2138507,ok,
/srv/gnss-archive/legacy/RECOVERED_SEAGATE_W2A0W9T2_DATA0/RAW/2012/BAGU/BAGU201208220000a.T00,.t00,599903,ok,
/srv/gnss-archive/legacy/RECOVERED_SEAGATE_W2A0W9T2_DATA0/RAW/2012/BAGU/BAGU201208220000a.dat,.dat,2159052,ok,
/srv/gnss-archive/legacy/RECOVERED_SEAGATE_W2A0W9T2_DATA0/RAW/2012/BAGU/BAGU201208230000a.T00,.t00,599683,ok,
/srv/gnss-archive/legacy/RECOVERED_SEAGATE_W2A0W9T2_DATA0/RAW/2012/BAGU/BAGU201208230000a.dat,.dat,2147262,ok,
/srv/gnss-archive/legacy/RECOVERED_SEAGATE_W2A0W9T2_DATA0/RAW/2012/BAGU/BAGU201208240000a.T00,.t00,599195,ok,
/srv/gnss-archive/legacy/RECOVERED_SEAGATE_W2A0W9T2_DATA0/RAW/2012/BAGU/BAGU201208240000a.dat,.dat,2180515,ok,
/srv/gnss-archive/legacy/RECOVERED_SEAGATE_W2A0W9T2_DATA0/RAW/2012/BAGU/BAGU201208250000a.T00,.t00,599160,ok,
/srv/gnss-archive/legacy/RECOVERED_SEAGATE_W2A0W9T2_DATA0/RAW/2012/BAGU/BAGU201208250000a.dat,.dat,2178819,ok,
/srv/gnss-archive/legacy/RECOVERED_SEAGATE_W2A0W9T2_DATA0/RAW/2012/BAGU/BAGU201208260000a.T00,.t00,605661,ok,
/srv/gnss-archive/legacy/RECOVERED_SEAGATE_W2A0W9T2_DATA0/RAW/2012/BAGU/BAGU201208260000a.dat,.dat,2159188,ok,
/srv/gnss-archive/legacy/RECOVERED_SEAGATE_W2A0W9T2_DATA0/RAW/2012/BAGU/BAGU201208270000a.T00,.t00,600107,ok,
/srv/gnss-archive/legacy/RECOVERED_SEAGATE_W2A0W9T2_DATA0/RAW/2012/BAGU/BAGU201208270000a.dat,.dat,2150231,ok,
/srv/gnss-archive/legacy/RECOVERED_SEAGATE_W2A0W9T2_DATA0/RAW/2012/BAGU/BAGU201208280000a.T00,.t00,601095,ok,
/srv/gnss-archive/legacy/RECOVERED_SEAGATE_W2A0W9T2_DATA0/RAW/2012/BAGU/BAGU201208280000a.dat,.dat,2112635,ok,
/srv/gnss-archive/legacy/RECOVERED_SEAGATE_W2A0W9T2_DATA0/RAW/2012/BAGU/BAGU201208290000a.T00,.t00,601684,ok,
/srv/gnss-archive/legacy/RECOVERED_SEAGATE_W2A0W9T2_DATA0/RAW/2012/BAGU/BAGU201208290000a.dat,.dat,2157668,ok,
/srv/gnss-archive/legacy/RECOVERED_SEAGATE_W2A0W9T2_DATA0/RAW/2012/BAGU/BAGU201208300000a.T00,.t00,603481,ok,
/srv/gnss-archive/legacy/RECOVERED_SEAGATE_W2A0W9T2_DATA0/RAW/2012/BAGU/BAGU201208300000a.dat,.dat,2137964,ok,
/srv/gnss-archive/legacy/RECOVERED_SEAGATE_W2A0W9T2_DATA0/RAW/2012/BAGU/BAGU201208310000a.T00,.t00,604988,ok,
/srv/gnss-archive/legacy/RECOVERED_SEAGATE_W2A0W9T2_DATA0/RAW/2012/BAGU/BAGU201208310000a.dat,.dat,2143595,ok,
/srv/gnss-archive/legacy/RECOVERED_SEAGATE_W2A0W9T2_DATA0/RAW/2012/BAGU/BAGU201209010000a.T00,.t00,601199,ok,
/srv/gnss-archive/legacy/RECOVERED_SEAGATE_W2A0W9T2_DATA0/RAW/2012/BAGU/BAGU201209010000a.dat,.dat,2170615,ok,
/srv/gnss-archive/legacy/RECOVERED_SEAGATE_W2A0W9T2_DATA0/RAW/2012/BAGU/BAGU201209020000a.T00,.t00,611362,ok,
/srv/gnss-archive/legacy/RECOVERED_SEAGATE_W2A0W9T2_DATA0/RAW/2012/BAGU/BAGU201209020000a.dat,.dat,2158272,ok,
/srv/gnss-archive/legacy/RECOVERED_SEAGATE_W2A0W9T2_DATA0/RAW/2012/BAGU/BAGU201209030000a.T00,.t00,600489,ok,
/srv/gnss-archive/legacy/RECOVERED_SEAGATE_W2A0W9T2_DATA0/RAW/2012/BAGU/BAGU201209030000a.dat,.dat,2159766,ok,
/srv/gnss-archive/legacy/RECOVERED_SEAGATE_W2A0W9T2_DATA0/RAW/2012/BAGU/BAGU201209040000a.T00,.t00,599760,ok,
/srv/gnss-archive/legacy/RECOVERED_SEAGATE_W2A0W9T2_DATA0/RAW/2012/BAGU/BAGU201209040000a.dat,.dat,2155303,ok,
/srv/gnss-archive/legacy/RECOVERED_SEAGATE_W2A0W9T2_DATA0/RAW/2012/BAGU/BAGU201209050000a.T00,.t00,598606,ok,
/srv/gnss-archive/legacy/RECOVERED_SEAGATE_W2A0W9T2_DATA0/RAW/2012/BAGU/BAGU201209050000a.dat,.dat,2153724,ok,
/srv/gnss-archive/legacy/RECOVERED_SEAGATE_W2A0W9T2_DATA0/RAW/2012/BAGU/BAGU201209060000a.T00,.t00,597776,ok,
/srv/gnss-archive/legacy/RECOVERED_SEAGATE_W2A0W9T2_DATA0/RAW/2012/BAGU/BAGU201209060000a.dat,.dat,2138515,ok,
/srv/gnss-archive/legacy/RECOVERED_SEAGATE_W2A0W9T2_DATA0/RAW/2012/BAGU/BAGU201209070000a.T00,.t00,599244,ok,
/srv/gnss-archive/legacy/RECOVERED_SEAGATE_W2A0W9T2_DATA0/RAW/2012/BAGU/BAGU201209070000a.dat,.dat,2181695,ok,
/srv/gnss-archive/legacy/RECOVERED_SEAGATE_W2A0W9T2_DATA0/RAW/2012/BAGU/BAGU201209080000a.T00,.t00,598956,ok,
/srv/gnss-archive/legacy/RECOVERED_SEAGATE_W2A0W9T2_DATA0/RAW/2012/BAGU/BAGU201209080000a.dat,.dat,2177801,ok,
/srv/gnss-archive/legacy/RECOVERED_SEAGATE_W2A0W9T2_DATA0/RAW/2012/BAGU/BAGU201209090000a.T00,.t00,600249,ok,
/srv/gnss-archive/legacy/RECOVERED_SEAGATE_W2A0W9T2_DATA0/RAW/2012/BAGU/BAGU201209090000a.dat,.dat,2158996,ok,
/srv/gnss-archive/legacy/RECOVERED_SEAGATE_W2A0W9T2_DATA0/RAW/2012/BAGU/BAGU201209100000a.T00,.t00,596862,ok,
/srv/gnss-archive/legacy/RECOVERED_SEAGATE_W2A0W9T2_DATA0/RAW/2012/BAGU/BAGU201209100000a.dat,.dat,2115880,ok,
/srv/gnss-archive/legacy/RECOVERED_SEAGATE_W2A0W9T2_DATA0/RAW/2012/BAGU/BAGU201209110000a.T00,.t00,584217,ok,
/srv/gnss-archive/legacy/RECOVERED_SEAGATE_W2A0W9T2_DATA0/RAW/2012/BAGU/BAGU201209110000a.dat,.dat,2127414,ok,
/srv/gnss-archive/legacy/RECOVERED_SEAGATE_W2A0W9T2_DATA0/RAW/2012/BAGU/BAGU201209120000a.T00,.t00,588406,ok,
/srv/gnss-archive/legacy/RECOVERED_SEAGATE_W2A0W9T2_DATA0/RAW/2012/BAGU/BAGU201209120000a.dat,.dat,2057760,ok,
/srv/gnss-archive/legacy/RECOVERED_SEAGATE_W2A0W9T2_DATA0/RAW/2012/BAGU/BAGU201209130000a.T00,.t00,587919,ok,
/srv/gnss-archive/legacy/RECOVERED_SEAGATE_W2A0W9T2_DATA0/RAW/2012/BAGU/BAGU201209130000a.dat,.dat,2098895,ok,
/srv/gnss-archive/legacy/RECOVERED_SEAGATE_W2A0W9T2_DATA0/RAW/2012/BAGU/BAGU201209140000a.T00,.t00,597078,ok,
/srv/gnss-archive/legacy/RECOVERED_SEAGATE_W2A0W9T2_DATA0/RAW/2012/BAGU/BAGU201209140000a.dat,.dat,2160929,ok,
/srv/gnss-archive/legacy/RECOVERED_SEAGATE_W2A0W9T2_DATA0/RAW/2012/BAGU/BAGU201209150000a.T00,.t00,599116,ok,
/srv/gnss-archive/legacy/RECOVERED_SEAGATE_W2A0W9T2_DATA0/RAW/2012/BAGU/BAGU201209150000a.dat,.dat,2180535,ok,
/srv/gnss-archive/legacy/RECOVERED_SEAGATE_W2A0W9T2_DATA0/RAW/2012/BAGU/BAGU201209160000a.T00,.t00,600521,ok,
/srv/gnss-archive/legacy/RECOVERED_SEAGATE_W2A0W9T2_DATA0/RAW/2012/BAGU/BAGU201209160000a.dat,.dat,2136722,ok,
/srv/gnss-archive/legacy/RECOVERED_SEAGATE_W2A0W9T2_DATA0/RAW/2012/BAGU/BAGU201209170000a.T00,.t00,605877,ok,
/srv/gnss-archive/legacy/RECOVERED_SEAGATE_W2A0W9T2_DATA0/RAW/2012/BAGU/BAGU201209170000a.dat,.dat,2135374,ok,
/srv/gnss-archive/legacy/RECOVERED_SEAGATE_W2A0W9T2_DATA0/RAW/2012/BAGU/BAGU201209180000a.T00,.t00,605204,ok,
/srv/gnss-archive/legacy/RECOVERED_SEAGATE_W2A0W9T2_DATA0/RAW/2012/BAGU/BAGU201209180000a.dat,.dat,2177809,ok,
/srv/gnss-archive/legacy/RECOVERED_SEAGATE_W2A0W9T2_DATA0/RAW/2012/BAGU/BAGU201209190000a.T00,.t00,602905,ok,
/srv/gnss-archive/legacy/RECOVERED_SEAGATE_W2A0W9T2_DATA0/RAW/2012/BAGU/BAGU201209190000a.dat,.dat,2185642,ok,
/srv/gnss-archive/legacy/RECOVERED_SEAGATE_W2A0W9T2_DATA0/RAW/2012/BAGU/BAGU201209200000a.T00,.t00,600016,ok,
/srv/gnss-archive/legacy/RECOVERED_SEAGATE_W2A0W9T2_DATA0/RAW/2012/BAGU/BAGU201209200000a.dat,.dat,2172755,ok,
/srv/gnss-archive/legacy/RECOVERED_SEAGATE_W2A0W9T2_DATA0/RAW/2012/BAGU/BAGU201209210000a.T00,.t00,612048,ok,
/srv/gnss-archive/legacy/RECOVERED_SEAGATE_W2A0W9T2_DATA0/RAW/2012/BAGU/BAGU201209210000a.dat,.dat,2151236,ok,
/srv/gnss-archive/legacy/RECOVERED_SEAGATE_W2A0W9T2_DATA0/RAW/2012/BAGU/BAGU201209220000a.T00,.t00,600265,ok,
/srv/gnss-archive/legacy/RECOVERED_SEAGATE_W2A0W9T2_DATA0/RAW/2012/BAGU/BAGU201209220000a.dat,.dat,2185755,ok,
/srv/gnss-archive/legacy/RECOVERED_SEAGATE_W2A0W9T2_DATA0/RAW/2012/BAGU/BAGU201209230000a.T00,.t00,608043,ok,
/srv/gnss-archive/legacy/RECOVERED_SEAGATE_W2A0W9T2_DATA0/RAW/2012/BAGU/BAGU201209230000a.dat,.dat,2162659,ok,
/srv/gnss-archive/legacy/RECOVERED_SEAGATE_W2A0W9T2_DATA0/RAW/2012/BAGU/BAGU201209240000a.T00,.t00,605797,ok,
/srv/gnss-archive/legacy/RECOVERED_SEAGATE_W2A0W9T2_DATA0/RAW/2012/BAGU/BAGU201209240000a.dat,.dat,2163711,ok,
/srv/gnss-archive/legacy/RECOVERED_SEAGATE_W2A0W9T2_DATA0/RAW/2012/BAGU/BAGU201209250000a.T00,.t00,600585,ok,
/srv/gnss-archive/legacy/RECOVERED_SEAGATE_W2A0W9T2_DATA0/RAW/2012/BAGU/BAGU201209250000a.dat,.dat,2124374,ok,
/srv/gnss-archive/legacy/RECOVERED_SEAGATE_W2A0W9T2_DATA0/RAW/2012/BAGU/BAGU201209260000a.T00,.t00,609697,ok,
/srv/gnss-archive/legacy/RECOVERED_SEAGATE_W2A0W9T2_DATA0/RAW/2012/BAGU/BAGU201209260000a.dat,.dat,2131871,ok,
/srv/gnss-archive/legacy/RECOVERED_SEAGATE_W2A0W9T2_DATA0/RAW/2012/BAGU/BAGU201209270000a.T00,.t00,601585,ok,
/srv/gnss-archive/legacy/RECOVERED_SEAGATE_W2A0W9T2_DATA0/RAW/2012/BAGU/BAGU201209270000a.dat,.dat,2128220,ok,
/srv/gnss-archive/legacy/RECOVERED_SEAGATE_W2A0W9T2_DATA0/RAW/2012/BAGU/BAGU201209280000a.T00,.t00,608964,ok,
/srv/gnss-archive/legacy/RECOVERED_SEAGATE_W2A0W9T2_DATA0/RAW/2012/BAGU/BAGU201209280000a.dat,.dat,2161652,ok,
/srv/gnss-archive/legacy/RECOVERED_SEAGATE_W2A0W9T2_DATA0/RAW/2012/BAGU/BAGU201209290000a.T00,.t00,608742,ok,
/srv/gnss-archive/legacy/RECOVERED_SEAGATE_W2A0W9T2_DATA0/RAW/2012/BAGU/BAGU201209290000a.dat,.dat,2171691,ok,
/srv/gnss-archive/legacy/RECOVERED_SEAGATE_W2A0W9T2_DATA0/RAW/2012/BAGU/BAGU201209300000a.T00,.t00,603885,ok,
/srv/gnss-archive/legacy/RECOVERED_SEAGATE_W2A0W9T2_DATA0/RAW/2012/BAGU/BAGU201209300000a.dat,.dat,2190428,ok,
/srv/gnss-archive/legacy/RECOVERED_SEAGATE_W2A0W9T2_DATA0/RAW/2012/BAGU/BAGU201210010000a.T00,.t00,598976,ok,
/srv/gnss-archive/legacy/RECOVERED_SEAGATE_W2A0W9T2_DATA0/RAW/2012/BAGU/BAGU201210010000a.dat,.dat,2165264,ok,
/srv/gnss-archive/legacy/RECOVERED_SEAGATE_W2A0W9T2_DATA0/RAW/2012/BAGU/BAGU201210020000a.T00,.t00,608734,ok,
/srv/gnss-archive/legacy/RECOVERED_SEAGATE_W2A0W9T2_DATA0/RAW/2012/BAGU/BAGU201210020000a.dat,.dat,2138920,ok,
/srv/gnss-archive/legacy/RECOVERED_SEAGATE_W2A0W9T2_DATA0/RAW/2012/BAGU/BAGU201210030000a.T00,.t00,604942,ok,
/srv/gnss-archive/legacy/RECOVERED_SEAGATE_W2A0W9T2_DATA0/RAW/2012/BAGU/BAGU201210030000a.dat,.dat,2199907,ok,
/srv/gnss-archive/legacy/RECOVERED_SEAGATE_W2A0W9T2_DATA0/RAW/2012/BAGU/BAGU201210040000a.T00,.t00,603296,ok,
/srv/gnss-archive/legacy/RECOVERED_SEAGATE_W2A0W9T2_DATA0/RAW/2012/BAGU/BAGU201210040000a.dat,.dat,2176845,ok,
/srv/gnss-archive/legacy/RECOVERED_SEAGATE_W2A0W9T2_DATA0/RAW/2012/BAGU/BAGU201210050000a.T00,.t00,600883,ok,
/srv/gnss-archive/legacy/RECOVERED_SEAGATE_W2A0W9T2_DATA0/RAW/2012/BAGU/BAGU201210050000a.dat,.dat,2148455,ok,
/srv/gnss-archive/legacy/RECOVERED_SEAGATE_W2A0W9T2_DATA0/RAW/2012/BAGU/BAGU201210060000a.T00,.t00,601522,ok,
/srv/gnss-archive/legacy/RECOVERED_SEAGATE_W2A0W9T2_DATA0/RAW/2012/BAGU/BAGU201210060000a.dat,.dat,2131680,ok,
/srv/gnss-archive/legacy/RECOVERED_SEAGATE_W2A0W9T2_DATA0/RAW/2012/BAGU/BAGU201210070000a.T00,.t00,587170,ok,
/srv/gnss-archive/legacy/RECOVERED_SEAGATE_W2A0W9T2_DATA0/RAW/2012/BAGU/BAGU201210070000a.dat,.dat,2135291,ok,
/srv/gnss-archive/legacy/RECOVERED_SEAGATE_W2A0W9T2_DATA0/RAW/2012/BAGU/BAGU201210080000a.T00,.t00,587918,ok,
/srv/gnss-archive/legacy/RECOVERED_SEAGATE_W2A0W9T2_DATA0/RAW/2012/BAGU/BAGU201210080000a.dat,.dat,2136776,ok,
/srv/gnss-archive/legacy/RECOVERED_SEAGATE_W2A0W9T2_DATA0/RAW/2012/BAGU/BAGU201210090000a.T00,.t00,587409,ok,
/srv/gnss-archive/legacy/RECOVERED_SEAGATE_W2A0W9T2_DATA0/RAW/2012/BAGU/BAGU201210090000a.dat,.dat,2106707,ok,
/srv/gnss-archive/legacy/RECOVERED_SEAGATE_W2A0W9T2_DATA0/RAW/2012/BAGU/BAGU201210100000a.T00,.t00,586349,ok,
/srv/gnss-archive/legacy/RECOVERED_SEAGATE_W2A0W9T2_DATA0/RAW/2012/BAGU/BAGU201210100000a.dat,.dat,2129620,ok,
/srv/gnss-archive/legacy/RECOVERED_SEAGATE_W2A0W9T2_DATA0/RAW/2012/BAGU/BAGU201210110000a.T00,.t00,589715,ok,
/srv/gnss-archive/legacy/RECOVERED_SEAGATE_W2A0W9T2_DATA0/RAW/2012/BAGU/BAGU201210110000a.dat,.dat,2084855,ok,
/srv/gnss-archive/legacy/RECOVERED_SEAGATE_W2A0W9T2_DATA0/RAW/2012/BAGU/BAGU201210120000a.T00,.t00,588367,ok,
/srv/gnss-archive/legacy/RECOVERED_SEAGATE_W2A0W9T2_DATA0/RAW/2012/BAGU/BAGU201210120000a.dat,.dat,2120905,ok,
/srv/gnss-archive/legacy/RECOVERED_SEAGATE_W2A0W9T2_DATA0/RAW/2012/BAGU/BAGU201210130000a.T00,.t00,586790,ok,
/srv/gnss-archive/legacy/RECOVERED_SEAGATE_W2A0W9T2_DATA0/RAW/2012/BAGU/BAGU201210130000a.dat,.dat,2097428,ok,
/srv/gnss-archive/legacy/RECOVERED_SEAGATE_W2A0W9T2_DATA0/RAW/2012/BAGU/BAGU201210140000a.T00,.t00,303104,ok,
/srv/gnss-archive/legacy/RECOVERED_SEAGATE_W2A0W9T2_DATA0/RAW/2012/BAGU/BAGU201210140000a.dat,.dat,1088633,ok,
/srv/gnss-archive/legacy/RECOVERED_SEAGATE_W2A0W9T2_DATA0/RAW/2012/BAGU/BAGU201210150000a.T00,.t00,589405,ok,
/srv/gnss-archive/legacy/RECOVERED_SEAGATE_W2A0W9T2_DATA0/RAW/2012/BAGU/BAGU201210150000a.dat,.dat,2110979,ok,
/srv/gnss-archive/legacy/RECOVERED_SEAGATE_W2A0W9T2_DATA0/RAW/2012/BAGU/BAGU201210160000a.T00,.t00,592681,ok,
/srv/gnss-archive/legacy/RECOVERED_SEAGATE_W2A0W9T2_DATA0/RAW/2012/BAGU/BAGU201210160000a.dat,.dat,2052518,ok,
/srv/gnss-archive/legacy/RECOVERED_SEAGATE_W2A0W9T2_DATA0/RAW/2012/BAGU/BAGU201210170000a.T00,.t00,588712,ok,
/srv/gnss-archive/legacy/RECOVERED_SEAGATE_W2A0W9T2_DATA0/RAW/2012/BAGU/BAGU201210170000a.dat,.dat,2076967,ok,
/srv/gnss-archive/legacy/RECOVERED_SEAGATE_W2A0W9T2_DATA0/RAW/2012/BAGU/BAGU201210180000a.T00,.t00,592489,ok,
/srv/gnss-archive/legacy/RECOVERED_SEAGATE_W2A0W9T2_DATA0/RAW/2012/BAGU/BAGU201210180000a.dat,.dat,2101467,ok,
/srv/gnss-archive/legacy/RECOVERED_SEAGATE_W2A0W9T2_DATA0/RAW/2012/BAGU/BAGU201210190000a.T00,.t00,592915,ok,
/srv/gnss-archive/legacy/RECOVERED_SEAGATE_W2A0W9T2_DATA0/RAW/2012/BAGU/BAGU201210190000a.dat,.dat,2092608,ok,
/srv/gnss-archive/legacy/RECOVERED_SEAGATE_W2A0W9T2_DATA0/RAW/2012/BAGU/BAGU201210200000a.T00,.t00,587459,ok,
/srv/gnss-archive/legacy/RECOVERED_SEAGATE_W2A0W9T2_DATA0/RAW/2012/BAGU/BAGU201210200000a.dat,.dat,2087279,ok,
/srv/gnss-archive/legacy/RECOVERED_SEAGATE_W2A0W9T2_DATA0/RAW/2012/BAGU/BAGU201210210000a.T00,.t00,585636,ok,
/srv/gnss-archive/legacy/RECOVERED_SEAGATE_W2A0W9T2_DATA0/RAW/2012/BAGU/BAGU201210210000a.dat,.dat,2105399,ok,
/srv/gnss-archive/legacy/RECOVERED_SEAGATE_W2A0W9T2_DATA0/RAW/2012/BAGU/BAGU201210220000a.T00,.t00,586456,ok,
/srv/gnss-archive/legacy/RECOVERED_SEAGATE_W2A0W9T2_DATA0/RAW/2012/BAGU/BAGU201210220000a.dat,.dat,2089770,ok,
/srv/gnss-archive/legacy/RECOVERED_SEAGATE_W2A0W9T2_DATA0/RAW/2012/BAGU/BAGU201210230000a.T00,.t00,586606,ok,
/srv/gnss-archive/legacy/RECOVERED_SEAGATE_W2A0W9T2_DATA0/RAW/2012/BAGU/BAGU201210230000a.dat,.dat,2091595,ok,
/srv/gnss-archive/legacy/RECOVERED_SEAGATE_W2A0W9T2_DATA0/RAW/2012/BAGU/BAGU201210240000a.T00,.t00,587775,ok,
/srv/gnss-archive/legacy/RECOVERED_SEAGATE_W2A0W9T2_DATA0/RAW/2012/BAGU/BAGU201210240000a.dat,.dat,2047103,ok,
/srv/gnss-archive/legacy/RECOVERED_SEAGATE_W2A0W9T2_DATA0/RAW/2012/BAGU/BAGU201210250000a.T00,.t00,590005,ok,
/srv/gnss-archive/legacy/RECOVERED_SEAGATE_W2A0W9T2_DATA0/RAW/2012/BAGU/BAGU201210250000a.dat,.dat,2073931,ok,
/srv/gnss-archive/legacy/RECOVERED_SEAGATE_W2A0W9T2_DATA0/RAW/2012/BAGU/BAGU201210260000a.T00,.t00,587923,ok,
/srv/gnss-archive/legacy/RECOVERED_SEAGATE_W2A0W9T2_DATA0/RAW/2012/BAGU/BAGU201210260000a.dat,.dat,2087130,ok,
/srv/gnss-archive/legacy/RECOVERED_SEAGATE_W2A0W9T2_DATA0/RAW/2012/BAGU/BAGU201210270000a.T00,.t00,585969,ok,
/srv/gnss-archive/legacy/RECOVERED_SEAGATE_W2A0W9T2_DATA0/RAW/2012/BAGU/BAGU201210270000a.dat,.dat,2134917,ok,
/srv/gnss-archive/legacy/RECOVERED_SEAGATE_W2A0W9T2_DATA0/RAW/2012/BAGU/BAGU201210280000a.T00,.t00,586327,ok,
/srv/gnss-archive/legacy/RECOVERED_SEAGATE_W2A0W9T2_DATA0/RAW/2012/BAGU/BAGU201210280000a.dat,.dat,2067878,ok,
/srv/gnss-archive/legacy/RECOVERED_SEAGATE_W2A0W9T2_DATA0/RAW/2012/BAGU/BAGU201210290000a.T00,.t00,587736,ok,
/srv/gnss-archive/legacy/RECOVERED_SEAGATE_W2A0W9T2_DATA0/RAW/2012/BAGU/BAGU201210290000a.dat,.dat,2098823,ok,
/srv/gnss-archive/legacy/RECOVERED_SEAGATE_W2A0W9T2_DATA0/RAW/2012/BAGU/BAGU201210300000a.T00,.t00,593252,ok,
/srv/gnss-archive/legacy/RECOVERED_SEAGATE_W2A0W9T2_DATA0/RAW/2012/BAGU/BAGU201210300000a.dat,.dat,2107482,ok,
/srv/gnss-archive/legacy/RECOVERED_SEAGATE_W2A0W9T2_DATA0/RAW/2012/BAGU/BAGU201210310000a.T00,.t00,591842,ok,
/srv/gnss-archive/legacy/RECOVERED_SEAGATE_W2A0W9T2_DATA0/RAW/2012/BAGU/BAGU201210310000a.dat,.dat,2122719,ok,
/srv/gnss-archive/legacy/RECOVERED_SEAGATE_W2A0W9T2_DATA0/RAW/2012/BAGU/BAGU201211010000a.T00,.t00,587013,ok,
/srv/gnss-archive/legacy/RECOVERED_SEAGATE_W2A0W9T2_DATA0/RAW/2012/BAGU/BAGU201211010000a.dat,.dat,2104915,ok,
/srv/gnss-archive/legacy/RECOVERED_SEAGATE_W2A0W9T2_DATA0/RAW/2012/BAGU/BAGU201211020000a.T00,.t00,587849,ok,
/srv/gnss-archive/legacy/RECOVERED_SEAGATE_W2A0W9T2_DATA0/RAW/2012/BAGU/BAGU201211020000a.dat,.dat,2075283,ok,
/srv/gnss-archive/legacy/RECOVERED_SEAGATE_W2A0W9T2_DATA0/RAW/2012/BAGU/BAGU201211030000a.T00,.t00,589406,ok,
/srv/gnss-archive/legacy/RECOVERED_SEAGATE_W2A0W9T2_DATA0/RAW/2012/BAGU/BAGU201211030000a.dat,.dat,2134650,ok,
/srv/gnss-archive/legacy/RECOVERED_SEAGATE_W2A0W9T2_DATA0/RAW/2012/BAGU/BAGU201211040000a.T00,.t00,586498,ok,
/srv/gnss-archive/legacy/RECOVERED_SEAGATE_W2A0W9T2_DATA0/RAW/2012/BAGU/BAGU201211040000a.dat,.dat,2101179,ok,
/srv/gnss-archive/legacy/RECOVERED_SEAGATE_W2A0W9T2_DATA0/RAW/2012/BAGU/BAGU201211050000a.T00,.t00,587416,ok,
/srv/gnss-archive/legacy/RECOVERED_SEAGATE_W2A0W9T2_DATA0/RAW/2012/BAGU/BAGU201211050000a.dat,.dat,2093069,ok,
/srv/gnss-archive/legacy/RECOVERED_SEAGATE_W2A0W9T2_DATA0/RAW/2012/BAGU/BAGU201211060000a.T00,.t00,588371,ok,
/srv/gnss-archive/legacy/RECOVERED_SEAGATE_W2A0W9T2_DATA0/RAW/2012/BAGU/BAGU201211060000a.dat,.dat,2099742,ok,
/srv/gnss-archive/legacy/RECOVERED_SEAGATE_W2A0W9T2_DATA0/RAW/2012/BAGU/BAGU201211070000a.T00,.t00,586131,ok,
/srv/gnss-archive/legacy/RECOVERED_SEAGATE_W2A0W9T2_DATA0/RAW/2012/BAGU/BAGU201211070000a.dat,.dat,2113551,ok,
/srv/gnss-archive/legacy/RECOVERED_SEAGATE_W2A0W9T2_DATA0/RAW/2012/BAGU/BAGU201211080000a.T00,.t00,585890,ok,
/srv/gnss-archive/legacy/RECOVERED_SEAGATE_W2A0W9T2_DATA0/RAW/2012/BAGU/BAGU201211080000a.dat,.dat,2128850,ok,
/srv/gnss-archive/legacy/RECOVERED_SEAGATE_W2A0W9T2_DATA0/RAW/2012/BAGU/BAGU201211090000a.T00,.t00,586494,ok,
/srv/gnss-archive/legacy/RECOVERED_SEAGATE_W2A0W9T2_DATA0/RAW/2012/BAGU/BAGU201211090000a.dat,.dat,2111974,ok,
/srv/gnss-archive/legacy/RECOVERED_SEAGATE_W2A0W9T2_DATA0/RAW/2012/BAGU/BAGU201211100000a.T00,.t00,587361,ok,
/srv/gnss-archive/legacy/RECOVERED_SEAGATE_W2A0W9T2_DATA0/RAW/2012/BAGU/BAGU201211100000a.dat,.dat,2073544,ok,
/srv/gnss-archive/legacy/RECOVERED_SEAGATE_W2A0W9T2_DATA0/RAW/2012/BAGU/BAGU201211110000a.T00,.t00,585467,ok,
/srv/gnss-archive/legacy/RECOVERED_SEAGATE_W2A0W9T2_DATA0/RAW/2012/BAGU/BAGU201211110000a.dat,.dat,2089287,ok,
/srv/gnss-archive/legacy/RECOVERED_SEAGATE_W2A0W9T2_DATA0/RAW/2012/BAGU/BAGU201211120000a.T00,.t00,585066,ok,
/srv/gnss-archive/legacy/RECOVERED_SEAGATE_W2A0W9T2_DATA0/RAW/2012/BAGU/BAGU201211120000a.dat,.dat,2101222,ok,
/srv/gnss-archive/legacy/RECOVERED_SEAGATE_W2A0W9T2_DATA0/RAW/2012/BAGU/BAGU201211130000a.T00,.t00,581164,ok,
/srv/gnss-archive/legacy/RECOVERED_SEAGATE_W2A0W9T2_DATA0/RAW/2012/BAGU/BAGU201211130000a.dat,.dat,2086259,ok,
/srv/gnss-archive/legacy/RECOVERED_SEAGATE_W2A0W9T2_DATA0/RAW/2012/BAGU/BAGU201211140000a.T00,.t00,598436,ok,
/srv/gnss-archive/legacy/RECOVERED_SEAGATE_W2A0W9T2_DATA0/RAW/2012/BAGU/BAGU201211140000a.dat,.dat,2141461,ok,
/srv/gnss-archive/legacy/RECOVERED_SEAGATE_W2A0W9T2_DATA0/RAW/2012/BAGU/BAGU201211150000a.T00,.t00,596875,ok,
/srv/gnss-archive/legacy/RECOVERED_SEAGATE_W2A0W9T2_DATA0/RAW/2012/BAGU/BAGU201211150000a.dat,.dat,2158810,ok,
/srv/gnss-archive/legacy/RECOVERED_SEAGATE_W2A0W9T2_DATA0/RAW/2012/BAGU/BAGU201211160000a.T00,.t00,598562,ok,
/srv/gnss-archive/legacy/RECOVERED_SEAGATE_W2A0W9T2_DATA0/RAW/2012/BAGU/BAGU201211160000a.dat,.dat,2176161,ok,
/srv/gnss-archive/legacy/RECOVERED_SEAGATE_W2A0W9T2_DATA0/RAW/2012/BAGU/BAGU201211170000a.T00,.t00,598035,ok,
/srv/gnss-archive/legacy/RECOVERED_SEAGATE_W2A0W9T2_DATA0/RAW/2012/BAGU/BAGU201211170000a.dat,.dat,2190219,ok,
/srv/gnss-archive/legacy/RECOVERED_SEAGATE_W2A0W9T2_DATA0/RAW/2012/BAGU/BAGU201211180000a.T00,.t00,598926,ok,
/srv/gnss-archive/legacy/RECOVERED_SEAGATE_W2A0W9T2_DATA0/RAW/2012/BAGU/BAGU201211180000a.dat,.dat,2175421,ok,
/srv/gnss-archive/legacy/RECOVERED_SEAGATE_W2A0W9T2_DATA0/RAW/2012/BAGU/BAGU201211190000a.T00,.t00,600270,ok,
/srv/gnss-archive/legacy/RECOVERED_SEAGATE_W2A0W9T2_DATA0/RAW/2012/BAGU/BAGU201211190000a.dat,.dat,2175960,ok,
/srv/gnss-archive/legacy/RECOVERED_SEAGATE_W2A0W9T2_DATA0/RAW/2012/BAGU/BAGU201211200000a.T00,.t00,605896,ok,
/srv/gnss-archive/legacy/RECOVERED_SEAGATE_W2A0W9T2_DATA0/RAW/2012/BAGU/BAGU201211200000a.dat,.dat,2152687,ok,
/srv/gnss-archive/legacy/RECOVERED_SEAGATE_W2A0W9T2_DATA0/RAW/2012/BAGU/BAGU201211210000a.T00,.t00,592798,ok,
/srv/gnss-archive/legacy/RECOVERED_SEAGATE_W2A0W9T2_DATA0/RAW/2012/BAGU/BAGU201211210000a.dat,.dat,2172692,ok,
/srv/gnss-archive/legacy/RECOVERED_SEAGATE_W2A0W9T2_DATA0/RAW/2012/BAGU/BAGU201211220000a.T00,.t00,601337,ok,
/srv/gnss-archive/legacy/RECOVERED_SEAGATE_W2A0W9T2_DATA0/RAW/2012/BAGU/BAGU201211220000a.dat,.dat,2181405,ok,
/srv/gnss-archive/legacy/RECOVERED_SEAGATE_W2A0W9T2_DATA0/RAW/2012/BAGU/BAGU201211230000a.T00,.t00,599223,ok,
/srv/gnss-archive/legacy/RECOVERED_SEAGATE_W2A0W9T2_DATA0/RAW/2012/BAGU/BAGU201211230000a.dat,.dat,2184348,ok,
/srv/gnss-archive/legacy/RECOVERED_SEAGATE_W2A0W9T2_DATA0/RAW/2012/BAGU/BAGU201211240000a.T00,.t00,599579,ok,
/srv/gnss-archive/legacy/RECOVERED_SEAGATE_W2A0W9T2_DATA0/RAW/2012/BAGU/BAGU201211240000a.dat,.dat,2195626,ok,
/srv/gnss-archive/legacy/RECOVERED_SEAGATE_W2A0W9T2_DATA0/RAW/2012/BAGU/BAGU201211250000a.T00,.t00,599264,ok,
/srv/gnss-archive/legacy/RECOVERED_SEAGATE_W2A0W9T2_DATA0/RAW/2012/BAGU/BAGU201211250000a.dat,.dat,2127602,ok,
/srv/gnss-archive/legacy/RECOVERED_SEAGATE_W2A0W9T2_DATA0/RAW/2012/BAGU/BAGU201211260000a.T00,.t00,598575,ok,
/srv/gnss-archive/legacy/RECOVERED_SEAGATE_W2A0W9T2_DATA0/RAW/2012/BAGU/BAGU201211260000a.dat,.dat,2180133,ok,
/srv/gnss-archive/legacy/RECOVERED_SEAGATE_W2A0W9T2_DATA0/RAW/2012/BAGU/BAGU201211270000a.T00,.t00,600010,ok,
/srv/gnss-archive/legacy/RECOVERED_SEAGATE_W2A0W9T2_DATA0/RAW/2012/BAGU/BAGU201211270000a.dat,.dat,2185495,ok,
/srv/gnss-archive/legacy/RECOVERED_SEAGATE_W2A0W9T2_DATA0/RAW/2012/BAGU/BAGU201211280000a.T00,.t00,600630,ok,
/srv/gnss-archive/legacy/RECOVERED_SEAGATE_W2A0W9T2_DATA0/RAW/2012/BAGU/BAGU201211280000a.dat,.dat,2195795,ok,
/srv/gnss-archive/legacy/RECOVERED_SEAGATE_W2A0W9T2_DATA0/RAW/2012/BAGU/BAGU201211290000a.T00,.t00,600410,ok,
/srv/gnss-archive/legacy/RECOVERED_SEAGATE_W2A0W9T2_DATA0/RAW/2012/BAGU/BAGU201211290000a.dat,.dat,2134254,ok,
/srv/gnss-archive/legacy/RECOVERED_SEAGATE_W2A0W9T2_DATA0/RAW/2012/BAGU/BAGU201211300000a.T00,.t00,599556,ok,
/srv/gnss-archive/legacy/RECOVERED_SEAGATE_W2A0W9T2_DATA0/RAW/2012/BAGU/BAGU201211300000a.dat,.dat,2182290,ok,
/srv/gnss-archive/legacy/RECOVERED_SEAGATE_W2A0W9T2_DATA0/RAW/2012/BAGU/BAGU201212010000a.T00,.t00,601605,ok,
/srv/gnss-archive/legacy/RECOVERED_SEAGATE_W2A0W9T2_DATA0/RAW/2012/BAGU/BAGU201212010000a.dat,.dat,2154199,ok,
/srv/gnss-archive/legacy/RECOVERED_SEAGATE_W2A0W9T2_DATA0/RAW/2012/BAGU/BAGU201212020000a.T00,.t00,598899,ok,
/srv/gnss-archive/legacy/RECOVERED_SEAGATE_W2A0W9T2_DATA0/RAW/2012/BAGU/BAGU201212020000a.dat,.dat,2172067,ok,
/srv/gnss-archive/legacy/RECOVERED_SEAGATE_W2A0W9T2_DATA0/RAW/2012/BAGU/BAGU201212030000a.T00,.t00,599334,ok,
/srv/gnss-archive/legacy/RECOVERED_SEAGATE_W2A0W9T2_DATA0/RAW/2012/BAGU/BAGU201212030000a.dat,.dat,2178973,ok,
/srv/gnss-archive/legacy/RECOVERED_SEAGATE_W2A0W9T2_DATA0/RAW/2012/BAGU/BAGU201212040000a.T00,.t00,598329,ok,
/srv/gnss-archive/legacy/RECOVERED_SEAGATE_W2A0W9T2_DATA0/RAW/2012/BAGU/BAGU201212040000a.dat,.dat,2142073,ok,
/srv/gnss-archive/legacy/RECOVERED_SEAGATE_W2A0W9T2_DATA0/RAW/2012/BAGU/BAGU201212050000a.T00,.t00,598156,ok,
/srv/gnss-archive/legacy/RECOVERED_SEAGATE_W2A0W9T2_DATA0/RAW/2012/BAGU/BAGU201212050000a.dat,.dat,2147595,ok,
/srv/gnss-archive/legacy/RECOVERED_SEAGATE_W2A0W9T2_DATA0/RAW/2012/BAGU/BAGU201212060000a.T00,.t00,597291,ok,
/srv/gnss-archive/legacy/RECOVERED_SEAGATE_W2A0W9T2_DATA0/RAW/2012/BAGU/BAGU201212060000a.dat,.dat,2129270,ok,
/srv/gnss-archive/legacy/RECOVERED_SEAGATE_W2A0W9T2_DATA0/RAW/2012/BAGU/BAGU201212070000a.T00,.t00,598494,ok,
/srv/gnss-archive/legacy/RECOVERED_SEAGATE_W2A0W9T2_DATA0/RAW/2012/BAGU/BAGU201212070000a.dat,.dat,2123436,ok,
/srv/gnss-archive/legacy/RECOVERED_SEAGATE_W2A0W9T2_DATA0/RAW/2012/BAGU/BAGU201212080000a.T00,.t00,597875,ok,
/srv/gnss-archive/legacy/RECOVERED_SEAGATE_W2A0W9T2_DATA0/RAW/2012/BAGU/BAGU201212080000a.dat,.dat,2148645,ok,
/srv/gnss-archive/legacy/RECOVERED_SEAGATE_W2A0W9T2_DATA0/RAW/2012/BAGU/BAGU201212090000a.T00,.t00,598545,ok,
/srv/gnss-archive/legacy/RECOVERED_SEAGATE_W2A0W9T2_DATA0/RAW/2012/BAGU/BAGU201212090000a.dat,.dat,2187838,ok,
/srv/gnss-archive/legacy/RECOVERED_SEAGATE_W2A0W9T2_DATA0/RAW/2012/BAGU/BAGU201212100000a.T00,.t00,599828,ok,
/srv/gnss-archive/legacy/RECOVERED_SEAGATE_W2A0W9T2_DATA0/RAW/2012/BAGU/BAGU201212100000a.dat,.dat,2171132,ok,
/srv/gnss-archive/legacy/RECOVERED_SEAGATE_W2A0W9T2_DATA0/RAW/2012/BAGU/BAGU201212110000a.T00,.t00,597356,ok,
/srv/gnss-archive/legacy/RECOVERED_SEAGATE_W2A0W9T2_DATA0/RAW/2012/BAGU/BAGU201212110000a.dat,.dat,2095064,ok,
/srv/gnss-archive/legacy/RECOVERED_SEAGATE_W2A0W9T2_DATA0/RAW/2012/BAGU/BAGU201212120000a.T00,.t00,593947,ok,
/srv/gnss-archive/legacy/RECOVERED_SEAGATE_W2A0W9T2_DATA0/RAW/2012/BAGU/BAGU201212120000a.dat,.dat,2147621,ok,
/srv/gnss-archive/legacy/RECOVERED_SEAGATE_W2A0W9T2_DATA0/RAW/2012/BAGU/BAGU201212130000a.T00,.t00,598570,ok,
/srv/gnss-archive/legacy/RECOVERED_SEAGATE_W2A0W9T2_DATA0/RAW/2012/BAGU/BAGU201212130000a.dat,.dat,2131873,ok,
/srv/gnss-archive/legacy/RECOVERED_SEAGATE_W2A0W9T2_DATA0/RAW/2012/BAGU/BAGU201212140000a.T00,.t00,598609,ok,
/srv/gnss-archive/legacy/RECOVERED_SEAGATE_W2A0W9T2_DATA0/RAW/2012/BAGU/BAGU201212140000a.dat,.dat,2177643,ok,
/srv/gnss-archive/legacy/RECOVERED_SEAGATE_W2A0W9T2_DATA0/RAW/2012/BAGU/BAGU201212150000a.T00,.t00,599094,ok,
/srv/gnss-archive/legacy/RECOVERED_SEAGATE_W2A0W9T2_DATA0/RAW/2012/BAGU/BAGU201212150000a.dat,.dat,2188586,ok,
/srv/gnss-archive/legacy/RECOVERED_SEAGATE_W2A0W9T2_DATA0/RAW/2012/BAGU/BAGU201212160000a.T00,.t00,598717,ok,
/srv/gnss-archive/legacy/RECOVERED_SEAGATE_W2A0W9T2_DATA0/RAW/2012/BAGU/BAGU201212160000a.dat,.dat,2167111,ok,
/srv/gnss-archive/legacy/RECOVERED_SEAGATE_W2A0W9T2_DATA0/RAW/2012/BAGU/BAGU201212170000a.T00,.t00,598086,ok,
/srv/gnss-archive/legacy/RECOVERED_SEAGATE_W2A0W9T2_DATA0/RAW/2012/BAGU/BAGU201212170000a.dat,.dat,2139149,ok,
/srv/gnss-archive/legacy/RECOVERED_SEAGATE_W2A0W9T2_DATA0/RAW/2012/BAGU/BAGU201212180000a.T00,.t00,599724,ok,
/srv/gnss-archive/legacy/RECOVERED_SEAGATE_W2A0W9T2_DATA0/RAW/2012/BAGU/BAGU201212180000a.dat,.dat,2153383,ok,
/srv/gnss-archive/legacy/RECOVERED_SEAGATE_W2A0W9T2_DATA0/RAW/2012/BAGU/BAGU201212190000a.T00,.t00,598429,ok,
/srv/gnss-archive/legacy/RECOVERED_SEAGATE_W2A0W9T2_DATA0/RAW/2012/BAGU/BAGU201212190000a.dat,.dat,2148075,ok,
/srv/gnss-archive/legacy/RECOVERED_SEAGATE_W2A0W9T2_DATA0/RAW/2012/BAGU/BAGU201212200000a.T00,.t00,591933,ok,
/srv/gnss-archive/legacy/RECOVERED_SEAGATE_W2A0W9T2_DATA0/RAW/2012/BAGU/BAGU201212200000a.dat,.dat,2118609,ok,
/srv/gnss-archive/legacy/RECOVERED_SEAGATE_W2A0W9T2_DATA0/RAW/2012/BAGU/BAGU201212210000a.T00,.t00,600552,ok,
/srv/gnss-archive/legacy/RECOVERED_SEAGATE_W2A0W9T2_DATA0/RAW/2012/BAGU/BAGU201212210000a.dat,.dat,2179347,ok,
/srv/gnss-archive/legacy/RECOVERED_SEAGATE_W2A0W9T2_DATA0/RAW/2012/BAGU/BAGU201212220000a.T00,.t00,598900,ok,
/srv/gnss-archive/legacy/RECOVERED_SEAGATE_W2A0W9T2_DATA0/RAW/2012/BAGU/BAGU201212220000a.dat,.dat,2168121,ok,
/srv/gnss-archive/legacy/RECOVERED_SEAGATE_W2A0W9T2_DATA0/RAW/2012/BAGU/BAGU201212230000a.T00,.t00,599294,ok,
/srv/gnss-archive/legacy/RECOVERED_SEAGATE_W2A0W9T2_DATA0/RAW/2012/BAGU/BAGU201212230000a.dat,.dat,2163308,ok,
/srv/gnss-archive/legacy/RECOVERED_SEAGATE_W2A0W9T2_DATA0/RAW/2012/BAGU/BAGU201212240000a.T00,.t00,599364,ok,
/srv/gnss-archive/legacy/RECOVERED_SEAGATE_W2A0W9T2_DATA0/RAW/2012/BAGU/BAGU201212240000a.dat,.dat,2159400,ok,
/srv/gnss-archive/legacy/RECOVERED_SEAGATE_W2A0W9T2_DATA0/RAW/2012/BAGU/BAGU201212250000a.T00,.t00,599754,ok,
/srv/gnss-archive/legacy/RECOVERED_SEAGATE_W2A0W9T2_DATA0/RAW/2012/BAGU/BAGU201212250000a.dat,.dat,2153302,ok,
/srv/gnss-archive/legacy/RECOVERED_SEAGATE_W2A0W9T2_DATA0/RAW/2012/BAGU/BAGU201212260000a.T00,.t00,600242,ok,
/srv/gnss-archive/legacy/RECOVERED_SEAGATE_W2A0W9T2_DATA0/RAW/2012/BAGU/BAGU201212260000a.dat,.dat,2154325,ok,
/srv/gnss-archive/legacy/RECOVERED_SEAGATE_W2A0W9T2_DATA0/RAW/2012/BAGU/BAGU201212270000a.T00,.t00,599792,ok,
/srv/gnss-archive/legacy/RECOVERED_SEAGATE_W2A0W9T2_DATA0/RAW/2012/BAGU/BAGU201212270000a.dat,.dat,2157706,ok,
/srv/gnss-archive/legacy/RECOVERED_SEAGATE_W2A0W9T2_DATA0/RAW/2012/BAGU/BAGU201212280000a.T00,.t00,601356,ok,
/srv/gnss-archive/legacy/RECOVERED_SEAGATE_W2A0W9T2_DATA0/RAW/2012/BAGU/BAGU201212280000a.dat,.dat,2160629,ok,
/srv/gnss-archive/legacy/RECOVERED_SEAGATE_W2A0W9T2_DATA0/RAW/2012/BAGU/BAGU201212290000a.T00,.t00,599532,ok,
/srv/gnss-archive/legacy/RECOVERED_SEAGATE_W2A0W9T2_DATA0/RAW/2012/BAGU/BAGU201212290000a.dat,.dat,2154956,ok,
/srv/gnss-archive/legacy/RECOVERED_SEAGATE_W2A0W9T2_DATA0/RAW/2012/BAGU/BAGU201212300000a.T00,.t00,600392,ok,
/srv/gnss-archive/legacy/RECOVERED_SEAGATE_W2A0W9T2_DATA0/RAW/2012/BAGU/BAGU201212300000a.dat,.dat,2158867,ok,
/srv/gnss-archive/legacy/RECOVERED_SEAGATE_W2A0W9T2_DATA0/RAW/2012/BAGU/BAGU201212310000a.T00,.t00,600119,ok,
/srv/gnss-archive/legacy/RECOVERED_SEAGATE_W2A0W9T2_DATA0/RAW/2012/BAGU/BAGU201212310000a.dat,.dat,2161476,ok,
/srv/gnss-archive/legacy/RECOVERED_SEAGATE_W2A0W9T2_DATA0/RAW/2012/BASC/BASC201202120000A.T02,.t02,1165194,ok,
/srv/gnss-archive/legacy/RECOVERED_SEAGATE_W2A0W9T2_DATA0/RAW/2012/BASC/BASC201201010000A.T02,.t02,1139736,ok,
/srv/gnss-archive/legacy/RECOVERED_SEAGATE_W2A0W9T2_DATA0/RAW/2012/BASC/BASC201202110000A.T02,.t02,1159602,ok,
/srv/gnss-archive/legacy/RECOVERED_SEAGATE_W2A0W9T2_DATA0/RAW/2012/BASC/BASC201201020000A.T02,.t02,1177193,ok,
/srv/gnss-archive/legacy/RECOVERED_SEAGATE_W2A0W9T2_DATA0/RAW/2012/BASC/BASC201202130000A.T02,.t02,1159726,ok,
/srv/gnss-archive/legacy/RECOVERED_SEAGATE_W2A0W9T2_DATA0/RAW/2012/BASC/BASC201201030000A.T02,.t02,1175393,ok,
/srv/gnss-archive/legacy/RECOVERED_SEAGATE_W2A0W9T2_DATA0/RAW/2012/BASC/BASC201202140000A.T02,.t02,1162788,ok,
/srv/gnss-archive/legacy/RECOVERED_SEAGATE_W2A0W9T2_DATA0/RAW/2012/BASC/BASC201201040000A.T02,.t02,1183134,ok,
/srv/gnss-archive/legacy/RECOVERED_SEAGATE_W2A0W9T2_DATA0/RAW/2012/BASC/BASC201202190000A.T02,.t02,1162475,ok,
/srv/gnss-archive/legacy/RECOVERED_SEAGATE_W2A0W9T2_DATA0/RAW/2012/BASC/BASC201201050000A.T02,.t02,1175384,ok,
/srv/gnss-archive/legacy/RECOVERED_SEAGATE_W2A0W9T2_DATA0/RAW/2012/BASC/BASC201202200000A.T02,.t02,1166598,ok,
/srv/gnss-archive/legacy/RECOVERED_SEAGATE_W2A0W9T2_DATA0/RAW/2012/BASC/BASC201201060000A.T02,.t02,1181189,ok,
/srv/gnss-archive/legacy/RECOVERED_SEAGATE_W2A0W9T2_DATA0/RAW/2012/BASC/BASC201202210000A.T02,.t02,1160906,ok,
/srv/gnss-archive/legacy/RECOVERED_SEAGATE_W2A0W9T2_DATA0/RAW/2012/BASC/BASC201201070000A.T02,.t02,1176951,ok,
/srv/gnss-archive/legacy/RECOVERED_SEAGATE_W2A0W9T2_DATA0/RAW/2012/BASC/BASC201202220000A.T02,.t02,1151383,ok,
/srv/gnss-archive/legacy/RECOVERED_SEAGATE_W2A0W9T2_DATA0/RAW/2012/BASC/BASC201201080000A.T02,.t02,1183866,ok,
/srv/gnss-archive/legacy/RECOVERED_SEAGATE_W2A0W9T2_DATA0/RAW/2012/BASC/BASC201202230000A.T02,.t02,1174700,ok,
/srv/gnss-archive/legacy/RECOVERED_SEAGATE_W2A0W9T2_DATA0/RAW/2012/BASC/BASC201201090000A.T02,.t02,1179398,ok,
/srv/gnss-archive/legacy/RECOVERED_SEAGATE_W2A0W9T2_DATA0/RAW/2012/BASC/BASC201202240000A.T02,.t02,1181542,ok,
/srv/gnss-archive/legacy/RECOVERED_SEAGATE_W2A0W9T2_DATA0/RAW/2012/BASC/BASC201201100000A.T02,.t02,1179950,ok,
/srv/gnss-archive/legacy/RECOVERED_SEAGATE_W2A0W9T2_DATA0/RAW/2012/BASC/BASC201202250000A.T02,.t02,1180983,ok,
/srv/gnss-archive/legacy/RECOVERED_SEAGATE_W2A0W9T2_DATA0/RAW/2012/BASC/BASC201201110000A.T02,.t02,1179126,ok,
/srv/gnss-archive/legacy/RECOVERED_SEAGATE_W2A0W9T2_DATA0/RAW/2012/BASC/BASC201202260000A.T02,.t02,1177328,ok,
/srv/gnss-archive/legacy/RECOVERED_SEAGATE_W2A0W9T2_DATA0/RAW/2012/BASC/BASC201201120000A.T02,.t02,1180452,ok,
/srv/gnss-archive/legacy/RECOVERED_SEAGATE_W2A0W9T2_DATA0/RAW/2012/BASC/BASC201202270000A.T02,.t02,1174045,ok,
/srv/gnss-archive/legacy/RECOVERED_SEAGATE_W2A0W9T2_DATA0/RAW/2012/BASC/BASC201201130000A.T02,.t02,1178434,ok,
/srv/gnss-archive/legacy/RECOVERED_SEAGATE_W2A0W9T2_DATA0/RAW/2012/BASC/BASC201202280000A.T02,.t02,1159284,ok,
/srv/gnss-archive/legacy/RECOVERED_SEAGATE_W2A0W9T2_DATA0/RAW/2012/BASC/BASC201201140000A.T02,.t02,1181249,ok,
/srv/gnss-archive/legacy/RECOVERED_SEAGATE_W2A0W9T2_DATA0/RAW/2012/BASC/BASC201202290000A.T02,.t02,1172176,ok,
/srv/gnss-archive/legacy/RECOVERED_SEAGATE_W2A0W9T2_DATA0/RAW/2012/BASC/BASC201201150000A.T02,.t02,1177726,ok,
/srv/gnss-archive/legacy/RECOVERED_SEAGATE_W2A0W9T2_DATA0/RAW/2012/BASC/BASC201203010000A.T02,.t02,1212841,ok,
/srv/gnss-archive/legacy/RECOVERED_SEAGATE_W2A0W9T2_DATA0/RAW/2012/BASC/BASC201201160000A.T02,.t02,1180874,ok,
/srv/gnss-archive/legacy/RECOVERED_SEAGATE_W2A0W9T2_DATA0/RAW/2012/BASC/BASC201203020000A.T02,.t02,1198499,ok,
/srv/gnss-archive/legacy/RECOVERED_SEAGATE_W2A0W9T2_DATA0/RAW/2012/BASC/BASC201201170000A.T02,.t02,1178218,ok,
/srv/gnss-archive/legacy/RECOVERED_SEAGATE_W2A0W9T2_DATA0/RAW/2012/BASC/BASC201203030000A.T02,.t02,1178305,ok,
/srv/gnss-archive/legacy/RECOVERED_SEAGATE_W2A0W9T2_DATA0/RAW/2012/BASC/BASC201201180000A.T02,.t02,1176958,ok,
/srv/gnss-archive/legacy/RECOVERED_SEAGATE_W2A0W9T2_DATA0/RAW/2012/BASC/BASC201203040000A.T02,.t02,1206627,ok,
/srv/gnss-archive/legacy/RECOVERED_SEAGATE_W2A0W9T2_DATA0/RAW/2012/BASC/BASC201201190000A.T02,.t02,1180672,ok,
/srv/gnss-archive/legacy/RECOVERED_SEAGATE_W2A0W9T2_DATA0/RAW/2012/BASC/BASC201203050000A.T02,.t02,1218559,ok,
/srv/gnss-archive/legacy/RECOVERED_SEAGATE_W2A0W9T2_DATA0/RAW/2012/BASC/BASC201201200000A.T02,.t02,1179549,ok,
/srv/gnss-archive/legacy/RECOVERED_SEAGATE_W2A0W9T2_DATA0/RAW/2012/BASC/BASC201203060000A.T02,.t02,1201425,ok,
/srv/gnss-archive/legacy/RECOVERED_SEAGATE_W2A0W9T2_DATA0/RAW/2012/BASC/BASC201201210000A.T02,.t02,1179146,ok,
/srv/gnss-archive/legacy/RECOVERED_SEAGATE_W2A0W9T2_DATA0/RAW/2012/BASC/BASC201203070000A.T02,.t02,1191357,ok,
/srv/gnss-archive/legacy/RECOVERED_SEAGATE_W2A0W9T2_DATA0/RAW/2012/BASC/BASC201201220000A.T02,.t02,1177501,ok,
/srv/gnss-archive/legacy/RECOVERED_SEAGATE_W2A0W9T2_DATA0/RAW/2012/BASC/BASC201203080000A.T02,.t02,1234931,ok,
/srv/gnss-archive/legacy/RECOVERED_SEAGATE_W2A0W9T2_DATA0/RAW/2012/BASC/BASC201201230000A.T02,.t02,1159217,ok,
/srv/gnss-archive/legacy/RECOVERED_SEAGATE_W2A0W9T2_DATA0/RAW/2012/BASC/BASC201203090000A.T02,.t02,1211776,ok,
/srv/gnss-archive/legacy/RECOVERED_SEAGATE_W2A0W9T2_DATA0/RAW/2012/BASC/BASC201201240000A.T02,.t02,1167165,ok,
/srv/gnss-archive/legacy/RECOVERED_SEAGATE_W2A0W9T2_DATA0/RAW/2012/BASC/BASC201203100000A.T02,.t02,1184840,ok,
/srv/gnss-archive/legacy/RECOVERED_SEAGATE_W2A0W9T2_DATA0/RAW/2012/BASC/BASC201201250000A.T02,.t02,1156090,ok,
/srv/gnss-archive/legacy/RECOVERED_SEAGATE_W2A0W9T2_DATA0/RAW/2012/BASC/BASC201203110000A.T02,.t02,1222497,ok,
/srv/gnss-archive/legacy/RECOVERED_SEAGATE_W2A0W9T2_DATA0/RAW/2012/BASC/BASC201201260000A.T02,.t02,1152902,ok,
/srv/gnss-archive/legacy/RECOVERED_SEAGATE_W2A0W9T2_DATA0/RAW/2012/BASC/BASC201203120000A.T02,.t02,1237917,ok,
/srv/gnss-archive/legacy/RECOVERED_SEAGATE_W2A0W9T2_DATA0/RAW/2012/BASC/BASC201201270000A.T02,.t02,1162426,ok,
/srv/gnss-archive/legacy/RECOVERED_SEAGATE_W2A0W9T2_DATA0/RAW/2012/BASC/BASC201203130000A.T02,.t02,1191725,ok,
/srv/gnss-archive/legacy/RECOVERED_SEAGATE_W2A0W9T2_DATA0/RAW/2012/BASC/BASC201201280000A.T02,.t02,1160794,ok,
/srv/gnss-archive/legacy/RECOVERED_SEAGATE_W2A0W9T2_DATA0/RAW/2012/BASC/BASC201203140000A.T02,.t02,1199646,ok,
/srv/gnss-archive/legacy/RECOVERED_SEAGATE_W2A0W9T2_DATA0/RAW/2012/BASC/BASC201201290000A.T02,.t02,1151125,ok,
/srv/gnss-archive/legacy/RECOVERED_SEAGATE_W2A0W9T2_DATA0/RAW/2012/BASC/BASC201203150000A.T02,.t02,1213324,ok,
/srv/gnss-archive/legacy/RECOVERED_SEAGATE_W2A0W9T2_DATA0/RAW/2012/BASC/BASC201201300000A.T02,.t02,1146978,ok,
/srv/gnss-archive/legacy/RECOVERED_SEAGATE_W2A0W9T2_DATA0/RAW/2012/BASC/BASC201203160000A.T02,.t02,1174619,ok,
/srv/gnss-archive/legacy/RECOVERED_SEAGATE_W2A0W9T2_DATA0/RAW/2012/BASC/BASC201201310000A.T02,.t02,1152442,ok,
/srv/gnss-archive/legacy/RECOVERED_SEAGATE_W2A0W9T2_DATA0/RAW/2012/BASC/BASC201203170000A.T02,.t02,1173232,ok,
/srv/gnss-archive/legacy/RECOVERED_SEAGATE_W2A0W9T2_DATA0/RAW/2012/BASC/BASC201202010000A.T02,.t02,1182864,ok,
/srv/gnss-archive/legacy/RECOVERED_SEAGATE_W2A0W9T2_DATA0/RAW/2012/BASC/BASC201203180000A.T02,.t02,1177714,ok,
/srv/gnss-archive/legacy/RECOVERED_SEAGATE_W2A0W9T2_DATA0/RAW/2012/BASC/BASC201202020000A.T02,.t02,1179537,ok,
/srv/gnss-archive/legacy/RECOVERED_SEAGATE_W2A0W9T2_DATA0/RAW/2012/BASC/BASC201203190000A.T02,.t02,1191267,ok,
/srv/gnss-archive/legacy/RECOVERED_SEAGATE_W2A0W9T2_DATA0/RAW/2012/BASC/BASC201202030000A.T02,.t02,1177441,ok,
/srv/gnss-archive/legacy/RECOVERED_SEAGATE_W2A0W9T2_DATA0/RAW/2012/BASC/BASC201203200000A.T02,.t02,1173180,ok,
/srv/gnss-archive/legacy/RECOVERED_SEAGATE_W2A0W9T2_DATA0/RAW/2012/BASC/BASC201202040000A.T02,.t02,1179008,ok,
/srv/gnss-archive/legacy/RECOVERED_SEAGATE_W2A0W9T2_DATA0/RAW/2012/BASC/BASC201203210000A.T02,.t02,1170521,ok,
/srv/gnss-archive/legacy/RECOVERED_SEAGATE_W2A0W9T2_DATA0/RAW/2012/BASC/BASC201202050000A.T02,.t02,1176466,ok,
/srv/gnss-archive/legacy/RECOVERED_SEAGATE_W2A0W9T2_DATA0/RAW/2012/BASC/BASC201203220000A.T02,.t02,1177510,ok,
/srv/gnss-archive/legacy/RECOVERED_SEAGATE_W2A0W9T2_DATA0/RAW/2012/BASC/BASC201202060000A.T02,.t02,1176751,ok,
/srv/gnss-archive/legacy/RECOVERED_SEAGATE_W2A0W9T2_DATA0/RAW/2012/BASC/BASC201203230000A.T02,.t02,1189911,ok,
/srv/gnss-archive/legacy/RECOVERED_SEAGATE_W2A0W9T2_DATA0/RAW/2012/BASC/BASC201202070000A.T02,.t02,1174537,ok,
/srv/gnss-archive/legacy/RECOVERED_SEAGATE_W2A0W9T2_DATA0/RAW/2012/BASC/BASC201203240000A.T02,.t02,1184536,ok,
/srv/gnss-archive/legacy/RECOVERED_SEAGATE_W2A0W9T2_DATA0/RAW/2012/BASC/BASC201202080000A.T02,.t02,1178852,ok,
/srv/gnss-archive/legacy/RECOVERED_SEAGATE_W2A0W9T2_DATA0/RAW/2012/BASC/BASC201203250000A.T02,.t02,1184190,ok,
/srv/gnss-archive/legacy/RECOVERED_SEAGATE_W2A0W9T2_DATA0/RAW/2012/BASC/BASC201202090000A.T02,.t02,1181490,ok,
/srv/gnss-archive/legacy/RECOVERED_SEAGATE_W2A0W9T2_DATA0/RAW/2012/BASC/BASC201203260000A.T02,.t02,1194168,ok,
/srv/gnss-archive/legacy/RECOVERED_SEAGATE_W2A0W9T2_DATA0/RAW/2012/BASC/BASC201202100000A.T02,.t02,1161977,ok,
/srv/gnss-archive/legacy/RECOVERED_SEAGATE_W2A0W9T2_DATA0/RAW/2012/BASC/BASC201202150000A.T02,.t02,1165053,ok,
/srv/gnss-archive/legacy/RECOVERED_SEAGATE_W2A0W9T2_DATA0/RAW/2012/BASC/BASC201203270000A.T02,.t02,1188844,ok,
/srv/gnss-archive/legacy/RECOVERED_SEAGATE_W2A0W9T2_DATA0/RAW/2012/BASC/BASC201202160000A.T02,.t02,1162737,ok,
/srv/gnss-archive/legacy/RECOVERED_SEAGATE_W2A0W9T2_DATA0/RAW/2012/BASC/BASC201203280000A.T02,.t02,1182972,ok,
/srv/gnss-archive/legacy/RECOVERED_SEAGATE_W2A0W9T2_DATA0/RAW/2012/BASC/BASC201202170000A.T02,.t02,1165365,ok,
/srv/gnss-archive/legacy/RECOVERED_SEAGATE_W2A0W9T2_DATA0/RAW/2012/BASC/BASC201203290000A.T02,.t02,1196044,ok,
/srv/gnss-archive/legacy/RECOVERED_SEAGATE_W2A0W9T2_DATA0/RAW/2012/BASC/BASC201202180000A.T02,.t02,1161995,ok,
/srv/gnss-archive/legacy/RECOVERED_SEAGATE_W2A0W9T2_DATA0/RAW/2012/BASC/BASC201203300000A.T02,.t02,1189567,ok,
/srv/gnss-archive/legacy/RECOVERED_SEAGATE_W2A0W9T2_DATA0/RAW/2012/BASC/BASC201203310000A.T02,.t02,1190179,ok,
/srv/gnss-archive/legacy/RECOVERED_SEAGATE_W2A0W9T2_DATA0/RAW/2012/BASC/BASC201204010000A.T02,.t02,1177603,ok,
/srv/gnss-archive/legacy/RECOVERED_SEAGATE_W2A0W9T2_DATA0/RAW/2012/BASC/BASC201204020000A.T02,.t02,1177269,ok,
/srv/gnss-archive/legacy/RECOVERED_SEAGATE_W2A0W9T2_DATA0/RAW/2012/BASC/BASC201204030000A.T02,.t02,1171919,ok,
/srv/gnss-archive/legacy/RECOVERED_SEAGATE_W2A0W9T2_DATA0/RAW/2012/BASC/BASC201204040000A.T02,.t02,1192133,ok,
/srv/gnss-archive/legacy/RECOVERED_SEAGATE_W2A0W9T2_DATA0/RAW/2012/BASC/BASC201204050000A.T02,.t02,1178739,ok,
/srv/gnss-archive/legacy/RECOVERED_SEAGATE_W2A0W9T2_DATA0/RAW/2012/BASC/BASC201204060000A.T02,.t02,1192761,ok,
/srv/gnss-archive/legacy/RECOVERED_SEAGATE_W2A0W9T2_DATA0/RAW/2012/BASC/BASC201204070000A.T02,.t02,1195722,ok,
/srv/gnss-archive/legacy/RECOVERED_SEAGATE_W2A0W9T2_DATA0/RAW/2012/BASC/BASC201204080000A.T02,.t02,1177643,ok,
/srv/gnss-archive/legacy/RECOVERED_SEAGATE_W2A0W9T2_DATA0/RAW/2012/BASC/BASC201204090000A.T02,.t02,1189711,ok,
/srv/gnss-archive/legacy/RECOVERED_SEAGATE_W2A0W9T2_DATA0/RAW/2012/BASC/BASC201204100000A.T02,.t02,1181910,ok,
/srv/gnss-archive/legacy/RECOVERED_SEAGATE_W2A0W9T2_DATA0/RAW/2012/BASC/BASC201204110000A.T02,.t02,1181020,ok,
/srv/gnss-archive/legacy/RECOVERED_SEAGATE_W2A0W9T2_DATA0/RAW/2012/BASC/BASC201204120000A.T02,.t02,1186990,ok,
/srv/gnss-archive/legacy/RECOVERED_SEAGATE_W2A0W9T2_DATA0/RAW/2012/BASC/BASC201204130000A.T02,.t02,1173393,ok,
/srv/gnss-archive/legacy/RECOVERED_SEAGATE_W2A0W9T2_DATA0/RAW/2012/BASC/BASC201204140000A.T02,.t02,1174547,ok,
/srv/gnss-archive/legacy/RECOVERED_SEAGATE_W2A0W9T2_DATA0/RAW/2012/BASC/BASC201204150000A.T02,.t02,1178084,ok,
/srv/gnss-archive/legacy/RECOVERED_SEAGATE_W2A0W9T2_DATA0/RAW/2012/BASC/BASC201204160000A.T02,.t02,1178997,ok,
/srv/gnss-archive/legacy/RECOVERED_SEAGATE_W2A0W9T2_DATA0/RAW/2012/BASC/BASC201204170000A.T02,.t02,1178096,ok,
/srv/gnss-archive/legacy/RECOVERED_SEAGATE_W2A0W9T2_DATA0/RAW/2012/BASC/BASC201204180000A.T02,.t02,1178048,ok,
/srv/gnss-archive/legacy/RECOVERED_SEAGATE_W2A0W9T2_DATA0/RAW/2012/BASC/BASC201204190000A.T02,.t02,1192575,ok,
/srv/gnss-archive/legacy/RECOVERED_SEAGATE_W2A0W9T2_DATA0/RAW/2012/BASC/BASC201204200000A.T02,.t02,1195872,ok,
/srv/gnss-archive/legacy/RECOVERED_SEAGATE_W2A0W9T2_DATA0/RAW/2012/BASC/BASC201204210000A.T02,.t02,1203589,ok,
/srv/gnss-archive/legacy/RECOVERED_SEAGATE_W2A0W9T2_DATA0/RAW/2012/BASC/BASC201204220000A.T02,.t02,1173646,ok,
/srv/gnss-archive/legacy/RECOVERED_SEAGATE_W2A0W9T2_DATA0/RAW/2012/BASC/BASC201204230000A.T02,.t02,1174434,ok,
/srv/gnss-archive/legacy/RECOVERED_SEAGATE_W2A0W9T2_DATA0/RAW/2012/BASC/BASC201204240000A.T02,.t02,1177780,ok,
/srv/gnss-archive/legacy/RECOVERED_SEAGATE_W2A0W9T2_DATA0/RAW/2012/BASC/BASC201204250000A.T02,.t02,1174694,ok,
/srv/gnss-archive/legacy/RECOVERED_SEAGATE_W2A0W9T2_DATA0/RAW/2012/BASC/BASC201204260000A.T02,.t02,1185663,ok,
/srv/gnss-archive/legacy/RECOVERED_SEAGATE_W2A0W9T2_DATA0/RAW/2012/BASC/BASC201204270000A.T02,.t02,1164978,ok,
/srv/gnss-archive/legacy/RECOVERED_SEAGATE_W2A0W9T2_DATA0/RAW/2012/BASC/BASC201204280000A.T02,.t02,1186887,ok,
/srv/gnss-archive/legacy/RECOVERED_SEAGATE_W2A0W9T2_DATA0/RAW/2012/BASC/BASC201204290000A.T02,.t02,1178829,ok,
/srv/gnss-archive/legacy/RECOVERED_SEAGATE_W2A0W9T2_DATA0/RAW/2012/BASC/BASC201204300000A.T02,.t02,1178506,ok,
/srv/gnss-archive/legacy/RECOVERED_SEAGATE_W2A0W9T2_DATA0/RAW/2012/BASC/BASC201205010000A.T02,.t02,1174118,ok,
/srv/gnss-archive/legacy/RECOVERED_SEAGATE_W2A0W9T2_DATA0/RAW/2012/BASC/BASC201205020000A.T02,.t02,1200198,ok,
/srv/gnss-archive/legacy/RECOVERED_SEAGATE_W2A0W9T2_DATA0/RAW/2012/BASC/BASC201205030000A.T02,.t02,1178279,ok,
/srv/gnss-archive/legacy/RECOVERED_SEAGATE_W2A0W9T2_DATA0/RAW/2012/BASC/BASC201205040000A.T02,.t02,1173674,ok,
/srv/gnss-archive/legacy/RECOVERED_SEAGATE_W2A0W9T2_DATA0/RAW/2012/BASC/BASC201205050000A.T02,.t02,1170668,ok,
/srv/gnss-archive/legacy/RECOVERED_SEAGATE_W2A0W9T2_DATA0/RAW/2012/BASC/BASC201205070000A.T02,.t02,1174358,ok,
/srv/gnss-archive/legacy/RECOVERED_SEAGATE_W2A0W9T2_DATA0/RAW/2012/BASC/BASC201205080000A.T02,.t02,1168197,ok,
/srv/gnss-archive/legacy/RECOVERED_SEAGATE_W2A0W9T2_DATA0/RAW/2012/BASC/BASC201205090000A.T02,.t02,1172069,ok,
/srv/gnss-archive/legacy/RECOVERED_SEAGATE_W2A0W9T2_DATA0/RAW/2012/BASC/BASC201205100000A.T02,.t02,1182653,ok,
/srv/gnss-archive/legacy/RECOVERED_SEAGATE_W2A0W9T2_DATA0/RAW/2012/BASC/BASC201205110000A.T02,.t02,1173515,ok,
/srv/gnss-archive/legacy/RECOVERED_SEAGATE_W2A0W9T2_DATA0/RAW/2012/BASC/BASC201205120000A.T02,.t02,1172449,ok,
/srv/gnss-archive/legacy/RECOVERED_SEAGATE_W2A0W9T2_DATA0/RAW/2012/BASC/BASC201205130000A.T02,.t02,1172481,ok,
/srv/gnss-archive/legacy/RECOVERED_SEAGATE_W2A0W9T2_DATA0/RAW/2012/BASC/BASC201205140000A.T02,.t02,1183073,ok,
/srv/gnss-archive/legacy/RECOVERED_SEAGATE_W2A0W9T2_DATA0/RAW/2012/BASC/BASC201205150000A.T02,.t02,1174541,ok,
/srv/gnss-archive/legacy/RECOVERED_SEAGATE_W2A0W9T2_DATA0/RAW/2012/BASC/BASC201205160000A.T02,.t02,1171123,ok,
/srv/gnss-archive/legacy/RECOVERED_SEAGATE_W2A0W9T2_DATA0/RAW/2012/BASC/BASC201205170000A.T02,.t02,1146333,ok,
/srv/gnss-archive/legacy/RECOVERED_SEAGATE_W2A0W9T2_DATA0/RAW/2012/BASC/BASC201205180000A.T02,.t02,1148768,ok,
/srv/gnss-archive/legacy/RECOVERED_SEAGATE_W2A0W9T2_DATA0/RAW/2012/BASC/BASC201205190000A.T02,.t02,1142258,ok,
/srv/gnss-archive/legacy/RECOVERED_SEAGATE_W2A0W9T2_DATA0/RAW/2012/BASC/BASC201205200000A.T02,.t02,1155529,ok,
/srv/gnss-archive/legacy/RECOVERED_SEAGATE_W2A0W9T2_DATA0/RAW/2012/BASC/BASC201205210000A.T02,.t02,1155599,ok,
/srv/gnss-archive/legacy/RECOVERED_SEAGATE_W2A0W9T2_DATA0/RAW/2012/BASC/BASC201205220000A.T02,.t02,1156533,ok,
/srv/gnss-archive/legacy/RECOVERED_SEAGATE_W2A0W9T2_DATA0/RAW/2012/BASC/BASC201205230000A.T02,.t02,1159215,ok,
/srv/gnss-archive/legacy/RECOVERED_SEAGATE_W2A0W9T2_DATA0/RAW/2012/BASC/BASC201205240000A.T02,.t02,1151858,ok,
/srv/gnss-archive/legacy/RECOVERED_SEAGATE_W2A0W9T2_DATA0/RAW/2012/BASC/BASC201205250000A.T02,.t02,1177510,ok,
/srv/gnss-archive/legacy/RECOVERED_SEAGATE_W2A0W9T2_DATA0/RAW/2012/BASC/BASC201205260000A.T02,.t02,1185927,ok,
/srv/gnss-archive/legacy/RECOVERED_SEAGATE_W2A0W9T2_DATA0/RAW/2012/BASC/BASC201205270000A.T02,.t02,1165759,ok,
/srv/gnss-archive/legacy/RECOVERED_SEAGATE_W2A0W9T2_DATA0/RAW/2012/BASC/BASC201205280000A.T02,.t02,1150896,ok,
/srv/gnss-archive/legacy/RECOVERED_SEAGATE_W2A0W9T2_DATA0/RAW/2012/BASC/BASC201205290000A.T02,.t02,1150893,ok,
/srv/gnss-archive/legacy/RECOVERED_SEAGATE_W2A0W9T2_DATA0/RAW/2012/BASC/BASC201205300000A.T02,.t02,1152589,ok,
/srv/gnss-archive/legacy/RECOVERED_SEAGATE_W2A0W9T2_DATA0/RAW/2012/BASC/BASC201205310000A.T02,.t02,1167680,ok,
/srv/gnss-archive/legacy/RECOVERED_SEAGATE_W2A0W9T2_DATA0/RAW/2012/BASC/BASC201206010000A.T02,.t02,1167952,ok,
/srv/gnss-archive/legacy/RECOVERED_SEAGATE_W2A0W9T2_DATA0/RAW/2012/BASC/BASC201206020000A.T02,.t02,1173841,ok,
/srv/gnss-archive/legacy/RECOVERED_SEAGATE_W2A0W9T2_DATA0/RAW/2012/BASC/BASC201206030000A.T02,.t02,1174127,ok,
/srv/gnss-archive/legacy/RECOVERED_SEAGATE_W2A0W9T2_DATA0/RAW/2012/BASC/BASC201206040000A.T02,.t02,1147311,ok,
/srv/gnss-archive/legacy/RECOVERED_SEAGATE_W2A0W9T2_DATA0/RAW/2012/BASC/BASC201206050000A.T02,.t02,1148518,ok,
/srv/gnss-archive/legacy/RECOVERED_SEAGATE_W2A0W9T2_DATA0/RAW/2012/BASC/BASC201206060000A.T02,.t02,1158188,ok,
/srv/gnss-archive/legacy/RECOVERED_SEAGATE_W2A0W9T2_DATA0/RAW/2012/BASC/BASC201206070000A.T02,.t02,1173077,ok,
/srv/gnss-archive/legacy/RECOVERED_SEAGATE_W2A0W9T2_DATA0/RAW/2012/BASC/BASC201206080000A.T02,.t02,1169530,ok,
/srv/gnss-archive/legacy/RECOVERED_SEAGATE_W2A0W9T2_DATA0/RAW/2012/BASC/BASC201206090000A.T02,.t02,1166384,ok,
/srv/gnss-archive/legacy/RECOVERED_SEAGATE_W2A0W9T2_DATA0/RAW/2012/BASC/BASC201206100000A.T02,.t02,1168340,ok,
/srv/gnss-archive/legacy/RECOVERED_SEAGATE_W2A0W9T2_DATA0/RAW/2012/BASC/BASC201206110000A.T02,.t02,1162053,ok,
/srv/gnss-archive/legacy/RECOVERED_SEAGATE_W2A0W9T2_DATA0/RAW/2012/BASC/BASC201206120000A.T02,.t02,1146277,ok,
/srv/gnss-archive/legacy/RECOVERED_SEAGATE_W2A0W9T2_DATA0/RAW/2012/BASC/BASC201206130000A.T02,.t02,1143389,ok,
/srv/gnss-archive/legacy/RECOVERED_SEAGATE_W2A0W9T2_DATA0/RAW/2012/BASC/BASC201206140000A.T02,.t02,1144665,ok,
/srv/gnss-archive/legacy/RECOVERED_SEAGATE_W2A0W9T2_DATA0/RAW/2012/BASC/BASC201206150000A.T02,.t02,1156477,ok,
/srv/gnss-archive/legacy/RECOVERED_SEAGATE_W2A0W9T2_DATA0/RAW/2012/BASC/BASC201206160000A.T02,.t02,1152201,ok,
/srv/gnss-archive/legacy/RECOVERED_SEAGATE_W2A0W9T2_DATA0/RAW/2012/BASC/BASC201206170000A.T02,.t02,1156299,ok,
/srv/gnss-archive/legacy/RECOVERED_SEAGATE_W2A0W9T2_DATA0/RAW/2012/BASC/BASC201206180000A.T02,.t02,1161110,ok,
/srv/gnss-archive/legacy/RECOVERED_SEAGATE_W2A0W9T2_DATA0/RAW/2012/BASC/BASC201206190000A.T02,.t02,1170168,ok,
/srv/gnss-archive/legacy/RECOVERED_SEAGATE_W2A0W9T2_DATA0/RAW/2012/BASC/BASC201206200000A.T02,.t02,1168317,ok,
/srv/gnss-archive/legacy/RECOVERED_SEAGATE_W2A0W9T2_DATA0/RAW/2012/BASC/BASC201206210000A.T02,.t02,1171381,ok,
/srv/gnss-archive/legacy/RECOVERED_SEAGATE_W2A0W9T2_DATA0/RAW/2012/BASC/BASC201206220000A.T02,.t02,1166805,ok,
/srv/gnss-archive/legacy/RECOVERED_SEAGATE_W2A0W9T2_DATA0/RAW/2012/BASC/BASC201206230000A.T02,.t02,1171365,ok,
/srv/gnss-archive/legacy/RECOVERED_SEAGATE_W2A0W9T2_DATA0/RAW/2012/BASC/BASC201206240000A.T02,.t02,1166810,ok,
/srv/gnss-archive/legacy/RECOVERED_SEAGATE_W2A0W9T2_DATA0/RAW/2012/BASC/BASC201206250000A.T02,.t02,1146132,ok,
/srv/gnss-archive/legacy/RECOVERED_SEAGATE_W2A0W9T2_DATA0/RAW/2012/BASC/BASC201206260000A.T02,.t02,1147576,ok,
/srv/gnss-archive/legacy/RECOVERED_SEAGATE_W2A0W9T2_DATA0/RAW/2012/BASC/BASC201206270000A.T02,.t02,1147637,ok,
/srv/gnss-archive/legacy/RECOVERED_SEAGATE_W2A0W9T2_DATA0/RAW/2012/BASC/BASC201206280000A.T02,.t02,1184916,ok,
/srv/gnss-archive/legacy/RECOVERED_SEAGATE_W2A0W9T2_DATA0/RAW/2012/BASC/BASC201206290000A.T02,.t02,1172162,ok,
/srv/gnss-archive/legacy/RECOVERED_SEAGATE_W2A0W9T2_DATA0/RAW/2012/BASC/BASC201206300000A.T02,.t02,1169490,ok,
/srv/gnss-archive/legacy/RECOVERED_SEAGATE_W2A0W9T2_DATA0/RAW/2012/BASC/BASC201207010000A.T02,.t02,1129508,ok,
/srv/gnss-archive/legacy/RECOVERED_SEAGATE_W2A0W9T2_DATA0/RAW/2012/BASC/BASC201207020000A.T02,.t02,1149301,ok,
/srv/gnss-archive/legacy/RECOVERED_SEAGATE_W2A0W9T2_DATA0/RAW/2012/BASC/BASC201207030000A.T02,.t02,1145224,ok,
/srv/gnss-archive/legacy/RECOVERED_SEAGATE_W2A0W9T2_DATA0/RAW/2012/BASC/BASC201207040000A.T02,.t02,1149392,ok,
/srv/gnss-archive/legacy/RECOVERED_SEAGATE_W2A0W9T2_DATA0/RAW/2012/BASC/BASC201207050000A.T02,.t02,1171542,ok,
/srv/gnss-archive/legacy/RECOVERED_SEAGATE_W2A0W9T2_DATA0/RAW/2012/BASC/BASC201207060000A.T02,.t02,1169165,ok,
/srv/gnss-archive/legacy/RECOVERED_SEAGATE_W2A0W9T2_DATA0/RAW/2012/BASC/BASC201207070000A.T02,.t02,1168363,ok,
/srv/gnss-archive/legacy/RECOVERED_SEAGATE_W2A0W9T2_DATA0/RAW/2012/BASC/BASC201207080000A.T02,.t02,1166397,ok,
/srv/gnss-archive/legacy/RECOVERED_SEAGATE_W2A0W9T2_DATA0/RAW/2012/BASC/BASC201207090000A.T02,.t02,1173999,ok,
/srv/gnss-archive/legacy/RECOVERED_SEAGATE_W2A0W9T2_DATA0/RAW/2012/BASC/BASC201207100000A.T02,.t02,1169056,ok,
/srv/gnss-archive/legacy/RECOVERED_SEAGATE_W2A0W9T2_DATA0/RAW/2012/BASC/BASC201207110000A.T02,.t02,1161137,ok,
/srv/gnss-archive/legacy/RECOVERED_SEAGATE_W2A0W9T2_DATA0/RAW/2012/BASC/BASC201207120000A.T02,.t02,1171525,ok,
/srv/gnss-archive/legacy/RECOVERED_SEAGATE_W2A0W9T2_DATA0/RAW/2012/BASC/BASC201207130000A.T02,.t02,1170643,ok,
/srv/gnss-archive/legacy/RECOVERED_SEAGATE_W2A0W9T2_DATA0/RAW/2012/BASC/BASC201207140000A.T02,.t02,1169136,ok,
/srv/gnss-archive/legacy/RECOVERED_SEAGATE_W2A0W9T2_DATA0/RAW/2012/BASC/BASC201207150000A.T02,.t02,1168479,ok,
/srv/gnss-archive/legacy/RECOVERED_SEAGATE_W2A0W9T2_DATA0/RAW/2012/BASC/BASC201207160000A.T02,.t02,1164289,ok,
/srv/gnss-archive/legacy/RECOVERED_SEAGATE_W2A0W9T2_DATA0/RAW/2012/BASC/BASC201207170000A.T02,.t02,1171397,ok,
/srv/gnss-archive/legacy/RECOVERED_SEAGATE_W2A0W9T2_DATA0/RAW/2012/BASC/BASC201207180000A.T02,.t02,1168438,ok,
/srv/gnss-archive/legacy/RECOVERED_SEAGATE_W2A0W9T2_DATA0/RAW/2012/BASC/BASC201207190000A.T02,.t02,1142657,ok,
/srv/gnss-archive/legacy/RECOVERED_SEAGATE_W2A0W9T2_DATA0/RAW/2012/BASC/BASC201207200000A.T02,.t02,1122568,ok,
/srv/gnss-archive/legacy/RECOVERED_SEAGATE_W2A0W9T2_DATA0/RAW/2012/BASC/BASC201207210000A.T02,.t02,1112509,ok,
/srv/gnss-archive/legacy/RECOVERED_SEAGATE_W2A0W9T2_DATA0/RAW/2012/BASC/BASC201207220000A.T02,.t02,1111166,ok,
/srv/gnss-archive/legacy/RECOVERED_SEAGATE_W2A0W9T2_DATA0/RAW/2012/BASC/BASC201207230000A.T02,.t02,1114947,ok,
/srv/gnss-archive/legacy/RECOVERED_SEAGATE_W2A0W9T2_DATA0/RAW/2012/BASC/BASC201207240000A.T02,.t02,1116328,ok,
/srv/gnss-archive/legacy/RECOVERED_SEAGATE_W2A0W9T2_DATA0/RAW/2012/BASC/BASC201207250000A.T02,.t02,1107852,ok,
/srv/gnss-archive/legacy/RECOVERED_SEAGATE_W2A0W9T2_DATA0/RAW/2012/BASC/BASC201207260000A.T02,.t02,1101643,ok,
/srv/gnss-archive/legacy/RECOVERED_SEAGATE_W2A0W9T2_DATA0/RAW/2012/BASC/BASC201207270000A.T02,.t02,1118289,ok,
/srv/gnss-archive/legacy/RECOVERED_SEAGATE_W2A0W9T2_DATA0/RAW/2012/BASC/BASC201207280000A.T02,.t02,1125875,ok,
/srv/gnss-archive/legacy/RECOVERED_SEAGATE_W2A0W9T2_DATA0/RAW/2012/BASC/BASC201207290000A.T02,.t02,1123392,ok,
/srv/gnss-archive/legacy/RECOVERED_SEAGATE_W2A0W9T2_DATA0/RAW/2012/BASC/BASC201207300000A.T02,.t02,1143828,ok,
/srv/gnss-archive/legacy/RECOVERED_SEAGATE_W2A0W9T2_DATA0/RAW/2012/BASC/BASC201207310000A.T02,.t02,1121701,ok,
/srv/gnss-archive/legacy/RECOVERED_SEAGATE_W2A0W9T2_DATA0/RAW/2012/BASC/BASC201208010000A.T02,.t02,389195,ok,
/srv/gnss-archive/legacy/RECOVERED_SEAGATE_W2A0W9T2_DATA0/RAW/2012/BASC/BASC201208020000A.T02,.t02,1127388,ok,
/srv/gnss-archive/legacy/RECOVERED_SEAGATE_W2A0W9T2_DATA0/RAW/2012/BASC/BASC201208030000A.T02,.t02,1128351,ok,
/srv/gnss-archive/legacy/RECOVERED_SEAGATE_W2A0W9T2_DATA0/RAW/2012/BASC/BASC201208040000A.T02,.t02,1127031,ok,
/srv/gnss-archive/legacy/RECOVERED_SEAGATE_W2A0W9T2_DATA0/RAW/2012/BASC/BASC201208050000A.T02,.t02,1120478,ok,
/srv/gnss-archive/legacy/RECOVERED_SEAGATE_W2A0W9T2_DATA0/RAW/2012/BASC/BASC201208060000A.T02,.t02,1118323,ok,
/srv/gnss-archive/legacy/RECOVERED_SEAGATE_W2A0W9T2_DATA0/RAW/2012/BASC/BASC201208070000A.T02,.t02,1130010,ok,
/srv/gnss-archive/legacy/RECOVERED_SEAGATE_W2A0W9T2_DATA0/RAW/2012/BASC/BASC201208080000A.T02,.t02,1115693,ok,
/srv/gnss-archive/legacy/RECOVERED_SEAGATE_W2A0W9T2_DATA0/RAW/2012/BASC/BASC201208090000A.T02,.t02,1151150,ok,
/srv/gnss-archive/legacy/RECOVERED_SEAGATE_W2A0W9T2_DATA0/RAW/2012/BASC/BASC201208100000A.T02,.t02,1177726,ok,
/srv/gnss-archive/legacy/RECOVERED_SEAGATE_W2A0W9T2_DATA0/RAW/2012/BASC/BASC201208110000A.T02,.t02,1167707,ok,
/srv/gnss-archive/legacy/RECOVERED_SEAGATE_W2A0W9T2_DATA0/RAW/2012/BASC/BASC201208120000A.T02,.t02,1164261,ok,
/srv/gnss-archive/legacy/RECOVERED_SEAGATE_W2A0W9T2_DATA0/RAW/2012/BASC/BASC201208130000A.T02,.t02,1169920,ok,
/srv/gnss-archive/legacy/RECOVERED_SEAGATE_W2A0W9T2_DATA0/RAW/2012/BASC/BASC201208140000A.T02,.t02,1164696,ok,
/srv/gnss-archive/legacy/RECOVERED_SEAGATE_W2A0W9T2_DATA0/RAW/2012/BASC/BASC201208150000A.T02,.t02,1164406,ok,
/srv/gnss-archive/legacy/RECOVERED_SEAGATE_W2A0W9T2_DATA0/RAW/2012/BASC/BASC201208160000A.T02,.t02,1166527,ok,
/srv/gnss-archive/legacy/RECOVERED_SEAGATE_W2A0W9T2_DATA0/RAW/2012/BASC/BASC201208170000A.T02,.t02,1164208,ok,
/srv/gnss-archive/legacy/RECOVERED_SEAGATE_W2A0W9T2_DATA0/RAW/2012/BASC/BASC201208180000A.T02,.t02,1171996,ok,
/srv/gnss-archive/legacy/RECOVERED_SEAGATE_W2A0W9T2_DATA0/RAW/2012/BASC/BASC201208190000A.T02,.t02,1174739,ok,
/srv/gnss-archive/legacy/RECOVERED_SEAGATE_W2A0W9T2_DATA0/RAW/2012/BASC/BASC201208200000A.T02,.t02,1167078,ok,
/srv/gnss-archive/legacy/RECOVERED_SEAGATE_W2A0W9T2_DATA0/RAW/2012/BASC/BASC201208210000A.T02,.t02,1169541,ok,
/srv/gnss-archive/legacy/RECOVERED_SEAGATE_W2A0W9T2_DATA0/RAW/2012/BASC/BASC201208220000A.T02,.t02,1167599,ok,
/srv/gnss-archive/legacy/RECOVERED_SEAGATE_W2A0W9T2_DATA0/RAW/2012/BASC/BASC201208230000A.T02,.t02,1166279,ok,
/srv/gnss-archive/legacy/RECOVERED_SEAGATE_W2A0W9T2_DATA0/RAW/2012/BASC/BASC201208240000A.T02,.t02,1167050,ok,
/srv/gnss-archive/legacy/RECOVERED_SEAGATE_W2A0W9T2_DATA0/RAW/2012/BASC/BASC201208250000A.T02,.t02,1164510,ok,
/srv/gnss-archive/legacy/RECOVERED_SEAGATE_W2A0W9T2_DATA0/RAW/2012/BASC/BASC201208260000A.T02,.t02,1186017,ok,
/srv/gnss-archive/legacy/RECOVERED_SEAGATE_W2A0W9T2_DATA0/RAW/2012/BASC/BASC201208270000A.T02,.t02,1165673,ok,
/srv/gnss-archive/legacy/RECOVERED_SEAGATE_W2A0W9T2_DATA0/RAW/2012/BASC/BASC201208280000A.T02,.t02,1171869,ok,
/srv/gnss-archive/legacy/RECOVERED_SEAGATE_W2A0W9T2_DATA0/RAW/2012/BASC/BASC201208290000A.T02,.t02,1171443,ok,
/srv/gnss-archive/legacy/RECOVERED_SEAGATE_W2A0W9T2_DATA0/RAW/2012/BASC/BASC201208300000A.T02,.t02,1175331,ok,
/srv/gnss-archive/legacy/RECOVERED_SEAGATE_W2A0W9T2_DATA0/RAW/2012/BASC/BASC201208310000A.T02,.t02,1177523,ok,
/srv/gnss-archive/legacy/RECOVERED_SEAGATE_W2A0W9T2_DATA0/RAW/2012/BASC/BASC201209010000A.T02,.t02,1174788,ok,
/srv/gnss-archive/legacy/RECOVERED_SEAGATE_W2A0W9T2_DATA0/RAW/2012/BASC/BASC201209020000A.T02,.t02,1192237,ok,
/srv/gnss-archive/legacy/RECOVERED_SEAGATE_W2A0W9T2_DATA0/RAW/2012/BASC/BASC201209030000A.T02,.t02,664930,ok,
/srv/gnss-archive/legacy/RECOVERED_SEAGATE_W2A0W9T2_DATA0/RAW/2012/BASC/BASC201209040000A.T02,.t02,204844,ok,
/srv/gnss-archive/legacy/RECOVERED_SEAGATE_W2A0W9T2_DATA0/RAW/2012/BASC/BASC201209060000A.T02,.t02,406290,ok,
/srv/gnss-archive/legacy/RECOVERED_SEAGATE_W2A0W9T2_DATA0/RAW/2012/BASC/BASC201209070000A.T02,.t02,788486,ok,
/srv/gnss-archive/legacy/RECOVERED_SEAGATE_W2A0W9T2_DATA0/RAW/2012/BASC/BASC201209080000A.T02,.t02,1167404,ok,
/srv/gnss-archive/legacy/RECOVERED_SEAGATE_W2A0W9T2_DATA0/RAW/2012/BASC/BASC201209090000A.T02,.t02,1156240,ok,
/srv/gnss-archive/legacy/RECOVERED_SEAGATE_W2A0W9T2_DATA0/RAW/2012/BASC/BASC201209100000A.T02,.t02,1158683,ok,
/srv/gnss-archive/legacy/RECOVERED_SEAGATE_W2A0W9T2_DATA0/RAW/2012/BASC/BASC201209110000A.T02,.t02,929355,ok,
/srv/gnss-archive/legacy/RECOVERED_SEAGATE_W2A0W9T2_DATA0/RAW/2012/BASC/BASC201209120000A.T02,.t02,954854,ok,
/srv/gnss-archive/legacy/RECOVERED_SEAGATE_W2A0W9T2_DATA0/RAW/2012/BASC/BASC201209130000A.T02,.t02,844571,ok,
/srv/gnss-archive/legacy/RECOVERED_SEAGATE_W2A0W9T2_DATA0/RAW/2012/BASC/BASC201209140000A.T02,.t02,370482,ok,
/srv/gnss-archive/legacy/RECOVERED_SEAGATE_W2A0W9T2_DATA0/RAW/2012/BASC/BASC201209150000A.T02,.t02,369271,ok,
/srv/gnss-archive/legacy/RECOVERED_SEAGATE_W2A0W9T2_DATA0/RAW/2012/BASC/BASC201209160000A.T02,.t02,372213,ok,
/srv/gnss-archive/legacy/RECOVERED_SEAGATE_W2A0W9T2_DATA0/RAW/2012/BASC/BASC201209170000A.T02,.t02,889544,ok,
/srv/gnss-archive/legacy/RECOVERED_SEAGATE_W2A0W9T2_DATA0/RAW/2012/BASC/BASC201209180000A.T02,.t02,1169209,ok,
/srv/gnss-archive/legacy/RECOVERED_SEAGATE_W2A0W9T2_DATA0/RAW/2012/BASC/BASC201209190000A.T02,.t02,1161557,ok,
/srv/gnss-archive/legacy/RECOVERED_SEAGATE_W2A0W9T2_DATA0/RAW/2012/BASC/BASC201209200000A.T02,.t02,1164176,ok,
/srv/gnss-archive/legacy/RECOVERED_SEAGATE_W2A0W9T2_DATA0/RAW/2012/BASC/BASC201209210000A.T02,.t02,1184384,ok,
/srv/gnss-archive/legacy/RECOVERED_SEAGATE_W2A0W9T2_DATA0/RAW/2012/BASC/BASC201209220000A.T02,.t02,1177987,ok,
/srv/gnss-archive/legacy/RECOVERED_SEAGATE_W2A0W9T2_DATA0/RAW/2012/BASC/BASC201209230000A.T02,.t02,1206998,ok,
/srv/gnss-archive/legacy/RECOVERED_SEAGATE_W2A0W9T2_DATA0/RAW/2012/BASC/BASC201209240000A.T02,.t02,1168385,ok,
/srv/gnss-archive/legacy/RECOVERED_SEAGATE_W2A0W9T2_DATA0/RAW/2012/BASC/BASC201209250000A.T02,.t02,1192568,ok,
/srv/gnss-archive/legacy/RECOVERED_SEAGATE_W2A0W9T2_DATA0/RAW/2012/BASC/BASC201209260000A.T02,.t02,1208240,ok,
/srv/gnss-archive/legacy/RECOVERED_SEAGATE_W2A0W9T2_DATA0/RAW/2012/BASC/BASC201209270000A.T02,.t02,1191177,ok,
/srv/gnss-archive/legacy/RECOVERED_SEAGATE_W2A0W9T2_DATA0/RAW/2012/BASC/BASC201209280000A.T02,.t02,1191143,ok,
/srv/gnss-archive/legacy/RECOVERED_SEAGATE_W2A0W9T2_DATA0/RAW/2012/BASC/BASC201209290000A.T02,.t02,1212844,ok,
/srv/gnss-archive/legacy/RECOVERED_SEAGATE_W2A0W9T2_DATA0/RAW/2012/BASC/BASC201209300000A.T02,.t02,1188917,ok,
/srv/gnss-archive/legacy/RECOVERED_SEAGATE_W2A0W9T2_DATA0/RAW/2012/BASC/BASC201210010000A.T02,.t02,1163528,ok,
/srv/gnss-archive/legacy/RECOVERED_SEAGATE_W2A0W9T2_DATA0/RAW/2012/BASC/BASC201210020000A.T02,.t02,1183046,ok,
/srv/gnss-archive/legacy/RECOVERED_SEAGATE_W2A0W9T2_DATA0/RAW/2012/BASC/BASC201210030000A.T02,.t02,1185379,ok,
/srv/gnss-archive/legacy/RECOVERED_SEAGATE_W2A0W9T2_DATA0/RAW/2012/BASC/BASC201210040000A.T02,.t02,1184821,ok,
/srv/gnss-archive/legacy/RECOVERED_SEAGATE_W2A0W9T2_DATA0/RAW/2012/BASC/BASC201210050000A.T02,.t02,1172909,ok,
/srv/gnss-archive/legacy/RECOVERED_SEAGATE_W2A0W9T2_DATA0/RAW/2012/BASC/BASC201210060000A.T02,.t02,1161888,ok,
/srv/gnss-archive/legacy/RECOVERED_SEAGATE_W2A0W9T2_DATA0/RAW/2012/BASC/BASC201210070000A.T02,.t02,1154952,ok,
/srv/gnss-archive/legacy/RECOVERED_SEAGATE_W2A0W9T2_DATA0/RAW/2012/BASC/BASC201210080000A.T02,.t02,1162583,ok,
/srv/gnss-archive/legacy/RECOVERED_SEAGATE_W2A0W9T2_DATA0/RAW/2012/BASC/BASC201210090000A.T02,.t02,1150470,ok,
/srv/gnss-archive/legacy/RECOVERED_SEAGATE_W2A0W9T2_DATA0/RAW/2012/BASC/BASC201210100000A.T02,.t02,1143243,ok,
/srv/gnss-archive/legacy/RECOVERED_SEAGATE_W2A0W9T2_DATA0/RAW/2012/BASC/BASC201210110000A.T02,.t02,1151894,ok,
/srv/gnss-archive/legacy/RECOVERED_SEAGATE_W2A0W9T2_DATA0/RAW/2012/BASC/BASC201210120000A.T02,.t02,1142523,ok,
/srv/gnss-archive/legacy/RECOVERED_SEAGATE_W2A0W9T2_DATA0/RAW/2012/BASC/BASC201210130000A.T02,.t02,1148335,ok,
/srv/gnss-archive/legacy/RECOVERED_SEAGATE_W2A0W9T2_DATA0/RAW/2012/BASC/BASC201210140000A.T02,.t02,1132921,ok,
/srv/gnss-archive/legacy/RECOVERED_SEAGATE_W2A0W9T2_DATA0/RAW/2012/BASC/BASC201210150000A.T02,.t02,1152637,ok,
/srv/gnss-archive/legacy/RECOVERED_SEAGATE_W2A0W9T2_DATA0/RAW/2012/BASC/BASC201210160000A.T02,.t02,1185335,ok,
/srv/gnss-archive/legacy/RECOVERED_SEAGATE_W2A0W9T2_DATA0/RAW/2012/BASC/BASC201210170000A.T02,.t02,1154859,ok,
/srv/gnss-archive/legacy/RECOVERED_SEAGATE_W2A0W9T2_DATA0/RAW/2012/BASC/BASC201210180000A.T02,.t02,1151115,ok,
/srv/gnss-archive/legacy/RECOVERED_SEAGATE_W2A0W9T2_DATA0/RAW/2012/BASC/BASC201210190000A.T02,.t02,1145501,ok,
/srv/gnss-archive/legacy/RECOVERED_SEAGATE_W2A0W9T2_DATA0/RAW/2012/BASC/BASC201210200000A.T02,.t02,1138516,ok,
/srv/gnss-archive/legacy/RECOVERED_SEAGATE_W2A0W9T2_DATA0/RAW/2012/BASC/BASC201210210000A.T02,.t02,1136120,ok,
/srv/gnss-archive/legacy/RECOVERED_SEAGATE_W2A0W9T2_DATA0/RAW/2012/BASC/BASC201210220000A.T02,.t02,1134876,ok,
/srv/gnss-archive/legacy/RECOVERED_SEAGATE_W2A0W9T2_DATA0/RAW/2012/BASC/BASC201210230000A.T02,.t02,1160972,ok,
/srv/gnss-archive/legacy/RECOVERED_SEAGATE_W2A0W9T2_DATA0/RAW/2012/BASC/BASC201210240000A.T02,.t02,1161937,ok,
/srv/gnss-archive/legacy/RECOVERED_SEAGATE_W2A0W9T2_DATA0/RAW/2012/BASC/BASC201210250000A.T02,.t02,1176577,ok,
/srv/gnss-archive/legacy/RECOVERED_SEAGATE_W2A0W9T2_DATA0/RAW/2012/BASC/BASC201210260000A.T02,.t02,1158999,ok,
/srv/gnss-archive/legacy/RECOVERED_SEAGATE_W2A0W9T2_DATA0/RAW/2012/BASC/BASC201210270000A.T02,.t02,1156232,ok,
/srv/gnss-archive/legacy/RECOVERED_SEAGATE_W2A0W9T2_DATA0/RAW/2012/BASC/BASC201210280000A.T02,.t02,1154609,ok,
/srv/gnss-archive/legacy/RECOVERED_SEAGATE_W2A0W9T2_DATA0/RAW/2012/BASC/BASC201210290000A.T02,.t02,1157439,ok,
/srv/gnss-archive/legacy/RECOVERED_SEAGATE_W2A0W9T2_DATA0/RAW/2012/BASC/BASC201210300000A.T02,.t02,1168779,ok,
/srv/gnss-archive/legacy/RECOVERED_SEAGATE_W2A0W9T2_DATA0/RAW/2012/BASC/BASC201210310000A.T02,.t02,1169614,ok,
/srv/gnss-archive/legacy/RECOVERED_SEAGATE_W2A0W9T2_DATA0/RAW/2012/BASC/BASC201211010000A.T02,.t02,1156832,ok,
/srv/gnss-archive/legacy/RECOVERED_SEAGATE_W2A0W9T2_DATA0/RAW/2012/BASC/BASC201211020000A.T02,.t02,1162696,ok,
/srv/gnss-archive/legacy/RECOVERED_SEAGATE_W2A0W9T2_DATA0/RAW/2012/BASC/BASC201211030000A.T02,.t02,1162355,ok,
/srv/gnss-archive/legacy/RECOVERED_SEAGATE_W2A0W9T2_DATA0/RAW/2012/BASC/BASC201211040000A.T02,.t02,1160194,ok,
/srv/gnss-archive/legacy/RECOVERED_SEAGATE_W2A0W9T2_DATA0/RAW/2012/BASC/BASC201211050000A.T02,.t02,1146520,ok,
/srv/gnss-archive/legacy/RECOVERED_SEAGATE_W2A0W9T2_DATA0/RAW/2012/BASC/BASC201211060000A.T02,.t02,1157995,ok,
/srv/gnss-archive/legacy/RECOVERED_SEAGATE_W2A0W9T2_DATA0/RAW/2012/BASC/BASC201211070000A.T02,.t02,1153296,ok,
/srv/gnss-archive/legacy/RECOVERED_SEAGATE_W2A0W9T2_DATA0/RAW/2012/BASC/BASC201211080000A.T02,.t02,1157035,ok,
/srv/gnss-archive/legacy/RECOVERED_SEAGATE_W2A0W9T2_DATA0/RAW/2012/BASC/BASC201211090000A.T02,.t02,1160340,ok,
/srv/gnss-archive/legacy/RECOVERED_SEAGATE_W2A0W9T2_DATA0/RAW/2012/BASC/BASC201211100000A.T02,.t02,1157767,ok,
/srv/gnss-archive/legacy/RECOVERED_SEAGATE_W2A0W9T2_DATA0/RAW/2012/BASC/BASC201211110000A.T02,.t02,1155758,ok,
/srv/gnss-archive/legacy/RECOVERED_SEAGATE_W2A0W9T2_DATA0/RAW/2012/BASC/BASC201211120000A.T02,.t02,1155522,ok,
/srv/gnss-archive/legacy/RECOVERED_SEAGATE_W2A0W9T2_DATA0/RAW/2012/BASC/BASC201211130000A.T02,.t02,1154574,ok,
/srv/gnss-archive/legacy/RECOVERED_SEAGATE_W2A0W9T2_DATA0/RAW/2012/BASC/BASC201211140000A.T02,.t02,1184354,ok,
/srv/gnss-archive/legacy/RECOVERED_SEAGATE_W2A0W9T2_DATA0/RAW/2012/BASC/BASC201211150000A.T02,.t02,1181338,ok,
/srv/gnss-archive/legacy/RECOVERED_SEAGATE_W2A0W9T2_DATA0/RAW/2012/BASC/BASC201211160000A.T02,.t02,1182978,ok,
/srv/gnss-archive/legacy/RECOVERED_SEAGATE_W2A0W9T2_DATA0/RAW/2012/BASC/BASC201211170000A.T02,.t02,1181470,ok,
/srv/gnss-archive/legacy/RECOVERED_SEAGATE_W2A0W9T2_DATA0/RAW/2012/BASC/BASC201211180000A.T02,.t02,1172577,ok,
/srv/gnss-archive/legacy/RECOVERED_SEAGATE_W2A0W9T2_DATA0/RAW/2012/BASC/BASC201211190000A.T02,.t02,1179901,ok,
/srv/gnss-archive/legacy/RECOVERED_SEAGATE_W2A0W9T2_DATA0/RAW/2012/BASC/BASC201211200000A.T02,.t02,1175521,ok,
/srv/gnss-archive/legacy/RECOVERED_SEAGATE_W2A0W9T2_DATA0/RAW/2012/BASC/BASC201211210000A.T02,.t02,1155150,ok,
/srv/gnss-archive/legacy/RECOVERED_SEAGATE_W2A0W9T2_DATA0/RAW/2012/BASC/BASC201211220000A.T02,.t02,1159848,ok,
/srv/gnss-archive/legacy/RECOVERED_SEAGATE_W2A0W9T2_DATA0/RAW/2012/BASC/BASC201211230000A.T02,.t02,1164180,ok,
/srv/gnss-archive/legacy/RECOVERED_SEAGATE_W2A0W9T2_DATA0/RAW/2012/BASC/BASC201211240000A.T02,.t02,1159545,ok,
/srv/gnss-archive/legacy/RECOVERED_SEAGATE_W2A0W9T2_DATA0/RAW/2012/BASC/BASC201211250000A.T02,.t02,1167237,ok,
/srv/gnss-archive/legacy/RECOVERED_SEAGATE_W2A0W9T2_DATA0/RAW/2012/BASC/BASC201211260000A.T02,.t02,1151421,ok,
/srv/gnss-archive/legacy/RECOVERED_SEAGATE_W2A0W9T2_DATA0/RAW/2012/BASC/BASC201211270000A.T02,.t02,1147644,ok,
/srv/gnss-archive/legacy/RECOVERED_SEAGATE_W2A0W9T2_DATA0/RAW/2012/BASC/BASC201211280000A.T02,.t02,1160411,ok,
/srv/gnss-archive/legacy/RECOVERED_SEAGATE_W2A0W9T2_DATA0/RAW/2012/BASC/BASC201211290000A.T02,.t02,1160862,ok,
/srv/gnss-archive/legacy/RECOVERED_SEAGATE_W2A0W9T2_DATA0/RAW/2012/BASC/BASC201211300000A.T02,.t02,1162693,ok,
/srv/gnss-archive/legacy/RECOVERED_SEAGATE_W2A0W9T2_DATA0/RAW/2012/BASC/BASC201212010000A.T02,.t02,1164899,ok,
/srv/gnss-archive/legacy/RECOVERED_SEAGATE_W2A0W9T2_DATA0/RAW/2012/BASC/BASC201212020000A.T02,.t02,1160584,ok,
/srv/gnss-archive/legacy/RECOVERED_SEAGATE_W2A0W9T2_DATA0/RAW/2012/BASC/BASC201212030000A.T02,.t02,1163245,ok,
/srv/gnss-archive/legacy/RECOVERED_SEAGATE_W2A0W9T2_DATA0/RAW/2012/BASC/BASC201212040000A.T02,.t02,1149600,ok,
/srv/gnss-archive/legacy/RECOVERED_SEAGATE_W2A0W9T2_DATA0/RAW/2012/BASC/BASC201212050000A.T02,.t02,1143226,ok,
/srv/gnss-archive/legacy/RECOVERED_SEAGATE_W2A0W9T2_DATA0/RAW/2012/BASC/BASC201212060000A.T02,.t02,1143819,ok,
/srv/gnss-archive/legacy/RECOVERED_SEAGATE_W2A0W9T2_DATA0/RAW/2012/BASC/BASC201212070000A.T02,.t02,1163416,ok,
/srv/gnss-archive/legacy/RECOVERED_SEAGATE_W2A0W9T2_DATA0/RAW/2012/BASC/BASC201212080000A.T02,.t02,1162827,ok,
/srv/gnss-archive/legacy/RECOVERED_SEAGATE_W2A0W9T2_DATA0/RAW/2012/BASC/BASC201212090000A.T02,.t02,1159933,ok,
/srv/gnss-archive/legacy/RECOVERED_SEAGATE_W2A0W9T2_DATA0/RAW/2012/BASC/BASC201212100000A.T02,.t02,1165449,ok,
/srv/gnss-archive/legacy/RECOVERED_SEAGATE_W2A0W9T2_DATA0/RAW/2012/BASC/BASC201212110000A.T02,.t02,1164850,ok,
/srv/gnss-archive/legacy/RECOVERED_SEAGATE_W2A0W9T2_DATA0/RAW/2012/BASC/BASC201212120000A.T02,.t02,337236,ok,
/srv/gnss-archive/legacy/RECOVERED_SEAGATE_W2A0W9T2_DATA0/RAW/2012/BASC/BASC201212130000A.T02,.t02,1021414,ok,
/srv/gnss-archive/legacy/RECOVERED_SEAGATE_W2A0W9T2_DATA0/RAW/2012/BASC/BASC201212140000A.T02,.t02,1164641,ok,
/srv/gnss-archive/legacy/RECOVERED_SEAGATE_W2A0W9T2_DATA0/RAW/2012/BASC/BASC201212150000A.T02,.t02,1165740,ok,
/srv/gnss-archive/legacy/RECOVERED_SEAGATE_W2A0W9T2_DATA0/RAW/2012/BASC/BASC201212160000A.T02,.t02,1165479,ok,
/srv/gnss-archive/legacy/RECOVERED_SEAGATE_W2A0W9T2_DATA0/RAW/2012/BASC/BASC201212170000A.T02,.t02,1157958,ok,
/srv/gnss-archive/legacy/RECOVERED_SEAGATE_W2A0W9T2_DATA0/RAW/2012/BASC/BASC201212180000A.T02,.t02,1162579,ok,
/srv/gnss-archive/legacy/RECOVERED_SEAGATE_W2A0W9T2_DATA0/RAW/2012/BASC/BASC201212190000A.T02,.t02,1158700,ok,
/srv/gnss-archive/legacy/RECOVERED_SEAGATE_W2A0W9T2_DATA0/RAW/2012/BASC/BASC201212200000A.T02,.t02,1143356,ok,
/srv/gnss-archive/legacy/RECOVERED_SEAGATE_W2A0W9T2_DATA0/RAW/2012/BASC/BASC201212210000A.T02,.t02,1152121,ok,
/srv/gnss-archive/legacy/RECOVERED_SEAGATE_W2A0W9T2_DATA0/RAW/2012/BASC/BASC201212220000A.T02,.t02,1164672,ok,
/srv/gnss-archive/legacy/RECOVERED_SEAGATE_W2A0W9T2_DATA0/RAW/2012/BASC/BASC201212230000A.T02,.t02,1165069,ok,
/srv/gnss-archive/legacy/RECOVERED_SEAGATE_W2A0W9T2_DATA0/RAW/2012/BASC/BASC201212240000A.T02,.t02,1163821,ok,
/srv/gnss-archive/legacy/RECOVERED_SEAGATE_W2A0W9T2_DATA0/RAW/2012/BASC/BASC201212250000A.T02,.t02,1177578,ok,
/srv/gnss-archive/legacy/RECOVERED_SEAGATE_W2A0W9T2_DATA0/RAW/2012/BASC/BASC201212260000A.T02,.t02,1183932,ok,
/srv/gnss-archive/legacy/RECOVERED_SEAGATE_W2A0W9T2_DATA0/RAW/2012/BASC/BASC201212270000A.T02,.t02,1184017,ok,
/srv/gnss-archive/legacy/RECOVERED_SEAGATE_W2A0W9T2_DATA0/RAW/2012/BASC/BASC201212280000A.T02,.t02,1177705,ok,
/srv/gnss-archive/legacy/RECOVERED_SEAGATE_W2A0W9T2_DATA0/RAW/2012/BASC/BASC201212290000A.T02,.t02,1174081,ok,
/srv/gnss-archive/legacy/RECOVERED_SEAGATE_W2A0W9T2_DATA0/RAW/2012/BASC/BASC201212300000A.T02,.t02,1196959,ok,
/srv/gnss-archive/legacy/RECOVERED_SEAGATE_W2A0W9T2_DATA0/RAW/2012/BASC/BASC201212310000A.T02,.t02,1193484,ok,
/srv/gnss-archive/legacy/RECOVERED_SEAGATE_W2A0W9T2_DATA0/RAW/2012/BRGC/BRGC101a.m00,.m00,1127134,ok,
/srv/gnss-archive/legacy/RECOVERED_SEAGATE_W2A0W9T2_DATA0/RAW/2012/BRGC/BRGC048a.m00,.m00,1101275,ok,
/srv/gnss-archive/legacy/RECOVERED_SEAGATE_W2A0W9T2_DATA0/RAW/2012/BRGC/BRGC102a.m00,.m00,1127738,ok,
/srv/gnss-archive/legacy/RECOVERED_SEAGATE_W2A0W9T2_DATA0/RAW/2012/BRGC/BRGC049a.m00,.m00,1101684,ok,
/srv/gnss-archive/legacy/RECOVERED_SEAGATE_W2A0W9T2_DATA0/RAW/2012/BRGC/BRGC103a.m00,.m00,1124126,ok,
/srv/gnss-archive/legacy/RECOVERED_SEAGATE_W2A0W9T2_DATA0/RAW/2012/BRGC/BRGC050a.m00,.m00,1101197,ok,
/srv/gnss-archive/legacy/RECOVERED_SEAGATE_W2A0W9T2_DATA0/RAW/2012/BRGC/BRGC104a.m00,.m00,1126919,ok,
/srv/gnss-archive/legacy/RECOVERED_SEAGATE_W2A0W9T2_DATA0/RAW/2012/BRGC/BRGC051a.m00,.m00,1102497,ok,
/srv/gnss-archive/legacy/RECOVERED_SEAGATE_W2A0W9T2_DATA0/RAW/2012/BRGC/BRGC106a.m00,.m00,1127875,ok,
/srv/gnss-archive/legacy/RECOVERED_SEAGATE_W2A0W9T2_DATA0/RAW/2012/BRGC/BRGC052a.m00,.m00,1102522,ok,
/srv/gnss-archive/legacy/RECOVERED_SEAGATE_W2A0W9T2_DATA0/RAW/2012/BRGC/BRGC105a.m00,.m00,1129325,ok,
/srv/gnss-archive/legacy/RECOVERED_SEAGATE_W2A0W9T2_DATA0/RAW/2012/BRGC/BRGC053a.m00,.m00,1075152,ok,
/srv/gnss-archive/legacy/RECOVERED_SEAGATE_W2A0W9T2_DATA0/RAW/2012/BRGC/BRGC107a.m00,.m00,1128643,ok,
/srv/gnss-archive/legacy/RECOVERED_SEAGATE_W2A0W9T2_DATA0/RAW/2012/BRGC/BRGC054a.m00,.m00,1102594,ok,
/srv/gnss-archive/legacy/RECOVERED_SEAGATE_W2A0W9T2_DATA0/RAW/2012/BRGC/BRGC108a.m00,.m00,1127389,ok,
/srv/gnss-archive/legacy/RECOVERED_SEAGATE_W2A0W9T2_DATA0/RAW/2012/BRGC/BRGC055a.m00,.m00,1123143,ok,
/srv/gnss-archive/legacy/RECOVERED_SEAGATE_W2A0W9T2_DATA0/RAW/2012/BRGC/BRGC117a.m00,.m00,1127940,ok,
/srv/gnss-archive/legacy/RECOVERED_SEAGATE_W2A0W9T2_DATA0/RAW/2012/BRGC/BRGC056a.m00,.m00,1129186,ok,
/srv/gnss-archive/legacy/RECOVERED_SEAGATE_W2A0W9T2_DATA0/RAW/2012/BRGC/BRGC118a.m00,.m00,336427,ok,
/srv/gnss-archive/legacy/RECOVERED_SEAGATE_W2A0W9T2_DATA0/RAW/2012/BRGC/BRGC057a.m00,.m00,1131039,ok,
/srv/gnss-archive/legacy/RECOVERED_SEAGATE_W2A0W9T2_DATA0/RAW/2012/BRGC/BRGC118h.m51,.m51,730291,ok,
/srv/gnss-archive/legacy/RECOVERED_SEAGATE_W2A0W9T2_DATA0/RAW/2012/BRGC/BRGC058a.m00,.m00,194127,ok,
/srv/gnss-archive/legacy/RECOVERED_SEAGATE_W2A0W9T2_DATA0/RAW/2012/BRGC/BRGC119a.m00,.m00,1126796,ok,
/srv/gnss-archive/legacy/RECOVERED_SEAGATE_W2A0W9T2_DATA0/RAW/2012/BRGC/BRGC058e.m47,.m47,916728,ok,
/srv/gnss-archive/legacy/RECOVERED_SEAGATE_W2A0W9T2_DATA0/RAW/2012/BRGC/BRGC120a.m00,.m00,1126902,ok,
/srv/gnss-archive/legacy/RECOVERED_SEAGATE_W2A0W9T2_DATA0/RAW/2012/BRGC/BRGC059a.m00,.m00,1097621,ok,
/srv/gnss-archive/legacy/RECOVERED_SEAGATE_W2A0W9T2_DATA0/RAW/2012/BRGC/BRGC121a.m00,.m00,1127292,ok,
/srv/gnss-archive/legacy/RECOVERED_SEAGATE_W2A0W9T2_DATA0/RAW/2012/BRGC/BRGC060a.m00,.m00,1120952,ok,
/srv/gnss-archive/legacy/RECOVERED_SEAGATE_W2A0W9T2_DATA0/RAW/2012/BRGC/BRGC122a.m00,.m00,1124806,ok,
/srv/gnss-archive/legacy/RECOVERED_SEAGATE_W2A0W9T2_DATA0/RAW/2012/BRGC/BRGC061a.m00,.m00,1112592,ok,
/srv/gnss-archive/legacy/RECOVERED_SEAGATE_W2A0W9T2_DATA0/RAW/2012/BRGC/BRGC123a.m00,.m00,1123366,ok,
/srv/gnss-archive/legacy/RECOVERED_SEAGATE_W2A0W9T2_DATA0/RAW/2012/BRGC/BRGC062a.m00,.m00,1122384,ok,
/srv/gnss-archive/legacy/RECOVERED_SEAGATE_W2A0W9T2_DATA0/RAW/2012/BRGC/BRGC124a.m00,.m00,8498,ok,
/srv/gnss-archive/legacy/RECOVERED_SEAGATE_W2A0W9T2_DATA0/RAW/2012/BRGC/BRGC063a.m00,.m00,1129287,ok,
/srv/gnss-archive/legacy/RECOVERED_SEAGATE_W2A0W9T2_DATA0/RAW/2012/BRGC/BRGC124k.m00,.m00,646918,ok,
/srv/gnss-archive/legacy/RECOVERED_SEAGATE_W2A0W9T2_DATA0/RAW/2012/BRGC/BRGC064a.m00,.m00,1131480,ok,
/srv/gnss-archive/legacy/RECOVERED_SEAGATE_W2A0W9T2_DATA0/RAW/2012/BRGC/BRGC125a.m00,.m00,63010,ok,
/srv/gnss-archive/legacy/RECOVERED_SEAGATE_W2A0W9T2_DATA0/RAW/2012/BRGC/BRGC065a.m00,.m00,1128270,ok,
/srv/gnss-archive/legacy/RECOVERED_SEAGATE_W2A0W9T2_DATA0/RAW/2012/BRGC/BRGC125b.m22,.m22,1062021,ok,
/srv/gnss-archive/legacy/RECOVERED_SEAGATE_W2A0W9T2_DATA0/RAW/2012/BRGC/BRGC066a.m00,.m00,1130416,ok,
/srv/gnss-archive/legacy/RECOVERED_SEAGATE_W2A0W9T2_DATA0/RAW/2012/BRGC/BRGC126a.m00,.m00,1125834,ok,
/srv/gnss-archive/legacy/RECOVERED_SEAGATE_W2A0W9T2_DATA0/RAW/2012/BRGC/BRGC067a.m00,.m00,1129517,ok,
/srv/gnss-archive/legacy/RECOVERED_SEAGATE_W2A0W9T2_DATA0/RAW/2012/BRGC/BRGC127a.m00,.m00,1127020,ok,
/srv/gnss-archive/legacy/RECOVERED_SEAGATE_W2A0W9T2_DATA0/RAW/2012/BRGC/BRGC068a.m00,.m00,1128069,ok,
/srv/gnss-archive/legacy/RECOVERED_SEAGATE_W2A0W9T2_DATA0/RAW/2012/BRGC/BRGC128a.m00,.m00,1126022,ok,
/srv/gnss-archive/legacy/RECOVERED_SEAGATE_W2A0W9T2_DATA0/RAW/2012/BRGC/BRGC069a.m00,.m00,1129652,ok,
/srv/gnss-archive/legacy/RECOVERED_SEAGATE_W2A0W9T2_DATA0/RAW/2012/BRGC/BRGC129a.m00,.m00,1124344,ok,
/srv/gnss-archive/legacy/RECOVERED_SEAGATE_W2A0W9T2_DATA0/RAW/2012/BRGC/BRGC070a.m00,.m00,1127221,ok,
/srv/gnss-archive/legacy/RECOVERED_SEAGATE_W2A0W9T2_DATA0/RAW/2012/BRGC/BRGC130a.m00,.m00,1124215,ok,
/srv/gnss-archive/legacy/RECOVERED_SEAGATE_W2A0W9T2_DATA0/RAW/2012/BRGC/BRGC071a.m00,.m00,1128055,ok,
/srv/gnss-archive/legacy/RECOVERED_SEAGATE_W2A0W9T2_DATA0/RAW/2012/BRGC/BRGC131a.m00,.m00,1126469,ok,
/srv/gnss-archive/legacy/RECOVERED_SEAGATE_W2A0W9T2_DATA0/RAW/2012/BRGC/BRGC072a.m00,.m00,1126592,ok,
/srv/gnss-archive/legacy/RECOVERED_SEAGATE_W2A0W9T2_DATA0/RAW/2012/BRGC/BRGC132a.m00,.m00,1123953,ok,
/srv/gnss-archive/legacy/RECOVERED_SEAGATE_W2A0W9T2_DATA0/RAW/2012/BRGC/BRGC073a.m00,.m00,188183,ok,
/srv/gnss-archive/legacy/RECOVERED_SEAGATE_W2A0W9T2_DATA0/RAW/2012/BRGC/BRGC133a.m00,.m00,1003289,ok,
/srv/gnss-archive/legacy/RECOVERED_SEAGATE_W2A0W9T2_DATA0/RAW/2012/BRGC/BRGC073f.m01,.m01,901776,ok,
/srv/gnss-archive/legacy/RECOVERED_SEAGATE_W2A0W9T2_DATA0/RAW/2012/BRGC/BRGC133v.m42,.m42,11136,ok,
/srv/gnss-archive/legacy/RECOVERED_SEAGATE_W2A0W9T2_DATA0/RAW/2012/BRGC/BRGC074a.m00,.m00,1129701,ok,
/srv/gnss-archive/legacy/RECOVERED_SEAGATE_W2A0W9T2_DATA0/RAW/2012/BRGC/BRGC134a.m00,.m00,102873,ok,
/srv/gnss-archive/legacy/RECOVERED_SEAGATE_W2A0W9T2_DATA0/RAW/2012/BRGC/BRGC075a.m00,.m00,1128701,ok,
/srv/gnss-archive/legacy/RECOVERED_SEAGATE_W2A0W9T2_DATA0/RAW/2012/BRGC/BRGC134c.m12,.m12,1021364,ok,
/srv/gnss-archive/legacy/RECOVERED_SEAGATE_W2A0W9T2_DATA0/RAW/2012/BRGC/BRGC076a.m00,.m00,1130091,ok,
/srv/gnss-archive/legacy/RECOVERED_SEAGATE_W2A0W9T2_DATA0/RAW/2012/BRGC/BRGC135a.m00,.m00,1127661,ok,
/srv/gnss-archive/legacy/RECOVERED_SEAGATE_W2A0W9T2_DATA0/RAW/2012/BRGC/BRGC077a.m00,.m00,1130545,ok,
/srv/gnss-archive/legacy/RECOVERED_SEAGATE_W2A0W9T2_DATA0/RAW/2012/BRGC/BRGC136a.m00,.m00,1124508,ok,
/srv/gnss-archive/legacy/RECOVERED_SEAGATE_W2A0W9T2_DATA0/RAW/2012/BRGC/BRGC078a.m00,.m00,1129749,ok,
/srv/gnss-archive/legacy/RECOVERED_SEAGATE_W2A0W9T2_DATA0/RAW/2012/BRGC/BRGC137a.m00,.m00,608593,ok,
/srv/gnss-archive/legacy/RECOVERED_SEAGATE_W2A0W9T2_DATA0/RAW/2012/BRGC/BRGC079a.m00,.m00,1129173,ok,
/srv/gnss-archive/legacy/RECOVERED_SEAGATE_W2A0W9T2_DATA0/RAW/2012/BRGC/BRGC137m.m34,.m34,976542,ok,
/srv/gnss-archive/legacy/RECOVERED_SEAGATE_W2A0W9T2_DATA0/RAW/2012/BRGC/BRGC080a.m00,.m00,1128181,ok,
/srv/gnss-archive/legacy/RECOVERED_SEAGATE_W2A0W9T2_DATA0/RAW/2012/BRGC/BRGC139a.m00,.m00,1126975,ok,
/srv/gnss-archive/legacy/RECOVERED_SEAGATE_W2A0W9T2_DATA0/RAW/2012/BRGC/BRGC081a.m00,.m00,1130300,ok,
/srv/gnss-archive/legacy/RECOVERED_SEAGATE_W2A0W9T2_DATA0/RAW/2012/BRGC/BRGC140a.m00,.m00,110317,ok,
/srv/gnss-archive/legacy/RECOVERED_SEAGATE_W2A0W9T2_DATA0/RAW/2012/BRGC/BRGC082a.m00,.m00,1129148,ok,
/srv/gnss-archive/legacy/RECOVERED_SEAGATE_W2A0W9T2_DATA0/RAW/2012/BRGC/BRGC140e.m44,.m44,886433,ok,
/srv/gnss-archive/legacy/RECOVERED_SEAGATE_W2A0W9T2_DATA0/RAW/2012/BRGC/BRGC083a.m00,.m00,510572,ok,
/srv/gnss-archive/legacy/RECOVERED_SEAGATE_W2A0W9T2_DATA0/RAW/2012/BRGC/BRGC141a.m00,.m00,1094069,ok,
/srv/gnss-archive/legacy/RECOVERED_SEAGATE_W2A0W9T2_DATA0/RAW/2012/BRGC/BRGC083l.m07,.m07,593516,ok,
/srv/gnss-archive/legacy/RECOVERED_SEAGATE_W2A0W9T2_DATA0/RAW/2012/BRGC/BRGC142a.m00,.m00,1093067,ok,
/srv/gnss-archive/legacy/RECOVERED_SEAGATE_W2A0W9T2_DATA0/RAW/2012/BRGC/BRGC084a.m00,.m00,1128280,ok,
/srv/gnss-archive/legacy/RECOVERED_SEAGATE_W2A0W9T2_DATA0/RAW/2012/BRGC/BRGC143a.m00,.m00,1090581,ok,
/srv/gnss-archive/legacy/RECOVERED_SEAGATE_W2A0W9T2_DATA0/RAW/2012/BRGC/BRGC085a.m00,.m00,1126123,ok,
/srv/gnss-archive/legacy/RECOVERED_SEAGATE_W2A0W9T2_DATA0/RAW/2012/BRGC/BRGC144a.m00,.m00,1093303,ok,
/srv/gnss-archive/legacy/RECOVERED_SEAGATE_W2A0W9T2_DATA0/RAW/2012/BRGC/BRGC086a.m00,.m00,1128029,ok,
/srv/gnss-archive/legacy/RECOVERED_SEAGATE_W2A0W9T2_DATA0/RAW/2012/BRGC/BRGC145a.m00,.m00,1090372,ok,
/srv/gnss-archive/legacy/RECOVERED_SEAGATE_W2A0W9T2_DATA0/RAW/2012/BRGC/BRGC087a.m00,.m00,1127157,ok,
/srv/gnss-archive/legacy/RECOVERED_SEAGATE_W2A0W9T2_DATA0/RAW/2012/BRGC/BRGC146a.m00,.m00,1124944,ok,
/srv/gnss-archive/legacy/RECOVERED_SEAGATE_W2A0W9T2_DATA0/RAW/2012/BRGC/BRGC088a.m00,.m00,1129251,ok,
/srv/gnss-archive/legacy/RECOVERED_SEAGATE_W2A0W9T2_DATA0/RAW/2012/BRGC/BRGC147a.m00,.m00,531672,ok,
/srv/gnss-archive/legacy/RECOVERED_SEAGATE_W2A0W9T2_DATA0/RAW/2012/BRGC/BRGC089a.m00,.m00,1128172,ok,
/srv/gnss-archive/legacy/RECOVERED_SEAGATE_W2A0W9T2_DATA0/RAW/2012/BRGC/BRGC147m.m29,.m29,517179,ok,
/srv/gnss-archive/legacy/RECOVERED_SEAGATE_W2A0W9T2_DATA0/RAW/2012/BRGC/BRGC090a.m00,.m00,716550,ok,
/srv/gnss-archive/legacy/RECOVERED_SEAGATE_W2A0W9T2_DATA0/RAW/2012/BRGC/BRGC148a.m00,.m00,1125462,ok,
/srv/gnss-archive/legacy/RECOVERED_SEAGATE_W2A0W9T2_DATA0/RAW/2012/BRGC/BRGC090p.m09,.m09,416552,ok,
/srv/gnss-archive/legacy/RECOVERED_SEAGATE_W2A0W9T2_DATA0/RAW/2012/BRGC/BRGC149a.m00,.m00,1126540,ok,
/srv/gnss-archive/legacy/RECOVERED_SEAGATE_W2A0W9T2_DATA0/RAW/2012/BRGC/BRGC091a.m00,.m00,73324,ok,
/srv/gnss-archive/legacy/RECOVERED_SEAGATE_W2A0W9T2_DATA0/RAW/2012/BRGC/BRGC150a.m00,.m00,1123476,ok,
/srv/gnss-archive/legacy/RECOVERED_SEAGATE_W2A0W9T2_DATA0/RAW/2012/BRGC/BRGC091b.m58,.m58,1028132,ok,
/srv/gnss-archive/legacy/RECOVERED_SEAGATE_W2A0W9T2_DATA0/RAW/2012/BRGC/BRGC151a.m00,.m00,1124183,ok,
/srv/gnss-archive/legacy/RECOVERED_SEAGATE_W2A0W9T2_DATA0/RAW/2012/BRGC/BRGC092a.m00,.m00,1129477,ok,
/srv/gnss-archive/legacy/RECOVERED_SEAGATE_W2A0W9T2_DATA0/RAW/2012/BRGC/BRGC152a.m00,.m00,1126194,ok,
/srv/gnss-archive/legacy/RECOVERED_SEAGATE_W2A0W9T2_DATA0/RAW/2012/BRGC/BRGC093a.m00,.m00,1128641,ok,
/srv/gnss-archive/legacy/RECOVERED_SEAGATE_W2A0W9T2_DATA0/RAW/2012/BRGC/BRGC153a.m00,.m00,10298,ok,
/srv/gnss-archive/legacy/RECOVERED_SEAGATE_W2A0W9T2_DATA0/RAW/2012/BRGC/BRGC094a.m00,.m00,565471,ok,
/srv/gnss-archive/legacy/RECOVERED_SEAGATE_W2A0W9T2_DATA0/RAW/2012/BRGC/BRGC153e.m02,.m02,945161,ok,
/srv/gnss-archive/legacy/RECOVERED_SEAGATE_W2A0W9T2_DATA0/RAW/2012/BRGC/BRGC094m.m06,.m06,569753,ok,
/srv/gnss-archive/legacy/RECOVERED_SEAGATE_W2A0W9T2_DATA0/RAW/2012/BRGC/BRGC154a.m00,.m00,520427,ok,
/srv/gnss-archive/legacy/RECOVERED_SEAGATE_W2A0W9T2_DATA0/RAW/2012/BRGC/BRGC095a.m00,.m00,1127427,ok,
/srv/gnss-archive/legacy/RECOVERED_SEAGATE_W2A0W9T2_DATA0/RAW/2012/BRGC/BRGC154k.m51,.m51,608576,ok,
/srv/gnss-archive/legacy/RECOVERED_SEAGATE_W2A0W9T2_DATA0/RAW/2012/BRGC/BRGC096a.m00,.m00,1127611,ok,
/srv/gnss-archive/legacy/RECOVERED_SEAGATE_W2A0W9T2_DATA0/RAW/2012/BRGC/BRGC155a.m00,.m00,1123440,ok,
/srv/gnss-archive/legacy/RECOVERED_SEAGATE_W2A0W9T2_DATA0/RAW/2012/BRGC/BRGC097a.m00,.m00,1128913,ok,
/srv/gnss-archive/legacy/RECOVERED_SEAGATE_W2A0W9T2_DATA0/RAW/2012/BRGC/BRGC156a.m00,.m00,1123482,ok,
/srv/gnss-archive/legacy/RECOVERED_SEAGATE_W2A0W9T2_DATA0/RAW/2012/BRGC/BRGC098a.m00,.m00,1124880,ok,
/srv/gnss-archive/legacy/RECOVERED_SEAGATE_W2A0W9T2_DATA0/RAW/2012/BRGC/BRGC157a.m00,.m00,1123172,ok,
/srv/gnss-archive/legacy/RECOVERED_SEAGATE_W2A0W9T2_DATA0/RAW/2012/BRGC/BRGC099a.m00,.m00,45639,ok,
/srv/gnss-archive/legacy/RECOVERED_SEAGATE_W2A0W9T2_DATA0/RAW/2012/BRGC/BRGC158a.m00,.m00,1123406,ok,
/srv/gnss-archive/legacy/RECOVERED_SEAGATE_W2A0W9T2_DATA0/RAW/2012/BRGC/BRGC099b.m12,.m12,1010944,ok,
/srv/gnss-archive/legacy/RECOVERED_SEAGATE_W2A0W9T2_DATA0/RAW/2012/BRGC/BRGC159a.m00,.m00,1122507,ok,
/srv/gnss-archive/legacy/RECOVERED_SEAGATE_W2A0W9T2_DATA0/RAW/2012/BRGC/BRGC100a.m00,.m00,501839,ok,
/srv/gnss-archive/legacy/RECOVERED_SEAGATE_W2A0W9T2_DATA0/RAW/2012/BRGC/BRGC160a.m00,.m00,1122868,ok,
/srv/gnss-archive/legacy/RECOVERED_SEAGATE_W2A0W9T2_DATA0/RAW/2012/BRGC/BRGC100k.m54,.m54,629273,ok,
/srv/gnss-archive/legacy/RECOVERED_SEAGATE_W2A0W9T2_DATA0/RAW/2012/BRGC/BRGC109a.m00,.m00,1128605,ok,
/srv/gnss-archive/legacy/RECOVERED_SEAGATE_W2A0W9T2_DATA0/RAW/2012/BRGC/BRGC161a.m00,.m00,1123003,ok,
/srv/gnss-archive/legacy/RECOVERED_SEAGATE_W2A0W9T2_DATA0/RAW/2012/BRGC/BRGC110a.m00,.m00,1126838,ok,
/srv/gnss-archive/legacy/RECOVERED_SEAGATE_W2A0W9T2_DATA0/RAW/2012/BRGC/BRGC162a.m00,.m00,1122832,ok,
/srv/gnss-archive/legacy/RECOVERED_SEAGATE_W2A0W9T2_DATA0/RAW/2012/BRGC/BRGC111a.m00,.m00,884283,ok,
/srv/gnss-archive/legacy/RECOVERED_SEAGATE_W2A0W9T2_DATA0/RAW/2012/BRGC/BRGC163a.m00,.m00,1123602,ok,
/srv/gnss-archive/legacy/RECOVERED_SEAGATE_W2A0W9T2_DATA0/RAW/2012/BRGC/BRGC111s.m31,.m31,248507,ok,
/srv/gnss-archive/legacy/RECOVERED_SEAGATE_W2A0W9T2_DATA0/RAW/2012/BRGC/BRGC164a.m00,.m00,298511,ok,
/srv/gnss-archive/legacy/RECOVERED_SEAGATE_W2A0W9T2_DATA0/RAW/2012/BRGC/BRGC112a.m00,.m00,1124478,ok,
/srv/gnss-archive/legacy/RECOVERED_SEAGATE_W2A0W9T2_DATA0/RAW/2012/BRGC/BRGC164g.m20,.m20,831793,ok,
/srv/gnss-archive/legacy/RECOVERED_SEAGATE_W2A0W9T2_DATA0/RAW/2012/BRGC/BRGC113a.m00,.m00,1128797,ok,
/srv/gnss-archive/legacy/RECOVERED_SEAGATE_W2A0W9T2_DATA0/RAW/2012/BRGC/BRGC165a.m00,.m00,1123484,ok,
/srv/gnss-archive/legacy/RECOVERED_SEAGATE_W2A0W9T2_DATA0/RAW/2012/BRGC/BRGC114a.m00,.m00,297435,ok,
/srv/gnss-archive/legacy/RECOVERED_SEAGATE_W2A0W9T2_DATA0/RAW/2012/BRGC/BRGC166a.m00,.m00,1124277,ok,
/srv/gnss-archive/legacy/RECOVERED_SEAGATE_W2A0W9T2_DATA0/RAW/2012/BRGC/BRGC114g.m38,.m38,811123,ok,
/srv/gnss-archive/legacy/RECOVERED_SEAGATE_W2A0W9T2_DATA0/RAW/2012/BRGC/BRGC167a.m00,.m00,1125997,ok,
/srv/gnss-archive/legacy/RECOVERED_SEAGATE_W2A0W9T2_DATA0/RAW/2012/BRGC/BRGC115a.m00,.m00,1129183,ok,
/srv/gnss-archive/legacy/RECOVERED_SEAGATE_W2A0W9T2_DATA0/RAW/2012/BRGC/BRGC168a.m00,.m00,1124558,ok,
/srv/gnss-archive/legacy/RECOVERED_SEAGATE_W2A0W9T2_DATA0/RAW/2012/BRGC/BRGC116a.m00,.m00,1099700,ok,
/srv/gnss-archive/legacy/RECOVERED_SEAGATE_W2A0W9T2_DATA0/RAW/2012/BRGC/BRGC169a.m00,.m00,1123792,ok,
/srv/gnss-archive/legacy/RECOVERED_SEAGATE_W2A0W9T2_DATA0/RAW/2012/BRGC/BRGC170a.m00,.m00,222164,ok,
/srv/gnss-archive/legacy/RECOVERED_SEAGATE_W2A0W9T2_DATA0/RAW/2012/BRGC/BRGC170e.m57,.m57,899669,ok,
/srv/gnss-archive/legacy/RECOVERED_SEAGATE_W2A0W9T2_DATA0/RAW/2012/BRGC/BRGC171a.m00,.m00,168307,ok,
/srv/gnss-archive/legacy/RECOVERED_SEAGATE_W2A0W9T2_DATA0/RAW/2012/BRGC/BRGC171e.m42,.m42,1541100,ok,
/srv/gnss-archive/legacy/RECOVERED_SEAGATE_W2A0W9T2_DATA0/RAW/2012/BRGC/BRGC173a.m00,.m00,1124216,ok,
/srv/gnss-archive/legacy/RECOVERED_SEAGATE_W2A0W9T2_DATA0/RAW/2012/BRGC/BRGC174a.m00,.m00,1123106,ok,
/srv/gnss-archive/legacy/RECOVERED_SEAGATE_W2A0W9T2_DATA0/RAW/2012/BRGC/BRGC175a.m00,.m00,159975,ok,
/srv/gnss-archive/legacy/RECOVERED_SEAGATE_W2A0W9T2_DATA0/RAW/2012/BRGC/BRGC175d.m35,.m35,968080,ok,
/srv/gnss-archive/legacy/RECOVERED_SEAGATE_W2A0W9T2_DATA0/RAW/2012/BRGC/BRGC176a.m00,.m00,1121610,ok,
/srv/gnss-archive/legacy/RECOVERED_SEAGATE_W2A0W9T2_DATA0/RAW/2012/BRGC/BRGC177a.m00,.m00,1124583,ok,
/srv/gnss-archive/legacy/RECOVERED_SEAGATE_W2A0W9T2_DATA0/RAW/2012/BRGC/BRGC178a.m00,.m00,9751,ok,
/srv/gnss-archive/legacy/RECOVERED_SEAGATE_W2A0W9T2_DATA0/RAW/2012/BRGC/BRGC178e.m05,.m05,942369,ok,
/srv/gnss-archive/legacy/RECOVERED_SEAGATE_W2A0W9T2_DATA0/RAW/2012/BRGC/BRGC179a.m00,.m00,1120071,ok,
/srv/gnss-archive/legacy/RECOVERED_SEAGATE_W2A0W9T2_DATA0/RAW/2012/BRGC/BRGC180a.m00,.m00,468296,ok,
/srv/gnss-archive/legacy/RECOVERED_SEAGATE_W2A0W9T2_DATA0/RAW/2012/BRGC/BRGC181c.m47,.m47,994541,ok,
/srv/gnss-archive/legacy/RECOVERED_SEAGATE_W2A0W9T2_DATA0/RAW/2012/BRGC/BRGC182a.m00,.m00,1120854,ok,
/srv/gnss-archive/legacy/RECOVERED_SEAGATE_W2A0W9T2_DATA0/RAW/2012/BRGC/BRGC183a.m00,.m00,1122631,ok,
/srv/gnss-archive/legacy/RECOVERED_SEAGATE_W2A0W9T2_DATA0/RAW/2012/BRGC/BRGC184a.m00,.m00,11223,ok,
/srv/gnss-archive/legacy/RECOVERED_SEAGATE_W2A0W9T2_DATA0/RAW/2012/BRGC/BRGC184c.m22,.m22,1021619,ok,
/srv/gnss-archive/legacy/RECOVERED_SEAGATE_W2A0W9T2_DATA0/RAW/2012/BRGC/BRGC185a.m00,.m00,1122270,ok,
/srv/gnss-archive/legacy/RECOVERED_SEAGATE_W2A0W9T2_DATA0/RAW/2012/BRGC/BRGC186a.m00,.m00,1119408,ok,
/srv/gnss-archive/legacy/RECOVERED_SEAGATE_W2A0W9T2_DATA0/RAW/2012/BRGC/BRGC187a.m00,.m00,27023,ok,
/srv/gnss-archive/legacy/RECOVERED_SEAGATE_W2A0W9T2_DATA0/RAW/2012/BRGC/BRGC187a.m37,.m37,1095166,ok,
/srv/gnss-archive/legacy/RECOVERED_SEAGATE_W2A0W9T2_DATA0/RAW/2012/BRGC/BRGC188a.m00,.m00,1095689,ok,
/srv/gnss-archive/legacy/RECOVERED_SEAGATE_W2A0W9T2_DATA0/RAW/2012/BRGC/BRGC189a.m00,.m00,1119136,ok,
/srv/gnss-archive/legacy/RECOVERED_SEAGATE_W2A0W9T2_DATA0/RAW/2012/BRGC/BRGC190a.m00,.m00,1121814,ok,
/srv/gnss-archive/legacy/RECOVERED_SEAGATE_W2A0W9T2_DATA0/RAW/2012/BRGC/BRGC191a.m00,.m00,567874,ok,
/srv/gnss-archive/legacy/RECOVERED_SEAGATE_W2A0W9T2_DATA0/RAW/2012/BRGC/BRGC191l.m51,.m51,543410,ok,
/srv/gnss-archive/legacy/RECOVERED_SEAGATE_W2A0W9T2_DATA0/RAW/2012/BRGC/BRGC192a.m00,.m00,1120100,ok,
/srv/gnss-archive/legacy/RECOVERED_SEAGATE_W2A0W9T2_DATA0/RAW/2012/BRGC/BRGC193a.m00,.m00,255210,ok,
/srv/gnss-archive/legacy/RECOVERED_SEAGATE_W2A0W9T2_DATA0/RAW/2012/BRGC/BRGC193i.m55,.m55,681725,ok,
/srv/gnss-archive/legacy/RECOVERED_SEAGATE_W2A0W9T2_DATA0/RAW/2012/BRGC/BRGC194a.m00,.m00,202848,ok,
/srv/gnss-archive/legacy/RECOVERED_SEAGATE_W2A0W9T2_DATA0/RAW/2012/BRGC/BRGC194e.m34,.m34,904766,ok,
/srv/gnss-archive/legacy/RECOVERED_SEAGATE_W2A0W9T2_DATA0/RAW/2012/BRGC/BRGC195a.m00,.m00,1122261,ok,
/srv/gnss-archive/legacy/RECOVERED_SEAGATE_W2A0W9T2_DATA0/RAW/2012/BRGC/BRGC196a.m00,.m00,1120921,ok,
/srv/gnss-archive/legacy/RECOVERED_SEAGATE_W2A0W9T2_DATA0/RAW/2012/BRGC/BRGC197a.m00,.m00,1119015,ok,
/srv/gnss-archive/legacy/RECOVERED_SEAGATE_W2A0W9T2_DATA0/RAW/2012/BRGC/BRGC198a.m00,.m00,1121080,ok,
/srv/gnss-archive/legacy/RECOVERED_SEAGATE_W2A0W9T2_DATA0/RAW/2012/BRGC/BRGC199a.m00,.m00,559673,ok,
/srv/gnss-archive/legacy/RECOVERED_SEAGATE_W2A0W9T2_DATA0/RAW/2012/BRGC/BRGC199n.m49,.m49,455192,ok,
/srv/gnss-archive/legacy/RECOVERED_SEAGATE_W2A0W9T2_DATA0/RAW/2012/BRGC/BRGC200a.m00,.m00,1118093,ok,
/srv/gnss-archive/legacy/RECOVERED_SEAGATE_W2A0W9T2_DATA0/RAW/2012/BRGC/BRGC201a.m00,.m00,1118899,ok,
/srv/gnss-archive/legacy/RECOVERED_SEAGATE_W2A0W9T2_DATA0/RAW/2012/BRGC/BRGC202a.m00,.m00,549914,ok,
/srv/gnss-archive/legacy/RECOVERED_SEAGATE_W2A0W9T2_DATA0/RAW/2012/BRGC/BRGC202l.m04,.m04,574673,ok,
/srv/gnss-archive/legacy/RECOVERED_SEAGATE_W2A0W9T2_DATA0/RAW/2012/BRGC/BRGC203a.m00,.m00,1117230,ok,
/srv/gnss-archive/legacy/RECOVERED_SEAGATE_W2A0W9T2_DATA0/RAW/2012/BRGC/BRGC204a.m00,.m00,1118684,ok,
/srv/gnss-archive/legacy/RECOVERED_SEAGATE_W2A0W9T2_DATA0/RAW/2012/BRGC/BRGC205a.m00,.m00,109457,ok,
/srv/gnss-archive/legacy/RECOVERED_SEAGATE_W2A0W9T2_DATA0/RAW/2012/BRGC/BRGC205e.m10,.m10,919096,ok,
/srv/gnss-archive/legacy/RECOVERED_SEAGATE_W2A0W9T2_DATA0/RAW/2012/BRGC/BRGC206a.m00,.m00,394847,ok,
/srv/gnss-archive/legacy/RECOVERED_SEAGATE_W2A0W9T2_DATA0/RAW/2012/BRGC/BRGC206h.m49,.m49,729188,ok,
/srv/gnss-archive/legacy/RECOVERED_SEAGATE_W2A0W9T2_DATA0/RAW/2012/BRGC/BRGC207a.m00,.m00,1121786,ok,
/srv/gnss-archive/legacy/RECOVERED_SEAGATE_W2A0W9T2_DATA0/RAW/2012/BRGC/BRGC208a.m00,.m00,1117783,ok,
/srv/gnss-archive/legacy/RECOVERED_SEAGATE_W2A0W9T2_DATA0/RAW/2012/BRGC/BRGC209a.m00,.m00,1118568,ok,
/srv/gnss-archive/legacy/RECOVERED_SEAGATE_W2A0W9T2_DATA0/RAW/2012/BRGC/BRGC210a.m00,.m00,1118836,ok,
/srv/gnss-archive/legacy/RECOVERED_SEAGATE_W2A0W9T2_DATA0/RAW/2012/BRGC/BRGC211a.m00,.m00,1118684,ok,
/srv/gnss-archive/legacy/RECOVERED_SEAGATE_W2A0W9T2_DATA0/RAW/2012/BRGC/BRGC212a.m00,.m00,105251,ok,
/srv/gnss-archive/legacy/RECOVERED_SEAGATE_W2A0W9T2_DATA0/RAW/2012/BRGC/BRGC212c.m01,.m01,857554,ok,
/srv/gnss-archive/legacy/RECOVERED_SEAGATE_W2A0W9T2_DATA0/RAW/2012/BRGC/BRGC213a.m00,.m00,114410,ok,
/srv/gnss-archive/legacy/RECOVERED_SEAGATE_W2A0W9T2_DATA0/RAW/2012/BRGC/BRGC213c.m13,.m13,1006410,ok,
/srv/gnss-archive/legacy/RECOVERED_SEAGATE_W2A0W9T2_DATA0/RAW/2012/BRGC/BRGC214a.m00,.m00,146765,ok,
/srv/gnss-archive/legacy/RECOVERED_SEAGATE_W2A0W9T2_DATA0/RAW/2012/BRGC/BRGC214c.m51,.m51,973704,ok,
/srv/gnss-archive/legacy/RECOVERED_SEAGATE_W2A0W9T2_DATA0/RAW/2012/BRGC/BRGC215a.m00,.m00,1118038,ok,
/srv/gnss-archive/legacy/RECOVERED_SEAGATE_W2A0W9T2_DATA0/RAW/2012/BRGC/BRGC216a.m00,.m00,1117770,ok,
/srv/gnss-archive/legacy/RECOVERED_SEAGATE_W2A0W9T2_DATA0/RAW/2012/BRGC/BRGC217a.m00,.m00,1118065,ok,
/srv/gnss-archive/legacy/RECOVERED_SEAGATE_W2A0W9T2_DATA0/RAW/2012/BRGC/BRGC218a.m00,.m00,1118542,ok,
/srv/gnss-archive/legacy/RECOVERED_SEAGATE_W2A0W9T2_DATA0/RAW/2012/BRGC/BRGC219a.m00,.m00,202114,ok,
/srv/gnss-archive/legacy/RECOVERED_SEAGATE_W2A0W9T2_DATA0/RAW/2012/BRGC/BRGC219e.m20,.m20,875856,ok,
/srv/gnss-archive/legacy/RECOVERED_SEAGATE_W2A0W9T2_DATA0/RAW/2012/BRGC/BRGC220a.m00,.m00,1118504,ok,
/srv/gnss-archive/legacy/RECOVERED_SEAGATE_W2A0W9T2_DATA0/RAW/2012/BRGC/BRGC221a.m00,.m00,1110108,ok,
/srv/gnss-archive/legacy/RECOVERED_SEAGATE_W2A0W9T2_DATA0/RAW/2012/BRGC/BRGC222a.m00,.m00,1118846,ok,
/srv/gnss-archive/legacy/RECOVERED_SEAGATE_W2A0W9T2_DATA0/RAW/2012/BRGC/BRGC223a.m00,.m00,1117586,ok,
/srv/gnss-archive/legacy/RECOVERED_SEAGATE_W2A0W9T2_DATA0/RAW/2012/BRGC/BRGC224a.m00,.m00,1120958,ok,
/srv/gnss-archive/legacy/RECOVERED_SEAGATE_W2A0W9T2_DATA0/RAW/2012/BRGC/BRGC225a.m00,.m00,1118445,ok,
/srv/gnss-archive/legacy/RECOVERED_SEAGATE_W2A0W9T2_DATA0/RAW/2012/BRGC/BRGC226a.m00,.m00,1120357,ok,
/srv/gnss-archive/legacy/RECOVERED_SEAGATE_W2A0W9T2_DATA0/RAW/2012/BRGC/BRGC227a.m00,.m00,1120927,ok,
/srv/gnss-archive/legacy/RECOVERED_SEAGATE_W2A0W9T2_DATA0/RAW/2012/BRGC/BRGC228a.m00,.m00,1118975,ok,
/srv/gnss-archive/legacy/RECOVERED_SEAGATE_W2A0W9T2_DATA0/RAW/2012/BRGC/BRGC229a.m00,.m00,470268,ok,
/srv/gnss-archive/legacy/RECOVERED_SEAGATE_W2A0W9T2_DATA0/RAW/2012/BRGC/BRGC229j.m30,.m30,646321,ok,
/srv/gnss-archive/legacy/RECOVERED_SEAGATE_W2A0W9T2_DATA0/RAW/2012/BRGC/BRGC230a.m00,.m00,223158,ok,
/srv/gnss-archive/legacy/RECOVERED_SEAGATE_W2A0W9T2_DATA0/RAW/2012/BRGC/BRGC230e.m51,.m51,872443,ok,
/srv/gnss-archive/legacy/RECOVERED_SEAGATE_W2A0W9T2_DATA0/RAW/2012/BRGC/BRGC231a.m00,.m00,1118764,ok,
/srv/gnss-archive/legacy/RECOVERED_SEAGATE_W2A0W9T2_DATA0/RAW/2012/BRGC/BRGC232a.m00,.m00,1120889,ok,
/srv/gnss-archive/legacy/RECOVERED_SEAGATE_W2A0W9T2_DATA0/RAW/2012/BRGC/BRGC233a.m00,.m00,1119285,ok,
/srv/gnss-archive/legacy/RECOVERED_SEAGATE_W2A0W9T2_DATA0/RAW/2012/BRGC/BRGC234a.m00,.m00,1118861,ok,
/srv/gnss-archive/legacy/RECOVERED_SEAGATE_W2A0W9T2_DATA0/RAW/2012/BRGC/BRGC235a.m00,.m00,1121372,ok,
/srv/gnss-archive/legacy/RECOVERED_SEAGATE_W2A0W9T2_DATA0/RAW/2012/BRGC/BRGC236a.m00,.m00,1118675,ok,
/srv/gnss-archive/legacy/RECOVERED_SEAGATE_W2A0W9T2_DATA0/RAW/2012/BRGC/BRGC237a.m00,.m00,1118616,ok,
/srv/gnss-archive/legacy/RECOVERED_SEAGATE_W2A0W9T2_DATA0/RAW/2012/BRGC/BRGC238a.m00,.m00,1118747,ok,
/srv/gnss-archive/legacy/RECOVERED_SEAGATE_W2A0W9T2_DATA0/RAW/2012/BRGC/BRGC239a.m00,.m00,1117263,ok,
/srv/gnss-archive/legacy/RECOVERED_SEAGATE_W2A0W9T2_DATA0/RAW/2012/BRGC/BRGC240a.m00,.m00,1118099,ok,
/srv/gnss-archive/legacy/RECOVERED_SEAGATE_W2A0W9T2_DATA0/RAW/2012/BRGC/BRGC241a.m00,.m00,1117998,ok,
/srv/gnss-archive/legacy/RECOVERED_SEAGATE_W2A0W9T2_DATA0/RAW/2012/BRGC/BRGC242a.m00,.m00,135306,ok,
/srv/gnss-archive/legacy/RECOVERED_SEAGATE_W2A0W9T2_DATA0/RAW/2012/BRGC/BRGC242c.m33,.m33,961148,ok,
/srv/gnss-archive/legacy/RECOVERED_SEAGATE_W2A0W9T2_DATA0/RAW/2012/BRGC/BRGC243a.m00,.m00,1120777,ok,
/srv/gnss-archive/legacy/RECOVERED_SEAGATE_W2A0W9T2_DATA0/RAW/2012/BRGC/BRGC244a.m00,.m00,1118498,ok,
/srv/gnss-archive/legacy/RECOVERED_SEAGATE_W2A0W9T2_DATA0/RAW/2012/BRGC/BRGC245a.m00,.m00,1117255,ok,
/srv/gnss-archive/legacy/RECOVERED_SEAGATE_W2A0W9T2_DATA0/RAW/2012/BRGC/BRGC246a.m00,.m00,1119428,ok,
/srv/gnss-archive/legacy/RECOVERED_SEAGATE_W2A0W9T2_DATA0/RAW/2012/BRGC/BRGC247a.m00,.m00,1118441,ok,
/srv/gnss-archive/legacy/RECOVERED_SEAGATE_W2A0W9T2_DATA0/RAW/2012/BRGC/BRGC248a.m00,.m00,1118941,ok,
/srv/gnss-archive/legacy/RECOVERED_SEAGATE_W2A0W9T2_DATA0/RAW/2012/BRGC/BRGC249a.m00,.m00,1118038,ok,
/srv/gnss-archive/legacy/RECOVERED_SEAGATE_W2A0W9T2_DATA0/RAW/2012/BRGC/BRGC250a.m00,.m00,1117629,ok,
/srv/gnss-archive/legacy/RECOVERED_SEAGATE_W2A0W9T2_DATA0/RAW/2012/BRGC/BRGC251a.m00,.m00,1117310,ok,
/srv/gnss-archive/legacy/RECOVERED_SEAGATE_W2A0W9T2_DATA0/RAW/2012/BRGC/BRGC252a.m00,.m00,1118806,ok,
/srv/gnss-archive/legacy/RECOVERED_SEAGATE_W2A0W9T2_DATA0/RAW/2012/BRGC/BRGC253a.m00,.m00,1120623,ok,
/srv/gnss-archive/legacy/RECOVERED_SEAGATE_W2A0W9T2_DATA0/RAW/2012/BRGC/BRGC254a.m00,.m00,381595,ok,
/srv/gnss-archive/legacy/RECOVERED_SEAGATE_W2A0W9T2_DATA0/RAW/2012/BRGC/BRGC254h.m50,.m50,706669,ok,
/srv/gnss-archive/legacy/RECOVERED_SEAGATE_W2A0W9T2_DATA0/RAW/2012/BRGC/BRGC255a.m00,.m00,621224,ok,
/srv/gnss-archive/legacy/RECOVERED_SEAGATE_W2A0W9T2_DATA0/RAW/2012/BRGC/BRGC255q.m37,.m37,318421,ok,
/srv/gnss-archive/legacy/RECOVERED_SEAGATE_W2A0W9T2_DATA0/RAW/2012/BRGC/BRGC256a.m00,.m00,1086978,ok,
/srv/gnss-archive/legacy/RECOVERED_SEAGATE_W2A0W9T2_DATA0/RAW/2012/BRGC/BRGC257a.m00,.m00,351975,ok,
/srv/gnss-archive/legacy/RECOVERED_SEAGATE_W2A0W9T2_DATA0/RAW/2012/BRGC/BRGC257h.m10,.m10,738748,ok,
/srv/gnss-archive/legacy/RECOVERED_SEAGATE_W2A0W9T2_DATA0/RAW/2012/BRGC/BRGC258a.m00,.m00,1105301,ok,
/srv/gnss-archive/legacy/RECOVERED_SEAGATE_W2A0W9T2_DATA0/RAW/2012/BRGC/BRGC259a.m00,.m00,1119434,ok,
/srv/gnss-archive/legacy/RECOVERED_SEAGATE_W2A0W9T2_DATA0/RAW/2012/BRGC/BRGC260a.m00,.m00,1118616,ok,
/srv/gnss-archive/legacy/RECOVERED_SEAGATE_W2A0W9T2_DATA0/RAW/2012/BRGC/BRGC261a.m00,.m00,1119943,ok,
/srv/gnss-archive/legacy/RECOVERED_SEAGATE_W2A0W9T2_DATA0/RAW/2012/BRGC/BRGC262a.m00,.m00,1117820,ok,
/srv/gnss-archive/legacy/RECOVERED_SEAGATE_W2A0W9T2_DATA0/RAW/2012/BRGC/BRGC263a.m00,.m00,1119232,ok,
/srv/gnss-archive/legacy/RECOVERED_SEAGATE_W2A0W9T2_DATA0/RAW/2012/BRGC/BRGC264a.m00,.m00,385396,ok,
/srv/gnss-archive/legacy/RECOVERED_SEAGATE_W2A0W9T2_DATA0/RAW/2012/BRGC/BRGC264h.m36,.m36,735419,ok,
/srv/gnss-archive/legacy/RECOVERED_SEAGATE_W2A0W9T2_DATA0/RAW/2012/BRGC/BRGC265a.m00,.m00,1119814,ok,
/srv/gnss-archive/legacy/RECOVERED_SEAGATE_W2A0W9T2_DATA0/RAW/2012/BRGC/BRGC266a.m00,.m00,455325,ok,
/srv/gnss-archive/legacy/RECOVERED_SEAGATE_W2A0W9T2_DATA0/RAW/2012/BRGC/BRGC266j.m15,.m15,671236,ok,
/srv/gnss-archive/legacy/RECOVERED_SEAGATE_W2A0W9T2_DATA0/RAW/2012/BRGC/BRGC267a.m00,.m00,1115650,ok,
/srv/gnss-archive/legacy/RECOVERED_SEAGATE_W2A0W9T2_DATA0/RAW/2012/BRGC/BRGC268a.m00,.m00,1119608,ok,
/srv/gnss-archive/legacy/RECOVERED_SEAGATE_W2A0W9T2_DATA0/RAW/2012/BRGC/BRGC269a.m00,.m00,1110320,ok,
/srv/gnss-archive/legacy/RECOVERED_SEAGATE_W2A0W9T2_DATA0/RAW/2012/BRGC/BRGC270a.m00,.m00,1116600,ok,
/srv/gnss-archive/legacy/RECOVERED_SEAGATE_W2A0W9T2_DATA0/RAW/2012/BRGC/BRGC271a.m00,.m00,1107342,ok,
/srv/gnss-archive/legacy/RECOVERED_SEAGATE_W2A0W9T2_DATA0/RAW/2012/BRGC/BRGC272a.m00,.m00,1114827,ok,
/srv/gnss-archive/legacy/RECOVERED_SEAGATE_W2A0W9T2_DATA0/RAW/2012/BRGC/BRGC273a.m00,.m00,1116532,ok,
/srv/gnss-archive/legacy/RECOVERED_SEAGATE_W2A0W9T2_DATA0/RAW/2012/BRGC/BRGC274a.m00,.m00,1116898,ok,
/srv/gnss-archive/legacy/RECOVERED_SEAGATE_W2A0W9T2_DATA0/RAW/2012/BRGC/BRGC275a.m00,.m00,1117158,ok,
/srv/gnss-archive/legacy/RECOVERED_SEAGATE_W2A0W9T2_DATA0/RAW/2012/BRGC/BRGC276a.m00,.m00,1116387,ok,
/srv/gnss-archive/legacy/RECOVERED_SEAGATE_W2A0W9T2_DATA0/RAW/2012/BRGC/BRGC277a.m00,.m00,1118439,ok,
/srv/gnss-archive/legacy/RECOVERED_SEAGATE_W2A0W9T2_DATA0/RAW/2012/BRGC/BRGC278a.m00,.m00,1120437,ok,
/srv/gnss-archive/legacy/RECOVERED_SEAGATE_W2A0W9T2_DATA0/RAW/2012/BRGC/BRGC279a.m00,.m00,403612,ok,
/srv/gnss-archive/legacy/RECOVERED_SEAGATE_W2A0W9T2_DATA0/RAW/2012/BRGC/BRGC279i.m16,.m16,707547,ok,
/srv/gnss-archive/legacy/RECOVERED_SEAGATE_W2A0W9T2_DATA0/RAW/2012/BRGC/BRGC280a.m00,.m00,1122406,ok,
/srv/gnss-archive/legacy/RECOVERED_SEAGATE_W2A0W9T2_DATA0/RAW/2012/BRGC/BRGC281a.m00,.m00,1093046,ok,
/srv/gnss-archive/legacy/RECOVERED_SEAGATE_W2A0W9T2_DATA0/RAW/2012/BRGC/BRGC282a.m00,.m00,282588,ok,
/srv/gnss-archive/legacy/RECOVERED_SEAGATE_W2A0W9T2_DATA0/RAW/2012/BRGC/BRGC282f.m37,.m37,813637,ok,
/srv/gnss-archive/legacy/RECOVERED_SEAGATE_W2A0W9T2_DATA0/RAW/2012/BRGC/BRGC283a.m00,.m00,1093603,ok,
/srv/gnss-archive/legacy/RECOVERED_SEAGATE_W2A0W9T2_DATA0/RAW/2012/BRGC/BRGC284a.m00,.m00,1093812,ok,
/srv/gnss-archive/legacy/RECOVERED_SEAGATE_W2A0W9T2_DATA0/RAW/2012/BRGC/BRGC285a.m00,.m00,1092400,ok,
/srv/gnss-archive/legacy/RECOVERED_SEAGATE_W2A0W9T2_DATA0/RAW/2012/BRGC/BRGC286a.m00,.m00,1091828,ok,
/srv/gnss-archive/legacy/RECOVERED_SEAGATE_W2A0W9T2_DATA0/RAW/2012/BRGC/BRGC287a.m00,.m00,1094612,ok,
/srv/gnss-archive/legacy/RECOVERED_SEAGATE_W2A0W9T2_DATA0/RAW/2012/BRGC/BRGC288a.m00,.m00,1093390,ok,
/srv/gnss-archive/legacy/RECOVERED_SEAGATE_W2A0W9T2_DATA0/RAW/2012/BRGC/BRGC289a.m00,.m00,991379,ok,
/srv/gnss-archive/legacy/RECOVERED_SEAGATE_W2A0W9T2_DATA0/RAW/2012/BRGC/BRGC290a.m17,.m17,1076486,ok,
/srv/gnss-archive/legacy/RECOVERED_SEAGATE_W2A0W9T2_DATA0/RAW/2012/BRGC/BRGC291a.m00,.m00,1093785,ok,
/srv/gnss-archive/legacy/RECOVERED_SEAGATE_W2A0W9T2_DATA0/RAW/2012/BRGC/BRGC292a.m00,.m00,1090199,ok,
/srv/gnss-archive/legacy/RECOVERED_SEAGATE_W2A0W9T2_DATA0/RAW/2012/BRGC/BRGC293a.m00,.m00,1088137,ok,
/srv/gnss-archive/legacy/RECOVERED_SEAGATE_W2A0W9T2_DATA0/RAW/2012/BRGC/BRGC294a.m00,.m00,1092624,ok,
/srv/gnss-archive/legacy/RECOVERED_SEAGATE_W2A0W9T2_DATA0/RAW/2012/BRGC/BRGC295a.m00,.m00,1093392,ok,
/srv/gnss-archive/legacy/RECOVERED_SEAGATE_W2A0W9T2_DATA0/RAW/2012/BRGC/BRGC296a.m00,.m00,1091875,ok,
/srv/gnss-archive/legacy/RECOVERED_SEAGATE_W2A0W9T2_DATA0/RAW/2012/BRGC/BRGC297a.m00,.m00,1090292,ok,
/srv/gnss-archive/legacy/RECOVERED_SEAGATE_W2A0W9T2_DATA0/RAW/2012/BRGC/BRGC298a.m00,.m00,1092713,ok,
/srv/gnss-archive/legacy/RECOVERED_SEAGATE_W2A0W9T2_DATA0/RAW/2012/BRGC/BRGC299a.m00,.m00,351479,ok,
/srv/gnss-archive/legacy/RECOVERED_SEAGATE_W2A0W9T2_DATA0/RAW/2012/BRGC/BRGC299h.m24,.m24,740049,ok,
/srv/gnss-archive/legacy/RECOVERED_SEAGATE_W2A0W9T2_DATA0/RAW/2012/BRGC/BRGC300a.m00,.m00,1079975,ok,
/srv/gnss-archive/legacy/RECOVERED_SEAGATE_W2A0W9T2_DATA0/RAW/2012/BRGC/BRGC301a.m00,.m00,1090571,ok,
/srv/gnss-archive/legacy/RECOVERED_SEAGATE_W2A0W9T2_DATA0/RAW/2012/BRGC/BRGC302a.m00,.m00,1090911,ok,
/srv/gnss-archive/legacy/RECOVERED_SEAGATE_W2A0W9T2_DATA0/RAW/2012/BRGC/BRGC303a.m00,.m00,1091582,ok,
/srv/gnss-archive/legacy/RECOVERED_SEAGATE_W2A0W9T2_DATA0/RAW/2012/BRGC/BRGC304a.m00,.m00,1090716,ok,
/srv/gnss-archive/legacy/RECOVERED_SEAGATE_W2A0W9T2_DATA0/RAW/2012/BRGC/BRGC305a.m00,.m00,1091940,ok,
/srv/gnss-archive/legacy/RECOVERED_SEAGATE_W2A0W9T2_DATA0/RAW/2012/BRGC/BRGC306a.m00,.m00,1092162,ok,
/srv/gnss-archive/legacy/RECOVERED_SEAGATE_W2A0W9T2_DATA0/RAW/2012/BRGC/BRGC307a.m00,.m00,1092223,ok,
/srv/gnss-archive/legacy/RECOVERED_SEAGATE_W2A0W9T2_DATA0/RAW/2012/BRGC/BRGC308a.m00,.m00,1092698,ok,
/srv/gnss-archive/legacy/RECOVERED_SEAGATE_W2A0W9T2_DATA0/RAW/2012/BRGC/BRGC309a.m00,.m00,1092335,ok,
/srv/gnss-archive/legacy/RECOVERED_SEAGATE_W2A0W9T2_DATA0/RAW/2012/BRGC/BRGC310a.m00,.m00,1094572,ok,
/srv/gnss-archive/legacy/RECOVERED_SEAGATE_W2A0W9T2_DATA0/RAW/2012/BRGC/BRGC311a.m00,.m00,1045871,ok,
/srv/gnss-archive/legacy/RECOVERED_SEAGATE_W2A0W9T2_DATA0/RAW/2012/BRGC/BRGC311x.m13,.m13,45390,ok,
/srv/gnss-archive/legacy/RECOVERED_SEAGATE_W2A0W9T2_DATA0/RAW/2012/BRGC/BRGC312a.m00,.m00,1044835,ok,
/srv/gnss-archive/legacy/RECOVERED_SEAGATE_W2A0W9T2_DATA0/RAW/2012/BRGC/BRGC313h.m35,.m35,747160,ok,
/srv/gnss-archive/legacy/RECOVERED_SEAGATE_W2A0W9T2_DATA0/RAW/2012/BRGC/BRGC314a.m00,.m00,1093236,ok,
/srv/gnss-archive/legacy/RECOVERED_SEAGATE_W2A0W9T2_DATA0/RAW/2012/BRGC/BRGC315a.m00,.m00,16774,ok,
/srv/gnss-archive/legacy/RECOVERED_SEAGATE_W2A0W9T2_DATA0/RAW/2012/BRGC/BRGC315a.m27,.m27,1049501,ok,
/srv/gnss-archive/legacy/RECOVERED_SEAGATE_W2A0W9T2_DATA0/RAW/2012/BRGC/BRGC316a.m00,.m00,1095617,ok,
/srv/gnss-archive/legacy/RECOVERED_SEAGATE_W2A0W9T2_DATA0/RAW/2012/BRGC/BRGC317a.m00,.m00,1091747,ok,
/srv/gnss-archive/legacy/RECOVERED_SEAGATE_W2A0W9T2_DATA0/RAW/2012/BRGC/BRGC318a.m00,.m00,1084059,ok,
/srv/gnss-archive/legacy/RECOVERED_SEAGATE_W2A0W9T2_DATA0/RAW/2012/BRGC/BRGC319a.m00,.m00,1094509,ok,
/srv/gnss-archive/legacy/RECOVERED_SEAGATE_W2A0W9T2_DATA0/RAW/2012/BRGC/BRGC320a.m00,.m00,1117358,ok,
/srv/gnss-archive/legacy/RECOVERED_SEAGATE_W2A0W9T2_DATA0/RAW/2012/BRGC/BRGC321a.m00,.m00,1124191,ok,
/srv/gnss-archive/legacy/RECOVERED_SEAGATE_W2A0W9T2_DATA0/RAW/2012/BRGC/BRGC322a.m00,.m00,1121648,ok,
/srv/gnss-archive/legacy/RECOVERED_SEAGATE_W2A0W9T2_DATA0/RAW/2012/BRGC/BRGC323a.m00,.m00,1120677,ok,
/srv/gnss-archive/legacy/RECOVERED_SEAGATE_W2A0W9T2_DATA0/RAW/2012/BRGC/BRGC324a.m00,.m00,312283,ok,
/srv/gnss-archive/legacy/RECOVERED_SEAGATE_W2A0W9T2_DATA0/RAW/2012/BRGC/BRGC324h.m00,.m00,811204,ok,
/srv/gnss-archive/legacy/RECOVERED_SEAGATE_W2A0W9T2_DATA0/RAW/2012/BRGC/BRGC325a.m00,.m00,1122443,ok,
/srv/gnss-archive/legacy/RECOVERED_SEAGATE_W2A0W9T2_DATA0/RAW/2012/BRGC/BRGC326a.m00,.m00,1100243,ok,
/srv/gnss-archive/legacy/RECOVERED_SEAGATE_W2A0W9T2_DATA0/RAW/2012/BRGC/BRGC327a.m00,.m00,1117974,ok,
/srv/gnss-archive/legacy/RECOVERED_SEAGATE_W2A0W9T2_DATA0/RAW/2012/BRGC/BRGC328a.m00,.m00,1121692,ok,
/srv/gnss-archive/legacy/RECOVERED_SEAGATE_W2A0W9T2_DATA0/RAW/2012/BRGC/BRGC329a.m00,.m00,1121787,ok,
/srv/gnss-archive/legacy/RECOVERED_SEAGATE_W2A0W9T2_DATA0/RAW/2012/BRGC/BRGC330a.m00,.m00,1119398,ok,
/srv/gnss-archive/legacy/RECOVERED_SEAGATE_W2A0W9T2_DATA0/RAW/2012/BRGC/BRGC331a.m00,.m00,1120508,ok,
/srv/gnss-archive/legacy/RECOVERED_SEAGATE_W2A0W9T2_DATA0/RAW/2012/BRGC/BRGC332a.m00,.m00,1120151,ok,
/srv/gnss-archive/legacy/RECOVERED_SEAGATE_W2A0W9T2_DATA0/RAW/2012/BRGC/BRGC333a.m00,.m00,682487,ok,
/srv/gnss-archive/legacy/RECOVERED_SEAGATE_W2A0W9T2_DATA0/RAW/2012/BRGC/BRGC333s.m02,.m02,310773,ok,
/srv/gnss-archive/legacy/RECOVERED_SEAGATE_W2A0W9T2_DATA0/RAW/2012/BRGC/BRGC334a.m00,.m00,1123095,ok,
/srv/gnss-archive/legacy/RECOVERED_SEAGATE_W2A0W9T2_DATA0/RAW/2012/BRGC/BRGC335a.m00,.m00,1086131,ok,
/srv/gnss-archive/legacy/RECOVERED_SEAGATE_W2A0W9T2_DATA0/RAW/2012/BRGC/BRGC336j.m58,.m58,684230,ok,
/srv/gnss-archive/legacy/RECOVERED_SEAGATE_W2A0W9T2_DATA0/RAW/2012/BRGC/BRGC337a.m00,.m00,1120090,ok,
/srv/gnss-archive/legacy/RECOVERED_SEAGATE_W2A0W9T2_DATA0/RAW/2012/BRGC/BRGC338a.m00,.m00,1121529,ok,
/srv/gnss-archive/legacy/RECOVERED_SEAGATE_W2A0W9T2_DATA0/RAW/2012/BRGC/BRGC339a.m00,.m00,1116517,ok,
/srv/gnss-archive/legacy/RECOVERED_SEAGATE_W2A0W9T2_DATA0/RAW/2012/BRGC/BRGC340a.m00,.m00,1122762,ok,
/srv/gnss-archive/legacy/RECOVERED_SEAGATE_W2A0W9T2_DATA0/RAW/2012/BRGC/BRGC341a.m00,.m00,1116511,ok,
/srv/gnss-archive/legacy/RECOVERED_SEAGATE_W2A0W9T2_DATA0/RAW/2012/BRGC/BRGC342a.m00,.m00,1086193,ok,
/srv/gnss-archive/legacy/RECOVERED_SEAGATE_W2A0W9T2_DATA0/RAW/2012/BRGC/BRGC343a.m00,.m00,111068,ok,
/srv/gnss-archive/legacy/RECOVERED_SEAGATE_W2A0W9T2_DATA0/RAW/2012/BRGC/BRGC343c.m15,.m15,1017162,ok,
/srv/gnss-archive/legacy/RECOVERED_SEAGATE_W2A0W9T2_DATA0/RAW/2012/BRGC/BRGC344a.m00,.m00,1085336,ok,
/srv/gnss-archive/legacy/RECOVERED_SEAGATE_W2A0W9T2_DATA0/RAW/2012/BRGC/BRGC344x.m26,.m26,31811,ok,
/srv/gnss-archive/legacy/RECOVERED_SEAGATE_W2A0W9T2_DATA0/RAW/2012/BRGC/BRGC345a.m00,.m00,1091073,ok,
/srv/gnss-archive/legacy/RECOVERED_SEAGATE_W2A0W9T2_DATA0/RAW/2012/BRGC/BRGC345x.m53,.m53,11020,ok,
/srv/gnss-archive/legacy/RECOVERED_SEAGATE_W2A0W9T2_DATA0/RAW/2012/BRGC/BRGC346a.m00,.m00,1121907,ok,
/srv/gnss-archive/legacy/RECOVERED_SEAGATE_W2A0W9T2_DATA0/RAW/2012/BRGC/BRGC347a.m00,.m00,1111097,ok,
/srv/gnss-archive/legacy/RECOVERED_SEAGATE_W2A0W9T2_DATA0/RAW/2012/BRGC/BRGC348a.m00,.m00,1088277,ok,
/srv/gnss-archive/legacy/RECOVERED_SEAGATE_W2A0W9T2_DATA0/RAW/2012/BRGC/BRGC349a.m00,.m00,1124448,ok,
/srv/gnss-archive/legacy/RECOVERED_SEAGATE_W2A0W9T2_DATA0/RAW/2012/BRGC/BRGC350a.m00,.m00,1122129,ok,
/srv/gnss-archive/legacy/RECOVERED_SEAGATE_W2A0W9T2_DATA0/RAW/2012/BRGC/BRGC351a.m00,.m00,1123716,ok,
/srv/gnss-archive/legacy/RECOVERED_SEAGATE_W2A0W9T2_DATA0/RAW/2012/BRGC/BRGC352a.m00,.m00,1123719,ok,
/srv/gnss-archive/legacy/RECOVERED_SEAGATE_W2A0W9T2_DATA0/RAW/2012/BRGC/BRGC353a.m00,.m00,1089328,ok,
/srv/gnss-archive/legacy/RECOVERED_SEAGATE_W2A0W9T2_DATA0/RAW/2012/BRGC/BRGC354a.m00,.m00,1124843,ok,
/srv/gnss-archive/legacy/RECOVERED_SEAGATE_W2A0W9T2_DATA0/RAW/2012/BRGC/BRGC355a.m00,.m00,366867,ok,
/srv/gnss-archive/legacy/RECOVERED_SEAGATE_W2A0W9T2_DATA0/RAW/2012/BRGC/BRGC355i.m43,.m43,718155,ok,
/srv/gnss-archive/legacy/RECOVERED_SEAGATE_W2A0W9T2_DATA0/RAW/2012/BRGC/BRGC356a.m00,.m00,1124379,ok,
/srv/gnss-archive/legacy/RECOVERED_SEAGATE_W2A0W9T2_DATA0/RAW/2012/BRGC/BRGC357a.m00,.m00,1123191,ok,
/srv/gnss-archive/legacy/RECOVERED_SEAGATE_W2A0W9T2_DATA0/RAW/2012/BRGC/BRGC358a.m00,.m00,1073044,ok,
/srv/gnss-archive/legacy/RECOVERED_SEAGATE_W2A0W9T2_DATA0/RAW/2012/BRGC/BRGC358x.m22,.m22,35223,ok,
/srv/gnss-archive/legacy/RECOVERED_SEAGATE_W2A0W9T2_DATA0/RAW/2012/BRGC/BRGC359a.m00,.m00,1123440,ok,
/srv/gnss-archive/legacy/RECOVERED_SEAGATE_W2A0W9T2_DATA0/RAW/2012/BRGC/BRGC360a.m00,.m00,1123613,ok,
/srv/gnss-archive/legacy/RECOVERED_SEAGATE_W2A0W9T2_DATA0/RAW/2012/BRGC/BRGC361a.m00,.m00,1124858,ok,
/srv/gnss-archive/legacy/RECOVERED_SEAGATE_W2A0W9T2_DATA0/RAW/2012/BRGC/BRGC362a.m00,.m00,1123408,ok,
/srv/gnss-archive/legacy/RECOVERED_SEAGATE_W2A0W9T2_DATA0/RAW/2012/BRGC/BRGC363a.m00,.m00,1121555,ok,
/srv/gnss-archive/legacy/RECOVERED_SEAGATE_W2A0W9T2_DATA0/RAW/2012/BRGC/BRGC364a.m00,.m00,1125430,ok,
/srv/gnss-archive/legacy/RECOVERED_SEAGATE_W2A0W9T2_DATA0/RAW/2012/BRGC/BRGC365a.m00,.m00,1126728,ok,
/srv/gnss-archive/legacy/RECOVERED_SEAGATE_W2A0W9T2_DATA0/RAW/2012/BRGC/BRGC366a.m00,.m00,1127178,ok,
/srv/gnss-archive/legacy/RECOVERED_SEAGATE_W2A0W9T2_DATA0/RAW/2012/BULA/BULA201202120000a.T00,.t00,500224,ok,
/srv/gnss-archive/legacy/RECOVERED_SEAGATE_W2A0W9T2_DATA0/RAW/2012/BULA/BULA201201010000a.T00,.t00,513175,ok,
/srv/gnss-archive/legacy/RECOVERED_SEAGATE_W2A0W9T2_DATA0/RAW/2012/BULA/BULA201202110000a.T00,.t00,499081,ok,
/srv/gnss-archive/legacy/RECOVERED_SEAGATE_W2A0W9T2_DATA0/RAW/2012/BULA/BULA201201020000a.T00,.t00,515546,ok,
/srv/gnss-archive/legacy/RECOVERED_SEAGATE_W2A0W9T2_DATA0/RAW/2012/BULA/BULA201202130000a.T00,.t00,499747,ok,
/srv/gnss-archive/legacy/RECOVERED_SEAGATE_W2A0W9T2_DATA0/RAW/2012/BULA/BULA201201030000a.T00,.t00,441832,ok,
/srv/gnss-archive/legacy/RECOVERED_SEAGATE_W2A0W9T2_DATA0/RAW/2012/BULA/BULA201202140000a.T00,.t00,499597,ok,
/srv/gnss-archive/legacy/RECOVERED_SEAGATE_W2A0W9T2_DATA0/RAW/2012/BULA/BULA201201040000a.T00,.t00,455833,ok,
/srv/gnss-archive/legacy/RECOVERED_SEAGATE_W2A0W9T2_DATA0/RAW/2012/BULA/BULA201202190000a.T00,.t00,498025,ok,
/srv/gnss-archive/legacy/RECOVERED_SEAGATE_W2A0W9T2_DATA0/RAW/2012/BULA/BULA201201050000a.T00,.t00,516049,ok,
/srv/gnss-archive/legacy/RECOVERED_SEAGATE_W2A0W9T2_DATA0/RAW/2012/BULA/BULA201202200000a.T00,.t00,498168,ok,
/srv/gnss-archive/legacy/RECOVERED_SEAGATE_W2A0W9T2_DATA0/RAW/2012/BULA/BULA201201060000a.T00,.t00,514424,ok,
/srv/gnss-archive/legacy/RECOVERED_SEAGATE_W2A0W9T2_DATA0/RAW/2012/BULA/BULA201202210000a.T00,.t00,500512,ok,
/srv/gnss-archive/legacy/RECOVERED_SEAGATE_W2A0W9T2_DATA0/RAW/2012/BULA/BULA201201070000a.T00,.t00,503191,ok,
/srv/gnss-archive/legacy/RECOVERED_SEAGATE_W2A0W9T2_DATA0/RAW/2012/BULA/BULA201202220000a.T00,.t00,487295,ok,
/srv/gnss-archive/legacy/RECOVERED_SEAGATE_W2A0W9T2_DATA0/RAW/2012/BULA/BULA201201080000a.T00,.t00,500202,ok,
/srv/gnss-archive/legacy/RECOVERED_SEAGATE_W2A0W9T2_DATA0/RAW/2012/BULA/BULA201202230000a.T00,.t00,503546,ok,
/srv/gnss-archive/legacy/RECOVERED_SEAGATE_W2A0W9T2_DATA0/RAW/2012/BULA/BULA201201090000a.T00,.t00,467854,ok,
/srv/gnss-archive/legacy/RECOVERED_SEAGATE_W2A0W9T2_DATA0/RAW/2012/BULA/BULA201202240000a.T00,.t00,511639,ok,
/srv/gnss-archive/legacy/RECOVERED_SEAGATE_W2A0W9T2_DATA0/RAW/2012/BULA/BULA201201100000a.T00,.t00,514652,ok,
/srv/gnss-archive/legacy/RECOVERED_SEAGATE_W2A0W9T2_DATA0/RAW/2012/BULA/BULA201202250000a.T00,.t00,512919,ok,
/srv/gnss-archive/legacy/RECOVERED_SEAGATE_W2A0W9T2_DATA0/RAW/2012/BULA/BULA201201110000a.T00,.t00,515759,ok,
/srv/gnss-archive/legacy/RECOVERED_SEAGATE_W2A0W9T2_DATA0/RAW/2012/BULA/BULA201202260000a.T00,.t00,514891,ok,
/srv/gnss-archive/legacy/RECOVERED_SEAGATE_W2A0W9T2_DATA0/RAW/2012/BULA/BULA201201120000a.T00,.t00,514502,ok,
/srv/gnss-archive/legacy/RECOVERED_SEAGATE_W2A0W9T2_DATA0/RAW/2012/BULA/BULA201202270000a.T00,.t00,513063,ok,
/srv/gnss-archive/legacy/RECOVERED_SEAGATE_W2A0W9T2_DATA0/RAW/2012/BULA/BULA201201130000a.T00,.t00,481849,ok,
/srv/gnss-archive/legacy/RECOVERED_SEAGATE_W2A0W9T2_DATA0/RAW/2012/BULA/BULA201202280000a.T00,.t00,501140,ok,
/srv/gnss-archive/legacy/RECOVERED_SEAGATE_W2A0W9T2_DATA0/RAW/2012/BULA/BULA201201140000a.T00,.t00,509260,ok,
/srv/gnss-archive/legacy/RECOVERED_SEAGATE_W2A0W9T2_DATA0/RAW/2012/BULA/BULA201202290000a.T00,.t00,517170,ok,
/srv/gnss-archive/legacy/RECOVERED_SEAGATE_W2A0W9T2_DATA0/RAW/2012/BULA/BULA201201150000a.T00,.t00,511919,ok,
/srv/gnss-archive/legacy/RECOVERED_SEAGATE_W2A0W9T2_DATA0/RAW/2012/BULA/BULA201203010000a.T00,.t00,514126,ok,
/srv/gnss-archive/legacy/RECOVERED_SEAGATE_W2A0W9T2_DATA0/RAW/2012/BULA/BULA201201160000a.T00,.t00,353720,ok,
/srv/gnss-archive/legacy/RECOVERED_SEAGATE_W2A0W9T2_DATA0/RAW/2012/BULA/BULA201203020000a.T00,.t00,514976,ok,
/srv/gnss-archive/legacy/RECOVERED_SEAGATE_W2A0W9T2_DATA0/RAW/2012/BULA/BULA201201170000a.T00,.t00,465899,ok,
/srv/gnss-archive/legacy/RECOVERED_SEAGATE_W2A0W9T2_DATA0/RAW/2012/BULA/BULA201203030000a.T00,.t00,516233,ok,
/srv/gnss-archive/legacy/RECOVERED_SEAGATE_W2A0W9T2_DATA0/RAW/2012/BULA/BULA201201180000a.T00,.t00,511646,ok,
/srv/gnss-archive/legacy/RECOVERED_SEAGATE_W2A0W9T2_DATA0/RAW/2012/BULA/BULA201203040000a.T00,.t00,516283,ok,
/srv/gnss-archive/legacy/RECOVERED_SEAGATE_W2A0W9T2_DATA0/RAW/2012/BULA/BULA201201190000a.T00,.t00,511695,ok,
/srv/gnss-archive/legacy/RECOVERED_SEAGATE_W2A0W9T2_DATA0/RAW/2012/BULA/BULA201203050000a.T00,.t00,515588,ok,
/srv/gnss-archive/legacy/RECOVERED_SEAGATE_W2A0W9T2_DATA0/RAW/2012/BULA/BULA201201200000a.T00,.t00,478278,ok,
/srv/gnss-archive/legacy/RECOVERED_SEAGATE_W2A0W9T2_DATA0/RAW/2012/BULA/BULA201203060000a.T00,.t00,513943,ok,
/srv/gnss-archive/legacy/RECOVERED_SEAGATE_W2A0W9T2_DATA0/RAW/2012/BULA/BULA201201210000a.T00,.t00,510562,ok,
/srv/gnss-archive/legacy/RECOVERED_SEAGATE_W2A0W9T2_DATA0/RAW/2012/BULA/BULA201203070000a.T00,.t00,513519,ok,
/srv/gnss-archive/legacy/RECOVERED_SEAGATE_W2A0W9T2_DATA0/RAW/2012/BULA/BULA201201220000a.T00,.t00,453164,ok,
/srv/gnss-archive/legacy/RECOVERED_SEAGATE_W2A0W9T2_DATA0/RAW/2012/BULA/BULA201203080000a.T00,.t00,520880,ok,
/srv/gnss-archive/legacy/RECOVERED_SEAGATE_W2A0W9T2_DATA0/RAW/2012/BULA/BULA201201230000a.T00,.t00,493365,ok,
/srv/gnss-archive/legacy/RECOVERED_SEAGATE_W2A0W9T2_DATA0/RAW/2012/BULA/BULA201203090000a.T00,.t00,513863,ok,
/srv/gnss-archive/legacy/RECOVERED_SEAGATE_W2A0W9T2_DATA0/RAW/2012/BULA/BULA201201240000a.T00,.t00,511064,ok,
/srv/gnss-archive/legacy/RECOVERED_SEAGATE_W2A0W9T2_DATA0/RAW/2012/BULA/BULA201203100000a.T00,.t00,514200,ok,
/srv/gnss-archive/legacy/RECOVERED_SEAGATE_W2A0W9T2_DATA0/RAW/2012/BULA/BULA201201250000a.T00,.t00,513457,ok,
/srv/gnss-archive/legacy/RECOVERED_SEAGATE_W2A0W9T2_DATA0/RAW/2012/BULA/BULA201203110000a.T00,.t00,516088,ok,
/srv/gnss-archive/legacy/RECOVERED_SEAGATE_W2A0W9T2_DATA0/RAW/2012/BULA/BULA201201260000a.T00,.t00,512079,ok,
/srv/gnss-archive/legacy/RECOVERED_SEAGATE_W2A0W9T2_DATA0/RAW/2012/BULA/BULA201203120000a.T00,.t00,515310,ok,
/srv/gnss-archive/legacy/RECOVERED_SEAGATE_W2A0W9T2_DATA0/RAW/2012/BULA/BULA201201270000a.T00,.t00,512061,ok,
/srv/gnss-archive/legacy/RECOVERED_SEAGATE_W2A0W9T2_DATA0/RAW/2012/BULA/BULA201203130000a.T00,.t00,513800,ok,
/srv/gnss-archive/legacy/RECOVERED_SEAGATE_W2A0W9T2_DATA0/RAW/2012/BULA/BULA201201280000a.T00,.t00,459259,ok,
/srv/gnss-archive/legacy/RECOVERED_SEAGATE_W2A0W9T2_DATA0/RAW/2012/BULA/BULA201203140000a.T00,.t00,517274,ok,
/srv/gnss-archive/legacy/RECOVERED_SEAGATE_W2A0W9T2_DATA0/RAW/2012/BULA/BULA201201290000a.T00,.t00,491175,ok,
/srv/gnss-archive/legacy/RECOVERED_SEAGATE_W2A0W9T2_DATA0/RAW/2012/BULA/BULA201203150000a.T00,.t00,511798,ok,
/srv/gnss-archive/legacy/RECOVERED_SEAGATE_W2A0W9T2_DATA0/RAW/2012/BULA/BULA201201300000a.T00,.t00,499060,ok,
/srv/gnss-archive/legacy/RECOVERED_SEAGATE_W2A0W9T2_DATA0/RAW/2012/BULA/BULA201203160000a.T00,.t00,512479,ok,
/srv/gnss-archive/legacy/RECOVERED_SEAGATE_W2A0W9T2_DATA0/RAW/2012/BULA/BULA201201310000a.T00,.t00,510137,ok,
/srv/gnss-archive/legacy/RECOVERED_SEAGATE_W2A0W9T2_DATA0/RAW/2012/BULA/BULA201203170000a.T00,.t00,513546,ok,
/srv/gnss-archive/legacy/RECOVERED_SEAGATE_W2A0W9T2_DATA0/RAW/2012/BULA/BULA201202010000a.T00,.t00,465525,ok,
/srv/gnss-archive/legacy/RECOVERED_SEAGATE_W2A0W9T2_DATA0/RAW/2012/BULA/BULA201203180000a.T00,.t00,512543,ok,
/srv/gnss-archive/legacy/RECOVERED_SEAGATE_W2A0W9T2_DATA0/RAW/2012/BULA/BULA201202020000a.T00,.t00,511346,ok,
/srv/gnss-archive/legacy/RECOVERED_SEAGATE_W2A0W9T2_DATA0/RAW/2012/BULA/BULA201203190000a.T00,.t00,517644,ok,
/srv/gnss-archive/legacy/RECOVERED_SEAGATE_W2A0W9T2_DATA0/RAW/2012/BULA/BULA201202030000a.T00,.t00,512888,ok,
/srv/gnss-archive/legacy/RECOVERED_SEAGATE_W2A0W9T2_DATA0/RAW/2012/BULA/BULA201203200000a.T00,.t00,510284,ok,
/srv/gnss-archive/legacy/RECOVERED_SEAGATE_W2A0W9T2_DATA0/RAW/2012/BULA/BULA201202040000a.T00,.t00,514126,ok,
/srv/gnss-archive/legacy/RECOVERED_SEAGATE_W2A0W9T2_DATA0/RAW/2012/BULA/BULA201203210000a.T00,.t00,512580,ok,
/srv/gnss-archive/legacy/RECOVERED_SEAGATE_W2A0W9T2_DATA0/RAW/2012/BULA/BULA201202050000a.T00,.t00,513715,ok,
/srv/gnss-archive/legacy/RECOVERED_SEAGATE_W2A0W9T2_DATA0/RAW/2012/BULA/BULA201203220000a.T00,.t00,514236,ok,
/srv/gnss-archive/legacy/RECOVERED_SEAGATE_W2A0W9T2_DATA0/RAW/2012/BULA/BULA201202060000a.T00,.t00,512663,ok,
/srv/gnss-archive/legacy/RECOVERED_SEAGATE_W2A0W9T2_DATA0/RAW/2012/BULA/BULA201203230000a.T00,.t00,516380,ok,
/srv/gnss-archive/legacy/RECOVERED_SEAGATE_W2A0W9T2_DATA0/RAW/2012/BULA/BULA201202070000a.T00,.t00,511653,ok,
/srv/gnss-archive/legacy/RECOVERED_SEAGATE_W2A0W9T2_DATA0/RAW/2012/BULA/BULA201203240000a.T00,.t00,519844,ok,
/srv/gnss-archive/legacy/RECOVERED_SEAGATE_W2A0W9T2_DATA0/RAW/2012/BULA/BULA201202080000a.T00,.t00,516648,ok,
/srv/gnss-archive/legacy/RECOVERED_SEAGATE_W2A0W9T2_DATA0/RAW/2012/BULA/BULA201203250000a.T00,.t00,518273,ok,
/srv/gnss-archive/legacy/RECOVERED_SEAGATE_W2A0W9T2_DATA0/RAW/2012/BULA/BULA201202090000a.T00,.t00,512529,ok,
/srv/gnss-archive/legacy/RECOVERED_SEAGATE_W2A0W9T2_DATA0/RAW/2012/BULA/BULA201203260000a.T00,.t00,519627,ok,
/srv/gnss-archive/legacy/RECOVERED_SEAGATE_W2A0W9T2_DATA0/RAW/2012/BULA/BULA201202100000a.T00,.t00,500740,ok,
/srv/gnss-archive/legacy/RECOVERED_SEAGATE_W2A0W9T2_DATA0/RAW/2012/BULA/BULA201202150000a.T00,.t00,498616,ok,
/srv/gnss-archive/legacy/RECOVERED_SEAGATE_W2A0W9T2_DATA0/RAW/2012/BULA/BULA201203270000a.T00,.t00,519522,ok,
/srv/gnss-archive/legacy/RECOVERED_SEAGATE_W2A0W9T2_DATA0/RAW/2012/BULA/BULA201202160000a.T00,.t00,499732,ok,
/srv/gnss-archive/legacy/RECOVERED_SEAGATE_W2A0W9T2_DATA0/RAW/2012/BULA/BULA201203280000a.T00,.t00,514330,ok,
/srv/gnss-archive/legacy/RECOVERED_SEAGATE_W2A0W9T2_DATA0/RAW/2012/BULA/BULA201202170000a.T00,.t00,500339,ok,
/srv/gnss-archive/legacy/RECOVERED_SEAGATE_W2A0W9T2_DATA0/RAW/2012/BULA/BULA201203290000a.T00,.t00,522232,ok,
/srv/gnss-archive/legacy/RECOVERED_SEAGATE_W2A0W9T2_DATA0/RAW/2012/BULA/BULA201202180000a.T00,.t00,501130,ok,
/srv/gnss-archive/legacy/RECOVERED_SEAGATE_W2A0W9T2_DATA0/RAW/2012/BULA/BULA201203300000a.T00,.t00,518349,ok,
/srv/gnss-archive/legacy/RECOVERED_SEAGATE_W2A0W9T2_DATA0/RAW/2012/BULA/BULA201203310000a.T00,.t00,517016,ok,
/srv/gnss-archive/legacy/RECOVERED_SEAGATE_W2A0W9T2_DATA0/RAW/2012/BULA/BULA201204010000a.T00,.t00,514367,ok,
/srv/gnss-archive/legacy/RECOVERED_SEAGATE_W2A0W9T2_DATA0/RAW/2012/BULA/BULA201204020000a.T00,.t00,514926,ok,
/srv/gnss-archive/legacy/RECOVERED_SEAGATE_W2A0W9T2_DATA0/RAW/2012/BULA/BULA201204030000a.T00,.t00,515304,ok,
/srv/gnss-archive/legacy/RECOVERED_SEAGATE_W2A0W9T2_DATA0/RAW/2012/BULA/BULA201204040000a.T00,.t00,521316,ok,
/srv/gnss-archive/legacy/RECOVERED_SEAGATE_W2A0W9T2_DATA0/RAW/2012/BULA/BULA201204050000a.T00,.t00,513126,ok,
/srv/gnss-archive/legacy/RECOVERED_SEAGATE_W2A0W9T2_DATA0/RAW/2012/BULA/BULA201204060000a.T00,.t00,519929,ok,
/srv/gnss-archive/legacy/RECOVERED_SEAGATE_W2A0W9T2_DATA0/RAW/2012/BULA/BULA201204070000a.T00,.t00,523715,ok,
/srv/gnss-archive/legacy/RECOVERED_SEAGATE_W2A0W9T2_DATA0/RAW/2012/BULA/BULA201204080000a.T00,.t00,514814,ok,
/srv/gnss-archive/legacy/RECOVERED_SEAGATE_W2A0W9T2_DATA0/RAW/2012/BULA/BULA201204090000a.T00,.t00,521067,ok,
/srv/gnss-archive/legacy/RECOVERED_SEAGATE_W2A0W9T2_DATA0/RAW/2012/BULA/BULA201204100000a.T00,.t00,518104,ok,
/srv/gnss-archive/legacy/RECOVERED_SEAGATE_W2A0W9T2_DATA0/RAW/2012/BULA/BULA201204110000a.T00,.t00,518166,ok,
/srv/gnss-archive/legacy/RECOVERED_SEAGATE_W2A0W9T2_DATA0/RAW/2012/BULA/BULA201204120000a.T00,.t00,515931,ok,
/srv/gnss-archive/legacy/RECOVERED_SEAGATE_W2A0W9T2_DATA0/RAW/2012/BULA/BULA201204130000a.T00,.t00,513274,ok,
/srv/gnss-archive/legacy/RECOVERED_SEAGATE_W2A0W9T2_DATA0/RAW/2012/BULA/BULA201204140000a.T00,.t00,511820,ok,
/srv/gnss-archive/legacy/RECOVERED_SEAGATE_W2A0W9T2_DATA0/RAW/2012/BULA/BULA201204150000a.T00,.t00,513630,ok,
/srv/gnss-archive/legacy/RECOVERED_SEAGATE_W2A0W9T2_DATA0/RAW/2012/BULA/BULA201204160000a.T00,.t00,514439,ok,
/srv/gnss-archive/legacy/RECOVERED_SEAGATE_W2A0W9T2_DATA0/RAW/2012/BULA/BULA201204170000a.T00,.t00,515894,ok,
/srv/gnss-archive/legacy/RECOVERED_SEAGATE_W2A0W9T2_DATA0/RAW/2012/BULA/BULA201204180000a.T00,.t00,513037,ok,
/srv/gnss-archive/legacy/RECOVERED_SEAGATE_W2A0W9T2_DATA0/RAW/2012/BULA/BULA201204190000a.T00,.t00,518862,ok,
/srv/gnss-archive/legacy/RECOVERED_SEAGATE_W2A0W9T2_DATA0/RAW/2012/BULA/BULA201204200000a.T00,.t00,518324,ok,
/srv/gnss-archive/legacy/RECOVERED_SEAGATE_W2A0W9T2_DATA0/RAW/2012/BULA/BULA201204210000a.T00,.t00,523041,ok,
/srv/gnss-archive/legacy/RECOVERED_SEAGATE_W2A0W9T2_DATA0/RAW/2012/BULA/BULA201204220000a.T00,.t00,513610,ok,
/srv/gnss-archive/legacy/RECOVERED_SEAGATE_W2A0W9T2_DATA0/RAW/2012/BULA/BULA201204230000a.T00,.t00,513583,ok,
/srv/gnss-archive/legacy/RECOVERED_SEAGATE_W2A0W9T2_DATA0/RAW/2012/BULA/BULA201204240000a.T00,.t00,513638,ok,
/srv/gnss-archive/legacy/RECOVERED_SEAGATE_W2A0W9T2_DATA0/RAW/2012/BULA/BULA201204250000a.T00,.t00,513077,ok,
/srv/gnss-archive/legacy/RECOVERED_SEAGATE_W2A0W9T2_DATA0/RAW/2012/BULA/BULA201204260000a.T00,.t00,514925,ok,
/srv/gnss-archive/legacy/RECOVERED_SEAGATE_W2A0W9T2_DATA0/RAW/2012/BULA/BULA201204270000a.T00,.t00,511236,ok,
/srv/gnss-archive/legacy/RECOVERED_SEAGATE_W2A0W9T2_DATA0/RAW/2012/BULA/BULA201204280000a.T00,.t00,515590,ok,
/srv/gnss-archive/legacy/RECOVERED_SEAGATE_W2A0W9T2_DATA0/RAW/2012/BULA/BULA201204290000a.T00,.t00,513177,ok,
/srv/gnss-archive/legacy/RECOVERED_SEAGATE_W2A0W9T2_DATA0/RAW/2012/BULA/BULA201204300000a.T00,.t00,515184,ok,
/srv/gnss-archive/legacy/RECOVERED_SEAGATE_W2A0W9T2_DATA0/RAW/2012/BULA/BULA201205010000a.T00,.t00,515017,ok,
/srv/gnss-archive/legacy/RECOVERED_SEAGATE_W2A0W9T2_DATA0/RAW/2012/BULA/BULA201205020000a.T00,.t00,518059,ok,
/srv/gnss-archive/legacy/RECOVERED_SEAGATE_W2A0W9T2_DATA0/RAW/2012/BULA/BULA201205030000a.T00,.t00,517647,ok,
/srv/gnss-archive/legacy/RECOVERED_SEAGATE_W2A0W9T2_DATA0/RAW/2012/BULA/BULA201205040000a.T00,.t00,512533,ok,
/srv/gnss-archive/legacy/RECOVERED_SEAGATE_W2A0W9T2_DATA0/RAW/2012/BULA/BULA201205050000a.T00,.t00,513828,ok,
/srv/gnss-archive/legacy/RECOVERED_SEAGATE_W2A0W9T2_DATA0/RAW/2012/BULA/BULA201205060000a.T00,.t00,513194,ok,
/srv/gnss-archive/legacy/RECOVERED_SEAGATE_W2A0W9T2_DATA0/RAW/2012/BULA/BULA201205070000a.T00,.t00,513942,ok,
/srv/gnss-archive/legacy/RECOVERED_SEAGATE_W2A0W9T2_DATA0/RAW/2012/BULA/BULA201205080000a.T00,.t00,513270,ok,
/srv/gnss-archive/legacy/RECOVERED_SEAGATE_W2A0W9T2_DATA0/RAW/2012/BULA/BULA201205090000a.T00,.t00,515569,ok,
/srv/gnss-archive/legacy/RECOVERED_SEAGATE_W2A0W9T2_DATA0/RAW/2012/BULA/BULA201205100000a.T00,.t00,516157,ok,
/srv/gnss-archive/legacy/RECOVERED_SEAGATE_W2A0W9T2_DATA0/RAW/2012/BULA/BULA201205110000a.T00,.t00,514784,ok,
/srv/gnss-archive/legacy/RECOVERED_SEAGATE_W2A0W9T2_DATA0/RAW/2012/BULA/BULA201205120000a.T00,.t00,512460,ok,
/srv/gnss-archive/legacy/RECOVERED_SEAGATE_W2A0W9T2_DATA0/RAW/2012/BULA/BULA201205130000a.T00,.t00,511899,ok,
/srv/gnss-archive/legacy/RECOVERED_SEAGATE_W2A0W9T2_DATA0/RAW/2012/BULA/BULA201205140000a.T00,.t00,516204,ok,
/srv/gnss-archive/legacy/RECOVERED_SEAGATE_W2A0W9T2_DATA0/RAW/2012/BULA/BULA201205150000a.T00,.t00,513177,ok,
/srv/gnss-archive/legacy/RECOVERED_SEAGATE_W2A0W9T2_DATA0/RAW/2012/BULA/BULA201205160000a.T00,.t00,513185,ok,
/srv/gnss-archive/legacy/RECOVERED_SEAGATE_W2A0W9T2_DATA0/RAW/2012/BULA/BULA201205170000a.T00,.t00,511459,ok,
/srv/gnss-archive/legacy/RECOVERED_SEAGATE_W2A0W9T2_DATA0/RAW/2012/BULA/BULA201205180000a.T00,.t00,514013,ok,
/srv/gnss-archive/legacy/RECOVERED_SEAGATE_W2A0W9T2_DATA0/RAW/2012/BULA/BULA201205190000a.T00,.t00,503290,ok,
/srv/gnss-archive/legacy/RECOVERED_SEAGATE_W2A0W9T2_DATA0/RAW/2012/BULA/BULA201205200000a.T00,.t00,498812,ok,
/srv/gnss-archive/legacy/RECOVERED_SEAGATE_W2A0W9T2_DATA0/RAW/2012/BULA/BULA201205210000a.T00,.t00,498272,ok,
/srv/gnss-archive/legacy/RECOVERED_SEAGATE_W2A0W9T2_DATA0/RAW/2012/BULA/BULA201205220000a.T00,.t00,497935,ok,
/srv/gnss-archive/legacy/RECOVERED_SEAGATE_W2A0W9T2_DATA0/RAW/2012/BULA/BULA201205230000a.T00,.t00,501213,ok,
/srv/gnss-archive/legacy/RECOVERED_SEAGATE_W2A0W9T2_DATA0/RAW/2012/BULA/BULA201205240000a.T00,.t00,499165,ok,
/srv/gnss-archive/legacy/RECOVERED_SEAGATE_W2A0W9T2_DATA0/RAW/2012/BULA/BULA201205250000a.T00,.t00,513968,ok,
/srv/gnss-archive/legacy/RECOVERED_SEAGATE_W2A0W9T2_DATA0/RAW/2012/BULA/BULA201205260000a.T00,.t00,511612,ok,
/srv/gnss-archive/legacy/RECOVERED_SEAGATE_W2A0W9T2_DATA0/RAW/2012/BULA/BULA201205270000a.T00,.t00,511944,ok,
/srv/gnss-archive/legacy/RECOVERED_SEAGATE_W2A0W9T2_DATA0/RAW/2012/BULA/BULA201205280000a.T00,.t00,512294,ok,
/srv/gnss-archive/legacy/RECOVERED_SEAGATE_W2A0W9T2_DATA0/RAW/2012/BULA/BULA201205290000a.T00,.t00,512258,ok,
/srv/gnss-archive/legacy/RECOVERED_SEAGATE_W2A0W9T2_DATA0/RAW/2012/BULA/BULA201205300000a.T00,.t00,511988,ok,
/srv/gnss-archive/legacy/RECOVERED_SEAGATE_W2A0W9T2_DATA0/RAW/2012/BULA/BULA201205310000a.T00,.t00,513218,ok,
/srv/gnss-archive/legacy/RECOVERED_SEAGATE_W2A0W9T2_DATA0/RAW/2012/BULA/BULA201206010000a.T00,.t00,513678,ok,
/srv/gnss-archive/legacy/RECOVERED_SEAGATE_W2A0W9T2_DATA0/RAW/2012/BULA/BULA201206020000a.T00,.t00,514408,ok,
/srv/gnss-archive/legacy/RECOVERED_SEAGATE_W2A0W9T2_DATA0/RAW/2012/BULA/BULA201206030000a.T00,.t00,514632,ok,
/srv/gnss-archive/legacy/RECOVERED_SEAGATE_W2A0W9T2_DATA0/RAW/2012/BULA/BULA201206040000a.T00,.t00,511723,ok,
/srv/gnss-archive/legacy/RECOVERED_SEAGATE_W2A0W9T2_DATA0/RAW/2012/BULA/BULA201206050000a.T00,.t00,512871,ok,
/srv/gnss-archive/legacy/RECOVERED_SEAGATE_W2A0W9T2_DATA0/RAW/2012/BULA/BULA201206060000a.T00,.t00,516124,ok,
/srv/gnss-archive/legacy/RECOVERED_SEAGATE_W2A0W9T2_DATA0/RAW/2012/BULA/BULA201206070000a.T00,.t00,512558,ok,
/srv/gnss-archive/legacy/RECOVERED_SEAGATE_W2A0W9T2_DATA0/RAW/2012/BULA/BULA201206080000a.T00,.t00,513114,ok,
/srv/gnss-archive/legacy/RECOVERED_SEAGATE_W2A0W9T2_DATA0/RAW/2012/BULA/BULA201206090000a.T00,.t00,513760,ok,
/srv/gnss-archive/legacy/RECOVERED_SEAGATE_W2A0W9T2_DATA0/RAW/2012/BULA/BULA201206100000a.T00,.t00,514178,ok,
/srv/gnss-archive/legacy/RECOVERED_SEAGATE_W2A0W9T2_DATA0/RAW/2012/BULA/BULA201206110000a.T00,.t00,514203,ok,
/srv/gnss-archive/legacy/RECOVERED_SEAGATE_W2A0W9T2_DATA0/RAW/2012/BULA/BULA201206120000a.T00,.t00,513996,ok,
/srv/gnss-archive/legacy/RECOVERED_SEAGATE_W2A0W9T2_DATA0/RAW/2012/BULA/BULA201206130000a.T00,.t00,515039,ok,
/srv/gnss-archive/legacy/RECOVERED_SEAGATE_W2A0W9T2_DATA0/RAW/2012/BULA/BULA201206140000a.T00,.t00,512380,ok,
/srv/gnss-archive/legacy/RECOVERED_SEAGATE_W2A0W9T2_DATA0/RAW/2012/BULA/BULA201206150000a.T00,.t00,512123,ok,
/srv/gnss-archive/legacy/RECOVERED_SEAGATE_W2A0W9T2_DATA0/RAW/2012/BULA/BULA201206160000a.T00,.t00,512947,ok,
/srv/gnss-archive/legacy/RECOVERED_SEAGATE_W2A0W9T2_DATA0/RAW/2012/BULA/BULA201206170000a.T00,.t00,517918,ok,
/srv/gnss-archive/legacy/RECOVERED_SEAGATE_W2A0W9T2_DATA0/RAW/2012/BULA/BULA201206180000a.T00,.t00,516001,ok,
/srv/gnss-archive/legacy/RECOVERED_SEAGATE_W2A0W9T2_DATA0/RAW/2012/BULA/BULA201206190000a.T00,.t00,515654,ok,
/srv/gnss-archive/legacy/RECOVERED_SEAGATE_W2A0W9T2_DATA0/RAW/2012/BULA/BULA201206200000a.T00,.t00,514304,ok,
/srv/gnss-archive/legacy/RECOVERED_SEAGATE_W2A0W9T2_DATA0/RAW/2012/BULA/BULA201206210000a.T00,.t00,514656,ok,
/srv/gnss-archive/legacy/RECOVERED_SEAGATE_W2A0W9T2_DATA0/RAW/2012/BULA/BULA201206220000a.T00,.t00,514507,ok,
/srv/gnss-archive/legacy/RECOVERED_SEAGATE_W2A0W9T2_DATA0/RAW/2012/BULA/BULA201206230000a.T00,.t00,513127,ok,
/srv/gnss-archive/legacy/RECOVERED_SEAGATE_W2A0W9T2_DATA0/RAW/2012/BULA/BULA201206240000a.T00,.t00,512040,ok,
/srv/gnss-archive/legacy/RECOVERED_SEAGATE_W2A0W9T2_DATA0/RAW/2012/BULA/BULA201206250000a.T00,.t00,512531,ok,
/srv/gnss-archive/legacy/RECOVERED_SEAGATE_W2A0W9T2_DATA0/RAW/2012/BULA/BULA201206260000a.T00,.t00,511472,ok,
/srv/gnss-archive/legacy/RECOVERED_SEAGATE_W2A0W9T2_DATA0/RAW/2012/BULA/BULA201206270000a.T00,.t00,512049,ok,
/srv/gnss-archive/legacy/RECOVERED_SEAGATE_W2A0W9T2_DATA0/RAW/2012/BULA/BULA201206280000a.T00,.t00,513246,ok,
/srv/gnss-archive/legacy/RECOVERED_SEAGATE_W2A0W9T2_DATA0/RAW/2012/BULA/BULA201206290000a.T00,.t00,512950,ok,
/srv/gnss-archive/legacy/RECOVERED_SEAGATE_W2A0W9T2_DATA0/RAW/2012/BULA/BULA201206300000a.T00,.t00,510378,ok,
/srv/gnss-archive/legacy/RECOVERED_SEAGATE_W2A0W9T2_DATA0/RAW/2012/BULA/BULA201207010000a.T00,.t00,511208,ok,
/srv/gnss-archive/legacy/RECOVERED_SEAGATE_W2A0W9T2_DATA0/RAW/2012/BULA/BULA201207020000a.T00,.t00,509381,ok,
/srv/gnss-archive/legacy/RECOVERED_SEAGATE_W2A0W9T2_DATA0/RAW/2012/BULA/BULA201207030000a.T00,.t00,510679,ok,
/srv/gnss-archive/legacy/RECOVERED_SEAGATE_W2A0W9T2_DATA0/RAW/2012/BULA/BULA201207040000a.T00,.t00,511196,ok,
/srv/gnss-archive/legacy/RECOVERED_SEAGATE_W2A0W9T2_DATA0/RAW/2012/BULA/BULA201207050000a.T00,.t00,513605,ok,
/srv/gnss-archive/legacy/RECOVERED_SEAGATE_W2A0W9T2_DATA0/RAW/2012/BULA/BULA201207060000a.T00,.t00,510601,ok,
/srv/gnss-archive/legacy/RECOVERED_SEAGATE_W2A0W9T2_DATA0/RAW/2012/BULA/BULA201207070000a.T00,.t00,510388,ok,
/srv/gnss-archive/legacy/RECOVERED_SEAGATE_W2A0W9T2_DATA0/RAW/2012/BULA/BULA201207080000a.T00,.t00,511758,ok,
/srv/gnss-archive/legacy/RECOVERED_SEAGATE_W2A0W9T2_DATA0/RAW/2012/BULA/BULA201207090000a.T00,.t00,511100,ok,
/srv/gnss-archive/legacy/RECOVERED_SEAGATE_W2A0W9T2_DATA0/RAW/2012/BULA/BULA201207100000a.T00,.t00,511312,ok,
/srv/gnss-archive/legacy/RECOVERED_SEAGATE_W2A0W9T2_DATA0/RAW/2012/BULA/BULA201207110000a.T00,.t00,512944,ok,
/srv/gnss-archive/legacy/RECOVERED_SEAGATE_W2A0W9T2_DATA0/RAW/2012/BULA/BULA201207120000a.T00,.t00,511170,ok,
/srv/gnss-archive/legacy/RECOVERED_SEAGATE_W2A0W9T2_DATA0/RAW/2012/BULA/BULA201207130000a.T00,.t00,512674,ok,
/srv/gnss-archive/legacy/RECOVERED_SEAGATE_W2A0W9T2_DATA0/RAW/2012/BULA/BULA201207140000a.T00,.t00,510555,ok,
/srv/gnss-archive/legacy/RECOVERED_SEAGATE_W2A0W9T2_DATA0/RAW/2012/BULA/BULA201207150000a.T00,.t00,510501,ok,
/srv/gnss-archive/legacy/RECOVERED_SEAGATE_W2A0W9T2_DATA0/RAW/2012/BULA/BULA201207160000a.T00,.t00,512784,ok,
/srv/gnss-archive/legacy/RECOVERED_SEAGATE_W2A0W9T2_DATA0/RAW/2012/BULA/BULA201207170000a.T00,.t00,512135,ok,
/srv/gnss-archive/legacy/RECOVERED_SEAGATE_W2A0W9T2_DATA0/RAW/2012/BULA/BULA201207180000a.T00,.t00,511962,ok,
/srv/gnss-archive/legacy/RECOVERED_SEAGATE_W2A0W9T2_DATA0/RAW/2012/BULA/BULA201207190000a.T00,.t00,512885,ok,
/srv/gnss-archive/legacy/RECOVERED_SEAGATE_W2A0W9T2_DATA0/RAW/2012/BULA/BULA201207200000a.T00,.t00,512160,ok,
/srv/gnss-archive/legacy/RECOVERED_SEAGATE_W2A0W9T2_DATA0/RAW/2012/BULA/BULA201207210000a.T00,.t00,511512,ok,
/srv/gnss-archive/legacy/RECOVERED_SEAGATE_W2A0W9T2_DATA0/RAW/2012/BULA/BULA201207220000a.T00,.t00,512661,ok,
/srv/gnss-archive/legacy/RECOVERED_SEAGATE_W2A0W9T2_DATA0/RAW/2012/BULA/BULA201207230000a.T00,.t00,513260,ok,
/srv/gnss-archive/legacy/RECOVERED_SEAGATE_W2A0W9T2_DATA0/RAW/2012/BULA/BULA201207240000a.T00,.t00,511440,ok,
/srv/gnss-archive/legacy/RECOVERED_SEAGATE_W2A0W9T2_DATA0/RAW/2012/BULA/BULA201207250000a.T00,.t00,512467,ok,
/srv/gnss-archive/legacy/RECOVERED_SEAGATE_W2A0W9T2_DATA0/RAW/2012/BULA/BULA201207260000a.T00,.t00,509970,ok,
/srv/gnss-archive/legacy/RECOVERED_SEAGATE_W2A0W9T2_DATA0/RAW/2012/BULA/BULA201207270000a.T00,.t00,512128,ok,
/srv/gnss-archive/legacy/RECOVERED_SEAGATE_W2A0W9T2_DATA0/RAW/2012/BULA/BULA201207280000a.T00,.t00,512899,ok,
/srv/gnss-archive/legacy/RECOVERED_SEAGATE_W2A0W9T2_DATA0/RAW/2012/BULA/BULA201207290000a.T00,.t00,516426,ok,
/srv/gnss-archive/legacy/RECOVERED_SEAGATE_W2A0W9T2_DATA0/RAW/2012/BULA/BULA201207300000a.T00,.t00,518060,ok,
/srv/gnss-archive/legacy/RECOVERED_SEAGATE_W2A0W9T2_DATA0/RAW/2012/BULA/BULA201207310000a.T00,.t00,516944,ok,
/srv/gnss-archive/legacy/RECOVERED_SEAGATE_W2A0W9T2_DATA0/RAW/2012/BULA/BULA201208010000a.T00,.t00,516194,ok,
/srv/gnss-archive/legacy/RECOVERED_SEAGATE_W2A0W9T2_DATA0/RAW/2012/BULA/BULA201208020000a.T00,.t00,513854,ok,
/srv/gnss-archive/legacy/RECOVERED_SEAGATE_W2A0W9T2_DATA0/RAW/2012/BULA/BULA201208030000a.T00,.t00,515375,ok,
/srv/gnss-archive/legacy/RECOVERED_SEAGATE_W2A0W9T2_DATA0/RAW/2012/BULA/BULA201208040000a.T00,.t00,513972,ok,
/srv/gnss-archive/legacy/RECOVERED_SEAGATE_W2A0W9T2_DATA0/RAW/2012/BULA/BULA201208050000a.T00,.t00,513953,ok,
/srv/gnss-archive/legacy/RECOVERED_SEAGATE_W2A0W9T2_DATA0/RAW/2012/BULA/BULA201208060000a.T00,.t00,514934,ok,
/srv/gnss-archive/legacy/RECOVERED_SEAGATE_W2A0W9T2_DATA0/RAW/2012/BULA/BULA201208070000a.T00,.t00,515311,ok,
/srv/gnss-archive/legacy/RECOVERED_SEAGATE_W2A0W9T2_DATA0/RAW/2012/BULA/BULA201208080000a.T00,.t00,512433,ok,
/srv/gnss-archive/legacy/RECOVERED_SEAGATE_W2A0W9T2_DATA0/RAW/2012/BULA/BULA201208090000a.T00,.t00,510848,ok,
/srv/gnss-archive/legacy/RECOVERED_SEAGATE_W2A0W9T2_DATA0/RAW/2012/BULA/BULA201208100000a.T00,.t00,513828,ok,
/srv/gnss-archive/legacy/RECOVERED_SEAGATE_W2A0W9T2_DATA0/RAW/2012/BULA/BULA201208110000a.T00,.t00,514110,ok,
/srv/gnss-archive/legacy/RECOVERED_SEAGATE_W2A0W9T2_DATA0/RAW/2012/BULA/BULA201208120000a.T00,.t00,511594,ok,
/srv/gnss-archive/legacy/RECOVERED_SEAGATE_W2A0W9T2_DATA0/RAW/2012/BULA/BULA201208130000a.T00,.t00,511900,ok,
/srv/gnss-archive/legacy/RECOVERED_SEAGATE_W2A0W9T2_DATA0/RAW/2012/BULA/BULA201208140000a.T00,.t00,513130,ok,
/srv/gnss-archive/legacy/RECOVERED_SEAGATE_W2A0W9T2_DATA0/RAW/2012/BULA/BULA201208150000a.T00,.t00,511951,ok,
/srv/gnss-archive/legacy/RECOVERED_SEAGATE_W2A0W9T2_DATA0/RAW/2012/BULA/BULA201208160000a.T00,.t00,511641,ok,
/srv/gnss-archive/legacy/RECOVERED_SEAGATE_W2A0W9T2_DATA0/RAW/2012/BULA/BULA201208170000a.T00,.t00,509172,ok,
/srv/gnss-archive/legacy/RECOVERED_SEAGATE_W2A0W9T2_DATA0/RAW/2012/BULA/BULA201208180000a.T00,.t00,510507,ok,
/srv/gnss-archive/legacy/RECOVERED_SEAGATE_W2A0W9T2_DATA0/RAW/2012/BULA/BULA201208190000a.T00,.t00,515644,ok,
/srv/gnss-archive/legacy/RECOVERED_SEAGATE_W2A0W9T2_DATA0/RAW/2012/BULA/BULA201208200000a.T00,.t00,512110,ok,
/srv/gnss-archive/legacy/RECOVERED_SEAGATE_W2A0W9T2_DATA0/RAW/2012/BULA/BULA201208210000a.T00,.t00,510586,ok,
/srv/gnss-archive/legacy/RECOVERED_SEAGATE_W2A0W9T2_DATA0/RAW/2012/BULA/BULA201208220000a.T00,.t00,512585,ok,
/srv/gnss-archive/legacy/RECOVERED_SEAGATE_W2A0W9T2_DATA0/RAW/2012/BULA/BULA201208230000a.T00,.t00,512341,ok,
/srv/gnss-archive/legacy/RECOVERED_SEAGATE_W2A0W9T2_DATA0/RAW/2012/BULA/BULA201208240000a.T00,.t00,510713,ok,
/srv/gnss-archive/legacy/RECOVERED_SEAGATE_W2A0W9T2_DATA0/RAW/2012/BULA/BULA201208250000a.T00,.t00,512156,ok,
/srv/gnss-archive/legacy/RECOVERED_SEAGATE_W2A0W9T2_DATA0/RAW/2012/BULA/BULA201208260000a.T00,.t00,516293,ok,
/srv/gnss-archive/legacy/RECOVERED_SEAGATE_W2A0W9T2_DATA0/RAW/2012/BULA/BULA201208270000a.T00,.t00,512475,ok,
/srv/gnss-archive/legacy/RECOVERED_SEAGATE_W2A0W9T2_DATA0/RAW/2012/BULA/BULA201208280000a.T00,.t00,513764,ok,
/srv/gnss-archive/legacy/RECOVERED_SEAGATE_W2A0W9T2_DATA0/RAW/2012/BULA/BULA201208290000a.T00,.t00,514019,ok,
/srv/gnss-archive/legacy/RECOVERED_SEAGATE_W2A0W9T2_DATA0/RAW/2012/BULA/BULA201208300000a.T00,.t00,515964,ok,
/srv/gnss-archive/legacy/RECOVERED_SEAGATE_W2A0W9T2_DATA0/RAW/2012/BULA/BULA201208310000a.T00,.t00,516395,ok,
/srv/gnss-archive/legacy/RECOVERED_SEAGATE_W2A0W9T2_DATA0/RAW/2012/BULA/BULA201209010000a.T00,.t00,512071,ok,
/srv/gnss-archive/legacy/RECOVERED_SEAGATE_W2A0W9T2_DATA0/RAW/2012/BULA/BULA201209020000a.T00,.t00,520290,ok,
/srv/gnss-archive/legacy/RECOVERED_SEAGATE_W2A0W9T2_DATA0/RAW/2012/BULA/BULA201209030000a.T00,.t00,512993,ok,
/srv/gnss-archive/legacy/RECOVERED_SEAGATE_W2A0W9T2_DATA0/RAW/2012/BULA/BULA201209040000a.T00,.t00,512118,ok,
/srv/gnss-archive/legacy/RECOVERED_SEAGATE_W2A0W9T2_DATA0/RAW/2012/BULA/BULA201209050000a.T00,.t00,511574,ok,
/srv/gnss-archive/legacy/RECOVERED_SEAGATE_W2A0W9T2_DATA0/RAW/2012/BULA/BULA201209060000a.T00,.t00,510622,ok,
/srv/gnss-archive/legacy/RECOVERED_SEAGATE_W2A0W9T2_DATA0/RAW/2012/BULA/BULA201209070000a.T00,.t00,510584,ok,
/srv/gnss-archive/legacy/RECOVERED_SEAGATE_W2A0W9T2_DATA0/RAW/2012/BULA/BULA201209080000a.T00,.t00,509915,ok,
/srv/gnss-archive/legacy/RECOVERED_SEAGATE_W2A0W9T2_DATA0/RAW/2012/BULA/BULA201209090000a.T00,.t00,512774,ok,
/srv/gnss-archive/legacy/RECOVERED_SEAGATE_W2A0W9T2_DATA0/RAW/2012/BULA/BULA201209100000a.T00,.t00,516248,ok,
/srv/gnss-archive/legacy/RECOVERED_SEAGATE_W2A0W9T2_DATA0/RAW/2012/BULA/BULA201209110000a.T00,.t00,501814,ok,
/srv/gnss-archive/legacy/RECOVERED_SEAGATE_W2A0W9T2_DATA0/RAW/2012/BULA/BULA201209120000a.T00,.t00,502884,ok,
/srv/gnss-archive/legacy/RECOVERED_SEAGATE_W2A0W9T2_DATA0/RAW/2012/BULA/BULA201209130000a.T00,.t00,502187,ok,
/srv/gnss-archive/legacy/RECOVERED_SEAGATE_W2A0W9T2_DATA0/RAW/2012/BULA/BULA201209140000a.T00,.t00,512248,ok,
/srv/gnss-archive/legacy/RECOVERED_SEAGATE_W2A0W9T2_DATA0/RAW/2012/BULA/BULA201209150000a.T00,.t00,513094,ok,
/srv/gnss-archive/legacy/RECOVERED_SEAGATE_W2A0W9T2_DATA0/RAW/2012/BULA/BULA201209160000a.T00,.t00,513557,ok,
/srv/gnss-archive/legacy/RECOVERED_SEAGATE_W2A0W9T2_DATA0/RAW/2012/BULA/BULA201209170000a.T00,.t00,518779,ok,
/srv/gnss-archive/legacy/RECOVERED_SEAGATE_W2A0W9T2_DATA0/RAW/2012/BULA/BULA201209180000a.T00,.t00,516795,ok,
/srv/gnss-archive/legacy/RECOVERED_SEAGATE_W2A0W9T2_DATA0/RAW/2012/BULA/BULA201209190000a.T00,.t00,513850,ok,
/srv/gnss-archive/legacy/RECOVERED_SEAGATE_W2A0W9T2_DATA0/RAW/2012/BULA/BULA201209200000a.T00,.t00,511649,ok,
/srv/gnss-archive/legacy/RECOVERED_SEAGATE_W2A0W9T2_DATA0/RAW/2012/BULA/BULA201209210000a.T00,.t00,515798,ok,
/srv/gnss-archive/legacy/RECOVERED_SEAGATE_W2A0W9T2_DATA0/RAW/2012/BULA/BULA201209220000a.T00,.t00,511652,ok,
/srv/gnss-archive/legacy/RECOVERED_SEAGATE_W2A0W9T2_DATA0/RAW/2012/BULA/BULA201209230000a.T00,.t00,520332,ok,
/srv/gnss-archive/legacy/RECOVERED_SEAGATE_W2A0W9T2_DATA0/RAW/2012/BULA/BULA201209240000a.T00,.t00,517769,ok,
/srv/gnss-archive/legacy/RECOVERED_SEAGATE_W2A0W9T2_DATA0/RAW/2012/BULA/BULA201209250000a.T00,.t00,521802,ok,
/srv/gnss-archive/legacy/RECOVERED_SEAGATE_W2A0W9T2_DATA0/RAW/2012/BULA/BULA201209260000a.T00,.t00,521578,ok,
/srv/gnss-archive/legacy/RECOVERED_SEAGATE_W2A0W9T2_DATA0/RAW/2012/BULA/BULA201209270000a.T00,.t00,519106,ok,
/srv/gnss-archive/legacy/RECOVERED_SEAGATE_W2A0W9T2_DATA0/RAW/2012/BULA/BULA201209280000a.T00,.t00,519349,ok,
/srv/gnss-archive/legacy/RECOVERED_SEAGATE_W2A0W9T2_DATA0/RAW/2012/BULA/BULA201209290000a.T00,.t00,520222,ok,
/srv/gnss-archive/legacy/RECOVERED_SEAGATE_W2A0W9T2_DATA0/RAW/2012/BULA/BULA201209300000a.T00,.t00,518699,ok,
/srv/gnss-archive/legacy/RECOVERED_SEAGATE_W2A0W9T2_DATA0/RAW/2012/BULA/BULA201210010000a.T00,.t00,511731,ok,
/srv/gnss-archive/legacy/RECOVERED_SEAGATE_W2A0W9T2_DATA0/RAW/2012/BULA/BULA201210020000a.T00,.t00,521914,ok,
/srv/gnss-archive/legacy/RECOVERED_SEAGATE_W2A0W9T2_DATA0/RAW/2012/BULA/BULA201210030000a.T00,.t00,516745,ok,
/srv/gnss-archive/legacy/RECOVERED_SEAGATE_W2A0W9T2_DATA0/RAW/2012/BULA/BULA201210040000a.T00,.t00,518646,ok,
/srv/gnss-archive/legacy/RECOVERED_SEAGATE_W2A0W9T2_DATA0/RAW/2012/BULA/BULA201210050000a.T00,.t00,513915,ok,
/srv/gnss-archive/legacy/RECOVERED_SEAGATE_W2A0W9T2_DATA0/RAW/2012/BULA/BULA201210060000a.T00,.t00,513354,ok,
/srv/gnss-archive/legacy/RECOVERED_SEAGATE_W2A0W9T2_DATA0/RAW/2012/BULA/BULA201210070000a.T00,.t00,499944,ok,
/srv/gnss-archive/legacy/RECOVERED_SEAGATE_W2A0W9T2_DATA0/RAW/2012/BULA/BULA201210080000a.T00,.t00,499652,ok,
/srv/gnss-archive/legacy/RECOVERED_SEAGATE_W2A0W9T2_DATA0/RAW/2012/BULA/BULA201210090000a.T00,.t00,498581,ok,
/srv/gnss-archive/legacy/RECOVERED_SEAGATE_W2A0W9T2_DATA0/RAW/2012/BULA/BULA201210100000a.T00,.t00,499864,ok,
/srv/gnss-archive/legacy/RECOVERED_SEAGATE_W2A0W9T2_DATA0/RAW/2012/BULA/BULA201210110000a.T00,.t00,500475,ok,
/srv/gnss-archive/legacy/RECOVERED_SEAGATE_W2A0W9T2_DATA0/RAW/2012/BULA/BULA201210120000a.T00,.t00,500353,ok,
/srv/gnss-archive/legacy/RECOVERED_SEAGATE_W2A0W9T2_DATA0/RAW/2012/BULA/BULA201210130000a.T00,.t00,498808,ok,
/srv/gnss-archive/legacy/RECOVERED_SEAGATE_W2A0W9T2_DATA0/RAW/2012/BULA/BULA201210140000a.T00,.t00,498132,ok,
/srv/gnss-archive/legacy/RECOVERED_SEAGATE_W2A0W9T2_DATA0/RAW/2012/BULA/BULA201210150000a.T00,.t00,498114,ok,
/srv/gnss-archive/legacy/RECOVERED_SEAGATE_W2A0W9T2_DATA0/RAW/2012/BULA/BULA201210160000a.T00,.t00,503715,ok,
/srv/gnss-archive/legacy/RECOVERED_SEAGATE_W2A0W9T2_DATA0/RAW/2012/BULA/BULA201210170000a.T00,.t00,500030,ok,
/srv/gnss-archive/legacy/RECOVERED_SEAGATE_W2A0W9T2_DATA0/RAW/2012/BULA/BULA201210180000a.T00,.t00,505305,ok,
/srv/gnss-archive/legacy/RECOVERED_SEAGATE_W2A0W9T2_DATA0/RAW/2012/BULA/BULA201210190000a.T00,.t00,505750,ok,
/srv/gnss-archive/legacy/RECOVERED_SEAGATE_W2A0W9T2_DATA0/RAW/2012/BULA/BULA201210200000a.T00,.t00,502588,ok,
/srv/gnss-archive/legacy/RECOVERED_SEAGATE_W2A0W9T2_DATA0/RAW/2012/BULA/BULA201210210000a.T00,.t00,502684,ok,
/srv/gnss-archive/legacy/RECOVERED_SEAGATE_W2A0W9T2_DATA0/RAW/2012/BULA/BULA201210220000a.T00,.t00,502185,ok,
/srv/gnss-archive/legacy/RECOVERED_SEAGATE_W2A0W9T2_DATA0/RAW/2012/BULA/BULA201210230000a.T00,.t00,504354,ok,
/srv/gnss-archive/legacy/RECOVERED_SEAGATE_W2A0W9T2_DATA0/RAW/2012/BULA/BULA201210240000a.T00,.t00,504757,ok,
/srv/gnss-archive/legacy/RECOVERED_SEAGATE_W2A0W9T2_DATA0/RAW/2012/BULA/BULA201210250000a.T00,.t00,503915,ok,
/srv/gnss-archive/legacy/RECOVERED_SEAGATE_W2A0W9T2_DATA0/RAW/2012/BULA/BULA201210260000a.T00,.t00,503632,ok,
/srv/gnss-archive/legacy/RECOVERED_SEAGATE_W2A0W9T2_DATA0/RAW/2012/BULA/BULA201210270000a.T00,.t00,499850,ok,
/srv/gnss-archive/legacy/RECOVERED_SEAGATE_W2A0W9T2_DATA0/RAW/2012/BULA/BULA201210280000a.T00,.t00,501792,ok,
/srv/gnss-archive/legacy/RECOVERED_SEAGATE_W2A0W9T2_DATA0/RAW/2012/BULA/BULA201210290000a.T00,.t00,503238,ok,
/srv/gnss-archive/legacy/RECOVERED_SEAGATE_W2A0W9T2_DATA0/RAW/2012/BULA/BULA201210300000a.T00,.t00,507026,ok,
/srv/gnss-archive/legacy/RECOVERED_SEAGATE_W2A0W9T2_DATA0/RAW/2012/BULA/BULA201210310000a.T00,.t00,504379,ok,
/srv/gnss-archive/legacy/RECOVERED_SEAGATE_W2A0W9T2_DATA0/RAW/2012/BULA/BULA201211010000a.T00,.t00,500658,ok,
/srv/gnss-archive/legacy/RECOVERED_SEAGATE_W2A0W9T2_DATA0/RAW/2012/BULA/BULA201211020000a.T00,.t00,501428,ok,
/srv/gnss-archive/legacy/RECOVERED_SEAGATE_W2A0W9T2_DATA0/RAW/2012/BULA/BULA201211030000a.T00,.t00,504212,ok,
/srv/gnss-archive/legacy/RECOVERED_SEAGATE_W2A0W9T2_DATA0/RAW/2012/BULA/BULA201211040000a.T00,.t00,501570,ok,
/srv/gnss-archive/legacy/RECOVERED_SEAGATE_W2A0W9T2_DATA0/RAW/2012/BULA/BULA201211050000a.T00,.t00,501557,ok,
/srv/gnss-archive/legacy/RECOVERED_SEAGATE_W2A0W9T2_DATA0/RAW/2012/BULA/BULA201211060000a.T00,.t00,502193,ok,
/srv/gnss-archive/legacy/RECOVERED_SEAGATE_W2A0W9T2_DATA0/RAW/2012/BULA/BULA201211070000a.T00,.t00,499503,ok,
/srv/gnss-archive/legacy/RECOVERED_SEAGATE_W2A0W9T2_DATA0/RAW/2012/BULA/BULA201211080000a.T00,.t00,501393,ok,
/srv/gnss-archive/legacy/RECOVERED_SEAGATE_W2A0W9T2_DATA0/RAW/2012/BULA/BULA201211090000a.T00,.t00,501757,ok,
/srv/gnss-archive/legacy/RECOVERED_SEAGATE_W2A0W9T2_DATA0/RAW/2012/BULA/BULA201211100000a.T00,.t00,500304,ok,
/srv/gnss-archive/legacy/RECOVERED_SEAGATE_W2A0W9T2_DATA0/RAW/2012/BULA/BULA201211110000a.T00,.t00,501520,ok,
/srv/gnss-archive/legacy/RECOVERED_SEAGATE_W2A0W9T2_DATA0/RAW/2012/BULA/BULA201211120000a.T00,.t00,499673,ok,
/srv/gnss-archive/legacy/RECOVERED_SEAGATE_W2A0W9T2_DATA0/RAW/2012/BULA/BULA201211130000a.T00,.t00,500098,ok,
/srv/gnss-archive/legacy/RECOVERED_SEAGATE_W2A0W9T2_DATA0/RAW/2012/BULA/BULA201211140000a.T00,.t00,511033,ok,
/srv/gnss-archive/legacy/RECOVERED_SEAGATE_W2A0W9T2_DATA0/RAW/2012/BULA/BULA201211150000a.T00,.t00,512018,ok,
/srv/gnss-archive/legacy/RECOVERED_SEAGATE_W2A0W9T2_DATA0/RAW/2012/BULA/BULA201211160000a.T00,.t00,514208,ok,
/srv/gnss-archive/legacy/RECOVERED_SEAGATE_W2A0W9T2_DATA0/RAW/2012/BULA/BULA201211170000a.T00,.t00,511960,ok,
/srv/gnss-archive/legacy/RECOVERED_SEAGATE_W2A0W9T2_DATA0/RAW/2012/BULA/BULA201211180000a.T00,.t00,511087,ok,
/srv/gnss-archive/legacy/RECOVERED_SEAGATE_W2A0W9T2_DATA0/RAW/2012/BULA/BULA201211190000a.T00,.t00,513468,ok,
/srv/gnss-archive/legacy/RECOVERED_SEAGATE_W2A0W9T2_DATA0/RAW/2012/BULA/BULA201211200000a.T00,.t00,514339,ok,
/srv/gnss-archive/legacy/RECOVERED_SEAGATE_W2A0W9T2_DATA0/RAW/2012/BULA/BULA201211210000a.T00,.t00,514079,ok,
/srv/gnss-archive/legacy/RECOVERED_SEAGATE_W2A0W9T2_DATA0/RAW/2012/BULA/BULA201211220000a.T00,.t00,514310,ok,
/srv/gnss-archive/legacy/RECOVERED_SEAGATE_W2A0W9T2_DATA0/RAW/2012/BULA/BULA201211230000a.T00,.t00,513195,ok,
/srv/gnss-archive/legacy/RECOVERED_SEAGATE_W2A0W9T2_DATA0/RAW/2012/BULA/BULA201211240000a.T00,.t00,513731,ok,
/srv/gnss-archive/legacy/RECOVERED_SEAGATE_W2A0W9T2_DATA0/RAW/2012/BULA/BULA201211250000a.T00,.t00,513182,ok,
/srv/gnss-archive/legacy/RECOVERED_SEAGATE_W2A0W9T2_DATA0/RAW/2012/BULA/BULA201211260000a.T00,.t00,513651,ok,
/srv/gnss-archive/legacy/RECOVERED_SEAGATE_W2A0W9T2_DATA0/RAW/2012/BULA/BULA201211270000a.T00,.t00,513414,ok,
/srv/gnss-archive/legacy/RECOVERED_SEAGATE_W2A0W9T2_DATA0/RAW/2012/BULA/BULA201211280000a.T00,.t00,511069,ok,
/srv/gnss-archive/legacy/RECOVERED_SEAGATE_W2A0W9T2_DATA0/RAW/2012/BULA/BULA201211290000a.T00,.t00,513945,ok,
/srv/gnss-archive/legacy/RECOVERED_SEAGATE_W2A0W9T2_DATA0/RAW/2012/BULA/BULA201211300000a.T00,.t00,512559,ok,
/srv/gnss-archive/legacy/RECOVERED_SEAGATE_W2A0W9T2_DATA0/RAW/2012/BULA/BULA201212010000a.T00,.t00,513785,ok,
/srv/gnss-archive/legacy/RECOVERED_SEAGATE_W2A0W9T2_DATA0/RAW/2012/BULA/BULA201212020000a.T00,.t00,512609,ok,
/srv/gnss-archive/legacy/RECOVERED_SEAGATE_W2A0W9T2_DATA0/RAW/2012/BULA/BULA201212030000a.T00,.t00,512412,ok,
/srv/gnss-archive/legacy/RECOVERED_SEAGATE_W2A0W9T2_DATA0/RAW/2012/BULA/BULA201212040000a.T00,.t00,515369,ok,
/srv/gnss-archive/legacy/RECOVERED_SEAGATE_W2A0W9T2_DATA0/RAW/2012/BULA/BULA201212050000a.T00,.t00,509918,ok,
/srv/gnss-archive/legacy/RECOVERED_SEAGATE_W2A0W9T2_DATA0/RAW/2012/BULA/BULA201212060000a.T00,.t00,509570,ok,
/srv/gnss-archive/legacy/RECOVERED_SEAGATE_W2A0W9T2_DATA0/RAW/2012/BULA/BULA201212070000a.T00,.t00,510589,ok,
/srv/gnss-archive/legacy/RECOVERED_SEAGATE_W2A0W9T2_DATA0/RAW/2012/BULA/BULA201212080000a.T00,.t00,509620,ok,
/srv/gnss-archive/legacy/RECOVERED_SEAGATE_W2A0W9T2_DATA0/RAW/2012/BULA/BULA201212090000a.T00,.t00,511765,ok,
/srv/gnss-archive/legacy/RECOVERED_SEAGATE_W2A0W9T2_DATA0/RAW/2012/BULA/BULA201212100000a.T00,.t00,511650,ok,
/srv/gnss-archive/legacy/RECOVERED_SEAGATE_W2A0W9T2_DATA0/RAW/2012/BULA/BULA201212110000a.T00,.t00,510379,ok,
/srv/gnss-archive/legacy/RECOVERED_SEAGATE_W2A0W9T2_DATA0/RAW/2012/BULA/BULA201212120000a.T00,.t00,514729,ok,
/srv/gnss-archive/legacy/RECOVERED_SEAGATE_W2A0W9T2_DATA0/RAW/2012/BULA/BULA201212130000a.T00,.t00,514409,ok,
/srv/gnss-archive/legacy/RECOVERED_SEAGATE_W2A0W9T2_DATA0/RAW/2012/BULA/BULA201212140000a.T00,.t00,513031,ok,
/srv/gnss-archive/legacy/RECOVERED_SEAGATE_W2A0W9T2_DATA0/RAW/2012/BULA/BULA201212150000a.T00,.t00,512644,ok,
/srv/gnss-archive/legacy/RECOVERED_SEAGATE_W2A0W9T2_DATA0/RAW/2012/BULA/BULA201212160000a.T00,.t00,512731,ok,
/srv/gnss-archive/legacy/RECOVERED_SEAGATE_W2A0W9T2_DATA0/RAW/2012/BULA/BULA201212170000a.T00,.t00,513856,ok,
/srv/gnss-archive/legacy/RECOVERED_SEAGATE_W2A0W9T2_DATA0/RAW/2012/BULA/BULA201212180000a.T00,.t00,514460,ok,
/srv/gnss-archive/legacy/RECOVERED_SEAGATE_W2A0W9T2_DATA0/RAW/2012/BULA/BULA201212190000a.T00,.t00,514319,ok,
/srv/gnss-archive/legacy/RECOVERED_SEAGATE_W2A0W9T2_DATA0/RAW/2012/BULA/BULA201212200000a.T00,.t00,514399,ok,
/srv/gnss-archive/legacy/RECOVERED_SEAGATE_W2A0W9T2_DATA0/RAW/2012/BULA/BULA201212210000a.T00,.t00,514090,ok,
/srv/gnss-archive/legacy/RECOVERED_SEAGATE_W2A0W9T2_DATA0/RAW/2012/BULA/BULA201212220000a.T00,.t00,514610,ok,
/srv/gnss-archive/legacy/RECOVERED_SEAGATE_W2A0W9T2_DATA0/RAW/2012/BULA/BULA201212230000a.T00,.t00,514540,ok,
/srv/gnss-archive/legacy/RECOVERED_SEAGATE_W2A0W9T2_DATA0/RAW/2012/BULA/BULA201212240000a.T00,.t00,514153,ok,
/srv/gnss-archive/legacy/RECOVERED_SEAGATE_W2A0W9T2_DATA0/RAW/2012/BULA/BULA201212250000a.T00,.t00,515856,ok,
/srv/gnss-archive/legacy/RECOVERED_SEAGATE_W2A0W9T2_DATA0/RAW/2012/BULA/BULA201212260000a.T00,.t00,515752,ok,
/srv/gnss-archive/legacy/RECOVERED_SEAGATE_W2A0W9T2_DATA0/RAW/2012/BULA/BULA201212270000a.T00,.t00,515819,ok,
/srv/gnss-archive/legacy/RECOVERED_SEAGATE_W2A0W9T2_DATA0/RAW/2012/BULA/BULA201212280000a.T00,.t00,515140,ok,
/srv/gnss-archive/legacy/RECOVERED_SEAGATE_W2A0W9T2_DATA0/RAW/2012/BULA/BULA201212290000a.T00,.t00,514824,ok,
/srv/gnss-archive/legacy/RECOVERED_SEAGATE_W2A0W9T2_DATA0/RAW/2012/BULA/BULA201212300000a.T00,.t00,514811,ok,
/srv/gnss-archive/legacy/RECOVERED_SEAGATE_W2A0W9T2_DATA0/RAW/2012/BULA/BULA201212310000a.T00,.t00,515545,ok,
/srv/gnss-archive/legacy/RECOVERED_SEAGATE_W2A0W9T2_DATA0/RAW/2012/CATA/cata201205140000a.T02,.t02,1779304,ok,
/srv/gnss-archive/legacy/RECOVERED_SEAGATE_W2A0W9T2_DATA0/RAW/2012/CATA/cata201204240000a.T02,.t02,1021943,ok,
/srv/gnss-archive/legacy/RECOVERED_SEAGATE_W2A0W9T2_DATA0/RAW/2012/CATA/cata201205140000a.dat,.dat,4033544,ok,
/srv/gnss-archive/legacy/RECOVERED_SEAGATE_W2A0W9T2_DATA0/RAW/2012/CATA/cata201204240000a.dat,.dat,2380004,ok,
/srv/gnss-archive/legacy/RECOVERED_SEAGATE_W2A0W9T2_DATA0/RAW/2012/CATA/cata201205150000a.T02,.t02,1770768,ok,
/srv/gnss-archive/legacy/RECOVERED_SEAGATE_W2A0W9T2_DATA0/RAW/2012/CATA/cata201204250000a.T02,.t02,1770636,ok,
/srv/gnss-archive/legacy/RECOVERED_SEAGATE_W2A0W9T2_DATA0/RAW/2012/CATA/cata201205150000a.dat,.dat,4033130,ok,
/srv/gnss-archive/legacy/RECOVERED_SEAGATE_W2A0W9T2_DATA0/RAW/2012/CATA/cata201204250000a.dat,.dat,4033806,ok,
/srv/gnss-archive/legacy/RECOVERED_SEAGATE_W2A0W9T2_DATA0/RAW/2012/CATA/cata201205160000a.dat,.dat,4034990,ok,
/srv/gnss-archive/legacy/RECOVERED_SEAGATE_W2A0W9T2_DATA0/RAW/2012/CATA/cata201204260000a.T02,.t02,1779211,ok,
/srv/gnss-archive/legacy/RECOVERED_SEAGATE_W2A0W9T2_DATA0/RAW/2012/CATA/cata201205160000a.T02,.t02,1770554,ok,
/srv/gnss-archive/legacy/RECOVERED_SEAGATE_W2A0W9T2_DATA0/RAW/2012/CATA/cata201204260000a.dat,.dat,4033093,ok,
/srv/gnss-archive/legacy/RECOVERED_SEAGATE_W2A0W9T2_DATA0/RAW/2012/CATA/cata201205170000a.T02,.t02,1766517,ok,
/srv/gnss-archive/legacy/RECOVERED_SEAGATE_W2A0W9T2_DATA0/RAW/2012/CATA/cata201204270000a.T02,.t02,1776564,ok,
/srv/gnss-archive/legacy/RECOVERED_SEAGATE_W2A0W9T2_DATA0/RAW/2012/CATA/cata201205170000a.dat,.dat,4032920,ok,
/srv/gnss-archive/legacy/RECOVERED_SEAGATE_W2A0W9T2_DATA0/RAW/2012/CATA/cata201204270000a.dat,.dat,4032947,ok,
/srv/gnss-archive/legacy/RECOVERED_SEAGATE_W2A0W9T2_DATA0/RAW/2012/CATA/cata201205180000a.T02,.t02,1771534,ok,
/srv/gnss-archive/legacy/RECOVERED_SEAGATE_W2A0W9T2_DATA0/RAW/2012/CATA/cata201204280000a.T02,.t02,1791245,ok,
/srv/gnss-archive/legacy/RECOVERED_SEAGATE_W2A0W9T2_DATA0/RAW/2012/CATA/cata201205180000a.dat,.dat,4033386,ok,
/srv/gnss-archive/legacy/RECOVERED_SEAGATE_W2A0W9T2_DATA0/RAW/2012/CATA/cata201204280000a.dat,.dat,4034335,ok,
/srv/gnss-archive/legacy/RECOVERED_SEAGATE_W2A0W9T2_DATA0/RAW/2012/CATA/cata201205210000a.dat,.dat,4030494,ok,
/srv/gnss-archive/legacy/RECOVERED_SEAGATE_W2A0W9T2_DATA0/RAW/2012/CATA/cata201204290000a.T02,.t02,1777091,ok,
/srv/gnss-archive/legacy/RECOVERED_SEAGATE_W2A0W9T2_DATA0/RAW/2012/CATA/cata201205220000a.T02,.t02,1767061,ok,
/srv/gnss-archive/legacy/RECOVERED_SEAGATE_W2A0W9T2_DATA0/RAW/2012/CATA/cata201204290000a.dat,.dat,4035055,ok,
/srv/gnss-archive/legacy/RECOVERED_SEAGATE_W2A0W9T2_DATA0/RAW/2012/CATA/cata201205220000a.dat,.dat,4029434,ok,
/srv/gnss-archive/legacy/RECOVERED_SEAGATE_W2A0W9T2_DATA0/RAW/2012/CATA/cata201204300000a.T02,.t02,1778599,ok,
/srv/gnss-archive/legacy/RECOVERED_SEAGATE_W2A0W9T2_DATA0/RAW/2012/CATA/cata201205230000a.T02,.t02,1771470,ok,
/srv/gnss-archive/legacy/RECOVERED_SEAGATE_W2A0W9T2_DATA0/RAW/2012/CATA/cata201204300000a.dat,.dat,4035001,ok,
/srv/gnss-archive/legacy/RECOVERED_SEAGATE_W2A0W9T2_DATA0/RAW/2012/CATA/cata201205230000a.dat,.dat,4030728,ok,
/srv/gnss-archive/legacy/RECOVERED_SEAGATE_W2A0W9T2_DATA0/RAW/2012/CATA/cata201205010000a.T02,.t02,1779066,ok,
/srv/gnss-archive/legacy/RECOVERED_SEAGATE_W2A0W9T2_DATA0/RAW/2012/CATA/cata201205240000a.T02,.t02,1768260,ok,
/srv/gnss-archive/legacy/RECOVERED_SEAGATE_W2A0W9T2_DATA0/RAW/2012/CATA/cata201205010000a.dat,.dat,4033427,ok,
/srv/gnss-archive/legacy/RECOVERED_SEAGATE_W2A0W9T2_DATA0/RAW/2012/CATA/cata201205240000a.dat,.dat,4030016,ok,
/srv/gnss-archive/legacy/RECOVERED_SEAGATE_W2A0W9T2_DATA0/RAW/2012/CATA/cata201205020000a.T02,.t02,1808356,ok,
/srv/gnss-archive/legacy/RECOVERED_SEAGATE_W2A0W9T2_DATA0/RAW/2012/CATA/cata201205250000a.T02,.t02,1764859,ok,
/srv/gnss-archive/legacy/RECOVERED_SEAGATE_W2A0W9T2_DATA0/RAW/2012/CATA/cata201205020000a.dat,.dat,4028489,ok,
/srv/gnss-archive/legacy/RECOVERED_SEAGATE_W2A0W9T2_DATA0/RAW/2012/CATA/cata201205250000a.dat,.dat,4030876,ok,
/srv/gnss-archive/legacy/RECOVERED_SEAGATE_W2A0W9T2_DATA0/RAW/2012/CATA/cata201205030000a.T02,.t02,1783800,ok,
/srv/gnss-archive/legacy/RECOVERED_SEAGATE_W2A0W9T2_DATA0/RAW/2012/CATA/cata201205260000a.T02,.t02,1764790,ok,
/srv/gnss-archive/legacy/RECOVERED_SEAGATE_W2A0W9T2_DATA0/RAW/2012/CATA/cata201205030000a.dat,.dat,4033701,ok,
/srv/gnss-archive/legacy/RECOVERED_SEAGATE_W2A0W9T2_DATA0/RAW/2012/CATA/cata201205260000a.dat,.dat,4030530,ok,
/srv/gnss-archive/legacy/RECOVERED_SEAGATE_W2A0W9T2_DATA0/RAW/2012/CATA/cata201205040000a.T02,.t02,1767895,ok,
/srv/gnss-archive/legacy/RECOVERED_SEAGATE_W2A0W9T2_DATA0/RAW/2012/CATA/cata201205270000a.T02,.t02,1757816,ok,
/srv/gnss-archive/legacy/RECOVERED_SEAGATE_W2A0W9T2_DATA0/RAW/2012/CATA/cata201205040000a.dat,.dat,4033571,ok,
/srv/gnss-archive/legacy/RECOVERED_SEAGATE_W2A0W9T2_DATA0/RAW/2012/CATA/cata201205270000a.dat,.dat,4030452,ok,
/srv/gnss-archive/legacy/RECOVERED_SEAGATE_W2A0W9T2_DATA0/RAW/2012/CATA/cata201205050000a.T02,.t02,1770686,ok,
/srv/gnss-archive/legacy/RECOVERED_SEAGATE_W2A0W9T2_DATA0/RAW/2012/CATA/cata201205280000a.T02,.t02,1767225,ok,
/srv/gnss-archive/legacy/RECOVERED_SEAGATE_W2A0W9T2_DATA0/RAW/2012/CATA/cata201205050000a.dat,.dat,4034493,ok,
/srv/gnss-archive/legacy/RECOVERED_SEAGATE_W2A0W9T2_DATA0/RAW/2012/CATA/cata201205280000a.dat,.dat,4031580,ok,
/srv/gnss-archive/legacy/RECOVERED_SEAGATE_W2A0W9T2_DATA0/RAW/2012/CATA/cata201205060000a.T02,.t02,1773652,ok,
/srv/gnss-archive/legacy/RECOVERED_SEAGATE_W2A0W9T2_DATA0/RAW/2012/CATA/cata201205290000a.T02,.t02,1768764,ok,
/srv/gnss-archive/legacy/RECOVERED_SEAGATE_W2A0W9T2_DATA0/RAW/2012/CATA/cata201205060000a.dat,.dat,4036909,ok,
/srv/gnss-archive/legacy/RECOVERED_SEAGATE_W2A0W9T2_DATA0/RAW/2012/CATA/cata201205290000a.dat,.dat,4030234,ok,
/srv/gnss-archive/legacy/RECOVERED_SEAGATE_W2A0W9T2_DATA0/RAW/2012/CATA/cata201205070000a.T02,.t02,1771267,ok,
/srv/gnss-archive/legacy/RECOVERED_SEAGATE_W2A0W9T2_DATA0/RAW/2012/CATA/cata201205300000a.T02,.t02,1768069,ok,
/srv/gnss-archive/legacy/RECOVERED_SEAGATE_W2A0W9T2_DATA0/RAW/2012/CATA/cata201205070000a.dat,.dat,4036574,ok,
/srv/gnss-archive/legacy/RECOVERED_SEAGATE_W2A0W9T2_DATA0/RAW/2012/CATA/cata201205300000a.dat,.dat,4029524,ok,
/srv/gnss-archive/legacy/RECOVERED_SEAGATE_W2A0W9T2_DATA0/RAW/2012/CATA/cata201205080000a.T02,.t02,1766883,ok,
/srv/gnss-archive/legacy/RECOVERED_SEAGATE_W2A0W9T2_DATA0/RAW/2012/CATA/cata201205310000a.T02,.t02,1764535,ok,
/srv/gnss-archive/legacy/RECOVERED_SEAGATE_W2A0W9T2_DATA0/RAW/2012/CATA/cata201205080000a.dat,.dat,4036458,ok,
/srv/gnss-archive/legacy/RECOVERED_SEAGATE_W2A0W9T2_DATA0/RAW/2012/CATA/cata201205310000a.dat,.dat,4033156,ok,
/srv/gnss-archive/legacy/RECOVERED_SEAGATE_W2A0W9T2_DATA0/RAW/2012/CATA/cata201205090000a.T02,.t02,1774041,ok,
/srv/gnss-archive/legacy/RECOVERED_SEAGATE_W2A0W9T2_DATA0/RAW/2012/CATA/cata201206010000a.T02,.t02,1765116,ok,
/srv/gnss-archive/legacy/RECOVERED_SEAGATE_W2A0W9T2_DATA0/RAW/2012/CATA/cata201205090000a.dat,.dat,4036192,ok,
/srv/gnss-archive/legacy/RECOVERED_SEAGATE_W2A0W9T2_DATA0/RAW/2012/CATA/cata201206010000a.dat,.dat,4031470,ok,
/srv/gnss-archive/legacy/RECOVERED_SEAGATE_W2A0W9T2_DATA0/RAW/2012/CATA/cata201205100000a.T02,.t02,1781754,ok,
/srv/gnss-archive/legacy/RECOVERED_SEAGATE_W2A0W9T2_DATA0/RAW/2012/CATA/cata201206020000a.T02,.t02,1763405,ok,
/srv/gnss-archive/legacy/RECOVERED_SEAGATE_W2A0W9T2_DATA0/RAW/2012/CATA/cata201205100000a.dat,.dat,4035818,ok,
/srv/gnss-archive/legacy/RECOVERED_SEAGATE_W2A0W9T2_DATA0/RAW/2012/CATA/cata201206020000a.dat,.dat,4030664,ok,
/srv/gnss-archive/legacy/RECOVERED_SEAGATE_W2A0W9T2_DATA0/RAW/2012/CATA/cata201205110000a.T02,.t02,1772189,ok,
/srv/gnss-archive/legacy/RECOVERED_SEAGATE_W2A0W9T2_DATA0/RAW/2012/CATA/cata201206030000a.T02,.t02,1768728,ok,
/srv/gnss-archive/legacy/RECOVERED_SEAGATE_W2A0W9T2_DATA0/RAW/2012/CATA/cata201205110000a.dat,.dat,4036078,ok,
/srv/gnss-archive/legacy/RECOVERED_SEAGATE_W2A0W9T2_DATA0/RAW/2012/CATA/cata201206030000a.dat,.dat,4029336,ok,
/srv/gnss-archive/legacy/RECOVERED_SEAGATE_W2A0W9T2_DATA0/RAW/2012/CATA/cata201205120000a.T02,.t02,1765399,ok,
/srv/gnss-archive/legacy/RECOVERED_SEAGATE_W2A0W9T2_DATA0/RAW/2012/CATA/cata201206040000a.T02,.t02,1767419,ok,
/srv/gnss-archive/legacy/RECOVERED_SEAGATE_W2A0W9T2_DATA0/RAW/2012/CATA/cata201205120000a.dat,.dat,4035544,ok,
/srv/gnss-archive/legacy/RECOVERED_SEAGATE_W2A0W9T2_DATA0/RAW/2012/CATA/cata201206040000a.dat,.dat,4029350,ok,
/srv/gnss-archive/legacy/RECOVERED_SEAGATE_W2A0W9T2_DATA0/RAW/2012/CATA/cata201205130000a.T02,.t02,1770247,ok,
/srv/gnss-archive/legacy/RECOVERED_SEAGATE_W2A0W9T2_DATA0/RAW/2012/CATA/cata201206050000a.T02,.t02,1766543,ok,
/srv/gnss-archive/legacy/RECOVERED_SEAGATE_W2A0W9T2_DATA0/RAW/2012/CATA/cata201205130000a.dat,.dat,4036228,ok,
/srv/gnss-archive/legacy/RECOVERED_SEAGATE_W2A0W9T2_DATA0/RAW/2012/CATA/cata201205190000a.T02,.t02,1785056,ok,
/srv/gnss-archive/legacy/RECOVERED_SEAGATE_W2A0W9T2_DATA0/RAW/2012/CATA/cata201206050000a.dat,.dat,4029852,ok,
/srv/gnss-archive/legacy/RECOVERED_SEAGATE_W2A0W9T2_DATA0/RAW/2012/CATA/cata201205190000a.dat,.dat,4030468,ok,
/srv/gnss-archive/legacy/RECOVERED_SEAGATE_W2A0W9T2_DATA0/RAW/2012/CATA/cata201206060000a.T02,.t02,1771940,ok,
/srv/gnss-archive/legacy/RECOVERED_SEAGATE_W2A0W9T2_DATA0/RAW/2012/CATA/cata201205200000a.T02,.t02,1769552,ok,
/srv/gnss-archive/legacy/RECOVERED_SEAGATE_W2A0W9T2_DATA0/RAW/2012/CATA/cata201206060000a.dat,.dat,4029358,ok,
/srv/gnss-archive/legacy/RECOVERED_SEAGATE_W2A0W9T2_DATA0/RAW/2012/CATA/cata201205200000a.dat,.dat,4032288,ok,
/srv/gnss-archive/legacy/RECOVERED_SEAGATE_W2A0W9T2_DATA0/RAW/2012/CATA/cata201206070000a.T02,.t02,1767241,ok,
/srv/gnss-archive/legacy/RECOVERED_SEAGATE_W2A0W9T2_DATA0/RAW/2012/CATA/cata201205210000a.T02,.t02,1771179,ok,
/srv/gnss-archive/legacy/RECOVERED_SEAGATE_W2A0W9T2_DATA0/RAW/2012/CATA/cata201206070000a.dat,.dat,4029276,ok,
/srv/gnss-archive/legacy/RECOVERED_SEAGATE_W2A0W9T2_DATA0/RAW/2012/CATA/cata201206080000a.T02,.t02,1762063,ok,
/srv/gnss-archive/legacy/RECOVERED_SEAGATE_W2A0W9T2_DATA0/RAW/2012/CATA/cata201206080000a.dat,.dat,4030106,ok,
/srv/gnss-archive/legacy/RECOVERED_SEAGATE_W2A0W9T2_DATA0/RAW/2012/CATA/cata201206090000a.T02,.t02,1761729,ok,
/srv/gnss-archive/legacy/RECOVERED_SEAGATE_W2A0W9T2_DATA0/RAW/2012/CATA/cata201206090000a.dat,.dat,4029516,ok,
/srv/gnss-archive/legacy/RECOVERED_SEAGATE_W2A0W9T2_DATA0/RAW/2012/CATA/cata201206100000a.T02,.t02,1766295,ok,
/srv/gnss-archive/legacy/RECOVERED_SEAGATE_W2A0W9T2_DATA0/RAW/2012/CATA/cata201206100000a.dat,.dat,4028270,ok,
/srv/gnss-archive/legacy/RECOVERED_SEAGATE_W2A0W9T2_DATA0/RAW/2012/CATA/cata201206110000a.T02,.t02,1768651,ok,
/srv/gnss-archive/legacy/RECOVERED_SEAGATE_W2A0W9T2_DATA0/RAW/2012/CATA/cata201206110000a.dat,.dat,4029690,ok,
/srv/gnss-archive/legacy/RECOVERED_SEAGATE_W2A0W9T2_DATA0/RAW/2012/CATA/cata201206120000a.T02,.t02,1761045,ok,
/srv/gnss-archive/legacy/RECOVERED_SEAGATE_W2A0W9T2_DATA0/RAW/2012/CATA/cata201206120000a.dat,.dat,4028838,ok,
/srv/gnss-archive/legacy/RECOVERED_SEAGATE_W2A0W9T2_DATA0/RAW/2012/CATA/cata201206130000a.T02,.t02,1772076,ok,
/srv/gnss-archive/legacy/RECOVERED_SEAGATE_W2A0W9T2_DATA0/RAW/2012/CATA/cata201206130000a.dat,.dat,4027620,ok,
/srv/gnss-archive/legacy/RECOVERED_SEAGATE_W2A0W9T2_DATA0/RAW/2012/CATA/cata201206140000a.T02,.t02,1759975,ok,
/srv/gnss-archive/legacy/RECOVERED_SEAGATE_W2A0W9T2_DATA0/RAW/2012/CATA/cata201206140000a.dat,.dat,4029334,ok,
/srv/gnss-archive/legacy/RECOVERED_SEAGATE_W2A0W9T2_DATA0/RAW/2012/CATA/cata201206150000a.T02,.t02,1764608,ok,
/srv/gnss-archive/legacy/RECOVERED_SEAGATE_W2A0W9T2_DATA0/RAW/2012/CATA/cata201206150000a.dat,.dat,4029779,ok,
/srv/gnss-archive/legacy/RECOVERED_SEAGATE_W2A0W9T2_DATA0/RAW/2012/CATA/cata201206160000a.T02,.t02,1764051,ok,
/srv/gnss-archive/legacy/RECOVERED_SEAGATE_W2A0W9T2_DATA0/RAW/2012/CATA/cata201206160000a.dat,.dat,4028567,ok,
/srv/gnss-archive/legacy/RECOVERED_SEAGATE_W2A0W9T2_DATA0/RAW/2012/CATA/cata201206170000a.T02,.t02,1781060,ok,
/srv/gnss-archive/legacy/RECOVERED_SEAGATE_W2A0W9T2_DATA0/RAW/2012/CATA/cata201206170000a.dat,.dat,4026809,ok,
/srv/gnss-archive/legacy/RECOVERED_SEAGATE_W2A0W9T2_DATA0/RAW/2012/CATA/cata201206180000a.T02,.t02,1765264,ok,
/srv/gnss-archive/legacy/RECOVERED_SEAGATE_W2A0W9T2_DATA0/RAW/2012/CATA/cata201206180000a.dat,.dat,4027975,ok,
/srv/gnss-archive/legacy/RECOVERED_SEAGATE_W2A0W9T2_DATA0/RAW/2012/CATA/cata201206190000a.T02,.t02,1763232,ok,
/srv/gnss-archive/legacy/RECOVERED_SEAGATE_W2A0W9T2_DATA0/RAW/2012/CATA/cata201206190000a.dat,.dat,4027327,ok,
/srv/gnss-archive/legacy/RECOVERED_SEAGATE_W2A0W9T2_DATA0/RAW/2012/CATA/cata201206200000a.T02,.t02,1762967,ok,
/srv/gnss-archive/legacy/RECOVERED_SEAGATE_W2A0W9T2_DATA0/RAW/2012/CATA/cata201206200000a.dat,.dat,4026785,ok,
/srv/gnss-archive/legacy/RECOVERED_SEAGATE_W2A0W9T2_DATA0/RAW/2012/CATA/cata201206210000a.T02,.t02,1766974,ok,
/srv/gnss-archive/legacy/RECOVERED_SEAGATE_W2A0W9T2_DATA0/RAW/2012/CATA/cata201206210000a.dat,.dat,4028101,ok,
/srv/gnss-archive/legacy/RECOVERED_SEAGATE_W2A0W9T2_DATA0/RAW/2012/CATA/cata201206220000a.T02,.t02,1764247,ok,
/srv/gnss-archive/legacy/RECOVERED_SEAGATE_W2A0W9T2_DATA0/RAW/2012/CATA/cata201206220000a.dat,.dat,4026397,ok,
/srv/gnss-archive/legacy/RECOVERED_SEAGATE_W2A0W9T2_DATA0/RAW/2012/CATA/cata201206230000a.T02,.t02,1759197,ok,
/srv/gnss-archive/legacy/RECOVERED_SEAGATE_W2A0W9T2_DATA0/RAW/2012/CATA/cata201206230000a.dat,.dat,4024059,ok,
/srv/gnss-archive/legacy/RECOVERED_SEAGATE_W2A0W9T2_DATA0/RAW/2012/CATA/cata201206240000a.T02,.t02,1758415,ok,
/srv/gnss-archive/legacy/RECOVERED_SEAGATE_W2A0W9T2_DATA0/RAW/2012/CATA/cata201206240000a.dat,.dat,4024055,ok,
/srv/gnss-archive/legacy/RECOVERED_SEAGATE_W2A0W9T2_DATA0/RAW/2012/CATA/cata201206250000a.T02,.t02,1761455,ok,
/srv/gnss-archive/legacy/RECOVERED_SEAGATE_W2A0W9T2_DATA0/RAW/2012/CATA/cata201206250000a.dat,.dat,4025672,ok,
/srv/gnss-archive/legacy/RECOVERED_SEAGATE_W2A0W9T2_DATA0/RAW/2012/CATA/cata201206260000a.T02,.t02,1760127,ok,
/srv/gnss-archive/legacy/RECOVERED_SEAGATE_W2A0W9T2_DATA0/RAW/2012/CATA/cata201206260000a.dat,.dat,4023974,ok,
/srv/gnss-archive/legacy/RECOVERED_SEAGATE_W2A0W9T2_DATA0/RAW/2012/CATA/cata201206270000a.T02,.t02,1765632,ok,
/srv/gnss-archive/legacy/RECOVERED_SEAGATE_W2A0W9T2_DATA0/RAW/2012/CATA/cata201206270000a.dat,.dat,4025144,ok,
/srv/gnss-archive/legacy/RECOVERED_SEAGATE_W2A0W9T2_DATA0/RAW/2012/CATA/cata201206280000a.T02,.t02,1759512,ok,
/srv/gnss-archive/legacy/RECOVERED_SEAGATE_W2A0W9T2_DATA0/RAW/2012/CATA/cata201206280000a.dat,.dat,4025642,ok,
/srv/gnss-archive/legacy/RECOVERED_SEAGATE_W2A0W9T2_DATA0/RAW/2012/CATA/cata201206290000a.T02,.t02,1763502,ok,
/srv/gnss-archive/legacy/RECOVERED_SEAGATE_W2A0W9T2_DATA0/RAW/2012/CATA/cata201206290000a.dat,.dat,4025056,ok,
/srv/gnss-archive/legacy/RECOVERED_SEAGATE_W2A0W9T2_DATA0/RAW/2012/CATA/cata201206300000a.T02,.t02,1763867,ok,
/srv/gnss-archive/legacy/RECOVERED_SEAGATE_W2A0W9T2_DATA0/RAW/2012/CATA/cata201206300000a.dat,.dat,4024314,ok,
/srv/gnss-archive/legacy/RECOVERED_SEAGATE_W2A0W9T2_DATA0/RAW/2012/CATA/cata201207010000a.T02,.t02,1678153,ok,
/srv/gnss-archive/legacy/RECOVERED_SEAGATE_W2A0W9T2_DATA0/RAW/2012/CATA/cata201207010000a.dat,.dat,4021086,ok,
/srv/gnss-archive/legacy/RECOVERED_SEAGATE_W2A0W9T2_DATA0/RAW/2012/CATA/cata201207020000a.T02,.t02,1764090,ok,
/srv/gnss-archive/legacy/RECOVERED_SEAGATE_W2A0W9T2_DATA0/RAW/2012/CATA/cata201207020000a.dat,.dat,4021290,ok,
/srv/gnss-archive/legacy/RECOVERED_SEAGATE_W2A0W9T2_DATA0/RAW/2012/CATA/cata201207030000a.T02,.t02,1768922,ok,
/srv/gnss-archive/legacy/RECOVERED_SEAGATE_W2A0W9T2_DATA0/RAW/2012/CATA/cata201207030000a.dat,.dat,4021498,ok,
/srv/gnss-archive/legacy/RECOVERED_SEAGATE_W2A0W9T2_DATA0/RAW/2012/CATA/cata201207040000a.T02,.t02,1762652,ok,
/srv/gnss-archive/legacy/RECOVERED_SEAGATE_W2A0W9T2_DATA0/RAW/2012/CATA/cata201207040000a.dat,.dat,4022046,ok,
/srv/gnss-archive/legacy/RECOVERED_SEAGATE_W2A0W9T2_DATA0/RAW/2012/CATA/cata201207050000a.T02,.t02,1769617,ok,
/srv/gnss-archive/legacy/RECOVERED_SEAGATE_W2A0W9T2_DATA0/RAW/2012/CATA/cata201207050000a.dat,.dat,4022056,ok,
/srv/gnss-archive/legacy/RECOVERED_SEAGATE_W2A0W9T2_DATA0/RAW/2012/CATA/cata201207060000a.T02,.t02,1760896,ok,
/srv/gnss-archive/legacy/RECOVERED_SEAGATE_W2A0W9T2_DATA0/RAW/2012/CATA/cata201207060000a.dat,.dat,4022712,ok,
/srv/gnss-archive/legacy/RECOVERED_SEAGATE_W2A0W9T2_DATA0/RAW/2012/CATA/cata201207070000a.T02,.t02,1760720,ok,
/srv/gnss-archive/legacy/RECOVERED_SEAGATE_W2A0W9T2_DATA0/RAW/2012/CATA/cata201207070000a.dat,.dat,4023856,ok,
/srv/gnss-archive/legacy/RECOVERED_SEAGATE_W2A0W9T2_DATA0/RAW/2012/CATA/cata201207080000a.T02,.t02,1762130,ok,
/srv/gnss-archive/legacy/RECOVERED_SEAGATE_W2A0W9T2_DATA0/RAW/2012/CATA/cata201207080000a.dat,.dat,4023162,ok,
/srv/gnss-archive/legacy/RECOVERED_SEAGATE_W2A0W9T2_DATA0/RAW/2012/CATA/cata201207090000a.T02,.t02,1766387,ok,
/srv/gnss-archive/legacy/RECOVERED_SEAGATE_W2A0W9T2_DATA0/RAW/2012/CATA/cata201207090000a.dat,.dat,4021890,ok,
/srv/gnss-archive/legacy/RECOVERED_SEAGATE_W2A0W9T2_DATA0/RAW/2012/CATA/cata201207100000a.T02,.t02,1762286,ok,
/srv/gnss-archive/legacy/RECOVERED_SEAGATE_W2A0W9T2_DATA0/RAW/2012/CATA/cata201207100000a.dat,.dat,4020356,ok,
/srv/gnss-archive/legacy/RECOVERED_SEAGATE_W2A0W9T2_DATA0/RAW/2012/CATA/cata201207110000a.T02,.t02,1757413,ok,
/srv/gnss-archive/legacy/RECOVERED_SEAGATE_W2A0W9T2_DATA0/RAW/2012/CATA/cata201207110000a.dat,.dat,4020804,ok,
/srv/gnss-archive/legacy/RECOVERED_SEAGATE_W2A0W9T2_DATA0/RAW/2012/CATA/cata201207120000a.T02,.t02,1757333,ok,
/srv/gnss-archive/legacy/RECOVERED_SEAGATE_W2A0W9T2_DATA0/RAW/2012/CATA/cata201207120000a.dat,.dat,4020164,ok,
/srv/gnss-archive/legacy/RECOVERED_SEAGATE_W2A0W9T2_DATA0/RAW/2012/CATA/cata201207130000a.T02,.t02,1774354,ok,
/srv/gnss-archive/legacy/RECOVERED_SEAGATE_W2A0W9T2_DATA0/RAW/2012/CATA/cata201207130000a.dat,.dat,4020896,ok,
/srv/gnss-archive/legacy/RECOVERED_SEAGATE_W2A0W9T2_DATA0/RAW/2012/CATA/cata201207140000a.T02,.t02,1764154,ok,
/srv/gnss-archive/legacy/RECOVERED_SEAGATE_W2A0W9T2_DATA0/RAW/2012/CATA/cata201207140000a.dat,.dat,4018724,ok,
/srv/gnss-archive/legacy/RECOVERED_SEAGATE_W2A0W9T2_DATA0/RAW/2012/CATA/cata201207150000a.T02,.t02,1762262,ok,
/srv/gnss-archive/legacy/RECOVERED_SEAGATE_W2A0W9T2_DATA0/RAW/2012/CATA/cata201207150000a.dat,.dat,4018182,ok,
/srv/gnss-archive/legacy/RECOVERED_SEAGATE_W2A0W9T2_DATA0/RAW/2012/CATA/cata201207160000a.T02,.t02,1757721,ok,
/srv/gnss-archive/legacy/RECOVERED_SEAGATE_W2A0W9T2_DATA0/RAW/2012/CATA/cata201207160000a.dat,.dat,4018078,ok,
/srv/gnss-archive/legacy/RECOVERED_SEAGATE_W2A0W9T2_DATA0/RAW/2012/CATA/cata201207170000a.T02,.t02,1756893,ok,
/srv/gnss-archive/legacy/RECOVERED_SEAGATE_W2A0W9T2_DATA0/RAW/2012/CATA/cata201207170000a.dat,.dat,4017344,ok,
/srv/gnss-archive/legacy/RECOVERED_SEAGATE_W2A0W9T2_DATA0/RAW/2012/CATA/cata201207180000a.T02,.t02,1760598,ok,
/srv/gnss-archive/legacy/RECOVERED_SEAGATE_W2A0W9T2_DATA0/RAW/2012/CATA/cata201207180000a.dat,.dat,4016300,ok,
/srv/gnss-archive/legacy/RECOVERED_SEAGATE_W2A0W9T2_DATA0/RAW/2012/CATA/cata201207190000a.T02,.t02,1725405,ok,
/srv/gnss-archive/legacy/RECOVERED_SEAGATE_W2A0W9T2_DATA0/RAW/2012/CATA/cata201207190000a.dat,.dat,4015012,ok,
/srv/gnss-archive/legacy/RECOVERED_SEAGATE_W2A0W9T2_DATA0/RAW/2012/CATA/cata201207200000a.T02,.t02,1696629,ok,
/srv/gnss-archive/legacy/RECOVERED_SEAGATE_W2A0W9T2_DATA0/RAW/2012/CATA/cata201207200000a.dat,.dat,4014204,ok,
/srv/gnss-archive/legacy/RECOVERED_SEAGATE_W2A0W9T2_DATA0/RAW/2012/CATA/cata201207210000a.T02,.t02,1699724,ok,
/srv/gnss-archive/legacy/RECOVERED_SEAGATE_W2A0W9T2_DATA0/RAW/2012/CATA/cata201207210000a.dat,.dat,4013526,ok,
/srv/gnss-archive/legacy/RECOVERED_SEAGATE_W2A0W9T2_DATA0/RAW/2012/CATA/cata201207220000a.T02,.t02,1711304,ok,
/srv/gnss-archive/legacy/RECOVERED_SEAGATE_W2A0W9T2_DATA0/RAW/2012/CATA/cata201207220000a.dat,.dat,4012774,ok,
/srv/gnss-archive/legacy/RECOVERED_SEAGATE_W2A0W9T2_DATA0/RAW/2012/CATA/cata201207230000a.T02,.t02,1756519,ok,
/srv/gnss-archive/legacy/RECOVERED_SEAGATE_W2A0W9T2_DATA0/RAW/2012/CATA/cata201207230000a.dat,.dat,4012650,ok,
/srv/gnss-archive/legacy/RECOVERED_SEAGATE_W2A0W9T2_DATA0/RAW/2012/CATA/cata201207240000a.T02,.t02,1752876,ok,
/srv/gnss-archive/legacy/RECOVERED_SEAGATE_W2A0W9T2_DATA0/RAW/2012/CATA/cata201207240000a.dat,.dat,4012382,ok,
/srv/gnss-archive/legacy/RECOVERED_SEAGATE_W2A0W9T2_DATA0/RAW/2012/CATA/cata201207250000a.T02,.t02,1714933,ok,
/srv/gnss-archive/legacy/RECOVERED_SEAGATE_W2A0W9T2_DATA0/RAW/2012/CATA/cata201207250000a.dat,.dat,4013948,ok,
/srv/gnss-archive/legacy/RECOVERED_SEAGATE_W2A0W9T2_DATA0/RAW/2012/CATA/cata201207260000a.T02,.t02,1733677,ok,
/srv/gnss-archive/legacy/RECOVERED_SEAGATE_W2A0W9T2_DATA0/RAW/2012/CATA/cata201207260000a.dat,.dat,4011890,ok,
/srv/gnss-archive/legacy/RECOVERED_SEAGATE_W2A0W9T2_DATA0/RAW/2012/CATA/cata201207270000a.T02,.t02,1757319,ok,
/srv/gnss-archive/legacy/RECOVERED_SEAGATE_W2A0W9T2_DATA0/RAW/2012/CATA/cata201207270000a.dat,.dat,4012344,ok,
/srv/gnss-archive/legacy/RECOVERED_SEAGATE_W2A0W9T2_DATA0/RAW/2012/CATA/cata201207280000a.T02,.t02,1759438,ok,
/srv/gnss-archive/legacy/RECOVERED_SEAGATE_W2A0W9T2_DATA0/RAW/2012/CATA/cata201207280000a.dat,.dat,4012044,ok,
/srv/gnss-archive/legacy/RECOVERED_SEAGATE_W2A0W9T2_DATA0/RAW/2012/CATA/cata201207290000a.T02,.t02,1762010,ok,
/srv/gnss-archive/legacy/RECOVERED_SEAGATE_W2A0W9T2_DATA0/RAW/2012/CATA/cata201207290000a.dat,.dat,4013018,ok,
/srv/gnss-archive/legacy/RECOVERED_SEAGATE_W2A0W9T2_DATA0/RAW/2012/CATA/cata201207300000a.T02,.t02,1764359,ok,
/srv/gnss-archive/legacy/RECOVERED_SEAGATE_W2A0W9T2_DATA0/RAW/2012/CATA/cata201207300000a.dat,.dat,4012286,ok,
/srv/gnss-archive/legacy/RECOVERED_SEAGATE_W2A0W9T2_DATA0/RAW/2012/CATA/cata201207310000a.T02,.t02,1702635,ok,
/srv/gnss-archive/legacy/RECOVERED_SEAGATE_W2A0W9T2_DATA0/RAW/2012/CATA/cata201207310000a.dat,.dat,4011346,ok,
/srv/gnss-archive/legacy/RECOVERED_SEAGATE_W2A0W9T2_DATA0/RAW/2012/CATA/cata201208010000a.T02,.t02,1694403,ok,
/srv/gnss-archive/legacy/RECOVERED_SEAGATE_W2A0W9T2_DATA0/RAW/2012/CATA/cata201208010000a.dat,.dat,4011868,ok,
/srv/gnss-archive/legacy/RECOVERED_SEAGATE_W2A0W9T2_DATA0/RAW/2012/CATA/cata201208020000a.T02,.t02,1687924,ok,
/srv/gnss-archive/legacy/RECOVERED_SEAGATE_W2A0W9T2_DATA0/RAW/2012/CATA/cata201208020000a.dat,.dat,4010596,ok,
/srv/gnss-archive/legacy/RECOVERED_SEAGATE_W2A0W9T2_DATA0/RAW/2012/CATA/cata201208030000a.T02,.t02,1758516,ok,
/srv/gnss-archive/legacy/RECOVERED_SEAGATE_W2A0W9T2_DATA0/RAW/2012/CATA/cata201208030000a.dat,.dat,4010550,ok,
/srv/gnss-archive/legacy/RECOVERED_SEAGATE_W2A0W9T2_DATA0/RAW/2012/CATA/cata201208040000a.T02,.t02,1763214,ok,
/srv/gnss-archive/legacy/RECOVERED_SEAGATE_W2A0W9T2_DATA0/RAW/2012/CATA/cata201208040000a.dat,.dat,4011353,ok,
/srv/gnss-archive/legacy/RECOVERED_SEAGATE_W2A0W9T2_DATA0/RAW/2012/CATA/cata201208050000a.T02,.t02,1772147,ok,
/srv/gnss-archive/legacy/RECOVERED_SEAGATE_W2A0W9T2_DATA0/RAW/2012/CATA/cata201208050000a.dat,.dat,4010931,ok,
/srv/gnss-archive/legacy/RECOVERED_SEAGATE_W2A0W9T2_DATA0/RAW/2012/CATA/cata201208060000a.T02,.t02,1764572,ok,
/srv/gnss-archive/legacy/RECOVERED_SEAGATE_W2A0W9T2_DATA0/RAW/2012/CATA/cata201208060000a.dat,.dat,4011779,ok,
/srv/gnss-archive/legacy/RECOVERED_SEAGATE_W2A0W9T2_DATA0/RAW/2012/CATA/cata201208070000a.T02,.t02,1773742,ok,
/srv/gnss-archive/legacy/RECOVERED_SEAGATE_W2A0W9T2_DATA0/RAW/2012/CATA/cata201208070000a.dat,.dat,4012181,ok,
/srv/gnss-archive/legacy/RECOVERED_SEAGATE_W2A0W9T2_DATA0/RAW/2012/CATA/cata201208080000a.T02,.t02,1759480,ok,
/srv/gnss-archive/legacy/RECOVERED_SEAGATE_W2A0W9T2_DATA0/RAW/2012/CATA/cata201208080000a.dat,.dat,4008521,ok,
/srv/gnss-archive/legacy/RECOVERED_SEAGATE_W2A0W9T2_DATA0/RAW/2012/CATA/cata201208090000a.T02,.t02,1759689,ok,
/srv/gnss-archive/legacy/RECOVERED_SEAGATE_W2A0W9T2_DATA0/RAW/2012/CATA/cata201208090000a.dat,.dat,4010795,ok,
/srv/gnss-archive/legacy/RECOVERED_SEAGATE_W2A0W9T2_DATA0/RAW/2012/CATA/cata201208100000a.T02,.t02,1772798,ok,
/srv/gnss-archive/legacy/RECOVERED_SEAGATE_W2A0W9T2_DATA0/RAW/2012/CATA/cata201208100000a.dat,.dat,4009059,ok,
/srv/gnss-archive/legacy/RECOVERED_SEAGATE_W2A0W9T2_DATA0/RAW/2012/CATA/cata201208110000a.T02,.t02,1763954,ok,
/srv/gnss-archive/legacy/RECOVERED_SEAGATE_W2A0W9T2_DATA0/RAW/2012/CATA/cata201208110000a.dat,.dat,4010287,ok,
/srv/gnss-archive/legacy/RECOVERED_SEAGATE_W2A0W9T2_DATA0/RAW/2012/CATA/cata201208120000a.T02,.t02,1763171,ok,
/srv/gnss-archive/legacy/RECOVERED_SEAGATE_W2A0W9T2_DATA0/RAW/2012/CATA/cata201208120000a.dat,.dat,4009105,ok,
/srv/gnss-archive/legacy/RECOVERED_SEAGATE_W2A0W9T2_DATA0/RAW/2012/CATA/cata201208130000a.T02,.t02,1759261,ok,
/srv/gnss-archive/legacy/RECOVERED_SEAGATE_W2A0W9T2_DATA0/RAW/2012/CATA/cata201208130000a.dat,.dat,4009621,ok,
/srv/gnss-archive/legacy/RECOVERED_SEAGATE_W2A0W9T2_DATA0/RAW/2012/CATA/cata201208140000a.T02,.t02,1765727,ok,
/srv/gnss-archive/legacy/RECOVERED_SEAGATE_W2A0W9T2_DATA0/RAW/2012/CATA/cata201208140000a.dat,.dat,4010094,ok,
/srv/gnss-archive/legacy/RECOVERED_SEAGATE_W2A0W9T2_DATA0/RAW/2012/CATA/cata201208150000a.T02,.t02,1758389,ok,
/srv/gnss-archive/legacy/RECOVERED_SEAGATE_W2A0W9T2_DATA0/RAW/2012/CATA/cata201208150000a.dat,.dat,4007208,ok,
/srv/gnss-archive/legacy/RECOVERED_SEAGATE_W2A0W9T2_DATA0/RAW/2012/CATA/cata201208160000a.T02,.t02,1758062,ok,
/srv/gnss-archive/legacy/RECOVERED_SEAGATE_W2A0W9T2_DATA0/RAW/2012/CATA/cata201208160000a.dat,.dat,4006804,ok,
/srv/gnss-archive/legacy/RECOVERED_SEAGATE_W2A0W9T2_DATA0/RAW/2012/CATA/cata201208170000a.T02,.t02,1760970,ok,
/srv/gnss-archive/legacy/RECOVERED_SEAGATE_W2A0W9T2_DATA0/RAW/2012/CATA/cata201208170000a.dat,.dat,4005578,ok,
/srv/gnss-archive/legacy/RECOVERED_SEAGATE_W2A0W9T2_DATA0/RAW/2012/CATA/cata201208180000a.T02,.t02,1758968,ok,
/srv/gnss-archive/legacy/RECOVERED_SEAGATE_W2A0W9T2_DATA0/RAW/2012/CATA/cata201208180000a.dat,.dat,4006236,ok,
/srv/gnss-archive/legacy/RECOVERED_SEAGATE_W2A0W9T2_DATA0/RAW/2012/CATA/cata201208190000a.T02,.t02,1773375,ok,
/srv/gnss-archive/legacy/RECOVERED_SEAGATE_W2A0W9T2_DATA0/RAW/2012/CATA/cata201208190000a.dat,.dat,4005280,ok,
/srv/gnss-archive/legacy/RECOVERED_SEAGATE_W2A0W9T2_DATA0/RAW/2012/CATA/cata201208200000a.T02,.t02,1758367,ok,
/srv/gnss-archive/legacy/RECOVERED_SEAGATE_W2A0W9T2_DATA0/RAW/2012/CATA/cata201208200000a.dat,.dat,4005290,ok,
/srv/gnss-archive/legacy/RECOVERED_SEAGATE_W2A0W9T2_DATA0/RAW/2012/CATA/cata201208210000a.T02,.t02,1757176,ok,
/srv/gnss-archive/legacy/RECOVERED_SEAGATE_W2A0W9T2_DATA0/RAW/2012/CATA/cata201208210000a.dat,.dat,4003512,ok,
/srv/gnss-archive/legacy/RECOVERED_SEAGATE_W2A0W9T2_DATA0/RAW/2012/CATA/cata201208220000a.T02,.t02,1762791,ok,
/srv/gnss-archive/legacy/RECOVERED_SEAGATE_W2A0W9T2_DATA0/RAW/2012/CATA/cata201208220000a.dat,.dat,4003884,ok,
/srv/gnss-archive/legacy/RECOVERED_SEAGATE_W2A0W9T2_DATA0/RAW/2012/CATA/cata201208230000a.T02,.t02,1758156,ok,
/srv/gnss-archive/legacy/RECOVERED_SEAGATE_W2A0W9T2_DATA0/RAW/2012/CATA/cata201208230000a.dat,.dat,4002872,ok,
/srv/gnss-archive/legacy/RECOVERED_SEAGATE_W2A0W9T2_DATA0/RAW/2012/CATA/cata201208240000a.T02,.t02,1755737,ok,
/srv/gnss-archive/legacy/RECOVERED_SEAGATE_W2A0W9T2_DATA0/RAW/2012/CATA/cata201208240000a.dat,.dat,4002274,ok,
/srv/gnss-archive/legacy/RECOVERED_SEAGATE_W2A0W9T2_DATA0/RAW/2012/CATA/cata201208250000a.T02,.t02,1759391,ok,
/srv/gnss-archive/legacy/RECOVERED_SEAGATE_W2A0W9T2_DATA0/RAW/2012/CATA/cata201208250000a.dat,.dat,4002074,ok,
/srv/gnss-archive/legacy/RECOVERED_SEAGATE_W2A0W9T2_DATA0/RAW/2012/CATA/cata201208260000a.T02,.t02,1782231,ok,
/srv/gnss-archive/legacy/RECOVERED_SEAGATE_W2A0W9T2_DATA0/RAW/2012/CATA/cata201208260000a.dat,.dat,4000488,ok,
/srv/gnss-archive/legacy/RECOVERED_SEAGATE_W2A0W9T2_DATA0/RAW/2012/CATA/cata201208270000a.T02,.t02,1757903,ok,
/srv/gnss-archive/legacy/RECOVERED_SEAGATE_W2A0W9T2_DATA0/RAW/2012/CATA/cata201208270000a.dat,.dat,4001154,ok,
/srv/gnss-archive/legacy/RECOVERED_SEAGATE_W2A0W9T2_DATA0/RAW/2012/CATA/cata201208280000a.T02,.t02,1773147,ok,
/srv/gnss-archive/legacy/RECOVERED_SEAGATE_W2A0W9T2_DATA0/RAW/2012/CATA/cata201208280000a.dat,.dat,3997798,ok,
/srv/gnss-archive/legacy/RECOVERED_SEAGATE_W2A0W9T2_DATA0/RAW/2012/CATA/cata201208290000a.T02,.t02,1771365,ok,
/srv/gnss-archive/legacy/RECOVERED_SEAGATE_W2A0W9T2_DATA0/RAW/2012/CATA/cata201208290000a.dat,.dat,3992080,ok,
/srv/gnss-archive/legacy/RECOVERED_SEAGATE_W2A0W9T2_DATA0/RAW/2012/CATA/cata201208300000a.T02,.t02,1778885,ok,
/srv/gnss-archive/legacy/RECOVERED_SEAGATE_W2A0W9T2_DATA0/RAW/2012/CATA/cata201208300000a.dat,.dat,3995710,ok,
/srv/gnss-archive/legacy/RECOVERED_SEAGATE_W2A0W9T2_DATA0/RAW/2012/CATA/cata201208310000a.T02,.t02,1785844,ok,
/srv/gnss-archive/legacy/RECOVERED_SEAGATE_W2A0W9T2_DATA0/RAW/2012/CATA/cata201208310000a.dat,.dat,4000078,ok,
/srv/gnss-archive/legacy/RECOVERED_SEAGATE_W2A0W9T2_DATA0/RAW/2012/CATA/cata201209010000a.T02,.t02,1779780,ok,
/srv/gnss-archive/legacy/RECOVERED_SEAGATE_W2A0W9T2_DATA0/RAW/2012/CATA/cata201209010000a.dat,.dat,4000858,ok,
/srv/gnss-archive/legacy/RECOVERED_SEAGATE_W2A0W9T2_DATA0/RAW/2012/CATA/cata201209020000a.T02,.t02,1803647,ok,
/srv/gnss-archive/legacy/RECOVERED_SEAGATE_W2A0W9T2_DATA0/RAW/2012/CATA/cata201209020000a.dat,.dat,3999890,ok,
/srv/gnss-archive/legacy/RECOVERED_SEAGATE_W2A0W9T2_DATA0/RAW/2012/CATA/cata201209030000a.T02,.t02,1761458,ok,
/srv/gnss-archive/legacy/RECOVERED_SEAGATE_W2A0W9T2_DATA0/RAW/2012/CATA/cata201209030000a.dat,.dat,4004610,ok,
/srv/gnss-archive/legacy/RECOVERED_SEAGATE_W2A0W9T2_DATA0/RAW/2012/CATA/cata201209040000a.T02,.t02,1762413,ok,
/srv/gnss-archive/legacy/RECOVERED_SEAGATE_W2A0W9T2_DATA0/RAW/2012/CATA/cata201209040000a.dat,.dat,4004620,ok,
/srv/gnss-archive/legacy/RECOVERED_SEAGATE_W2A0W9T2_DATA0/RAW/2012/CATA/cata201209050000a.T02,.t02,1760835,ok,
/srv/gnss-archive/legacy/RECOVERED_SEAGATE_W2A0W9T2_DATA0/RAW/2012/CATA/cata201209050000a.dat,.dat,4004792,ok,
/srv/gnss-archive/legacy/RECOVERED_SEAGATE_W2A0W9T2_DATA0/RAW/2012/CATA/cata201209060000a.T02,.t02,1762620,ok,
/srv/gnss-archive/legacy/RECOVERED_SEAGATE_W2A0W9T2_DATA0/RAW/2012/CATA/cata201209060000a.dat,.dat,4004936,ok,
/srv/gnss-archive/legacy/RECOVERED_SEAGATE_W2A0W9T2_DATA0/RAW/2012/CATA/cata201209070000a.T02,.t02,1768220,ok,
/srv/gnss-archive/legacy/RECOVERED_SEAGATE_W2A0W9T2_DATA0/RAW/2012/CATA/cata201209070000a.dat,.dat,4006176,ok,
/srv/gnss-archive/legacy/RECOVERED_SEAGATE_W2A0W9T2_DATA0/RAW/2012/CATA/cata201209080000a.T02,.t02,1765324,ok,
/srv/gnss-archive/legacy/RECOVERED_SEAGATE_W2A0W9T2_DATA0/RAW/2012/CATA/cata201209080000a.dat,.dat,4006662,ok,
/srv/gnss-archive/legacy/RECOVERED_SEAGATE_W2A0W9T2_DATA0/RAW/2012/CATA/cata201209090000a.T02,.t02,1739281,ok,
/srv/gnss-archive/legacy/RECOVERED_SEAGATE_W2A0W9T2_DATA0/RAW/2012/CATA/cata201209090000a.dat,.dat,4007584,ok,
/srv/gnss-archive/legacy/RECOVERED_SEAGATE_W2A0W9T2_DATA0/RAW/2012/CATA/cata201209100000a.T02,.t02,1784352,ok,
/srv/gnss-archive/legacy/RECOVERED_SEAGATE_W2A0W9T2_DATA0/RAW/2012/CATA/cata201209100000a.dat,.dat,4004034,ok,
/srv/gnss-archive/legacy/RECOVERED_SEAGATE_W2A0W9T2_DATA0/RAW/2012/CATA/cata201209110000a.T02,.t02,1766590,ok,
/srv/gnss-archive/legacy/RECOVERED_SEAGATE_W2A0W9T2_DATA0/RAW/2012/CATA/cata201209110000a.dat,.dat,4006242,ok,
/srv/gnss-archive/legacy/RECOVERED_SEAGATE_W2A0W9T2_DATA0/RAW/2012/CATA/cata201209120000a.T02,.t02,1738710,ok,
/srv/gnss-archive/legacy/RECOVERED_SEAGATE_W2A0W9T2_DATA0/RAW/2012/CATA/cata201209120000a.dat,.dat,4006942,ok,
/srv/gnss-archive/legacy/RECOVERED_SEAGATE_W2A0W9T2_DATA0/RAW/2012/CATA/cata201209130000a.T02,.t02,1736065,ok,
/srv/gnss-archive/legacy/RECOVERED_SEAGATE_W2A0W9T2_DATA0/RAW/2012/CATA/cata201209130000a.dat,.dat,4007792,ok,
/srv/gnss-archive/legacy/RECOVERED_SEAGATE_W2A0W9T2_DATA0/RAW/2012/CATA/cata201209140000a.T02,.t02,1749377,ok,
/srv/gnss-archive/legacy/RECOVERED_SEAGATE_W2A0W9T2_DATA0/RAW/2012/CATA/cata201209140000a.dat,.dat,4007186,ok,
/srv/gnss-archive/legacy/RECOVERED_SEAGATE_W2A0W9T2_DATA0/RAW/2012/CATA/cata201209150000a.T02,.t02,1727517,ok,
/srv/gnss-archive/legacy/RECOVERED_SEAGATE_W2A0W9T2_DATA0/RAW/2012/CATA/cata201209150000a.dat,.dat,4006312,ok,
/srv/gnss-archive/legacy/RECOVERED_SEAGATE_W2A0W9T2_DATA0/RAW/2012/CATA/cata201209160000a.T02,.t02,1719881,ok,
/srv/gnss-archive/legacy/RECOVERED_SEAGATE_W2A0W9T2_DATA0/RAW/2012/CATA/cata201209160000a.dat,.dat,4005540,ok,
/srv/gnss-archive/legacy/RECOVERED_SEAGATE_W2A0W9T2_DATA0/RAW/2012/CATA/cata201209170000a.T02,.t02,1761367,ok,
/srv/gnss-archive/legacy/RECOVERED_SEAGATE_W2A0W9T2_DATA0/RAW/2012/CATA/cata201209170000a.dat,.dat,4005026,ok,
/srv/gnss-archive/legacy/RECOVERED_SEAGATE_W2A0W9T2_DATA0/RAW/2012/CATA/cata201209180000a.T02,.t02,1800466,ok,
/srv/gnss-archive/legacy/RECOVERED_SEAGATE_W2A0W9T2_DATA0/RAW/2012/CATA/cata201209180000a.dat,.dat,4005508,ok,
/srv/gnss-archive/legacy/RECOVERED_SEAGATE_W2A0W9T2_DATA0/RAW/2012/CATA/cata201209190000a.T02,.t02,1784775,ok,
/srv/gnss-archive/legacy/RECOVERED_SEAGATE_W2A0W9T2_DATA0/RAW/2012/CATA/cata201209190000a.dat,.dat,4004522,ok,
/srv/gnss-archive/legacy/RECOVERED_SEAGATE_W2A0W9T2_DATA0/RAW/2012/CATA/cata201209200000a.T02,.t02,1743963,ok,
/srv/gnss-archive/legacy/RECOVERED_SEAGATE_W2A0W9T2_DATA0/RAW/2012/CATA/cata201209200000a.dat,.dat,4004750,ok,
/srv/gnss-archive/legacy/RECOVERED_SEAGATE_W2A0W9T2_DATA0/RAW/2012/CATA/cata201209210000a.T02,.t02,1771451,ok,
/srv/gnss-archive/legacy/RECOVERED_SEAGATE_W2A0W9T2_DATA0/RAW/2012/CATA/cata201209210000a.dat,.dat,4006782,ok,
/srv/gnss-archive/legacy/RECOVERED_SEAGATE_W2A0W9T2_DATA0/RAW/2012/CATA/cata201209220000a.T02,.t02,1784155,ok,
/srv/gnss-archive/legacy/RECOVERED_SEAGATE_W2A0W9T2_DATA0/RAW/2012/CATA/cata201209220000a.dat,.dat,4009771,ok,
/srv/gnss-archive/legacy/RECOVERED_SEAGATE_W2A0W9T2_DATA0/RAW/2012/CATA/cata201209230000a.T02,.t02,1814185,ok,
/srv/gnss-archive/legacy/RECOVERED_SEAGATE_W2A0W9T2_DATA0/RAW/2012/CATA/cata201209230000a.dat,.dat,4006631,ok,
/srv/gnss-archive/legacy/RECOVERED_SEAGATE_W2A0W9T2_DATA0/RAW/2012/CATA/cata201209240000a.T02,.t02,1777357,ok,
/srv/gnss-archive/legacy/RECOVERED_SEAGATE_W2A0W9T2_DATA0/RAW/2012/CATA/cata201209240000a.dat,.dat,4006295,ok,
/srv/gnss-archive/legacy/RECOVERED_SEAGATE_W2A0W9T2_DATA0/RAW/2012/CATA/cata201209250000a.T02,.t02,1813177,ok,
/srv/gnss-archive/legacy/RECOVERED_SEAGATE_W2A0W9T2_DATA0/RAW/2012/CATA/cata201209250000a.dat,.dat,3998247,ok,
/srv/gnss-archive/legacy/RECOVERED_SEAGATE_W2A0W9T2_DATA0/RAW/2012/CATA/cata201209260000a.T02,.t02,1818579,ok,
/srv/gnss-archive/legacy/RECOVERED_SEAGATE_W2A0W9T2_DATA0/RAW/2012/CATA/cata201209260000a.dat,.dat,4006731,ok,
/srv/gnss-archive/legacy/RECOVERED_SEAGATE_W2A0W9T2_DATA0/RAW/2012/CATA/cata201209270000a.T02,.t02,1804057,ok,
/srv/gnss-archive/legacy/RECOVERED_SEAGATE_W2A0W9T2_DATA0/RAW/2012/CATA/cata201209270000a.dat,.dat,4007295,ok,
/srv/gnss-archive/legacy/RECOVERED_SEAGATE_W2A0W9T2_DATA0/RAW/2012/CATA/cata201209280000a.T02,.t02,1798230,ok,
/srv/gnss-archive/legacy/RECOVERED_SEAGATE_W2A0W9T2_DATA0/RAW/2012/CATA/cata201209280000a.dat,.dat,4005067,ok,
/srv/gnss-archive/legacy/RECOVERED_SEAGATE_W2A0W9T2_DATA0/RAW/2012/CATA/cata201209290000a.T02,.t02,1796632,ok,
/srv/gnss-archive/legacy/RECOVERED_SEAGATE_W2A0W9T2_DATA0/RAW/2012/CATA/cata201209290000a.dat,.dat,4008393,ok,
/srv/gnss-archive/legacy/RECOVERED_SEAGATE_W2A0W9T2_DATA0/RAW/2012/CATA/cata201209300000a.T02,.t02,1803755,ok,
/srv/gnss-archive/legacy/RECOVERED_SEAGATE_W2A0W9T2_DATA0/RAW/2012/CATA/cata201209300000a.dat,.dat,4015765,ok,
/srv/gnss-archive/legacy/RECOVERED_SEAGATE_W2A0W9T2_DATA0/RAW/2012/CATA/cata201210010000a.T02,.t02,1764510,ok,
/srv/gnss-archive/legacy/RECOVERED_SEAGATE_W2A0W9T2_DATA0/RAW/2012/CATA/cata201210010000a.dat,.dat,4015801,ok,
/srv/gnss-archive/legacy/RECOVERED_SEAGATE_W2A0W9T2_DATA0/RAW/2012/CATA/cata201210020000a.T02,.t02,1799921,ok,
/srv/gnss-archive/legacy/RECOVERED_SEAGATE_W2A0W9T2_DATA0/RAW/2012/CATA/cata201210020000a.dat,.dat,4012235,ok,
/srv/gnss-archive/legacy/RECOVERED_SEAGATE_W2A0W9T2_DATA0/RAW/2012/CATA/cata201210030000a.T02,.t02,1793921,ok,
/srv/gnss-archive/legacy/RECOVERED_SEAGATE_W2A0W9T2_DATA0/RAW/2012/CATA/cata201210030000a.dat,.dat,4015002,ok,
/srv/gnss-archive/legacy/RECOVERED_SEAGATE_W2A0W9T2_DATA0/RAW/2012/CATA/cata201210040000a.T02,.t02,1797576,ok,
/srv/gnss-archive/legacy/RECOVERED_SEAGATE_W2A0W9T2_DATA0/RAW/2012/CATA/cata201210040000a.dat,.dat,4018710,ok,
/srv/gnss-archive/legacy/RECOVERED_SEAGATE_W2A0W9T2_DATA0/RAW/2012/CATA/cata201210050000a.T02,.t02,1779524,ok,
/srv/gnss-archive/legacy/RECOVERED_SEAGATE_W2A0W9T2_DATA0/RAW/2012/CATA/cata201210050000a.dat,.dat,4018534,ok,
/srv/gnss-archive/legacy/RECOVERED_SEAGATE_W2A0W9T2_DATA0/RAW/2012/CATA/cata201210060000a.T02,.t02,1755472,ok,
/srv/gnss-archive/legacy/RECOVERED_SEAGATE_W2A0W9T2_DATA0/RAW/2012/CATA/cata201210060000a.dat,.dat,4020696,ok,
/srv/gnss-archive/legacy/RECOVERED_SEAGATE_W2A0W9T2_DATA0/RAW/2012/CATA/cata201210070000a.T02,.t02,1757942,ok,
/srv/gnss-archive/legacy/RECOVERED_SEAGATE_W2A0W9T2_DATA0/RAW/2012/CATA/cata201210070000a.dat,.dat,4019744,ok,
/srv/gnss-archive/legacy/RECOVERED_SEAGATE_W2A0W9T2_DATA0/RAW/2012/CATA/cata201210080000a.T02,.t02,1751529,ok,
/srv/gnss-archive/legacy/RECOVERED_SEAGATE_W2A0W9T2_DATA0/RAW/2012/CATA/cata201210080000a.dat,.dat,3952965,ok,
/srv/gnss-archive/legacy/RECOVERED_SEAGATE_W2A0W9T2_DATA0/RAW/2012/CATA/cata201210270000a.T02,.t02,1390544,ok,
/srv/gnss-archive/legacy/RECOVERED_SEAGATE_W2A0W9T2_DATA0/RAW/2012/CATA/cata201210270000a.dat,.dat,3166408,ok,
/srv/gnss-archive/legacy/RECOVERED_SEAGATE_W2A0W9T2_DATA0/RAW/2012/CATA/cata201210280000a.T02,.t02,1792665,ok,
/srv/gnss-archive/legacy/RECOVERED_SEAGATE_W2A0W9T2_DATA0/RAW/2012/CATA/cata201210280000a.dat,.dat,4082594,ok,
/srv/gnss-archive/legacy/RECOVERED_SEAGATE_W2A0W9T2_DATA0/RAW/2012/CATA/cata201210290000a.T02,.t02,1798846,ok,
/srv/gnss-archive/legacy/RECOVERED_SEAGATE_W2A0W9T2_DATA0/RAW/2012/CATA/cata201210290000a.dat,.dat,4092179,ok,
/srv/gnss-archive/legacy/RECOVERED_SEAGATE_W2A0W9T2_DATA0/RAW/2012/CATA/cata201210300000a.T02,.t02,1824906,ok,
/srv/gnss-archive/legacy/RECOVERED_SEAGATE_W2A0W9T2_DATA0/RAW/2012/CATA/cata201210300000a.dat,.dat,4090813,ok,
/srv/gnss-archive/legacy/RECOVERED_SEAGATE_W2A0W9T2_DATA0/RAW/2012/CATA/cata201210310000a.T02,.t02,1833058,ok,
/srv/gnss-archive/legacy/RECOVERED_SEAGATE_W2A0W9T2_DATA0/RAW/2012/CATA/cata201210310000a.dat,.dat,4088245,ok,
/srv/gnss-archive/legacy/RECOVERED_SEAGATE_W2A0W9T2_DATA0/RAW/2012/CATA/cata201211010000a.T02,.t02,1796786,ok,
/srv/gnss-archive/legacy/RECOVERED_SEAGATE_W2A0W9T2_DATA0/RAW/2012/CATA/cata201211010000a.dat,.dat,4081783,ok,
/srv/gnss-archive/legacy/RECOVERED_SEAGATE_W2A0W9T2_DATA0/RAW/2012/CATA/cata201211020000a.T02,.t02,1792925,ok,
/srv/gnss-archive/legacy/RECOVERED_SEAGATE_W2A0W9T2_DATA0/RAW/2012/CATA/cata201211020000a.dat,.dat,4070459,ok,
/srv/gnss-archive/legacy/RECOVERED_SEAGATE_W2A0W9T2_DATA0/RAW/2012/CATA/cata201211030000a.T02,.t02,1796378,ok,
/srv/gnss-archive/legacy/RECOVERED_SEAGATE_W2A0W9T2_DATA0/RAW/2012/CATA/cata201211030000a.dat,.dat,4050407,ok,
/srv/gnss-archive/legacy/RECOVERED_SEAGATE_W2A0W9T2_DATA0/RAW/2012/CATA/cata201211040000a.T02,.t02,1777481,ok,
/srv/gnss-archive/legacy/RECOVERED_SEAGATE_W2A0W9T2_DATA0/RAW/2012/CATA/cata201211040000a.dat,.dat,4027743,ok,
/srv/gnss-archive/legacy/RECOVERED_SEAGATE_W2A0W9T2_DATA0/RAW/2012/CATA/cata201211050000a.T02,.t02,1752518,ok,
/srv/gnss-archive/legacy/RECOVERED_SEAGATE_W2A0W9T2_DATA0/RAW/2012/CATA/cata201211050000a.dat,.dat,4029353,ok,
/srv/gnss-archive/legacy/RECOVERED_SEAGATE_W2A0W9T2_DATA0/RAW/2012/CATA/cata201211060000a.T02,.t02,1768375,ok,
/srv/gnss-archive/legacy/RECOVERED_SEAGATE_W2A0W9T2_DATA0/RAW/2012/CATA/cata201211060000a.dat,.dat,4030731,ok,
/srv/gnss-archive/legacy/RECOVERED_SEAGATE_W2A0W9T2_DATA0/RAW/2012/CATA/cata201211070000a.T02,.t02,1761213,ok,
/srv/gnss-archive/legacy/RECOVERED_SEAGATE_W2A0W9T2_DATA0/RAW/2012/CATA/cata201211070000a.dat,.dat,3932695,ok,
/srv/gnss-archive/legacy/RECOVERED_SEAGATE_W2A0W9T2_DATA0/RAW/2012/CATA/cata201211080000a.T02,.t02,1781971,ok,
/srv/gnss-archive/legacy/RECOVERED_SEAGATE_W2A0W9T2_DATA0/RAW/2012/CATA/cata201211080000a.dat,.dat,3999188,ok,
/srv/gnss-archive/legacy/RECOVERED_SEAGATE_W2A0W9T2_DATA0/RAW/2012/CATA/cata201211090000a.T02,.t02,1790301,ok,
/srv/gnss-archive/legacy/RECOVERED_SEAGATE_W2A0W9T2_DATA0/RAW/2012/CATA/cata201211090000a.dat,.dat,4033626,ok,
/srv/gnss-archive/legacy/RECOVERED_SEAGATE_W2A0W9T2_DATA0/RAW/2012/CATA/cata201211100000a.T02,.t02,1782511,ok,
/srv/gnss-archive/legacy/RECOVERED_SEAGATE_W2A0W9T2_DATA0/RAW/2012/CATA/cata201211100000a.dat,.dat,4032002,ok,
/srv/gnss-archive/legacy/RECOVERED_SEAGATE_W2A0W9T2_DATA0/RAW/2012/CATA/cata201211110000a.T02,.t02,1779672,ok,
/srv/gnss-archive/legacy/RECOVERED_SEAGATE_W2A0W9T2_DATA0/RAW/2012/CATA/cata201211110000a.dat,.dat,4031952,ok,
/srv/gnss-archive/legacy/RECOVERED_SEAGATE_W2A0W9T2_DATA0/RAW/2012/CATA/cata201211120000a.T02,.t02,1774760,ok,
/srv/gnss-archive/legacy/RECOVERED_SEAGATE_W2A0W9T2_DATA0/RAW/2012/CATA/cata201211120000a.dat,.dat,4031530,ok,
/srv/gnss-archive/legacy/RECOVERED_SEAGATE_W2A0W9T2_DATA0/RAW/2012/CATA/cata201211130000a.T02,.t02,1775147,ok,
/srv/gnss-archive/legacy/RECOVERED_SEAGATE_W2A0W9T2_DATA0/RAW/2012/CATA/cata201211130000a.dat,.dat,4030876,ok,
/srv/gnss-archive/legacy/RECOVERED_SEAGATE_W2A0W9T2_DATA0/RAW/2012/CATA/cata201211140000a.T02,.t02,1780097,ok,
/srv/gnss-archive/legacy/RECOVERED_SEAGATE_W2A0W9T2_DATA0/RAW/2012/CATA/cata201211140000a.dat,.dat,4032082,ok,
/srv/gnss-archive/legacy/RECOVERED_SEAGATE_W2A0W9T2_DATA0/RAW/2012/CATA/cata201211150000a.T02,.t02,1777009,ok,
/srv/gnss-archive/legacy/RECOVERED_SEAGATE_W2A0W9T2_DATA0/RAW/2012/CATA/cata201211150000a.dat,.dat,4031628,ok,
/srv/gnss-archive/legacy/RECOVERED_SEAGATE_W2A0W9T2_DATA0/RAW/2012/CATA/cata201211160000a.T02,.t02,1782828,ok,
/srv/gnss-archive/legacy/RECOVERED_SEAGATE_W2A0W9T2_DATA0/RAW/2012/CATA/cata201211160000a.dat,.dat,4032080,ok,
/srv/gnss-archive/legacy/RECOVERED_SEAGATE_W2A0W9T2_DATA0/RAW/2012/CATA/cata201211170000a.T02,.t02,1783870,ok,
/srv/gnss-archive/legacy/RECOVERED_SEAGATE_W2A0W9T2_DATA0/RAW/2012/CATA/cata201211170000a.dat,.dat,4030936,ok,
/srv/gnss-archive/legacy/RECOVERED_SEAGATE_W2A0W9T2_DATA0/RAW/2012/CATA/cata201211180000a.T02,.t02,1818605,ok,
/srv/gnss-archive/legacy/RECOVERED_SEAGATE_W2A0W9T2_DATA0/RAW/2012/CATA/cata201211180000a.dat,.dat,4030106,ok,
/srv/gnss-archive/legacy/RECOVERED_SEAGATE_W2A0W9T2_DATA0/RAW/2012/CATA/cata201211190000a.T02,.t02,1783427,ok,
/srv/gnss-archive/legacy/RECOVERED_SEAGATE_W2A0W9T2_DATA0/RAW/2012/CATA/cata201211190000a.dat,.dat,4032990,ok,
/srv/gnss-archive/legacy/RECOVERED_SEAGATE_W2A0W9T2_DATA0/RAW/2012/CATA/cata201211200000a.T02,.t02,1786616,ok,
/srv/gnss-archive/legacy/RECOVERED_SEAGATE_W2A0W9T2_DATA0/RAW/2012/CATA/cata201211200000a.dat,.dat,4034192,ok,
/srv/gnss-archive/legacy/RECOVERED_SEAGATE_W2A0W9T2_DATA0/RAW/2012/CATA/cata201211210000a.T02,.t02,1776494,ok,
/srv/gnss-archive/legacy/RECOVERED_SEAGATE_W2A0W9T2_DATA0/RAW/2012/CATA/cata201211210000a.dat,.dat,4032414,ok,
/srv/gnss-archive/legacy/RECOVERED_SEAGATE_W2A0W9T2_DATA0/RAW/2012/CATA/cata201211220000a.T02,.t02,1783062,ok,
/srv/gnss-archive/legacy/RECOVERED_SEAGATE_W2A0W9T2_DATA0/RAW/2012/CATA/cata201211220000a.dat,.dat,4034098,ok,
/srv/gnss-archive/legacy/RECOVERED_SEAGATE_W2A0W9T2_DATA0/RAW/2012/CATA/cata201211230000a.T02,.t02,1755892,ok,
/srv/gnss-archive/legacy/RECOVERED_SEAGATE_W2A0W9T2_DATA0/RAW/2012/CATA/cata201211230000a.dat,.dat,4033314,ok,
/srv/gnss-archive/legacy/RECOVERED_SEAGATE_W2A0W9T2_DATA0/RAW/2012/CATA/cata201211240000a.T02,.t02,1765701,ok,
/srv/gnss-archive/legacy/RECOVERED_SEAGATE_W2A0W9T2_DATA0/RAW/2012/CATA/cata201211240000a.dat,.dat,4034510,ok,
/srv/gnss-archive/legacy/RECOVERED_SEAGATE_W2A0W9T2_DATA0/RAW/2012/CATA/cata201211250000a.T02,.t02,1784582,ok,
/srv/gnss-archive/legacy/RECOVERED_SEAGATE_W2A0W9T2_DATA0/RAW/2012/CATA/cata201211250000a.dat,.dat,4034028,ok,
/srv/gnss-archive/legacy/RECOVERED_SEAGATE_W2A0W9T2_DATA0/RAW/2012/CATA/cata201211260000a.T02,.t02,1772943,ok,
/srv/gnss-archive/legacy/RECOVERED_SEAGATE_W2A0W9T2_DATA0/RAW/2012/CATA/cata201211260000a.dat,.dat,4033298,ok,
/srv/gnss-archive/legacy/RECOVERED_SEAGATE_W2A0W9T2_DATA0/RAW/2012/CATA/cata201211270000a.T02,.t02,1779691,ok,
/srv/gnss-archive/legacy/RECOVERED_SEAGATE_W2A0W9T2_DATA0/RAW/2012/CATA/cata201211270000a.dat,.dat,4035472,ok,
/srv/gnss-archive/legacy/RECOVERED_SEAGATE_W2A0W9T2_DATA0/RAW/2012/CATA/cata201211280000a.T02,.t02,1779604,ok,
/srv/gnss-archive/legacy/RECOVERED_SEAGATE_W2A0W9T2_DATA0/RAW/2012/CATA/cata201211280000a.dat,.dat,4036206,ok,
/srv/gnss-archive/legacy/RECOVERED_SEAGATE_W2A0W9T2_DATA0/RAW/2012/CATA/cata201211290000a.T02,.t02,1782763,ok,
/srv/gnss-archive/legacy/RECOVERED_SEAGATE_W2A0W9T2_DATA0/RAW/2012/CATA/cata201211290000a.dat,.dat,4035268,ok,
/srv/gnss-archive/legacy/RECOVERED_SEAGATE_W2A0W9T2_DATA0/RAW/2012/CATA/cata201211300000a.T02,.t02,1768330,ok,
/srv/gnss-archive/legacy/RECOVERED_SEAGATE_W2A0W9T2_DATA0/RAW/2012/CATA/cata201211300000a.dat,.dat,4034796,ok,
/srv/gnss-archive/legacy/RECOVERED_SEAGATE_W2A0W9T2_DATA0/RAW/2012/CATA/cata201212010000a.T02,.t02,1759601,ok,
/srv/gnss-archive/legacy/RECOVERED_SEAGATE_W2A0W9T2_DATA0/RAW/2012/CATA/cata201212010000a.dat,.dat,4034816,ok,
/srv/gnss-archive/legacy/RECOVERED_SEAGATE_W2A0W9T2_DATA0/RAW/2012/CATA/cata201212020000a.T02,.t02,1769686,ok,
/srv/gnss-archive/legacy/RECOVERED_SEAGATE_W2A0W9T2_DATA0/RAW/2012/CATA/cata201212020000a.dat,.dat,4036234,ok,
/srv/gnss-archive/legacy/RECOVERED_SEAGATE_W2A0W9T2_DATA0/RAW/2012/CATA/cata201212030000a.T02,.t02,1783215,ok,
/srv/gnss-archive/legacy/RECOVERED_SEAGATE_W2A0W9T2_DATA0/RAW/2012/CATA/cata201212030000a.dat,.dat,4037502,ok,
/srv/gnss-archive/legacy/RECOVERED_SEAGATE_W2A0W9T2_DATA0/RAW/2012/CATA/cata201212040000a.T02,.t02,1773060,ok,
/srv/gnss-archive/legacy/RECOVERED_SEAGATE_W2A0W9T2_DATA0/RAW/2012/CATA/cata201212040000a.dat,.dat,4037294,ok,
/srv/gnss-archive/legacy/RECOVERED_SEAGATE_W2A0W9T2_DATA0/RAW/2012/CATA/cata201212050000a.T02,.t02,1769312,ok,
/srv/gnss-archive/legacy/RECOVERED_SEAGATE_W2A0W9T2_DATA0/RAW/2012/CATA/cata201212050000a.dat,.dat,4037634,ok,
/srv/gnss-archive/legacy/RECOVERED_SEAGATE_W2A0W9T2_DATA0/RAW/2012/CATA/cata201212060000a.T02,.t02,1755808,ok,
/srv/gnss-archive/legacy/RECOVERED_SEAGATE_W2A0W9T2_DATA0/RAW/2012/CATA/cata201212060000a.dat,.dat,4037380,ok,
/srv/gnss-archive/legacy/RECOVERED_SEAGATE_W2A0W9T2_DATA0/RAW/2012/CATA/cata201212070000a.T02,.t02,1777909,ok,
/srv/gnss-archive/legacy/RECOVERED_SEAGATE_W2A0W9T2_DATA0/RAW/2012/CATA/cata201212070000a.dat,.dat,4035850,ok,
/srv/gnss-archive/legacy/RECOVERED_SEAGATE_W2A0W9T2_DATA0/RAW/2012/CATA/cata201212080000a.T02,.t02,1770723,ok,
/srv/gnss-archive/legacy/RECOVERED_SEAGATE_W2A0W9T2_DATA0/RAW/2012/CATA/cata201212080000a.dat,.dat,4036122,ok,
/srv/gnss-archive/legacy/RECOVERED_SEAGATE_W2A0W9T2_DATA0/RAW/2012/CATA/cata201212090000a.T02,.t02,1770209,ok,
/srv/gnss-archive/legacy/RECOVERED_SEAGATE_W2A0W9T2_DATA0/RAW/2012/CATA/cata201212090000a.dat,.dat,4036622,ok,
/srv/gnss-archive/legacy/RECOVERED_SEAGATE_W2A0W9T2_DATA0/RAW/2012/CATA/cata201212100000a.T02,.t02,1776946,ok,
/srv/gnss-archive/legacy/RECOVERED_SEAGATE_W2A0W9T2_DATA0/RAW/2012/CATA/cata201212100000a.dat,.dat,4038264,ok,
/srv/gnss-archive/legacy/RECOVERED_SEAGATE_W2A0W9T2_DATA0/RAW/2012/CATA/cata201212110000a.T02,.t02,1779396,ok,
/srv/gnss-archive/legacy/RECOVERED_SEAGATE_W2A0W9T2_DATA0/RAW/2012/CATA/cata201212110000a.dat,.dat,4037536,ok,
/srv/gnss-archive/legacy/RECOVERED_SEAGATE_W2A0W9T2_DATA0/RAW/2012/CATA/cata201212120000a.T02,.t02,1780352,ok,
/srv/gnss-archive/legacy/RECOVERED_SEAGATE_W2A0W9T2_DATA0/RAW/2012/CATA/cata201212120000a.dat,.dat,4037132,ok,
/srv/gnss-archive/legacy/RECOVERED_SEAGATE_W2A0W9T2_DATA0/RAW/2012/CATA/cata201212130000a.T02,.t02,1777605,ok,
/srv/gnss-archive/legacy/RECOVERED_SEAGATE_W2A0W9T2_DATA0/RAW/2012/CATA/cata201212130000a.dat,.dat,4037352,ok,
/srv/gnss-archive/legacy/RECOVERED_SEAGATE_W2A0W9T2_DATA0/RAW/2012/CATA/cata201212140000a.T02,.t02,1774712,ok,
/srv/gnss-archive/legacy/RECOVERED_SEAGATE_W2A0W9T2_DATA0/RAW/2012/CATA/cata201212140000a.dat,.dat,4037794,ok,
/srv/gnss-archive/legacy/RECOVERED_SEAGATE_W2A0W9T2_DATA0/RAW/2012/CATA/cata201212150000a.T02,.t02,1775749,ok,
/srv/gnss-archive/legacy/RECOVERED_SEAGATE_W2A0W9T2_DATA0/RAW/2012/CATA/cata201212150000a.dat,.dat,4037710,ok,
/srv/gnss-archive/legacy/RECOVERED_SEAGATE_W2A0W9T2_DATA0/RAW/2012/CATA/cata201212160000a.T02,.t02,1782083,ok,
/srv/gnss-archive/legacy/RECOVERED_SEAGATE_W2A0W9T2_DATA0/RAW/2012/CATA/cata201212160000a.dat,.dat,4037109,ok,
/srv/gnss-archive/legacy/RECOVERED_SEAGATE_W2A0W9T2_DATA0/RAW/2012/CATA/cata201212170000a.T02,.t02,1785411,ok,
/srv/gnss-archive/legacy/RECOVERED_SEAGATE_W2A0W9T2_DATA0/RAW/2012/CATA/cata201212170000a.dat,.dat,4036826,ok,
/srv/gnss-archive/legacy/RECOVERED_SEAGATE_W2A0W9T2_DATA0/RAW/2012/CATA/cata201212180000a.T02,.t02,1786605,ok,
/srv/gnss-archive/legacy/RECOVERED_SEAGATE_W2A0W9T2_DATA0/RAW/2012/CATA/cata201212180000a.dat,.dat,4041133,ok,
/srv/gnss-archive/legacy/RECOVERED_SEAGATE_W2A0W9T2_DATA0/RAW/2012/CATA/cata201212190000a.T02,.t02,1782626,ok,
/srv/gnss-archive/legacy/RECOVERED_SEAGATE_W2A0W9T2_DATA0/RAW/2012/CATA/cata201212190000a.dat,.dat,4040885,ok,
/srv/gnss-archive/legacy/RECOVERED_SEAGATE_W2A0W9T2_DATA0/RAW/2012/CATA/cata201212200000a.T02,.t02,1773951,ok,
/srv/gnss-archive/legacy/RECOVERED_SEAGATE_W2A0W9T2_DATA0/RAW/2012/CATA/cata201212200000a.dat,.dat,4041317,ok,
/srv/gnss-archive/legacy/RECOVERED_SEAGATE_W2A0W9T2_DATA0/RAW/2012/CATA/cata201212210000a.T02,.t02,1745638,ok,
/srv/gnss-archive/legacy/RECOVERED_SEAGATE_W2A0W9T2_DATA0/RAW/2012/CATA/cata201212210000a.dat,.dat,4042557,ok,
/srv/gnss-archive/legacy/RECOVERED_SEAGATE_W2A0W9T2_DATA0/RAW/2012/CATA/cata201212220000a.T02,.t02,1789349,ok,
/srv/gnss-archive/legacy/RECOVERED_SEAGATE_W2A0W9T2_DATA0/RAW/2012/CATA/cata201212220000a.dat,.dat,4042897,ok,
/srv/gnss-archive/legacy/RECOVERED_SEAGATE_W2A0W9T2_DATA0/RAW/2012/CATA/cata201212230000a.T02,.t02,1786778,ok,
/srv/gnss-archive/legacy/RECOVERED_SEAGATE_W2A0W9T2_DATA0/RAW/2012/CATA/cata201212230000a.dat,.dat,4043163,ok,
/srv/gnss-archive/legacy/RECOVERED_SEAGATE_W2A0W9T2_DATA0/RAW/2012/CATA/cata201212240000a.T02,.t02,1764476,ok,
/srv/gnss-archive/legacy/RECOVERED_SEAGATE_W2A0W9T2_DATA0/RAW/2012/CATA/cata201212240000a.dat,.dat,4043633,ok,
/srv/gnss-archive/legacy/RECOVERED_SEAGATE_W2A0W9T2_DATA0/RAW/2012/CATA/cata201212250000a.T02,.t02,1760659,ok,
/srv/gnss-archive/legacy/RECOVERED_SEAGATE_W2A0W9T2_DATA0/RAW/2012/CATA/cata201212250000a.dat,.dat,4043807,ok,
/srv/gnss-archive/legacy/RECOVERED_SEAGATE_W2A0W9T2_DATA0/RAW/2012/CATA/cata201212260000a.T02,.t02,1772867,ok,
/srv/gnss-archive/legacy/RECOVERED_SEAGATE_W2A0W9T2_DATA0/RAW/2012/CATA/cata201212260000a.dat,.dat,4044699,ok,
/srv/gnss-archive/legacy/RECOVERED_SEAGATE_W2A0W9T2_DATA0/RAW/2012/CATA/cata201212270000a.T02,.t02,1786936,ok,
/srv/gnss-archive/legacy/RECOVERED_SEAGATE_W2A0W9T2_DATA0/RAW/2012/CATA/cata201212270000a.dat,.dat,4046207,ok,
/srv/gnss-archive/legacy/RECOVERED_SEAGATE_W2A0W9T2_DATA0/RAW/2012/CATA/cata201212280000a.T02,.t02,1766640,ok,
/srv/gnss-archive/legacy/RECOVERED_SEAGATE_W2A0W9T2_DATA0/RAW/2012/CATA/cata201212280000a.dat,.dat,4044382,ok,
/srv/gnss-archive/legacy/RECOVERED_SEAGATE_W2A0W9T2_DATA0/RAW/2012/CATA/cata201212290000a.T02,.t02,1762486,ok,
/srv/gnss-archive/legacy/RECOVERED_SEAGATE_W2A0W9T2_DATA0/RAW/2012/CATA/cata201212290000a.dat,.dat,4045156,ok,
/srv/gnss-archive/legacy/RECOVERED_SEAGATE_W2A0W9T2_DATA0/RAW/2012/CATA/cata201212300000a.T02,.t02,1790252,ok,
/srv/gnss-archive/legacy/RECOVERED_SEAGATE_W2A0W9T2_DATA0/RAW/2012/CATA/cata201212300000a.dat,.dat,4046812,ok,
/srv/gnss-archive/legacy/RECOVERED_SEAGATE_W2A0W9T2_DATA0/RAW/2012/CATA/cata201212310000a.T02,.t02,1785926,ok,
/srv/gnss-archive/legacy/RECOVERED_SEAGATE_W2A0W9T2_DATA0/RAW/2012/CATA/cata201212310000a.dat,.dat,4044814,ok,
/srv/gnss-archive/legacy/RECOVERED_SEAGATE_W2A0W9T2_DATA0/RAW/2012/CATA/hr/cata201212270000c.T02,.t02,45579258,ok,
/srv/gnss-archive/legacy/RECOVERED_SEAGATE_W2A0W9T2_DATA0/RAW/2012/CATA/hr/cata201211150000c.T02,.t02,45316246,ok,
/srv/gnss-archive/legacy/RECOVERED_SEAGATE_W2A0W9T2_DATA0/RAW/2012/CATA/hr/cata201212260000c.T02,.t02,45509490,ok,
/srv/gnss-archive/legacy/RECOVERED_SEAGATE_W2A0W9T2_DATA0/RAW/2012/CATA/hr/cata201211160000c.T02,.t02,45410881,ok,
/srv/gnss-archive/legacy/RECOVERED_SEAGATE_W2A0W9T2_DATA0/RAW/2012/CATA/hr/cata201212280000c.T02,.t02,45400442,ok,
/srv/gnss-archive/legacy/RECOVERED_SEAGATE_W2A0W9T2_DATA0/RAW/2012/CATA/hr/cata201211170000c.T02,.t02,45323127,ok,
/srv/gnss-archive/legacy/RECOVERED_SEAGATE_W2A0W9T2_DATA0/RAW/2012/CATA/hr/cata201212290000c.T02,.t02,45338168,ok,
/srv/gnss-archive/legacy/RECOVERED_SEAGATE_W2A0W9T2_DATA0/RAW/2012/CATA/hr/cata201211180000c.T02,.t02,45817950,ok,
/srv/gnss-archive/legacy/RECOVERED_SEAGATE_W2A0W9T2_DATA0/RAW/2012/CATA/hr/cata201211190000c.T02,.t02,45394248,ok,
/srv/gnss-archive/legacy/RECOVERED_SEAGATE_W2A0W9T2_DATA0/RAW/2012/CATA/hr/cata201211200000c.T02,.t02,45386478,ok,
/srv/gnss-archive/legacy/RECOVERED_SEAGATE_W2A0W9T2_DATA0/RAW/2012/CATA/hr/cata201211210000c.T02,.t02,45327917,ok,
/srv/gnss-archive/legacy/RECOVERED_SEAGATE_W2A0W9T2_DATA0/RAW/2012/CATA/hr/cata201211220000c.T02,.t02,45404486,ok,
/srv/gnss-archive/legacy/RECOVERED_SEAGATE_W2A0W9T2_DATA0/RAW/2012/CATA/hr/cata201211230000c.T02,.t02,45073731,ok,
/srv/gnss-archive/legacy/RECOVERED_SEAGATE_W2A0W9T2_DATA0/RAW/2012/CATA/hr/cata201211240000c.T02,.t02,45199206,ok,
/srv/gnss-archive/legacy/RECOVERED_SEAGATE_W2A0W9T2_DATA0/RAW/2012/CATA/hr/cata201211250000c.T02,.t02,45519815,ok,
/srv/gnss-archive/legacy/RECOVERED_SEAGATE_W2A0W9T2_DATA0/RAW/2012/CATA/hr/cata201211260000c.T02,.t02,45348389,ok,
/srv/gnss-archive/legacy/RECOVERED_SEAGATE_W2A0W9T2_DATA0/RAW/2012/CATA/hr/cata201211270000c.T02,.t02,45425927,ok,
/srv/gnss-archive/legacy/RECOVERED_SEAGATE_W2A0W9T2_DATA0/RAW/2012/CATA/hr/cata201211280000c.T02,.t02,45376832,ok,
/srv/gnss-archive/legacy/RECOVERED_SEAGATE_W2A0W9T2_DATA0/RAW/2012/CATA/hr/cata201211290000c.T02,.t02,45406004,ok,
/srv/gnss-archive/legacy/RECOVERED_SEAGATE_W2A0W9T2_DATA0/RAW/2012/CATA/hr/cata201211300000c.T02,.t02,45138883,ok,
/srv/gnss-archive/legacy/RECOVERED_SEAGATE_W2A0W9T2_DATA0/RAW/2012/CATA/hr/cata201212010000c.T02,.t02,45204702,ok,
/srv/gnss-archive/legacy/RECOVERED_SEAGATE_W2A0W9T2_DATA0/RAW/2012/CATA/hr/cata201212020000c.T02,.t02,45229560,ok,
/srv/gnss-archive/legacy/RECOVERED_SEAGATE_W2A0W9T2_DATA0/RAW/2012/CATA/hr/cata201212030000c.T02,.t02,45466243,ok,
/srv/gnss-archive/legacy/RECOVERED_SEAGATE_W2A0W9T2_DATA0/RAW/2012/CATA/hr/cata201212040000c.T02,.t02,45443492,ok,
/srv/gnss-archive/legacy/RECOVERED_SEAGATE_W2A0W9T2_DATA0/RAW/2012/CATA/hr/cata201212050000c.T02,.t02,45328294,ok,
/srv/gnss-archive/legacy/RECOVERED_SEAGATE_W2A0W9T2_DATA0/RAW/2012/CATA/hr/cata201212060000c.T02,.t02,45059940,ok,
/srv/gnss-archive/legacy/RECOVERED_SEAGATE_W2A0W9T2_DATA0/RAW/2012/CATA/hr/cata201212070000c.T02,.t02,45379130,ok,
/srv/gnss-archive/legacy/RECOVERED_SEAGATE_W2A0W9T2_DATA0/RAW/2012/CATA/hr/cata201212080000c.T02,.t02,45310417,ok,
/srv/gnss-archive/legacy/RECOVERED_SEAGATE_W2A0W9T2_DATA0/RAW/2012/CATA/hr/cata201212090000c.T02,.t02,45392050,ok,
/srv/gnss-archive/legacy/RECOVERED_SEAGATE_W2A0W9T2_DATA0/RAW/2012/CATA/hr/cata201212100000c.T02,.t02,45486407,ok,
/srv/gnss-archive/legacy/RECOVERED_SEAGATE_W2A0W9T2_DATA0/RAW/2012/CATA/hr/cata201212110000c.T02,.t02,45542852,ok,
/srv/gnss-archive/legacy/RECOVERED_SEAGATE_W2A0W9T2_DATA0/RAW/2012/CATA/hr/cata201212120000c.T02,.t02,45565772,ok,
/srv/gnss-archive/legacy/RECOVERED_SEAGATE_W2A0W9T2_DATA0/RAW/2012/CATA/hr/cata201212130000c.T02,.t02,45606510,ok,
/srv/gnss-archive/legacy/RECOVERED_SEAGATE_W2A0W9T2_DATA0/RAW/2012/CATA/hr/cata201212140000c.T02,.t02,45466356,ok,
/srv/gnss-archive/legacy/RECOVERED_SEAGATE_W2A0W9T2_DATA0/RAW/2012/CATA/hr/cata201212150000c.T02,.t02,45492959,ok,
/srv/gnss-archive/legacy/RECOVERED_SEAGATE_W2A0W9T2_DATA0/RAW/2012/CATA/hr/cata201212160000c.T02,.t02,45413583,ok,
/srv/gnss-archive/legacy/RECOVERED_SEAGATE_W2A0W9T2_DATA0/RAW/2012/CATA/hr/cata201212170000c.T02,.t02,45493808,ok,
/srv/gnss-archive/legacy/RECOVERED_SEAGATE_W2A0W9T2_DATA0/RAW/2012/CATA/hr/cata201212180000c.T02,.t02,45492384,ok,
/srv/gnss-archive/legacy/RECOVERED_SEAGATE_W2A0W9T2_DATA0/RAW/2012/CATA/hr/cata201212190000c.T02,.t02,45525489,ok,
/srv/gnss-archive/legacy/RECOVERED_SEAGATE_W2A0W9T2_DATA0/RAW/2012/CATA/hr/cata201212200000c.T02,.t02,45473053,ok,
/srv/gnss-archive/legacy/RECOVERED_SEAGATE_W2A0W9T2_DATA0/RAW/2012/CATA/hr/cata201212210000c.T02,.t02,45109441,ok,
/srv/gnss-archive/legacy/RECOVERED_SEAGATE_W2A0W9T2_DATA0/RAW/2012/CATA/hr/cata201212220000c.T02,.t02,45612103,ok,
/srv/gnss-archive/legacy/RECOVERED_SEAGATE_W2A0W9T2_DATA0/RAW/2012/CATA/hr/cata201212230000c.T02,.t02,45563723,ok,
/srv/gnss-archive/legacy/RECOVERED_SEAGATE_W2A0W9T2_DATA0/RAW/2012/CATA/hr/cata201212240000c.T02,.t02,45373222,ok,
/srv/gnss-archive/legacy/RECOVERED_SEAGATE_W2A0W9T2_DATA0/RAW/2012/CATA/hr/cata201212250000c.T02,.t02,45422173,ok,
/srv/gnss-archive/legacy/RECOVERED_SEAGATE_W2A0W9T2_DATA0/RAW/2012/CATA/hr/cata201212300000c.T02,.t02,45636972,ok,
/srv/gnss-archive/legacy/RECOVERED_SEAGATE_W2A0W9T2_DATA0/RAW/2012/CATA/hr/cata201212310000c.T02,.t02,45588556,ok,
/srv/gnss-archive/legacy/RECOVERED_SEAGATE_W2A0W9T2_DATA0/RAW/2012/CCA5/CCA50460.dat,.dat,2488728,ok,
/srv/gnss-archive/legacy/RECOVERED_SEAGATE_W2A0W9T2_DATA0/RAW/2012/CCA5/CCA50470.dat,.dat,3567084,ok,
/srv/gnss-archive/legacy/RECOVERED_SEAGATE_W2A0W9T2_DATA0/RAW/2012/IBAZ/IBAZ093a.m00,.m00,755081,ok,
/srv/gnss-archive/legacy/RECOVERED_SEAGATE_W2A0W9T2_DATA0/RAW/2012/IBAZ/IBAZ033a.m00,.m00,756729,ok,
/srv/gnss-archive/legacy/RECOVERED_SEAGATE_W2A0W9T2_DATA0/RAW/2012/IBAZ/IBAZ092a.m00,.m00,756456,ok,
/srv/gnss-archive/legacy/RECOVERED_SEAGATE_W2A0W9T2_DATA0/RAW/2012/IBAZ/IBAZ034a.m00,.m00,756616,ok,
/srv/gnss-archive/legacy/RECOVERED_SEAGATE_W2A0W9T2_DATA0/RAW/2012/IBAZ/IBAZ094a.m00,.m00,755779,ok,
/srv/gnss-archive/legacy/RECOVERED_SEAGATE_W2A0W9T2_DATA0/RAW/2012/IBAZ/IBAZ035a.m00,.m00,756612,ok,
/srv/gnss-archive/legacy/RECOVERED_SEAGATE_W2A0W9T2_DATA0/RAW/2012/IBAZ/IBAZ095a.m00,.m00,753309,ok,
/srv/gnss-archive/legacy/RECOVERED_SEAGATE_W2A0W9T2_DATA0/RAW/2012/IBAZ/IBAZ107a.m00,.m00,755205,ok,
/srv/gnss-archive/legacy/RECOVERED_SEAGATE_W2A0W9T2_DATA0/RAW/2012/IBAZ/IBAZ036a.m00,.m00,757573,ok,
/srv/gnss-archive/legacy/RECOVERED_SEAGATE_W2A0W9T2_DATA0/RAW/2012/IBAZ/IBAZ106a.m00,.m00,755707,ok,
/srv/gnss-archive/legacy/RECOVERED_SEAGATE_W2A0W9T2_DATA0/RAW/2012/IBAZ/IBAZ037a.m00,.m00,758080,ok,
/srv/gnss-archive/legacy/RECOVERED_SEAGATE_W2A0W9T2_DATA0/RAW/2012/IBAZ/IBAZ108a.m00,.m00,754301,ok,
/srv/gnss-archive/legacy/RECOVERED_SEAGATE_W2A0W9T2_DATA0/RAW/2012/IBAZ/IBAZ038a.m00,.m00,747113,ok,
/srv/gnss-archive/legacy/RECOVERED_SEAGATE_W2A0W9T2_DATA0/RAW/2012/IBAZ/IBAZ109a.m00,.m00,754352,ok,
/srv/gnss-archive/legacy/RECOVERED_SEAGATE_W2A0W9T2_DATA0/RAW/2012/IBAZ/IBAZ039a.m00,.m00,757681,ok,
/srv/gnss-archive/legacy/RECOVERED_SEAGATE_W2A0W9T2_DATA0/RAW/2012/IBAZ/IBAZ110a.m00,.m00,753196,ok,
/srv/gnss-archive/legacy/RECOVERED_SEAGATE_W2A0W9T2_DATA0/RAW/2012/IBAZ/IBAZ040a.m00,.m00,757044,ok,
/srv/gnss-archive/legacy/RECOVERED_SEAGATE_W2A0W9T2_DATA0/RAW/2012/IBAZ/IBAZ111a.m00,.m00,753966,ok,
/srv/gnss-archive/legacy/RECOVERED_SEAGATE_W2A0W9T2_DATA0/RAW/2012/IBAZ/IBAZ041a.m00,.m00,740845,ok,
/srv/gnss-archive/legacy/RECOVERED_SEAGATE_W2A0W9T2_DATA0/RAW/2012/IBAZ/IBAZ112a.m00,.m00,751852,ok,
/srv/gnss-archive/legacy/RECOVERED_SEAGATE_W2A0W9T2_DATA0/RAW/2012/IBAZ/IBAZ042a.m00,.m00,738046,ok,
/srv/gnss-archive/legacy/RECOVERED_SEAGATE_W2A0W9T2_DATA0/RAW/2012/IBAZ/IBAZ113a.m00,.m00,752008,ok,
/srv/gnss-archive/legacy/RECOVERED_SEAGATE_W2A0W9T2_DATA0/RAW/2012/IBAZ/IBAZ043a.m00,.m00,738629,ok,
/srv/gnss-archive/legacy/RECOVERED_SEAGATE_W2A0W9T2_DATA0/RAW/2012/IBAZ/IBAZ114a.m00,.m00,750929,ok,
/srv/gnss-archive/legacy/RECOVERED_SEAGATE_W2A0W9T2_DATA0/RAW/2012/IBAZ/IBAZ044a.m00,.m00,738106,ok,
/srv/gnss-archive/legacy/RECOVERED_SEAGATE_W2A0W9T2_DATA0/RAW/2012/IBAZ/IBAZ115a.m00,.m00,754772,ok,
/srv/gnss-archive/legacy/RECOVERED_SEAGATE_W2A0W9T2_DATA0/RAW/2012/IBAZ/IBAZ045a.m00,.m00,738922,ok,
/srv/gnss-archive/legacy/RECOVERED_SEAGATE_W2A0W9T2_DATA0/RAW/2012/IBAZ/IBAZ116a.m00,.m00,735771,ok,
/srv/gnss-archive/legacy/RECOVERED_SEAGATE_W2A0W9T2_DATA0/RAW/2012/IBAZ/IBAZ046a.m00,.m00,739569,ok,
/srv/gnss-archive/legacy/RECOVERED_SEAGATE_W2A0W9T2_DATA0/RAW/2012/IBAZ/IBAZ117a.m00,.m00,751485,ok,
/srv/gnss-archive/legacy/RECOVERED_SEAGATE_W2A0W9T2_DATA0/RAW/2012/IBAZ/IBAZ047a.m00,.m00,741755,ok,
/srv/gnss-archive/legacy/RECOVERED_SEAGATE_W2A0W9T2_DATA0/RAW/2012/IBAZ/IBAZ118a.m00,.m00,738221,ok,
/srv/gnss-archive/legacy/RECOVERED_SEAGATE_W2A0W9T2_DATA0/RAW/2012/IBAZ/IBAZ048a.m00,.m00,737808,ok,
/srv/gnss-archive/legacy/RECOVERED_SEAGATE_W2A0W9T2_DATA0/RAW/2012/IBAZ/IBAZ119a.m00,.m00,751769,ok,
/srv/gnss-archive/legacy/RECOVERED_SEAGATE_W2A0W9T2_DATA0/RAW/2012/IBAZ/IBAZ049a.m00,.m00,738764,ok,
/srv/gnss-archive/legacy/RECOVERED_SEAGATE_W2A0W9T2_DATA0/RAW/2012/IBAZ/IBAZ120a.m00,.m00,751206,ok,
/srv/gnss-archive/legacy/RECOVERED_SEAGATE_W2A0W9T2_DATA0/RAW/2012/IBAZ/IBAZ050a.m00,.m00,737219,ok,
/srv/gnss-archive/legacy/RECOVERED_SEAGATE_W2A0W9T2_DATA0/RAW/2012/IBAZ/IBAZ121a.m00,.m00,751548,ok,
/srv/gnss-archive/legacy/RECOVERED_SEAGATE_W2A0W9T2_DATA0/RAW/2012/IBAZ/IBAZ051a.m00,.m00,739467,ok,
/srv/gnss-archive/legacy/RECOVERED_SEAGATE_W2A0W9T2_DATA0/RAW/2012/IBAZ/IBAZ122a.m00,.m00,748836,ok,
/srv/gnss-archive/legacy/RECOVERED_SEAGATE_W2A0W9T2_DATA0/RAW/2012/IBAZ/IBAZ052a.m00,.m00,740054,ok,
/srv/gnss-archive/legacy/RECOVERED_SEAGATE_W2A0W9T2_DATA0/RAW/2012/IBAZ/IBAZ123a.m00,.m00,749710,ok,
/srv/gnss-archive/legacy/RECOVERED_SEAGATE_W2A0W9T2_DATA0/RAW/2012/IBAZ/IBAZ053a.m00,.m00,722352,ok,
/srv/gnss-archive/legacy/RECOVERED_SEAGATE_W2A0W9T2_DATA0/RAW/2012/IBAZ/IBAZ124a.m00,.m00,752061,ok,
/srv/gnss-archive/legacy/RECOVERED_SEAGATE_W2A0W9T2_DATA0/RAW/2012/IBAZ/IBAZ054a.m00,.m00,739097,ok,
/srv/gnss-archive/legacy/RECOVERED_SEAGATE_W2A0W9T2_DATA0/RAW/2012/IBAZ/IBAZ125a.m00,.m00,750674,ok,
/srv/gnss-archive/legacy/RECOVERED_SEAGATE_W2A0W9T2_DATA0/RAW/2012/IBAZ/IBAZ055a.m00,.m00,753849,ok,
/srv/gnss-archive/legacy/RECOVERED_SEAGATE_W2A0W9T2_DATA0/RAW/2012/IBAZ/IBAZ126a.m00,.m00,751873,ok,
/srv/gnss-archive/legacy/RECOVERED_SEAGATE_W2A0W9T2_DATA0/RAW/2012/IBAZ/IBAZ056a.m00,.m00,756098,ok,
/srv/gnss-archive/legacy/RECOVERED_SEAGATE_W2A0W9T2_DATA0/RAW/2012/IBAZ/IBAZ127a.m00,.m00,753175,ok,
/srv/gnss-archive/legacy/RECOVERED_SEAGATE_W2A0W9T2_DATA0/RAW/2012/IBAZ/IBAZ057a.m00,.m00,758603,ok,
/srv/gnss-archive/legacy/RECOVERED_SEAGATE_W2A0W9T2_DATA0/RAW/2012/IBAZ/IBAZ128a.m00,.m00,751175,ok,
/srv/gnss-archive/legacy/RECOVERED_SEAGATE_W2A0W9T2_DATA0/RAW/2012/IBAZ/IBAZ058a.m00,.m00,755178,ok,
/srv/gnss-archive/legacy/RECOVERED_SEAGATE_W2A0W9T2_DATA0/RAW/2012/IBAZ/IBAZ129a.m00,.m00,749471,ok,
/srv/gnss-archive/legacy/RECOVERED_SEAGATE_W2A0W9T2_DATA0/RAW/2012/IBAZ/IBAZ059a.m00,.m00,736920,ok,
/srv/gnss-archive/legacy/RECOVERED_SEAGATE_W2A0W9T2_DATA0/RAW/2012/IBAZ/IBAZ130a.m00,.m00,750135,ok,
/srv/gnss-archive/legacy/RECOVERED_SEAGATE_W2A0W9T2_DATA0/RAW/2012/IBAZ/IBAZ060a.m00,.m00,752013,ok,
/srv/gnss-archive/legacy/RECOVERED_SEAGATE_W2A0W9T2_DATA0/RAW/2012/IBAZ/IBAZ131a.m00,.m00,751968,ok,
/srv/gnss-archive/legacy/RECOVERED_SEAGATE_W2A0W9T2_DATA0/RAW/2012/IBAZ/IBAZ061a.m00,.m00,747451,ok,
/srv/gnss-archive/legacy/RECOVERED_SEAGATE_W2A0W9T2_DATA0/RAW/2012/IBAZ/IBAZ132a.m00,.m00,749969,ok,
/srv/gnss-archive/legacy/RECOVERED_SEAGATE_W2A0W9T2_DATA0/RAW/2012/IBAZ/IBAZ062a.m00,.m00,752602,ok,
/srv/gnss-archive/legacy/RECOVERED_SEAGATE_W2A0W9T2_DATA0/RAW/2012/IBAZ/IBAZ133a.m00,.m00,752765,ok,
/srv/gnss-archive/legacy/RECOVERED_SEAGATE_W2A0W9T2_DATA0/RAW/2012/IBAZ/IBAZ063a.m00,.m00,754832,ok,
/srv/gnss-archive/legacy/RECOVERED_SEAGATE_W2A0W9T2_DATA0/RAW/2012/IBAZ/IBAZ134a.m00,.m00,750951,ok,
/srv/gnss-archive/legacy/RECOVERED_SEAGATE_W2A0W9T2_DATA0/RAW/2012/IBAZ/IBAZ064a.m00,.m00,757547,ok,
/srv/gnss-archive/legacy/RECOVERED_SEAGATE_W2A0W9T2_DATA0/RAW/2012/IBAZ/IBAZ135a.m00,.m00,753229,ok,
/srv/gnss-archive/legacy/RECOVERED_SEAGATE_W2A0W9T2_DATA0/RAW/2012/IBAZ/IBAZ065a.m00,.m00,755017,ok,
/srv/gnss-archive/legacy/RECOVERED_SEAGATE_W2A0W9T2_DATA0/RAW/2012/IBAZ/IBAZ136a.m00,.m00,655360,ok,
/srv/gnss-archive/legacy/RECOVERED_SEAGATE_W2A0W9T2_DATA0/RAW/2012/IBAZ/IBAZ066a.m00,.m00,757310,ok,
/srv/gnss-archive/legacy/RECOVERED_SEAGATE_W2A0W9T2_DATA0/RAW/2012/IBAZ/IBAZ136u.m57,.m57,96117,ok,
/srv/gnss-archive/legacy/RECOVERED_SEAGATE_W2A0W9T2_DATA0/RAW/2012/IBAZ/IBAZ067a.m00,.m00,755111,ok,
/srv/gnss-archive/legacy/RECOVERED_SEAGATE_W2A0W9T2_DATA0/RAW/2012/IBAZ/IBAZ137a.m00,.m00,750384,ok,
/srv/gnss-archive/legacy/RECOVERED_SEAGATE_W2A0W9T2_DATA0/RAW/2012/IBAZ/IBAZ068a.m00,.m00,755346,ok,
/srv/gnss-archive/legacy/RECOVERED_SEAGATE_W2A0W9T2_DATA0/RAW/2012/IBAZ/IBAZ138a.m00,.m00,750244,ok,
/srv/gnss-archive/legacy/RECOVERED_SEAGATE_W2A0W9T2_DATA0/RAW/2012/IBAZ/IBAZ069a.m00,.m00,756606,ok,
/srv/gnss-archive/legacy/RECOVERED_SEAGATE_W2A0W9T2_DATA0/RAW/2012/IBAZ/IBAZ139a.m00,.m00,751728,ok,
/srv/gnss-archive/legacy/RECOVERED_SEAGATE_W2A0W9T2_DATA0/RAW/2012/IBAZ/IBAZ070a.m00,.m00,754651,ok,
/srv/gnss-archive/legacy/RECOVERED_SEAGATE_W2A0W9T2_DATA0/RAW/2012/IBAZ/IBAZ140a.m00,.m00,728371,ok,
/srv/gnss-archive/legacy/RECOVERED_SEAGATE_W2A0W9T2_DATA0/RAW/2012/IBAZ/IBAZ071a.m00,.m00,751292,ok,
/srv/gnss-archive/legacy/RECOVERED_SEAGATE_W2A0W9T2_DATA0/RAW/2012/IBAZ/IBAZ141a.m00,.m00,731405,ok,
/srv/gnss-archive/legacy/RECOVERED_SEAGATE_W2A0W9T2_DATA0/RAW/2012/IBAZ/IBAZ072a.m00,.m00,752692,ok,
/srv/gnss-archive/legacy/RECOVERED_SEAGATE_W2A0W9T2_DATA0/RAW/2012/IBAZ/IBAZ142a.m00,.m00,729822,ok,
/srv/gnss-archive/legacy/RECOVERED_SEAGATE_W2A0W9T2_DATA0/RAW/2012/IBAZ/IBAZ073a.m00,.m00,752559,ok,
/srv/gnss-archive/legacy/RECOVERED_SEAGATE_W2A0W9T2_DATA0/RAW/2012/IBAZ/IBAZ143a.m00,.m00,727411,ok,
/srv/gnss-archive/legacy/RECOVERED_SEAGATE_W2A0W9T2_DATA0/RAW/2012/IBAZ/IBAZ074a.m00,.m00,755636,ok,
/srv/gnss-archive/legacy/RECOVERED_SEAGATE_W2A0W9T2_DATA0/RAW/2012/IBAZ/IBAZ144a.m00,.m00,730345,ok,
/srv/gnss-archive/legacy/RECOVERED_SEAGATE_W2A0W9T2_DATA0/RAW/2012/IBAZ/IBAZ075a.m00,.m00,749475,ok,
/srv/gnss-archive/legacy/RECOVERED_SEAGATE_W2A0W9T2_DATA0/RAW/2012/IBAZ/IBAZ145a.m00,.m00,727550,ok,
/srv/gnss-archive/legacy/RECOVERED_SEAGATE_W2A0W9T2_DATA0/RAW/2012/IBAZ/IBAZ076a.m00,.m00,754657,ok,
/srv/gnss-archive/legacy/RECOVERED_SEAGATE_W2A0W9T2_DATA0/RAW/2012/IBAZ/IBAZ146a.m00,.m00,622252,ok,
/srv/gnss-archive/legacy/RECOVERED_SEAGATE_W2A0W9T2_DATA0/RAW/2012/IBAZ/IBAZ077a.m00,.m00,752521,ok,
/srv/gnss-archive/legacy/RECOVERED_SEAGATE_W2A0W9T2_DATA0/RAW/2012/IBAZ/IBAZ147a.m00,.m00,57344,ok,
/srv/gnss-archive/legacy/RECOVERED_SEAGATE_W2A0W9T2_DATA0/RAW/2012/IBAZ/IBAZ078a.m00,.m00,754944,ok,
/srv/gnss-archive/legacy/RECOVERED_SEAGATE_W2A0W9T2_DATA0/RAW/2012/IBAZ/IBAZ147b.m58,.m58,685698,ok,
/srv/gnss-archive/legacy/RECOVERED_SEAGATE_W2A0W9T2_DATA0/RAW/2012/IBAZ/IBAZ079a.m00,.m00,751597,ok,
/srv/gnss-archive/legacy/RECOVERED_SEAGATE_W2A0W9T2_DATA0/RAW/2012/IBAZ/IBAZ148a.m00,.m00,751638,ok,
/srv/gnss-archive/legacy/RECOVERED_SEAGATE_W2A0W9T2_DATA0/RAW/2012/IBAZ/IBAZ080a.m00,.m00,752910,ok,
/srv/gnss-archive/legacy/RECOVERED_SEAGATE_W2A0W9T2_DATA0/RAW/2012/IBAZ/IBAZ149a.m00,.m00,217088,ok,
/srv/gnss-archive/legacy/RECOVERED_SEAGATE_W2A0W9T2_DATA0/RAW/2012/IBAZ/IBAZ081a.m00,.m00,754150,ok,
/srv/gnss-archive/legacy/RECOVERED_SEAGATE_W2A0W9T2_DATA0/RAW/2012/IBAZ/IBAZ149g.m53,.m53,522156,ok,
/srv/gnss-archive/legacy/RECOVERED_SEAGATE_W2A0W9T2_DATA0/RAW/2012/IBAZ/IBAZ082a.m00,.m00,86016,ok,
/srv/gnss-archive/legacy/RECOVERED_SEAGATE_W2A0W9T2_DATA0/RAW/2012/IBAZ/IBAZ150a.m00,.m00,749470,ok,
/srv/gnss-archive/legacy/RECOVERED_SEAGATE_W2A0W9T2_DATA0/RAW/2012/IBAZ/IBAZ082c.m36,.m36,674794,ok,
/srv/gnss-archive/legacy/RECOVERED_SEAGATE_W2A0W9T2_DATA0/RAW/2012/IBAZ/IBAZ151a.m00,.m00,746404,ok,
/srv/gnss-archive/legacy/RECOVERED_SEAGATE_W2A0W9T2_DATA0/RAW/2012/IBAZ/IBAZ083a.m00,.m00,755249,ok,
/srv/gnss-archive/legacy/RECOVERED_SEAGATE_W2A0W9T2_DATA0/RAW/2012/IBAZ/IBAZ152a.m00,.m00,753704,ok,
/srv/gnss-archive/legacy/RECOVERED_SEAGATE_W2A0W9T2_DATA0/RAW/2012/IBAZ/IBAZ084a.m00,.m00,752458,ok,
/srv/gnss-archive/legacy/RECOVERED_SEAGATE_W2A0W9T2_DATA0/RAW/2012/IBAZ/IBAZ153a.m00,.m00,744263,ok,
/srv/gnss-archive/legacy/RECOVERED_SEAGATE_W2A0W9T2_DATA0/RAW/2012/IBAZ/IBAZ085a.m00,.m00,752990,ok,
/srv/gnss-archive/legacy/RECOVERED_SEAGATE_W2A0W9T2_DATA0/RAW/2012/IBAZ/IBAZ154a.m00,.m00,749718,ok,
/srv/gnss-archive/legacy/RECOVERED_SEAGATE_W2A0W9T2_DATA0/RAW/2012/IBAZ/IBAZ086a.m00,.m00,749677,ok,
/srv/gnss-archive/legacy/RECOVERED_SEAGATE_W2A0W9T2_DATA0/RAW/2012/IBAZ/IBAZ155a.m00,.m00,751443,ok,
/srv/gnss-archive/legacy/RECOVERED_SEAGATE_W2A0W9T2_DATA0/RAW/2012/IBAZ/IBAZ087a.m00,.m00,752608,ok,
/srv/gnss-archive/legacy/RECOVERED_SEAGATE_W2A0W9T2_DATA0/RAW/2012/IBAZ/IBAZ156a.m00,.m00,751999,ok,
/srv/gnss-archive/legacy/RECOVERED_SEAGATE_W2A0W9T2_DATA0/RAW/2012/IBAZ/IBAZ088a.m00,.m00,754380,ok,
/srv/gnss-archive/legacy/RECOVERED_SEAGATE_W2A0W9T2_DATA0/RAW/2012/IBAZ/IBAZ157a.m00,.m00,751201,ok,
/srv/gnss-archive/legacy/RECOVERED_SEAGATE_W2A0W9T2_DATA0/RAW/2012/IBAZ/IBAZ089a.m00,.m00,754471,ok,
/srv/gnss-archive/legacy/RECOVERED_SEAGATE_W2A0W9T2_DATA0/RAW/2012/IBAZ/IBAZ158a.m00,.m00,739512,ok,
/srv/gnss-archive/legacy/RECOVERED_SEAGATE_W2A0W9T2_DATA0/RAW/2012/IBAZ/IBAZ090a.m00,.m00,751923,ok,
/srv/gnss-archive/legacy/RECOVERED_SEAGATE_W2A0W9T2_DATA0/RAW/2012/IBAZ/IBAZ159a.m00,.m00,734049,ok,
/srv/gnss-archive/legacy/RECOVERED_SEAGATE_W2A0W9T2_DATA0/RAW/2012/IBAZ/IBAZ091a.m00,.m00,753833,ok,
/srv/gnss-archive/legacy/RECOVERED_SEAGATE_W2A0W9T2_DATA0/RAW/2012/IBAZ/IBAZ096a.m00,.m00,750750,ok,
/srv/gnss-archive/legacy/RECOVERED_SEAGATE_W2A0W9T2_DATA0/RAW/2012/IBAZ/IBAZ160a.m00,.m00,749685,ok,
/srv/gnss-archive/legacy/RECOVERED_SEAGATE_W2A0W9T2_DATA0/RAW/2012/IBAZ/IBAZ097a.m00,.m00,757228,ok,
/srv/gnss-archive/legacy/RECOVERED_SEAGATE_W2A0W9T2_DATA0/RAW/2012/IBAZ/IBAZ161a.m00,.m00,90112,ok,
/srv/gnss-archive/legacy/RECOVERED_SEAGATE_W2A0W9T2_DATA0/RAW/2012/IBAZ/IBAZ098a.m00,.m00,750408,ok,
/srv/gnss-archive/legacy/RECOVERED_SEAGATE_W2A0W9T2_DATA0/RAW/2012/IBAZ/IBAZ161e.m59,.m59,604535,ok,
/srv/gnss-archive/legacy/RECOVERED_SEAGATE_W2A0W9T2_DATA0/RAW/2012/IBAZ/IBAZ099a.m00,.m00,756207,ok,
/srv/gnss-archive/legacy/RECOVERED_SEAGATE_W2A0W9T2_DATA0/RAW/2012/IBAZ/IBAZ162a.m00,.m00,753096,ok,
/srv/gnss-archive/legacy/RECOVERED_SEAGATE_W2A0W9T2_DATA0/RAW/2012/IBAZ/IBAZ100a.m00,.m00,752050,ok,
/srv/gnss-archive/legacy/RECOVERED_SEAGATE_W2A0W9T2_DATA0/RAW/2012/IBAZ/IBAZ163a.m00,.m00,752029,ok,
/srv/gnss-archive/legacy/RECOVERED_SEAGATE_W2A0W9T2_DATA0/RAW/2012/IBAZ/IBAZ101a.m00,.m00,752533,ok,
/srv/gnss-archive/legacy/RECOVERED_SEAGATE_W2A0W9T2_DATA0/RAW/2012/IBAZ/IBAZ164a.m00,.m00,750524,ok,
/srv/gnss-archive/legacy/RECOVERED_SEAGATE_W2A0W9T2_DATA0/RAW/2012/IBAZ/IBAZ102a.m00,.m00,588860,ok,
/srv/gnss-archive/legacy/RECOVERED_SEAGATE_W2A0W9T2_DATA0/RAW/2012/IBAZ/IBAZ165a.m00,.m00,733992,ok,
/srv/gnss-archive/legacy/RECOVERED_SEAGATE_W2A0W9T2_DATA0/RAW/2012/IBAZ/IBAZ103a.m00,.m00,751503,ok,
/srv/gnss-archive/legacy/RECOVERED_SEAGATE_W2A0W9T2_DATA0/RAW/2012/IBAZ/IBAZ166a.m00,.m00,734180,ok,
/srv/gnss-archive/legacy/RECOVERED_SEAGATE_W2A0W9T2_DATA0/RAW/2012/IBAZ/IBAZ104a.m00,.m00,754748,ok,
/srv/gnss-archive/legacy/RECOVERED_SEAGATE_W2A0W9T2_DATA0/RAW/2012/IBAZ/IBAZ167a.m00,.m00,750864,ok,
/srv/gnss-archive/legacy/RECOVERED_SEAGATE_W2A0W9T2_DATA0/RAW/2012/IBAZ/IBAZ105a.m00,.m00,757118,ok,
/srv/gnss-archive/legacy/RECOVERED_SEAGATE_W2A0W9T2_DATA0/RAW/2012/IBAZ/IBAZ168a.m00,.m00,415778,ok,
/srv/gnss-archive/legacy/RECOVERED_SEAGATE_W2A0W9T2_DATA0/RAW/2012/IBAZ/IBAZ169a.m00,.m00,747643,ok,
/srv/gnss-archive/legacy/RECOVERED_SEAGATE_W2A0W9T2_DATA0/RAW/2012/IBAZ/IBAZ170a.m00,.m00,747825,ok,
/srv/gnss-archive/legacy/RECOVERED_SEAGATE_W2A0W9T2_DATA0/RAW/2012/IBAZ/IBAZ171a.m00,.m00,748914,ok,
/srv/gnss-archive/legacy/RECOVERED_SEAGATE_W2A0W9T2_DATA0/RAW/2012/IBAZ/IBAZ172a.m00,.m00,188416,ok,
/srv/gnss-archive/legacy/RECOVERED_SEAGATE_W2A0W9T2_DATA0/RAW/2012/IBAZ/IBAZ172g.m01,.m01,566275,ok,
/srv/gnss-archive/legacy/RECOVERED_SEAGATE_W2A0W9T2_DATA0/RAW/2012/IBAZ/IBAZ173a.m00,.m00,751143,ok,
/srv/gnss-archive/legacy/RECOVERED_SEAGATE_W2A0W9T2_DATA0/RAW/2012/IBAZ/IBAZ174a.m00,.m00,751495,ok,
/srv/gnss-archive/legacy/RECOVERED_SEAGATE_W2A0W9T2_DATA0/RAW/2012/IBAZ/IBAZ175a.m00,.m00,751153,ok,
/srv/gnss-archive/legacy/RECOVERED_SEAGATE_W2A0W9T2_DATA0/RAW/2012/IBAZ/IBAZ176a.m00,.m00,748450,ok,
/srv/gnss-archive/legacy/RECOVERED_SEAGATE_W2A0W9T2_DATA0/RAW/2012/IBAZ/IBAZ177a.m00,.m00,752108,ok,
/srv/gnss-archive/legacy/RECOVERED_SEAGATE_W2A0W9T2_DATA0/RAW/2012/IBAZ/IBAZ178a.m00,.m00,751268,ok,
/srv/gnss-archive/legacy/RECOVERED_SEAGATE_W2A0W9T2_DATA0/RAW/2012/IBAZ/IBAZ179a.m00,.m00,748885,ok,
/srv/gnss-archive/legacy/RECOVERED_SEAGATE_W2A0W9T2_DATA0/RAW/2012/IBAZ/IBAZ180a.m00,.m00,749456,ok,
/srv/gnss-archive/legacy/RECOVERED_SEAGATE_W2A0W9T2_DATA0/RAW/2012/IBAZ/IBAZ181a.m00,.m00,331776,ok,
/srv/gnss-archive/legacy/RECOVERED_SEAGATE_W2A0W9T2_DATA0/RAW/2012/IBAZ/IBAZ181k.m47,.m47,406711,ok,
/srv/gnss-archive/legacy/RECOVERED_SEAGATE_W2A0W9T2_DATA0/RAW/2012/IBAZ/IBAZ182a.m00,.m00,749379,ok,
/srv/gnss-archive/legacy/RECOVERED_SEAGATE_W2A0W9T2_DATA0/RAW/2012/IBAZ/IBAZ183a.m00,.m00,751962,ok,
/srv/gnss-archive/legacy/RECOVERED_SEAGATE_W2A0W9T2_DATA0/RAW/2012/IBAZ/IBAZ184a.m00,.m00,749291,ok,
/srv/gnss-archive/legacy/RECOVERED_SEAGATE_W2A0W9T2_DATA0/RAW/2012/IBAZ/IBAZ185a.m00,.m00,750198,ok,
/srv/gnss-archive/legacy/RECOVERED_SEAGATE_W2A0W9T2_DATA0/RAW/2012/IBAZ/IBAZ186a.m00,.m00,748727,ok,
/srv/gnss-archive/legacy/RECOVERED_SEAGATE_W2A0W9T2_DATA0/RAW/2012/IBAZ/IBAZ187a.m00,.m00,749645,ok,
/srv/gnss-archive/legacy/RECOVERED_SEAGATE_W2A0W9T2_DATA0/RAW/2012/IBAZ/IBAZ188a.m00,.m00,736378,ok,
/srv/gnss-archive/legacy/RECOVERED_SEAGATE_W2A0W9T2_DATA0/RAW/2012/IBAZ/IBAZ189a.m00,.m00,747753,ok,
/srv/gnss-archive/legacy/RECOVERED_SEAGATE_W2A0W9T2_DATA0/RAW/2012/IBAZ/IBAZ190a.m00,.m00,598016,ok,
/srv/gnss-archive/legacy/RECOVERED_SEAGATE_W2A0W9T2_DATA0/RAW/2012/IBAZ/IBAZ190t.m02,.m02,158482,ok,
/srv/gnss-archive/legacy/RECOVERED_SEAGATE_W2A0W9T2_DATA0/RAW/2012/IBAZ/IBAZ191a.m00,.m00,750125,ok,
/srv/gnss-archive/legacy/RECOVERED_SEAGATE_W2A0W9T2_DATA0/RAW/2012/IBAZ/IBAZ192a.m00,.m00,750021,ok,
/srv/gnss-archive/legacy/RECOVERED_SEAGATE_W2A0W9T2_DATA0/RAW/2012/IBAZ/IBAZ193a.m00,.m00,749758,ok,
/srv/gnss-archive/legacy/RECOVERED_SEAGATE_W2A0W9T2_DATA0/RAW/2012/IBAZ/IBAZ194a.m00,.m00,749430,ok,
/srv/gnss-archive/legacy/RECOVERED_SEAGATE_W2A0W9T2_DATA0/RAW/2012/IBAZ/IBAZ195a.m00,.m00,751584,ok,
/srv/gnss-archive/legacy/RECOVERED_SEAGATE_W2A0W9T2_DATA0/RAW/2012/IBAZ/IBAZ196a.m00,.m00,750137,ok,
/srv/gnss-archive/legacy/RECOVERED_SEAGATE_W2A0W9T2_DATA0/RAW/2012/IBAZ/IBAZ197a.m00,.m00,748621,ok,
/srv/gnss-archive/legacy/RECOVERED_SEAGATE_W2A0W9T2_DATA0/RAW/2012/IBAZ/IBAZ198a.m00,.m00,751476,ok,
/srv/gnss-archive/legacy/RECOVERED_SEAGATE_W2A0W9T2_DATA0/RAW/2012/IBAZ/IBAZ199a.m00,.m00,749483,ok,
/srv/gnss-archive/legacy/RECOVERED_SEAGATE_W2A0W9T2_DATA0/RAW/2012/IBAZ/IBAZ200a.m00,.m00,698549,ok,
/srv/gnss-archive/legacy/RECOVERED_SEAGATE_W2A0W9T2_DATA0/RAW/2012/IBAZ/IBAZ201a.m00,.m00,747690,ok,
/srv/gnss-archive/legacy/RECOVERED_SEAGATE_W2A0W9T2_DATA0/RAW/2012/IBAZ/IBAZ202a.m00,.m00,743616,ok,
/srv/gnss-archive/legacy/RECOVERED_SEAGATE_W2A0W9T2_DATA0/RAW/2012/IBAZ/IBAZ203a.m00,.m00,746084,ok,
/srv/gnss-archive/legacy/RECOVERED_SEAGATE_W2A0W9T2_DATA0/RAW/2012/IBAZ/IBAZ204a.m00,.m00,746869,ok,
/srv/gnss-archive/legacy/RECOVERED_SEAGATE_W2A0W9T2_DATA0/RAW/2012/IBAZ/IBAZ205a.m00,.m00,750624,ok,
/srv/gnss-archive/legacy/RECOVERED_SEAGATE_W2A0W9T2_DATA0/RAW/2012/IBAZ/IBAZ206a.m00,.m00,746108,ok,
/srv/gnss-archive/legacy/RECOVERED_SEAGATE_W2A0W9T2_DATA0/RAW/2012/IBAZ/IBAZ207a.m00,.m00,747012,ok,
/srv/gnss-archive/legacy/RECOVERED_SEAGATE_W2A0W9T2_DATA0/RAW/2012/IBAZ/IBAZ208a.m00,.m00,746734,ok,
/srv/gnss-archive/legacy/RECOVERED_SEAGATE_W2A0W9T2_DATA0/RAW/2012/IBAZ/IBAZ209a.m00,.m00,94208,ok,
/srv/gnss-archive/legacy/RECOVERED_SEAGATE_W2A0W9T2_DATA0/RAW/2012/IBAZ/IBAZ209c.m56,.m56,638758,ok,
/srv/gnss-archive/legacy/RECOVERED_SEAGATE_W2A0W9T2_DATA0/RAW/2012/IBAZ/IBAZ210a.m00,.m00,750195,ok,
/srv/gnss-archive/legacy/RECOVERED_SEAGATE_W2A0W9T2_DATA0/RAW/2012/IBAZ/IBAZ211a.m00,.m00,688090,ok,
/srv/gnss-archive/legacy/RECOVERED_SEAGATE_W2A0W9T2_DATA0/RAW/2012/IBAZ/IBAZ212a.m00,.m00,748690,ok,
/srv/gnss-archive/legacy/RECOVERED_SEAGATE_W2A0W9T2_DATA0/RAW/2012/IBAZ/IBAZ213a.m00,.m00,748317,ok,
/srv/gnss-archive/legacy/RECOVERED_SEAGATE_W2A0W9T2_DATA0/RAW/2012/IBAZ/IBAZ214a.m00,.m00,749607,ok,
/srv/gnss-archive/legacy/RECOVERED_SEAGATE_W2A0W9T2_DATA0/RAW/2012/IBAZ/IBAZ215a.m00,.m00,747661,ok,
/srv/gnss-archive/legacy/RECOVERED_SEAGATE_W2A0W9T2_DATA0/RAW/2012/IBAZ/IBAZ216a.m00,.m00,748287,ok,
/srv/gnss-archive/legacy/RECOVERED_SEAGATE_W2A0W9T2_DATA0/RAW/2012/IBAZ/IBAZ217a.m00,.m00,748468,ok,
/srv/gnss-archive/legacy/RECOVERED_SEAGATE_W2A0W9T2_DATA0/RAW/2012/IBAZ/IBAZ218a.m00,.m00,748443,ok,
/srv/gnss-archive/legacy/RECOVERED_SEAGATE_W2A0W9T2_DATA0/RAW/2012/IBAZ/IBAZ219a.m00,.m00,746860,ok,
/srv/gnss-archive/legacy/RECOVERED_SEAGATE_W2A0W9T2_DATA0/RAW/2012/IBAZ/IBAZ220a.m00,.m00,746289,ok,
/srv/gnss-archive/legacy/RECOVERED_SEAGATE_W2A0W9T2_DATA0/RAW/2012/IBAZ/IBAZ221a.m00,.m00,744367,ok,
/srv/gnss-archive/legacy/RECOVERED_SEAGATE_W2A0W9T2_DATA0/RAW/2012/IBAZ/IBAZ222a.m00,.m00,748583,ok,
/srv/gnss-archive/legacy/RECOVERED_SEAGATE_W2A0W9T2_DATA0/RAW/2012/IBAZ/IBAZ223a.m00,.m00,747029,ok,
/srv/gnss-archive/legacy/RECOVERED_SEAGATE_W2A0W9T2_DATA0/RAW/2012/IBAZ/IBAZ224a.m00,.m00,750245,ok,
/srv/gnss-archive/legacy/RECOVERED_SEAGATE_W2A0W9T2_DATA0/RAW/2012/IBAZ/IBAZ225a.m00,.m00,746988,ok,
/srv/gnss-archive/legacy/RECOVERED_SEAGATE_W2A0W9T2_DATA0/RAW/2012/IBAZ/IBAZ226a.m00,.m00,748595,ok,
/srv/gnss-archive/legacy/RECOVERED_SEAGATE_W2A0W9T2_DATA0/RAW/2012/IBAZ/IBAZ227a.m00,.m00,748079,ok,
/srv/gnss-archive/legacy/RECOVERED_SEAGATE_W2A0W9T2_DATA0/RAW/2012/IBAZ/IBAZ228a.m00,.m00,747320,ok,
/srv/gnss-archive/legacy/RECOVERED_SEAGATE_W2A0W9T2_DATA0/RAW/2012/IBAZ/IBAZ229a.m00,.m00,739110,ok,
/srv/gnss-archive/legacy/RECOVERED_SEAGATE_W2A0W9T2_DATA0/RAW/2012/IBAZ/IBAZ230a.m00,.m00,749626,ok,
/srv/gnss-archive/legacy/RECOVERED_SEAGATE_W2A0W9T2_DATA0/RAW/2012/IBAZ/IBAZ231a.m00,.m00,748759,ok,
/srv/gnss-archive/legacy/RECOVERED_SEAGATE_W2A0W9T2_DATA0/RAW/2012/IBAZ/IBAZ232a.m00,.m00,752091,ok,
/srv/gnss-archive/legacy/RECOVERED_SEAGATE_W2A0W9T2_DATA0/RAW/2012/IBAZ/IBAZ233a.m00,.m00,748742,ok,
/srv/gnss-archive/legacy/RECOVERED_SEAGATE_W2A0W9T2_DATA0/RAW/2012/IBAZ/IBAZ234a.m00,.m00,748523,ok,
/srv/gnss-archive/legacy/RECOVERED_SEAGATE_W2A0W9T2_DATA0/RAW/2012/IBAZ/IBAZ235a.m00,.m00,752290,ok,
/srv/gnss-archive/legacy/RECOVERED_SEAGATE_W2A0W9T2_DATA0/RAW/2012/IBAZ/IBAZ236a.m00,.m00,748218,ok,
/srv/gnss-archive/legacy/RECOVERED_SEAGATE_W2A0W9T2_DATA0/RAW/2012/IBAZ/IBAZ237a.m00,.m00,750027,ok,
/srv/gnss-archive/legacy/RECOVERED_SEAGATE_W2A0W9T2_DATA0/RAW/2012/IBAZ/IBAZ238a.m00,.m00,749467,ok,
/srv/gnss-archive/legacy/RECOVERED_SEAGATE_W2A0W9T2_DATA0/RAW/2012/IBAZ/IBAZ239a.m00,.m00,102400,ok,
/srv/gnss-archive/legacy/RECOVERED_SEAGATE_W2A0W9T2_DATA0/RAW/2012/IBAZ/IBAZ239d.m01,.m01,446026,ok,
/srv/gnss-archive/legacy/RECOVERED_SEAGATE_W2A0W9T2_DATA0/RAW/2012/IBAZ/IBAZ240a.m00,.m00,749255,ok,
/srv/gnss-archive/legacy/RECOVERED_SEAGATE_W2A0W9T2_DATA0/RAW/2012/IBAZ/IBAZ241a.m00,.m00,748928,ok,
/srv/gnss-archive/legacy/RECOVERED_SEAGATE_W2A0W9T2_DATA0/RAW/2012/IBAZ/IBAZ242a.m00,.m00,730460,ok,
/srv/gnss-archive/legacy/RECOVERED_SEAGATE_W2A0W9T2_DATA0/RAW/2012/IBAZ/IBAZ243a.m00,.m00,747739,ok,
/srv/gnss-archive/legacy/RECOVERED_SEAGATE_W2A0W9T2_DATA0/RAW/2012/IBAZ/IBAZ244a.m00,.m00,196608,ok,
/srv/gnss-archive/legacy/RECOVERED_SEAGATE_W2A0W9T2_DATA0/RAW/2012/IBAZ/IBAZ244f.m41,.m41,24651,convert_failed,teqc:! Notice ! Leica MDB 130: survey starts @ 2012 Aug 31 05:41:34.940 GPS time in '/tmp/tmp9fij1u4t/IBAZ244f.m41'
/srv/gnss-archive/legacy/RECOVERED_SEAGATE_W2A0W9T2_DATA0/RAW/2012/IBAZ/IBAZ245a.m00,.m00,29793,convert_failed,teqc:! Notice ! Leica MDB 130: survey starts @ 2012 Sep  1 00:00:00.000 GPS time in '/tmp/tmptf82lok2/IBAZ245a.m00'
/srv/gnss-archive/legacy/RECOVERED_SEAGATE_W2A0W9T2_DATA0/RAW/2012/IBAZ/IBAZ246a.m00,.m00,33144,convert_failed,teqc:! Notice ! Leica MDB 130: survey starts @ 2012 Sep  2 00:00:00.000 GPS time in '/tmp/tmpa5v9ufqd/IBAZ246a.m00'
/srv/gnss-archive/legacy/RECOVERED_SEAGATE_W2A0W9T2_DATA0/RAW/2012/IBAZ/IBAZ247a.m00,.m00,31671,convert_failed,teqc:! Notice ! Leica MDB 130: survey starts @ 2012 Sep  3 00:00:00.000 GPS time in '/tmp/tmpp7lmoisc/IBAZ247a.m00'
/srv/gnss-archive/legacy/RECOVERED_SEAGATE_W2A0W9T2_DATA0/RAW/2012/IBAZ/IBAZ248a.m00,.m00,31806,convert_failed,teqc:! Notice ! Leica MDB 130: survey starts @ 2012 Sep  4 00:00:00.000 GPS time in '/tmp/tmpr_2c4a2v/IBAZ248a.m00'
/srv/gnss-archive/legacy/RECOVERED_SEAGATE_W2A0W9T2_DATA0/RAW/2012/IBAZ/IBAZ249a.m00,.m00,31401,convert_failed,teqc:! Notice ! Leica MDB 130: survey starts @ 2012 Sep  5 00:00:00.000 GPS time in '/tmp/tmp2dyd191v/IBAZ249a.m00'
/srv/gnss-archive/legacy/RECOVERED_SEAGATE_W2A0W9T2_DATA0/RAW/2012/IBAZ/IBAZ250a.m00,.m00,30186,convert_failed,teqc:! Notice ! Leica MDB 130: survey starts @ 2012 Sep  6 00:00:00.000 GPS time in '/tmp/tmpyyxep96i/IBAZ250a.m00'
/srv/gnss-archive/legacy/RECOVERED_SEAGATE_W2A0W9T2_DATA0/RAW/2012/IBAZ/IBAZ251a.m00,.m00,12288,convert_failed,teqc:! Notice ! Leica MDB 130: survey starts @ 2012 Sep  7 00:00:00.000 GPS time in '/tmp/tmpf5scnsfp/IBAZ251a.m00'
/srv/gnss-archive/legacy/RECOVERED_SEAGATE_W2A0W9T2_DATA0/RAW/2012/IBAZ/IBAZ251g.m49,.m49,21693,convert_failed,teqc:! Notice ! Leica MDB 130: survey starts @ 2012 Sep  7 06:49:53.510 GPS time in '/tmp/tmp2ui07p_v/IBAZ251g.m49'
/srv/gnss-archive/legacy/RECOVERED_SEAGATE_W2A0W9T2_DATA0/RAW/2012/IBAZ/IBAZ252a.m00,.m00,31131,convert_failed,teqc:! Notice ! Leica MDB 130: survey starts @ 2012 Sep  8 00:00:00.000 GPS time in '/tmp/tmpt5vy_o4t/IBAZ252a.m00'
/srv/gnss-archive/legacy/RECOVERED_SEAGATE_W2A0W9T2_DATA0/RAW/2012/IBAZ/IBAZ253a.m00,.m00,32469,convert_failed,teqc:! Notice ! Leica MDB 130: survey starts @ 2012 Sep  9 00:00:00.000 GPS time in '/tmp/tmpfmiozhk_/IBAZ253a.m00'
/srv/gnss-archive/legacy/RECOVERED_SEAGATE_W2A0W9T2_DATA0/RAW/2012/IBAZ/IBAZ254a.m00,.m00,29432,convert_failed,"teqc:! Notice ! Leica MDB 130: survey starts @ 2012 Sep 10 00:00:00.000 GPS time in '/tmp/tmpz98taea6/IBAZ254a.m00'
! Notice ! Leica MDB 130:   survey ends @ 2012 Sep 10 03:39:03.000 GPS time in '/tmp/tmpz98taea6/IBAZ254a.m00'
! Notice ! Leica MDB 130: survey starts @ 2012 Sep 10 05:34:16.860 GPS ti"
/srv/gnss-archive/legacy/RECOVERED_SEAGATE_W2A0W9T2_DATA0/RAW/2012/IBAZ/IBAZ255a.m00,.m00,334923,ok,
/srv/gnss-archive/legacy/RECOVERED_SEAGATE_W2A0W9T2_DATA0/RAW/2012/IBAZ/IBAZ256a.m00,.m00,730471,ok,
/srv/gnss-archive/legacy/RECOVERED_SEAGATE_W2A0W9T2_DATA0/RAW/2012/IBAZ/IBAZ257a.m00,.m00,728283,ok,
/srv/gnss-archive/legacy/RECOVERED_SEAGATE_W2A0W9T2_DATA0/RAW/2012/IBAZ/IBAZ258a.m00,.m00,200704,ok,
/srv/gnss-archive/legacy/RECOVERED_SEAGATE_W2A0W9T2_DATA0/RAW/2012/IBAZ/IBAZ258g.m03,.m03,483637,ok,
/srv/gnss-archive/legacy/RECOVERED_SEAGATE_W2A0W9T2_DATA0/RAW/2012/IBAZ/IBAZ259a.m00,.m00,749816,ok,
/srv/gnss-archive/legacy/RECOVERED_SEAGATE_W2A0W9T2_DATA0/RAW/2012/IBAZ/IBAZ260a.m00,.m00,749732,ok,
/srv/gnss-archive/legacy/RECOVERED_SEAGATE_W2A0W9T2_DATA0/RAW/2012/IBAZ/IBAZ261a.m00,.m00,751524,ok,
/srv/gnss-archive/legacy/RECOVERED_SEAGATE_W2A0W9T2_DATA0/RAW/2012/IBAZ/IBAZ262a.m00,.m00,748465,ok,
/srv/gnss-archive/legacy/RECOVERED_SEAGATE_W2A0W9T2_DATA0/RAW/2012/IBAZ/IBAZ263a.m00,.m00,751408,ok,
/srv/gnss-archive/legacy/RECOVERED_SEAGATE_W2A0W9T2_DATA0/RAW/2012/IBAZ/IBAZ264a.m00,.m00,752393,ok,
/srv/gnss-archive/legacy/RECOVERED_SEAGATE_W2A0W9T2_DATA0/RAW/2012/IBAZ/IBAZ265a.m00,.m00,750408,ok,
/srv/gnss-archive/legacy/RECOVERED_SEAGATE_W2A0W9T2_DATA0/RAW/2012/IBAZ/IBAZ266a.m00,.m00,751266,ok,
/srv/gnss-archive/legacy/RECOVERED_SEAGATE_W2A0W9T2_DATA0/RAW/2012/IBAZ/IBAZ267a.m00,.m00,745673,ok,
/srv/gnss-archive/legacy/RECOVERED_SEAGATE_W2A0W9T2_DATA0/RAW/2012/IBAZ/IBAZ268a.m00,.m00,748972,ok,
/srv/gnss-archive/legacy/RECOVERED_SEAGATE_W2A0W9T2_DATA0/RAW/2012/IBAZ/IBAZ269a.m00,.m00,732930,ok,
/srv/gnss-archive/legacy/RECOVERED_SEAGATE_W2A0W9T2_DATA0/RAW/2012/IBAZ/IBAZ270a.m00,.m00,106496,ok,
/srv/gnss-archive/legacy/RECOVERED_SEAGATE_W2A0W9T2_DATA0/RAW/2012/IBAZ/IBAZ270c.m55,.m55,25608,convert_failed,teqc:! Notice ! Leica MDB 130: survey starts @ 2012 Sep 26 02:55:44.380 GPS time in '/tmp/tmpqaywmkij/IBAZ270c.m55'
/srv/gnss-archive/legacy/RECOVERED_SEAGATE_W2A0W9T2_DATA0/RAW/2012/IBAZ/IBAZ271a.m00,.m00,32469,convert_failed,teqc:! Notice ! Leica MDB 130: survey starts @ 2012 Sep 27 00:00:00.000 GPS time in '/tmp/tmp91noky73/IBAZ271a.m00'
/srv/gnss-archive/legacy/RECOVERED_SEAGATE_W2A0W9T2_DATA0/RAW/2012/IBAZ/IBAZ272a.m00,.m00,29523,convert_failed,teqc:! Notice ! Leica MDB 130: survey starts @ 2012 Sep 28 00:00:00.000 GPS time in '/tmp/tmpeuaqg7df/IBAZ272a.m00'
/srv/gnss-archive/legacy/RECOVERED_SEAGATE_W2A0W9T2_DATA0/RAW/2012/IBAZ/IBAZ273a.m00,.m00,32334,convert_failed,teqc:! Notice ! Leica MDB 130: survey starts @ 2012 Sep 29 00:00:00.000 GPS time in '/tmp/tmp9ol4ye7v/IBAZ273a.m00'
/srv/gnss-archive/legacy/RECOVERED_SEAGATE_W2A0W9T2_DATA0/RAW/2012/IBAZ/IBAZ274a.m00,.m00,31266,convert_failed,teqc:! Notice ! Leica MDB 130: survey starts @ 2012 Sep 30 00:00:00.000 GPS time in '/tmp/tmpx8flyizb/IBAZ274a.m00'
/srv/gnss-archive/legacy/RECOVERED_SEAGATE_W2A0W9T2_DATA0/RAW/2012/IBAZ/IBAZ275a.m00,.m00,29523,convert_failed,teqc:! Notice ! Leica MDB 130: survey starts @ 2012 Oct  1 00:00:00.000 GPS time in '/tmp/tmpwov9swh9/IBAZ275a.m00'
/srv/gnss-archive/legacy/RECOVERED_SEAGATE_W2A0W9T2_DATA0/RAW/2012/IBAZ/IBAZ276a.m00,.m00,31266,convert_failed,teqc:! Notice ! Leica MDB 130: survey starts @ 2012 Oct  2 00:00:00.000 GPS time in '/tmp/tmpk_emzdyf/IBAZ276a.m00'
/srv/gnss-archive/legacy/RECOVERED_SEAGATE_W2A0W9T2_DATA0/RAW/2012/IBAZ/IBAZ277a.m00,.m00,31131,convert_failed,teqc:! Notice ! Leica MDB 130: survey starts @ 2012 Oct  3 00:00:00.000 GPS time in '/tmp/tmprekw6pln/IBAZ277a.m00'
/srv/gnss-archive/legacy/RECOVERED_SEAGATE_W2A0W9T2_DATA0/RAW/2012/IBAZ/IBAZ278a.m00,.m00,32481,convert_failed,teqc:! Notice ! Leica MDB 130: survey starts @ 2012 Oct  4 00:00:00.000 GPS time in '/tmp/tmpidkw6zpe/IBAZ278a.m00'
/srv/gnss-archive/legacy/RECOVERED_SEAGATE_W2A0W9T2_DATA0/RAW/2012/IBAZ/IBAZ279a.m00,.m00,32076,convert_failed,teqc:! Notice ! Leica MDB 130: survey starts @ 2012 Oct  5 00:00:00.000 GPS time in '/tmp/tmpefl0w7to/IBAZ279a.m00'
/srv/gnss-archive/legacy/RECOVERED_SEAGATE_W2A0W9T2_DATA0/RAW/2012/IBAZ/IBAZ280a.m00,.m00,33684,convert_failed,teqc:! Notice ! Leica MDB 130: survey starts @ 2012 Oct  6 00:00:00.000 GPS time in '/tmp/tmp2g2pu0gv/IBAZ280a.m00'
/srv/gnss-archive/legacy/RECOVERED_SEAGATE_W2A0W9T2_DATA0/RAW/2012/IBAZ/IBAZ281a.m00,.m00,31131,convert_failed,teqc:! Notice ! Leica MDB 130: survey starts @ 2012 Oct  7 00:00:00.000 GPS time in '/tmp/tmp4d5ia6mu/IBAZ281a.m00'
/srv/gnss-archive/legacy/RECOVERED_SEAGATE_W2A0W9T2_DATA0/RAW/2012/IBAZ/IBAZ282a.m00,.m00,31266,convert_failed,teqc:! Notice ! Leica MDB 130: survey starts @ 2012 Oct  8 00:00:00.000 GPS time in '/tmp/tmp4vq0qr7x/IBAZ282a.m00'
/srv/gnss-archive/legacy/RECOVERED_SEAGATE_W2A0W9T2_DATA0/RAW/2012/IBAZ/IBAZ283a.m00,.m00,30726,convert_failed,teqc:! Notice ! Leica MDB 130: survey starts @ 2012 Oct  9 00:00:00.000 GPS time in '/tmp/tmpji95pll7/IBAZ283a.m00'
/srv/gnss-archive/legacy/RECOVERED_SEAGATE_W2A0W9T2_DATA0/RAW/2012/IBAZ/IBAZ284a.m00,.m00,4096,convert_failed,teqc:! Notice ! Leica MDB 130: survey starts @ 2012 Oct 10 00:00:00.000 GPS time in '/tmp/tmp_t52082m/IBAZ284a.m00'
/srv/gnss-archive/legacy/RECOVERED_SEAGATE_W2A0W9T2_DATA0/RAW/2012/IBAZ/IBAZ284j.m32,.m32,22626,convert_failed,teqc:! Notice ! Leica MDB 130: survey starts @ 2012 Oct 10 09:32:32.290 GPS time in '/tmp/tmp4uqtth9s/IBAZ284j.m32'
/srv/gnss-archive/legacy/RECOVERED_SEAGATE_W2A0W9T2_DATA0/RAW/2012/IBAZ/IBAZ285a.m00,.m00,31131,convert_failed,teqc:! Notice ! Leica MDB 130: survey starts @ 2012 Oct 11 00:00:00.000 GPS time in '/tmp/tmp93zoul27/IBAZ285a.m00'
/srv/gnss-archive/legacy/RECOVERED_SEAGATE_W2A0W9T2_DATA0/RAW/2012/IBAZ/IBAZ286a.m00,.m00,29658,convert_failed,teqc:! Notice ! Leica MDB 130: survey starts @ 2012 Oct 12 00:00:00.000 GPS time in '/tmp/tmp1ha10hi2/IBAZ286a.m00'
/srv/gnss-archive/legacy/RECOVERED_SEAGATE_W2A0W9T2_DATA0/RAW/2012/IBAZ/IBAZ287a.m00,.m00,32064,convert_failed,teqc:! Notice ! Leica MDB 130: survey starts @ 2012 Oct 13 00:00:00.000 GPS time in '/tmp/tmp0luvedtg/IBAZ287a.m00'
/srv/gnss-archive/legacy/RECOVERED_SEAGATE_W2A0W9T2_DATA0/RAW/2012/IBAZ/IBAZ288a.m00,.m00,30861,convert_failed,teqc:! Notice ! Leica MDB 130: survey starts @ 2012 Oct 14 00:00:00.000 GPS time in '/tmp/tmpmt4kgoy8/IBAZ288a.m00'
/srv/gnss-archive/legacy/RECOVERED_SEAGATE_W2A0W9T2_DATA0/RAW/2012/IBAZ/IBAZ289a.m00,.m00,30591,convert_failed,teqc:! Notice ! Leica MDB 130: survey starts @ 2012 Oct 15 00:00:00.000 GPS time in '/tmp/tmpxcuqw5cz/IBAZ289a.m00'
/srv/gnss-archive/legacy/RECOVERED_SEAGATE_W2A0W9T2_DATA0/RAW/2012/IBAZ/IBAZ290a.m00,.m00,28578,convert_failed,teqc:! Notice ! Leica MDB 130: survey starts @ 2012 Oct 16 00:00:00.000 GPS time in '/tmp/tmpijcn8xw4/IBAZ290a.m00'
/srv/gnss-archive/legacy/RECOVERED_SEAGATE_W2A0W9T2_DATA0/RAW/2012/IBAZ/IBAZ291a.m00,.m00,31659,convert_failed,teqc:! Notice ! Leica MDB 130: survey starts @ 2012 Oct 17 00:00:00.000 GPS time in '/tmp/tmpufc1wtsa/IBAZ291a.m00'
/srv/gnss-archive/legacy/RECOVERED_SEAGATE_W2A0W9T2_DATA0/RAW/2012/IBAZ/IBAZ292a.m00,.m00,30186,convert_failed,teqc:! Notice ! Leica MDB 130: survey starts @ 2012 Oct 18 00:00:00.000 GPS time in '/tmp/tmptkuv0w5w/IBAZ292a.m00'
/srv/gnss-archive/legacy/RECOVERED_SEAGATE_W2A0W9T2_DATA0/RAW/2012/IBAZ/IBAZ293a.m00,.m00,28578,convert_failed,teqc:! Notice ! Leica MDB 130: survey starts @ 2012 Oct 19 00:00:00.000 GPS time in '/tmp/tmpyfva0zn5/IBAZ293a.m00'
/srv/gnss-archive/legacy/RECOVERED_SEAGATE_W2A0W9T2_DATA0/RAW/2012/IBAZ/IBAZ294a.m00,.m00,30321,convert_failed,teqc:! Notice ! Leica MDB 130: survey starts @ 2012 Oct 20 00:00:00.000 GPS time in '/tmp/tmpqr9s0l20/IBAZ294a.m00'
/srv/gnss-archive/legacy/RECOVERED_SEAGATE_W2A0W9T2_DATA0/RAW/2012/IBAZ/IBAZ295a.m00,.m00,31389,convert_failed,teqc:! Notice ! Leica MDB 130: survey starts @ 2012 Oct 21 00:00:00.000 GPS time in '/tmp/tmp8mkkejsw/IBAZ295a.m00'
/srv/gnss-archive/legacy/RECOVERED_SEAGATE_W2A0W9T2_DATA0/RAW/2012/IBAZ/IBAZ296a.m00,.m00,30321,convert_failed,teqc:! Notice ! Leica MDB 130: survey starts @ 2012 Oct 22 00:00:00.000 GPS time in '/tmp/tmp7fnc1bp_/IBAZ296a.m00'
/srv/gnss-archive/legacy/RECOVERED_SEAGATE_W2A0W9T2_DATA0/RAW/2012/IBAZ/IBAZ297a.m00,.m00,28983,convert_failed,teqc:! Notice ! Leica MDB 130: survey starts @ 2012 Oct 23 00:00:00.000 GPS time in '/tmp/tmpkrronyvz/IBAZ297a.m00'
/srv/gnss-archive/legacy/RECOVERED_SEAGATE_W2A0W9T2_DATA0/RAW/2012/IBAZ/IBAZ298a.m00,.m00,31524,convert_failed,teqc:! Notice ! Leica MDB 130: survey starts @ 2012 Oct 24 00:00:00.000 GPS time in '/tmp/tmpna912gk4/IBAZ298a.m00'
/srv/gnss-archive/legacy/RECOVERED_SEAGATE_W2A0W9T2_DATA0/RAW/2012/IBAZ/IBAZ299a.m00,.m00,29781,convert_failed,teqc:! Notice ! Leica MDB 130: survey starts @ 2012 Oct 25 00:00:00.000 GPS time in '/tmp/tmpn3zinvbw/IBAZ299a.m00'
/srv/gnss-archive/legacy/RECOVERED_SEAGATE_W2A0W9T2_DATA0/RAW/2012/IBAZ/IBAZ300a.m00,.m00,30051,convert_failed,teqc:! Notice ! Leica MDB 130: survey starts @ 2012 Oct 26 00:00:00.000 GPS time in '/tmp/tmppg7rq15i/IBAZ300a.m00'
/srv/gnss-archive/legacy/RECOVERED_SEAGATE_W2A0W9T2_DATA0/RAW/2012/IBAZ/IBAZ301a.m00,.m00,28578,convert_failed,teqc:! Notice ! Leica MDB 130: survey starts @ 2012 Oct 27 00:00:00.000 GPS time in '/tmp/tmp8cuhje_1/IBAZ301a.m00'
/srv/gnss-archive/legacy/RECOVERED_SEAGATE_W2A0W9T2_DATA0/RAW/2012/IBAZ/IBAZ302a.m00,.m00,29916,convert_failed,teqc:! Notice ! Leica MDB 130: survey starts @ 2012 Oct 28 00:00:00.000 GPS time in '/tmp/tmp9raiqgmz/IBAZ302a.m00'
/srv/gnss-archive/legacy/RECOVERED_SEAGATE_W2A0W9T2_DATA0/RAW/2012/IBAZ/IBAZ303a.m00,.m00,30726,convert_failed,teqc:! Notice ! Leica MDB 130: survey starts @ 2012 Oct 29 00:00:00.000 GPS time in '/tmp/tmpp00dz1p_/IBAZ303a.m00'
/srv/gnss-archive/legacy/RECOVERED_SEAGATE_W2A0W9T2_DATA0/RAW/2012/IBAZ/IBAZ304a.m00,.m00,31929,convert_failed,teqc:! Notice ! Leica MDB 130: survey starts @ 2012 Oct 30 00:00:00.000 GPS time in '/tmp/tmp15wy403q/IBAZ304a.m00'
/srv/gnss-archive/legacy/RECOVERED_SEAGATE_W2A0W9T2_DATA0/RAW/2012/IBAZ/IBAZ305a.m00,.m00,29658,convert_failed,teqc:! Notice ! Leica MDB 130: survey starts @ 2012 Oct 31 00:00:00.000 GPS time in '/tmp/tmpf1ib1r4b/IBAZ305a.m00'
/srv/gnss-archive/legacy/RECOVERED_SEAGATE_W2A0W9T2_DATA0/RAW/2012/IBAZ/IBAZ306a.m00,.m00,16384,convert_failed,teqc:! Notice ! Leica MDB 130: survey starts @ 2012 Nov  1 00:00:00.000 GPS time in '/tmp/tmp7r2x3i3q/IBAZ306a.m00'
/srv/gnss-archive/legacy/RECOVERED_SEAGATE_W2A0W9T2_DATA0/RAW/2012/IBAZ/IBAZ306j.m38,.m38,19533,convert_failed,teqc:! Notice ! Leica MDB 130: survey starts @ 2012 Nov  1 09:38:55.180 GPS time in '/tmp/tmpdqfzu4un/IBAZ306j.m38'
/srv/gnss-archive/legacy/RECOVERED_SEAGATE_W2A0W9T2_DATA0/RAW/2012/IBAZ/IBAZ307a.m00,.m00,30996,convert_failed,teqc:! Notice ! Leica MDB 130: survey starts @ 2012 Nov  2 00:00:00.000 GPS time in '/tmp/tmpntz68xj1/IBAZ307a.m00'
/srv/gnss-archive/legacy/RECOVERED_SEAGATE_W2A0W9T2_DATA0/RAW/2012/IBAZ/IBAZ308a.m00,.m00,31401,convert_failed,teqc:! Notice ! Leica MDB 130: survey starts @ 2012 Nov  3 00:00:00.000 GPS time in '/tmp/tmpcz2y6v0w/IBAZ308a.m00'
/srv/gnss-archive/legacy/RECOVERED_SEAGATE_W2A0W9T2_DATA0/RAW/2012/IBAZ/IBAZ309a.m00,.m00,30861,convert_failed,teqc:! Notice ! Leica MDB 130: survey starts @ 2012 Nov  4 00:00:00.000 GPS time in '/tmp/tmp9tgzq6uw/IBAZ309a.m00'
/srv/gnss-archive/legacy/RECOVERED_SEAGATE_W2A0W9T2_DATA0/RAW/2012/IBAZ/IBAZ310a.m00,.m00,32064,convert_failed,teqc:! Notice ! Leica MDB 130: survey starts @ 2012 Nov  5 00:00:00.000 GPS time in '/tmp/tmp0uagy6qq/IBAZ310a.m00'
/srv/gnss-archive/legacy/RECOVERED_SEAGATE_W2A0W9T2_DATA0/RAW/2012/IBAZ/IBAZ311a.m00,.m00,31266,convert_failed,teqc:! Notice ! Leica MDB 130: survey starts @ 2012 Nov  6 00:00:00.000 GPS time in '/tmp/tmp9ye518bs/IBAZ311a.m00'
/srv/gnss-archive/legacy/RECOVERED_SEAGATE_W2A0W9T2_DATA0/RAW/2012/IBAZ/IBAZ312a.m00,.m00,30051,convert_failed,teqc:! Notice ! Leica MDB 130: survey starts @ 2012 Nov  7 00:00:00.000 GPS time in '/tmp/tmpf7j6qlvv/IBAZ312a.m00'
/srv/gnss-archive/legacy/RECOVERED_SEAGATE_W2A0W9T2_DATA0/RAW/2012/IBAZ/IBAZ313a.m00,.m00,30726,convert_failed,teqc:! Notice ! Leica MDB 130: survey starts @ 2012 Nov  8 00:00:00.000 GPS time in '/tmp/tmpmylbpyu7/IBAZ313a.m00'
/srv/gnss-archive/legacy/RECOVERED_SEAGATE_W2A0W9T2_DATA0/RAW/2012/IBAZ/IBAZ314a.m00,.m00,29928,convert_failed,teqc:! Notice ! Leica MDB 130: survey starts @ 2012 Nov  9 00:00:00.000 GPS time in '/tmp/tmp6h__xiei/IBAZ314a.m00'
/srv/gnss-archive/legacy/RECOVERED_SEAGATE_W2A0W9T2_DATA0/RAW/2012/IBAZ/IBAZ315a.m00,.m00,30861,convert_failed,teqc:! Notice ! Leica MDB 130: survey starts @ 2012 Nov 10 00:00:00.000 GPS time in '/tmp/tmpn51bwkya/IBAZ315a.m00'
/srv/gnss-archive/legacy/RECOVERED_SEAGATE_W2A0W9T2_DATA0/RAW/2012/IBAZ/IBAZ316a.m00,.m00,31794,convert_failed,teqc:! Notice ! Leica MDB 130: survey starts @ 2012 Nov 11 00:00:00.000 GPS time in '/tmp/tmp175cr2bv/IBAZ316a.m00'
/srv/gnss-archive/legacy/RECOVERED_SEAGATE_W2A0W9T2_DATA0/RAW/2012/IBAZ/IBAZ317a.m00,.m00,28713,convert_failed,teqc:! Notice ! Leica MDB 130: survey starts @ 2012 Nov 12 00:00:00.000 GPS time in '/tmp/tmpst82y9k_/IBAZ317a.m00'
/srv/gnss-archive/legacy/RECOVERED_SEAGATE_W2A0W9T2_DATA0/RAW/2012/IBAZ/IBAZ318a.m00,.m00,31929,convert_failed,teqc:! Notice ! Leica MDB 130: survey starts @ 2012 Nov 13 00:00:00.000 GPS time in '/tmp/tmpvvsngjx3/IBAZ318a.m00'
/srv/gnss-archive/legacy/RECOVERED_SEAGATE_W2A0W9T2_DATA0/RAW/2012/IBAZ/IBAZ319a.m00,.m00,30996,convert_failed,teqc:! Notice ! Leica MDB 130: survey starts @ 2012 Nov 14 00:00:00.000 GPS time in '/tmp/tmp8wto2ojn/IBAZ319a.m00'
/srv/gnss-archive/legacy/RECOVERED_SEAGATE_W2A0W9T2_DATA0/RAW/2012/IBAZ/IBAZ320a.m00,.m00,29253,convert_failed,teqc:! Notice ! Leica MDB 130: survey starts @ 2012 Nov 15 00:00:00.000 GPS time in '/tmp/tmpug9r8d05/IBAZ320a.m00'
/srv/gnss-archive/legacy/RECOVERED_SEAGATE_W2A0W9T2_DATA0/RAW/2012/IBAZ/IBAZ321a.m00,.m00,31794,convert_failed,teqc:! Notice ! Leica MDB 130: survey starts @ 2012 Nov 16 00:00:00.000 GPS time in '/tmp/tmphwcmtv4t/IBAZ321a.m00'
/srv/gnss-archive/legacy/RECOVERED_SEAGATE_W2A0W9T2_DATA0/RAW/2012/IBAZ/IBAZ322a.m00,.m00,29916,convert_failed,teqc:! Notice ! Leica MDB 130: survey starts @ 2012 Nov 17 00:00:00.000 GPS time in '/tmp/tmp_2s_0wga/IBAZ322a.m00'
/srv/gnss-archive/legacy/RECOVERED_SEAGATE_W2A0W9T2_DATA0/RAW/2012/IBAZ/IBAZ323a.m00,.m00,28983,convert_failed,teqc:! Notice ! Leica MDB 130: survey starts @ 2012 Nov 18 00:00:00.000 GPS time in '/tmp/tmpvpzb8x9m/IBAZ323a.m00'
/srv/gnss-archive/legacy/RECOVERED_SEAGATE_W2A0W9T2_DATA0/RAW/2012/IBAZ/IBAZ324a.m00,.m00,31659,convert_failed,teqc:! Notice ! Leica MDB 130: survey starts @ 2012 Nov 19 00:00:00.000 GPS time in '/tmp/tmph2fk53zs/IBAZ324a.m00'
/srv/gnss-archive/legacy/RECOVERED_SEAGATE_W2A0W9T2_DATA0/RAW/2012/IBAZ/IBAZ325a.m00,.m00,30456,convert_failed,teqc:! Notice ! Leica MDB 130: survey starts @ 2012 Nov 20 00:00:00.000 GPS time in '/tmp/tmpp9k9b_8w/IBAZ325a.m00'
/srv/gnss-archive/legacy/RECOVERED_SEAGATE_W2A0W9T2_DATA0/RAW/2012/IBAZ/IBAZ326a.m00,.m00,29658,convert_failed,teqc:! Notice ! Leica MDB 130: survey starts @ 2012 Nov 21 00:00:00.000 GPS time in '/tmp/tmpjl7y4tnp/IBAZ326a.m00'
/srv/gnss-archive/legacy/RECOVERED_SEAGATE_W2A0W9T2_DATA0/RAW/2012/IBAZ/IBAZ327a.m00,.m00,31131,convert_failed,teqc:! Notice ! Leica MDB 130: survey starts @ 2012 Nov 22 00:00:00.000 GPS time in '/tmp/tmprvequ4ps/IBAZ327a.m00'
/srv/gnss-archive/legacy/RECOVERED_SEAGATE_W2A0W9T2_DATA0/RAW/2012/IBAZ/IBAZ328a.m00,.m00,30726,convert_failed,teqc:! Notice ! Leica MDB 130: survey starts @ 2012 Nov 23 00:00:00.000 GPS time in '/tmp/tmp4iau_nph/IBAZ328a.m00'
/srv/gnss-archive/legacy/RECOVERED_SEAGATE_W2A0W9T2_DATA0/RAW/2012/IBAZ/IBAZ329a.m00,.m00,31929,convert_failed,teqc:! Notice ! Leica MDB 130: survey starts @ 2012 Nov 24 00:00:00.000 GPS time in '/tmp/tmpyeligith/IBAZ329a.m00'
/srv/gnss-archive/legacy/RECOVERED_SEAGATE_W2A0W9T2_DATA0/RAW/2012/IBAZ/IBAZ330a.m00,.m00,30861,convert_failed,teqc:! Notice ! Leica MDB 130: survey starts @ 2012 Nov 25 00:00:00.000 GPS time in '/tmp/tmp43zuciqf/IBAZ330a.m00'
/srv/gnss-archive/legacy/RECOVERED_SEAGATE_W2A0W9T2_DATA0/RAW/2012/IBAZ/IBAZ331a.m00,.m00,29388,convert_failed,teqc:! Notice ! Leica MDB 130: survey starts @ 2012 Nov 26 00:00:00.000 GPS time in '/tmp/tmpehxe_y38/IBAZ331a.m00'
/srv/gnss-archive/legacy/RECOVERED_SEAGATE_W2A0W9T2_DATA0/RAW/2012/IBAZ/IBAZ332a.m00,.m00,31266,convert_failed,teqc:! Notice ! Leica MDB 130: survey starts @ 2012 Nov 27 00:00:00.000 GPS time in '/tmp/tmpd2039ehv/IBAZ332a.m00'
/srv/gnss-archive/legacy/RECOVERED_SEAGATE_W2A0W9T2_DATA0/RAW/2012/IBAZ/IBAZ333a.m00,.m00,31401,convert_failed,teqc:! Notice ! Leica MDB 130: survey starts @ 2012 Nov 28 00:00:00.000 GPS time in '/tmp/tmptwgxaeuf/IBAZ333a.m00'
/srv/gnss-archive/legacy/RECOVERED_SEAGATE_W2A0W9T2_DATA0/RAW/2012/IBAZ/IBAZ334a.m00,.m00,32739,convert_failed,teqc:! Notice ! Leica MDB 130: survey starts @ 2012 Nov 29 00:00:00.000 GPS time in '/tmp/tmpo8iguppk/IBAZ334a.m00'
/srv/gnss-archive/legacy/RECOVERED_SEAGATE_W2A0W9T2_DATA0/RAW/2012/IBAZ/IBAZ335a.m00,.m00,31401,convert_failed,teqc:! Notice ! Leica MDB 130: survey starts @ 2012 Nov 30 00:00:00.000 GPS time in '/tmp/tmpm89c7g7e/IBAZ335a.m00'
/srv/gnss-archive/legacy/RECOVERED_SEAGATE_W2A0W9T2_DATA0/RAW/2012/IBAZ/IBAZ336a.m00,.m00,31536,convert_failed,teqc:! Notice ! Leica MDB 130: survey starts @ 2012 Dec  1 00:00:00.000 GPS time in '/tmp/tmp1ia2ipsv/IBAZ336a.m00'
/srv/gnss-archive/legacy/RECOVERED_SEAGATE_W2A0W9T2_DATA0/RAW/2012/IBAZ/IBAZ337a.m00,.m00,29793,convert_failed,teqc:! Notice ! Leica MDB 130: survey starts @ 2012 Dec  2 00:00:00.000 GPS time in '/tmp/tmpy12lkv1l/IBAZ337a.m00'
/srv/gnss-archive/legacy/RECOVERED_SEAGATE_W2A0W9T2_DATA0/RAW/2012/IBAZ/IBAZ338a.m00,.m00,31536,convert_failed,teqc:! Notice ! Leica MDB 130: survey starts @ 2012 Dec  3 00:00:00.000 GPS time in '/tmp/tmpg4k67uwy/IBAZ338a.m00'
/srv/gnss-archive/legacy/RECOVERED_SEAGATE_W2A0W9T2_DATA0/RAW/2012/IBAZ/IBAZ339a.m00,.m00,31671,convert_failed,teqc:! Notice ! Leica MDB 130: survey starts @ 2012 Dec  4 00:00:00.000 GPS time in '/tmp/tmpfchmsab1/IBAZ339a.m00'
/srv/gnss-archive/legacy/RECOVERED_SEAGATE_W2A0W9T2_DATA0/RAW/2012/IBAZ/IBAZ340a.m00,.m00,30726,convert_failed,teqc:! Notice ! Leica MDB 130: survey starts @ 2012 Dec  5 00:00:00.000 GPS time in '/tmp/tmp1l5z5x6o/IBAZ340a.m00'
/srv/gnss-archive/legacy/RECOVERED_SEAGATE_W2A0W9T2_DATA0/RAW/2012/IBAZ/IBAZ341a.m00,.m00,30591,convert_failed,teqc:! Notice ! Leica MDB 130: survey starts @ 2012 Dec  6 00:00:00.000 GPS time in '/tmp/tmpr4lfia6k/IBAZ341a.m00'
/srv/gnss-archive/legacy/RECOVERED_SEAGATE_W2A0W9T2_DATA0/RAW/2012/IBAZ/IBAZ342a.m00,.m00,30726,convert_failed,teqc:! Notice ! Leica MDB 130: survey starts @ 2012 Dec  7 00:00:00.000 GPS time in '/tmp/tmpuhv8rfej/IBAZ342a.m00'
/srv/gnss-archive/legacy/RECOVERED_SEAGATE_W2A0W9T2_DATA0/RAW/2012/IBAZ/IBAZ343a.m00,.m00,31131,convert_failed,teqc:! Notice ! Leica MDB 130: survey starts @ 2012 Dec  8 00:00:00.000 GPS time in '/tmp/tmp18keaqqs/IBAZ343a.m00'
/srv/gnss-archive/legacy/RECOVERED_SEAGATE_W2A0W9T2_DATA0/RAW/2012/IBAZ/IBAZ344a.m00,.m00,32874,convert_failed,teqc:! Notice ! Leica MDB 130: survey starts @ 2012 Dec  9 00:00:00.000 GPS time in '/tmp/tmpcwtmxmmw/IBAZ344a.m00'
/srv/gnss-archive/legacy/RECOVERED_SEAGATE_W2A0W9T2_DATA0/RAW/2012/IBAZ/IBAZ345a.m00,.m00,32346,convert_failed,teqc:! Notice ! Leica MDB 130: survey starts @ 2012 Dec 10 00:00:00.000 GPS time in '/tmp/tmp3lnhjldi/IBAZ345a.m00'
/srv/gnss-archive/legacy/RECOVERED_SEAGATE_W2A0W9T2_DATA0/RAW/2012/IBAZ/IBAZ346a.m00,.m00,30063,convert_failed,teqc:! Notice ! Leica MDB 130: survey starts @ 2012 Dec 11 00:00:00.000 GPS time in '/tmp/tmpjx139t84/IBAZ346a.m00'
/srv/gnss-archive/legacy/RECOVERED_SEAGATE_W2A0W9T2_DATA0/RAW/2012/IBAZ/IBAZ347a.m00,.m00,32739,convert_failed,teqc:! Notice ! Leica MDB 130: survey starts @ 2012 Dec 12 00:00:00.000 GPS time in '/tmp/tmpafcls7sy/IBAZ347a.m00'
/srv/gnss-archive/legacy/RECOVERED_SEAGATE_W2A0W9T2_DATA0/RAW/2012/IBAZ/IBAZ348a.m00,.m00,30198,convert_failed,teqc:! Notice ! Leica MDB 130: survey starts @ 2012 Dec 13 00:00:00.000 GPS time in '/tmp/tmpcx2z44pi/IBAZ348a.m00'
/srv/gnss-archive/legacy/RECOVERED_SEAGATE_W2A0W9T2_DATA0/RAW/2012/IBAZ/IBAZ349a.m00,.m00,32739,convert_failed,teqc:! Notice ! Leica MDB 130: survey starts @ 2012 Dec 14 00:00:00.000 GPS time in '/tmp/tmp4j6ea8oy/IBAZ349a.m00'
/srv/gnss-archive/legacy/RECOVERED_SEAGATE_W2A0W9T2_DATA0/RAW/2012/IBAZ/IBAZ350a.m00,.m00,30063,convert_failed,teqc:! Notice ! Leica MDB 130: survey starts @ 2012 Dec 15 00:00:00.000 GPS time in '/tmp/tmp03ts4ez4/IBAZ350a.m00'
/srv/gnss-archive/legacy/RECOVERED_SEAGATE_W2A0W9T2_DATA0/RAW/2012/IBAZ/IBAZ351a.m00,.m00,31266,convert_failed,teqc:! Notice ! Leica MDB 130: survey starts @ 2012 Dec 16 00:00:00.000 GPS time in '/tmp/tmp33giczn1/IBAZ351a.m00'
/srv/gnss-archive/legacy/RECOVERED_SEAGATE_W2A0W9T2_DATA0/RAW/2012/IBAZ/IBAZ352a.m00,.m00,30849,convert_failed,teqc:! Notice ! Leica MDB 130: survey starts @ 2012 Dec 17 00:00:00.000 GPS time in '/tmp/tmp5i3ai_hy/IBAZ352a.m00'
/srv/gnss-archive/legacy/RECOVERED_SEAGATE_W2A0W9T2_DATA0/RAW/2012/IBAZ/IBAZ353a.m00,.m00,30063,convert_failed,teqc:! Notice ! Leica MDB 130: survey starts @ 2012 Dec 18 00:00:00.000 GPS time in '/tmp/tmpymt029fw/IBAZ353a.m00'
/srv/gnss-archive/legacy/RECOVERED_SEAGATE_W2A0W9T2_DATA0/RAW/2012/IBAZ/IBAZ354a.m00,.m00,31794,convert_failed,teqc:! Notice ! Leica MDB 130: survey starts @ 2012 Dec 19 00:00:00.000 GPS time in '/tmp/tmpql2s8m13/IBAZ354a.m00'
/srv/gnss-archive/legacy/RECOVERED_SEAGATE_W2A0W9T2_DATA0/RAW/2012/IBAZ/IBAZ355a.m00,.m00,28983,convert_failed,teqc:! Notice ! Leica MDB 130: survey starts @ 2012 Dec 20 00:00:00.000 GPS time in '/tmp/tmpitkshpuc/IBAZ355a.m00'
/srv/gnss-archive/legacy/RECOVERED_SEAGATE_W2A0W9T2_DATA0/RAW/2012/IBAZ/IBAZ356a.m00,.m00,31131,convert_failed,teqc:! Notice ! Leica MDB 130: survey starts @ 2012 Dec 21 00:00:00.000 GPS time in '/tmp/tmpbdxdl58d/IBAZ356a.m00'
/srv/gnss-archive/legacy/RECOVERED_SEAGATE_W2A0W9T2_DATA0/RAW/2012/IBAZ/IBAZ357a.m00,.m00,32064,convert_failed,teqc:! Notice ! Leica MDB 130: survey starts @ 2012 Dec 22 00:00:00.000 GPS time in '/tmp/tmpfs3unw8e/IBAZ357a.m00'
/srv/gnss-archive/legacy/RECOVERED_SEAGATE_W2A0W9T2_DATA0/RAW/2012/IBAZ/IBAZ358a.m00,.m00,31131,convert_failed,teqc:! Notice ! Leica MDB 130: survey starts @ 2012 Dec 23 00:00:00.000 GPS time in '/tmp/tmpuvh4vs0x/IBAZ358a.m00'
/srv/gnss-archive/legacy/RECOVERED_SEAGATE_W2A0W9T2_DATA0/RAW/2012/IBAZ/IBAZ359a.m00,.m00,29523,convert_failed,teqc:! Notice ! Leica MDB 130: survey starts @ 2012 Dec 24 00:00:00.000 GPS time in '/tmp/tmpjd21xnc0/IBAZ359a.m00'
/srv/gnss-archive/legacy/RECOVERED_SEAGATE_W2A0W9T2_DATA0/RAW/2012/IBAZ/IBAZ360a.m00,.m00,30861,convert_failed,teqc:! Notice ! Leica MDB 130: survey starts @ 2012 Dec 25 00:00:00.000 GPS time in '/tmp/tmpsu7ctd1f/IBAZ360a.m00'
/srv/gnss-archive/legacy/RECOVERED_SEAGATE_W2A0W9T2_DATA0/RAW/2012/IBAZ/IBAZ361a.m00,.m00,33009,convert_failed,teqc:! Notice ! Leica MDB 130: survey starts @ 2012 Dec 26 00:00:00.000 GPS time in '/tmp/tmpuvhpcoas/IBAZ361a.m00'
/srv/gnss-archive/legacy/RECOVERED_SEAGATE_W2A0W9T2_DATA0/RAW/2012/IBAZ/IBAZ362a.m00,.m00,32076,convert_failed,teqc:! Notice ! Leica MDB 130: survey starts @ 2012 Dec 27 00:00:00.000 GPS time in '/tmp/tmpgm75285v/IBAZ362a.m00'
/srv/gnss-archive/legacy/RECOVERED_SEAGATE_W2A0W9T2_DATA0/RAW/2012/IBAZ/IBAZ363a.m00,.m00,16384,convert_failed,teqc:! Notice ! Leica MDB 130: survey starts @ 2012 Dec 28 00:00:00.000 GPS time in '/tmp/tmprtr4qhog/IBAZ363a.m00'
/srv/gnss-archive/legacy/RECOVERED_SEAGATE_W2A0W9T2_DATA0/RAW/2012/IBAZ/IBAZ363n.m41,.m41,17238,convert_failed,teqc:! Notice ! Leica MDB 130: survey starts @ 2012 Dec 28 13:41:15.960 GPS time in '/tmp/tmp136zxuip/IBAZ363n.m41'
/srv/gnss-archive/legacy/RECOVERED_SEAGATE_W2A0W9T2_DATA0/RAW/2012/IBAZ/IBAZ364a.m00,.m00,31266,convert_failed,teqc:! Notice ! Leica MDB 130: survey starts @ 2012 Dec 29 00:00:00.000 GPS time in '/tmp/tmpy6wcjz0c/IBAZ364a.m00'
/srv/gnss-archive/legacy/RECOVERED_SEAGATE_W2A0W9T2_DATA0/RAW/2012/IBAZ/IBAZ365a.m00,.m00,33009,convert_failed,teqc:! Notice ! Leica MDB 130: survey starts @ 2012 Dec 30 00:00:00.000 GPS time in '/tmp/tmp5v9452gf/IBAZ365a.m00'
/srv/gnss-archive/legacy/RECOVERED_SEAGATE_W2A0W9T2_DATA0/RAW/2012/IBAZ/IBAZ366a.m00,.m00,12288,convert_failed,teqc:! Notice ! Leica MDB 130: survey starts @ 2012 Dec 31 00:00:00.000 GPS time in '/tmp/tmp0wrle2i8/IBAZ366a.m00'
/srv/gnss-archive/legacy/RECOVERED_SEAGATE_W2A0W9T2_DATA0/RAW/2012/IBAZ/IBAZ366j.m44,.m44,18708,convert_failed,"teqc:! Notice ! Leica MDB 130: survey starts @ 2012 Dec 31 09:44:42.490 GPS time in '/tmp/tmp90s_vdbs/IBAZ366j.m44'
! Warning ! Leica MDB id 0x73: file '/tmp/tmp90s_vdbs/IBAZ366j.m44' checksum= 0x11bb vs. in record= 0x4149 ... skipping record
! Notice ! Leica MDB 130: survey starts @ 2012 Dec 31 10:"
/srv/gnss-archive/legacy/RECOVERED_SEAGATE_W2A0W9T2_DATA0/RAW/2012/ITGN/ITGN0541.dat,.dat,3474110,ok,
/srv/gnss-archive/legacy/RECOVERED_SEAGATE_W2A0W9T2_DATA0/RAW/2012/JOSE/JOSE051aB.T02,.t02,521199,ok,
/srv/gnss-archive/legacy/RECOVERED_SEAGATE_W2A0W9T2_DATA0/RAW/2012/JOSE/JOSE001aB.T02,.t02,534436,ok,
/srv/gnss-archive/legacy/RECOVERED_SEAGATE_W2A0W9T2_DATA0/RAW/2012/JOSE/JOSE050aB.T02,.t02,520913,ok,
/srv/gnss-archive/legacy/RECOVERED_SEAGATE_W2A0W9T2_DATA0/RAW/2012/JOSE/JOSE002aB.T02,.t02,536005,ok,
/srv/gnss-archive/legacy/RECOVERED_SEAGATE_W2A0W9T2_DATA0/RAW/2012/JOSE/JOSE052aB.T02,.t02,521814,ok,
/srv/gnss-archive/legacy/RECOVERED_SEAGATE_W2A0W9T2_DATA0/RAW/2012/JOSE/JOSE003aB.T02,.t02,535066,ok,
/srv/gnss-archive/legacy/RECOVERED_SEAGATE_W2A0W9T2_DATA0/RAW/2012/JOSE/JOSE059aB.T02,.t02,523945,ok,
/srv/gnss-archive/legacy/RECOVERED_SEAGATE_W2A0W9T2_DATA0/RAW/2012/JOSE/JOSE004aB.T02,.t02,536609,ok,
/srv/gnss-archive/legacy/RECOVERED_SEAGATE_W2A0W9T2_DATA0/RAW/2012/JOSE/JOSE060aB.T02,.t02,536294,ok,
/srv/gnss-archive/legacy/RECOVERED_SEAGATE_W2A0W9T2_DATA0/RAW/2012/JOSE/JOSE005aB.T02,.t02,534368,ok,
/srv/gnss-archive/legacy/RECOVERED_SEAGATE_W2A0W9T2_DATA0/RAW/2012/JOSE/JOSE061aB.T02,.t02,537327,ok,
/srv/gnss-archive/legacy/RECOVERED_SEAGATE_W2A0W9T2_DATA0/RAW/2012/JOSE/JOSE006aB.T02,.t02,535428,ok,
/srv/gnss-archive/legacy/RECOVERED_SEAGATE_W2A0W9T2_DATA0/RAW/2012/JOSE/JOSE062aB.T02,.t02,541717,ok,
/srv/gnss-archive/legacy/RECOVERED_SEAGATE_W2A0W9T2_DATA0/RAW/2012/JOSE/JOSE007aB.T02,.t02,535521,ok,
/srv/gnss-archive/legacy/RECOVERED_SEAGATE_W2A0W9T2_DATA0/RAW/2012/JOSE/JOSE063aB.T02,.t02,539881,ok,
/srv/gnss-archive/legacy/RECOVERED_SEAGATE_W2A0W9T2_DATA0/RAW/2012/JOSE/JOSE008aB.T02,.t02,535480,ok,
/srv/gnss-archive/legacy/RECOVERED_SEAGATE_W2A0W9T2_DATA0/RAW/2012/JOSE/JOSE064aB.T02,.t02,535887,ok,
/srv/gnss-archive/legacy/RECOVERED_SEAGATE_W2A0W9T2_DATA0/RAW/2012/JOSE/JOSE009aB.T02,.t02,537574,ok,
/srv/gnss-archive/legacy/RECOVERED_SEAGATE_W2A0W9T2_DATA0/RAW/2012/JOSE/JOSE065aB.T02,.t02,538555,ok,
/srv/gnss-archive/legacy/RECOVERED_SEAGATE_W2A0W9T2_DATA0/RAW/2012/JOSE/JOSE010aB.T02,.t02,536134,ok,
/srv/gnss-archive/legacy/RECOVERED_SEAGATE_W2A0W9T2_DATA0/RAW/2012/JOSE/JOSE066aB.T02,.t02,535999,ok,
/srv/gnss-archive/legacy/RECOVERED_SEAGATE_W2A0W9T2_DATA0/RAW/2012/JOSE/JOSE011aB.T02,.t02,535143,ok,
/srv/gnss-archive/legacy/RECOVERED_SEAGATE_W2A0W9T2_DATA0/RAW/2012/JOSE/JOSE067aB.T02,.t02,535739,ok,
/srv/gnss-archive/legacy/RECOVERED_SEAGATE_W2A0W9T2_DATA0/RAW/2012/JOSE/JOSE012aB.T02,.t02,533733,ok,
/srv/gnss-archive/legacy/RECOVERED_SEAGATE_W2A0W9T2_DATA0/RAW/2012/JOSE/JOSE068aB.T02,.t02,546629,ok,
/srv/gnss-archive/legacy/RECOVERED_SEAGATE_W2A0W9T2_DATA0/RAW/2012/JOSE/JOSE013aB.T02,.t02,534043,ok,
/srv/gnss-archive/legacy/RECOVERED_SEAGATE_W2A0W9T2_DATA0/RAW/2012/JOSE/JOSE069aB.T02,.t02,537657,ok,
/srv/gnss-archive/legacy/RECOVERED_SEAGATE_W2A0W9T2_DATA0/RAW/2012/JOSE/JOSE014aB.T02,.t02,533581,ok,
/srv/gnss-archive/legacy/RECOVERED_SEAGATE_W2A0W9T2_DATA0/RAW/2012/JOSE/JOSE070aB.T02,.t02,535515,ok,
/srv/gnss-archive/legacy/RECOVERED_SEAGATE_W2A0W9T2_DATA0/RAW/2012/JOSE/JOSE015aB.T02,.t02,533051,ok,
/srv/gnss-archive/legacy/RECOVERED_SEAGATE_W2A0W9T2_DATA0/RAW/2012/JOSE/JOSE071aB.T02,.t02,541659,ok,
/srv/gnss-archive/legacy/RECOVERED_SEAGATE_W2A0W9T2_DATA0/RAW/2012/JOSE/JOSE016aB.T02,.t02,536002,ok,
/srv/gnss-archive/legacy/RECOVERED_SEAGATE_W2A0W9T2_DATA0/RAW/2012/JOSE/JOSE072aB.T02,.t02,543279,ok,
/srv/gnss-archive/legacy/RECOVERED_SEAGATE_W2A0W9T2_DATA0/RAW/2012/JOSE/JOSE017aB.T02,.t02,535188,ok,
/srv/gnss-archive/legacy/RECOVERED_SEAGATE_W2A0W9T2_DATA0/RAW/2012/JOSE/JOSE073aB.T02,.t02,535515,ok,
/srv/gnss-archive/legacy/RECOVERED_SEAGATE_W2A0W9T2_DATA0/RAW/2012/JOSE/JOSE018aB.T02,.t02,534896,ok,
/srv/gnss-archive/legacy/RECOVERED_SEAGATE_W2A0W9T2_DATA0/RAW/2012/JOSE/JOSE074aB.T02,.t02,542877,ok,
/srv/gnss-archive/legacy/RECOVERED_SEAGATE_W2A0W9T2_DATA0/RAW/2012/JOSE/JOSE019aB.T02,.t02,534958,ok,
/srv/gnss-archive/legacy/RECOVERED_SEAGATE_W2A0W9T2_DATA0/RAW/2012/JOSE/JOSE075aB.T02,.t02,538612,ok,
/srv/gnss-archive/legacy/RECOVERED_SEAGATE_W2A0W9T2_DATA0/RAW/2012/JOSE/JOSE020aB.T02,.t02,534265,ok,
/srv/gnss-archive/legacy/RECOVERED_SEAGATE_W2A0W9T2_DATA0/RAW/2012/JOSE/JOSE076aB.T02,.t02,536745,ok,
/srv/gnss-archive/legacy/RECOVERED_SEAGATE_W2A0W9T2_DATA0/RAW/2012/JOSE/JOSE021aB.T02,.t02,534446,ok,
/srv/gnss-archive/legacy/RECOVERED_SEAGATE_W2A0W9T2_DATA0/RAW/2012/JOSE/JOSE077aB.T02,.t02,537605,ok,
/srv/gnss-archive/legacy/RECOVERED_SEAGATE_W2A0W9T2_DATA0/RAW/2012/JOSE/JOSE022aB.T02,.t02,534765,ok,
/srv/gnss-archive/legacy/RECOVERED_SEAGATE_W2A0W9T2_DATA0/RAW/2012/JOSE/JOSE078aB.T02,.t02,537372,ok,
/srv/gnss-archive/legacy/RECOVERED_SEAGATE_W2A0W9T2_DATA0/RAW/2012/JOSE/JOSE023aB.T02,.t02,531264,ok,
/srv/gnss-archive/legacy/RECOVERED_SEAGATE_W2A0W9T2_DATA0/RAW/2012/JOSE/JOSE079aB.T02,.t02,541523,ok,
/srv/gnss-archive/legacy/RECOVERED_SEAGATE_W2A0W9T2_DATA0/RAW/2012/JOSE/JOSE024aB.T02,.t02,534519,ok,
/srv/gnss-archive/legacy/RECOVERED_SEAGATE_W2A0W9T2_DATA0/RAW/2012/JOSE/JOSE080aB.T02,.t02,534945,ok,
/srv/gnss-archive/legacy/RECOVERED_SEAGATE_W2A0W9T2_DATA0/RAW/2012/JOSE/JOSE025aB.T02,.t02,536324,ok,
/srv/gnss-archive/legacy/RECOVERED_SEAGATE_W2A0W9T2_DATA0/RAW/2012/JOSE/JOSE081aB.T02,.t02,535008,ok,
/srv/gnss-archive/legacy/RECOVERED_SEAGATE_W2A0W9T2_DATA0/RAW/2012/JOSE/JOSE026aB.T02,.t02,533867,ok,
/srv/gnss-archive/legacy/RECOVERED_SEAGATE_W2A0W9T2_DATA0/RAW/2012/JOSE/JOSE139aB.T02,.t02,1051777,bad_epoch,got 2011 want 2012
/srv/gnss-archive/legacy/RECOVERED_SEAGATE_W2A0W9T2_DATA0/RAW/2012/JOSE/JOSE027aB.T02,.t02,535471,ok,
/srv/gnss-archive/legacy/RECOVERED_SEAGATE_W2A0W9T2_DATA0/RAW/2012/JOSE/JOSE140aB.T02,.t02,522590,ok,
/srv/gnss-archive/legacy/RECOVERED_SEAGATE_W2A0W9T2_DATA0/RAW/2012/JOSE/JOSE028aB.T02,.t02,534217,ok,
/srv/gnss-archive/legacy/RECOVERED_SEAGATE_W2A0W9T2_DATA0/RAW/2012/JOSE/JOSE141aB.T02,.t02,518935,ok,
/srv/gnss-archive/legacy/RECOVERED_SEAGATE_W2A0W9T2_DATA0/RAW/2012/JOSE/JOSE029aB.T02,.t02,534116,ok,
/srv/gnss-archive/legacy/RECOVERED_SEAGATE_W2A0W9T2_DATA0/RAW/2012/JOSE/JOSE142aB.T02,.t02,521182,ok,
/srv/gnss-archive/legacy/RECOVERED_SEAGATE_W2A0W9T2_DATA0/RAW/2012/JOSE/JOSE030aB.T02,.t02,535663,ok,
/srv/gnss-archive/legacy/RECOVERED_SEAGATE_W2A0W9T2_DATA0/RAW/2012/JOSE/JOSE143aB.T02,.t02,518611,ok,
/srv/gnss-archive/legacy/RECOVERED_SEAGATE_W2A0W9T2_DATA0/RAW/2012/JOSE/JOSE031aB.T02,.t02,535027,ok,
/srv/gnss-archive/legacy/RECOVERED_SEAGATE_W2A0W9T2_DATA0/RAW/2012/JOSE/JOSE144aB.T02,.t02,518573,ok,
/srv/gnss-archive/legacy/RECOVERED_SEAGATE_W2A0W9T2_DATA0/RAW/2012/JOSE/JOSE032aB.T02,.t02,534868,ok,
/srv/gnss-archive/legacy/RECOVERED_SEAGATE_W2A0W9T2_DATA0/RAW/2012/JOSE/JOSE145aB.T02,.t02,519754,ok,
/srv/gnss-archive/legacy/RECOVERED_SEAGATE_W2A0W9T2_DATA0/RAW/2012/JOSE/JOSE033aB.T02,.t02,533537,ok,
/srv/gnss-archive/legacy/RECOVERED_SEAGATE_W2A0W9T2_DATA0/RAW/2012/JOSE/JOSE146aB.T02,.t02,536504,ok,
/srv/gnss-archive/legacy/RECOVERED_SEAGATE_W2A0W9T2_DATA0/RAW/2012/JOSE/JOSE034aB.T02,.t02,535828,ok,
/srv/gnss-archive/legacy/RECOVERED_SEAGATE_W2A0W9T2_DATA0/RAW/2012/JOSE/JOSE147aB.T02,.t02,535773,ok,
/srv/gnss-archive/legacy/RECOVERED_SEAGATE_W2A0W9T2_DATA0/RAW/2012/JOSE/JOSE035aB.T02,.t02,535725,ok,
/srv/gnss-archive/legacy/RECOVERED_SEAGATE_W2A0W9T2_DATA0/RAW/2012/JOSE/JOSE148aB.T02,.t02,538538,ok,
/srv/gnss-archive/legacy/RECOVERED_SEAGATE_W2A0W9T2_DATA0/RAW/2012/JOSE/JOSE036aB.T02,.t02,533662,ok,
/srv/gnss-archive/legacy/RECOVERED_SEAGATE_W2A0W9T2_DATA0/RAW/2012/JOSE/JOSE149aB.T02,.t02,537935,ok,
/srv/gnss-archive/legacy/RECOVERED_SEAGATE_W2A0W9T2_DATA0/RAW/2012/JOSE/JOSE037aB.T02,.t02,534203,ok,
/srv/gnss-archive/legacy/RECOVERED_SEAGATE_W2A0W9T2_DATA0/RAW/2012/JOSE/JOSE150aB.T02,.t02,533759,ok,
/srv/gnss-archive/legacy/RECOVERED_SEAGATE_W2A0W9T2_DATA0/RAW/2012/JOSE/JOSE038aB.T02,.t02,527811,ok,
/srv/gnss-archive/legacy/RECOVERED_SEAGATE_W2A0W9T2_DATA0/RAW/2012/JOSE/JOSE151aB.T02,.t02,534807,ok,
/srv/gnss-archive/legacy/RECOVERED_SEAGATE_W2A0W9T2_DATA0/RAW/2012/JOSE/JOSE039aB.T02,.t02,535346,ok,
/srv/gnss-archive/legacy/RECOVERED_SEAGATE_W2A0W9T2_DATA0/RAW/2012/JOSE/JOSE152aB.T02,.t02,536035,ok,
/srv/gnss-archive/legacy/RECOVERED_SEAGATE_W2A0W9T2_DATA0/RAW/2012/JOSE/JOSE040aB.T02,.t02,519913,ok,
/srv/gnss-archive/legacy/RECOVERED_SEAGATE_W2A0W9T2_DATA0/RAW/2012/JOSE/JOSE153aB.T02,.t02,537084,ok,
/srv/gnss-archive/legacy/RECOVERED_SEAGATE_W2A0W9T2_DATA0/RAW/2012/JOSE/JOSE041aB.T02,.t02,523179,ok,
/srv/gnss-archive/legacy/RECOVERED_SEAGATE_W2A0W9T2_DATA0/RAW/2012/JOSE/JOSE154aB.T02,.t02,536924,ok,
/srv/gnss-archive/legacy/RECOVERED_SEAGATE_W2A0W9T2_DATA0/RAW/2012/JOSE/JOSE042aB.T02,.t02,521587,ok,
/srv/gnss-archive/legacy/RECOVERED_SEAGATE_W2A0W9T2_DATA0/RAW/2012/JOSE/JOSE155aB.T02,.t02,537543,ok,
/srv/gnss-archive/legacy/RECOVERED_SEAGATE_W2A0W9T2_DATA0/RAW/2012/JOSE/JOSE043aB.T02,.t02,519897,ok,
/srv/gnss-archive/legacy/RECOVERED_SEAGATE_W2A0W9T2_DATA0/RAW/2012/JOSE/JOSE156aB.T02,.t02,534903,ok,
/srv/gnss-archive/legacy/RECOVERED_SEAGATE_W2A0W9T2_DATA0/RAW/2012/JOSE/JOSE044aB.T02,.t02,524048,ok,
/srv/gnss-archive/legacy/RECOVERED_SEAGATE_W2A0W9T2_DATA0/RAW/2012/JOSE/JOSE157aB.T02,.t02,535167,ok,
/srv/gnss-archive/legacy/RECOVERED_SEAGATE_W2A0W9T2_DATA0/RAW/2012/JOSE/JOSE045aB.T02,.t02,522520,ok,
/srv/gnss-archive/legacy/RECOVERED_SEAGATE_W2A0W9T2_DATA0/RAW/2012/JOSE/JOSE158aB.T02,.t02,540453,ok,
/srv/gnss-archive/legacy/RECOVERED_SEAGATE_W2A0W9T2_DATA0/RAW/2012/JOSE/JOSE046aB.T02,.t02,524553,ok,
/srv/gnss-archive/legacy/RECOVERED_SEAGATE_W2A0W9T2_DATA0/RAW/2012/JOSE/JOSE159aB.T02,.t02,533470,ok,
/srv/gnss-archive/legacy/RECOVERED_SEAGATE_W2A0W9T2_DATA0/RAW/2012/JOSE/JOSE047aB.T02,.t02,523466,ok,
/srv/gnss-archive/legacy/RECOVERED_SEAGATE_W2A0W9T2_DATA0/RAW/2012/JOSE/JOSE160aB.T02,.t02,534318,ok,
/srv/gnss-archive/legacy/RECOVERED_SEAGATE_W2A0W9T2_DATA0/RAW/2012/JOSE/JOSE048aB.T02,.t02,522871,ok,
/srv/gnss-archive/legacy/RECOVERED_SEAGATE_W2A0W9T2_DATA0/RAW/2012/JOSE/JOSE161aB.T02,.t02,536357,ok,
/srv/gnss-archive/legacy/RECOVERED_SEAGATE_W2A0W9T2_DATA0/RAW/2012/JOSE/JOSE049aB.T02,.t02,523896,ok,
/srv/gnss-archive/legacy/RECOVERED_SEAGATE_W2A0W9T2_DATA0/RAW/2012/JOSE/JOSE053aB.T02,.t02,512729,ok,
/srv/gnss-archive/legacy/RECOVERED_SEAGATE_W2A0W9T2_DATA0/RAW/2012/JOSE/JOSE162aB.T02,.t02,536318,ok,
/srv/gnss-archive/legacy/RECOVERED_SEAGATE_W2A0W9T2_DATA0/RAW/2012/JOSE/JOSE054aB.T02,.t02,527342,ok,
/srv/gnss-archive/legacy/RECOVERED_SEAGATE_W2A0W9T2_DATA0/RAW/2012/JOSE/JOSE163aB.T02,.t02,538640,ok,
/srv/gnss-archive/legacy/RECOVERED_SEAGATE_W2A0W9T2_DATA0/RAW/2012/JOSE/JOSE055aB.T02,.t02,534087,ok,
/srv/gnss-archive/legacy/RECOVERED_SEAGATE_W2A0W9T2_DATA0/RAW/2012/JOSE/JOSE164aB.T02,.t02,536197,ok,
/srv/gnss-archive/legacy/RECOVERED_SEAGATE_W2A0W9T2_DATA0/RAW/2012/JOSE/JOSE056aB.T02,.t02,536156,ok,
/srv/gnss-archive/legacy/RECOVERED_SEAGATE_W2A0W9T2_DATA0/RAW/2012/JOSE/JOSE165aB.T02,.t02,538183,ok,
/srv/gnss-archive/legacy/RECOVERED_SEAGATE_W2A0W9T2_DATA0/RAW/2012/JOSE/JOSE057aB.T02,.t02,538519,ok,
/srv/gnss-archive/legacy/RECOVERED_SEAGATE_W2A0W9T2_DATA0/RAW/2012/JOSE/JOSE166aB.T02,.t02,534742,ok,
/srv/gnss-archive/legacy/RECOVERED_SEAGATE_W2A0W9T2_DATA0/RAW/2012/JOSE/JOSE058aB.T02,.t02,535134,ok,
/srv/gnss-archive/legacy/RECOVERED_SEAGATE_W2A0W9T2_DATA0/RAW/2012/JOSE/JOSE167aB.T02,.t02,534325,ok,
/srv/gnss-archive/legacy/RECOVERED_SEAGATE_W2A0W9T2_DATA0/RAW/2012/JOSE/JOSE168aB.T02,.t02,535711,ok,
/srv/gnss-archive/legacy/RECOVERED_SEAGATE_W2A0W9T2_DATA0/RAW/2012/JOSE/JOSE169aB.T02,.t02,543994,ok,
/srv/gnss-archive/legacy/RECOVERED_SEAGATE_W2A0W9T2_DATA0/RAW/2012/JOSE/JOSE170aB.T02,.t02,536196,ok,
/srv/gnss-archive/legacy/RECOVERED_SEAGATE_W2A0W9T2_DATA0/RAW/2012/JOSE/JOSE171aB.T02,.t02,536012,ok,
/srv/gnss-archive/legacy/RECOVERED_SEAGATE_W2A0W9T2_DATA0/RAW/2012/JOSE/JOSE172aB.T02,.t02,535227,ok,
/srv/gnss-archive/legacy/RECOVERED_SEAGATE_W2A0W9T2_DATA0/RAW/2012/JOSE/JOSE173aB.T02,.t02,536569,ok,
/srv/gnss-archive/legacy/RECOVERED_SEAGATE_W2A0W9T2_DATA0/RAW/2012/JOSE/JOSE174aB.T02,.t02,533238,ok,
/srv/gnss-archive/legacy/RECOVERED_SEAGATE_W2A0W9T2_DATA0/RAW/2012/JOSE/JOSE175aB.T02,.t02,533404,ok,
/srv/gnss-archive/legacy/RECOVERED_SEAGATE_W2A0W9T2_DATA0/RAW/2012/JOSE/JOSE176aB.T02,.t02,534178,ok,
/srv/gnss-archive/legacy/RECOVERED_SEAGATE_W2A0W9T2_DATA0/RAW/2012/JOSE/JOSE177aB.T02,.t02,532638,ok,
/srv/gnss-archive/legacy/RECOVERED_SEAGATE_W2A0W9T2_DATA0/RAW/2012/JOSE/JOSE178aB.T02,.t02,532953,ok,
/srv/gnss-archive/legacy/RECOVERED_SEAGATE_W2A0W9T2_DATA0/RAW/2012/JOSE/JOSE179aB.T02,.t02,536005,ok,
/srv/gnss-archive/legacy/RECOVERED_SEAGATE_W2A0W9T2_DATA0/RAW/2012/JOSE/JOSE180aB.T02,.t02,538638,ok,
/srv/gnss-archive/legacy/RECOVERED_SEAGATE_W2A0W9T2_DATA0/RAW/2012/JOSE/JOSE181aB.T02,.t02,535992,ok,
/srv/gnss-archive/legacy/RECOVERED_SEAGATE_W2A0W9T2_DATA0/RAW/2012/JOSE/JOSE182aB.T02,.t02,532268,ok,
/srv/gnss-archive/legacy/RECOVERED_SEAGATE_W2A0W9T2_DATA0/RAW/2012/JOSE/JOSE183aB.T02,.t02,535971,ok,
/srv/gnss-archive/legacy/RECOVERED_SEAGATE_W2A0W9T2_DATA0/RAW/2012/JOSE/JOSE184aB.T02,.t02,536582,ok,
/srv/gnss-archive/legacy/RECOVERED_SEAGATE_W2A0W9T2_DATA0/RAW/2012/JOSE/JOSE185aB.T02,.t02,541806,ok,
/srv/gnss-archive/legacy/RECOVERED_SEAGATE_W2A0W9T2_DATA0/RAW/2012/JOSE/JOSE186aB.T02,.t02,538260,ok,
/srv/gnss-archive/legacy/RECOVERED_SEAGATE_W2A0W9T2_DATA0/RAW/2012/JOSE/JOSE187aB.T02,.t02,535081,ok,
/srv/gnss-archive/legacy/RECOVERED_SEAGATE_W2A0W9T2_DATA0/RAW/2012/JOSE/JOSE188aB.T02,.t02,536158,ok,
/srv/gnss-archive/legacy/RECOVERED_SEAGATE_W2A0W9T2_DATA0/RAW/2012/JOSE/JOSE189aB.T02,.t02,533869,ok,
/srv/gnss-archive/legacy/RECOVERED_SEAGATE_W2A0W9T2_DATA0/RAW/2012/JOSE/JOSE190aB.T02,.t02,535698,ok,
/srv/gnss-archive/legacy/RECOVERED_SEAGATE_W2A0W9T2_DATA0/RAW/2012/JOSE/JOSE191aB.T02,.t02,535177,ok,
/srv/gnss-archive/legacy/RECOVERED_SEAGATE_W2A0W9T2_DATA0/RAW/2012/JOSE/JOSE192aB.T02,.t02,534439,ok,
/srv/gnss-archive/legacy/RECOVERED_SEAGATE_W2A0W9T2_DATA0/RAW/2012/JOSE/JOSE193aB.T02,.t02,533073,ok,
/srv/gnss-archive/legacy/RECOVERED_SEAGATE_W2A0W9T2_DATA0/RAW/2012/JOSE/JOSE194aB.T02,.t02,533248,ok,
/srv/gnss-archive/legacy/RECOVERED_SEAGATE_W2A0W9T2_DATA0/RAW/2012/JOSE/JOSE195aB.T02,.t02,534766,ok,
/srv/gnss-archive/legacy/RECOVERED_SEAGATE_W2A0W9T2_DATA0/RAW/2012/JOSE/JOSE196aB.T02,.t02,534178,ok,
/srv/gnss-archive/legacy/RECOVERED_SEAGATE_W2A0W9T2_DATA0/RAW/2012/JOSE/JOSE197aB.T02,.t02,532338,ok,
/srv/gnss-archive/legacy/RECOVERED_SEAGATE_W2A0W9T2_DATA0/RAW/2012/JOSE/JOSE198aB.T02,.t02,531719,ok,
/srv/gnss-archive/legacy/RECOVERED_SEAGATE_W2A0W9T2_DATA0/RAW/2012/JOSE/JOSE199aB.T02,.t02,533557,ok,
/srv/gnss-archive/legacy/RECOVERED_SEAGATE_W2A0W9T2_DATA0/RAW/2012/JOSE/JOSE200aB.T02,.t02,532656,ok,
/srv/gnss-archive/legacy/RECOVERED_SEAGATE_W2A0W9T2_DATA0/RAW/2012/JOSE/JOSE201aB.T02,.t02,535957,ok,
/srv/gnss-archive/legacy/RECOVERED_SEAGATE_W2A0W9T2_DATA0/RAW/2012/JOSE/JOSE202aB.T02,.t02,537611,ok,
/srv/gnss-archive/legacy/RECOVERED_SEAGATE_W2A0W9T2_DATA0/RAW/2012/JOSE/JOSE203aB.T02,.t02,534817,ok,
/srv/gnss-archive/legacy/RECOVERED_SEAGATE_W2A0W9T2_DATA0/RAW/2012/JOSE/JOSE204aB.T02,.t02,535017,ok,
/srv/gnss-archive/legacy/RECOVERED_SEAGATE_W2A0W9T2_DATA0/RAW/2012/JOSE/JOSE205aB.T02,.t02,534852,ok,
/srv/gnss-archive/legacy/RECOVERED_SEAGATE_W2A0W9T2_DATA0/RAW/2012/JOSE/JOSE206aB.T02,.t02,532811,ok,
/srv/gnss-archive/legacy/RECOVERED_SEAGATE_W2A0W9T2_DATA0/RAW/2012/JOSE/JOSE207aB.T02,.t02,534433,ok,
/srv/gnss-archive/legacy/RECOVERED_SEAGATE_W2A0W9T2_DATA0/RAW/2012/JOSE/JOSE208aB.T02,.t02,535260,ok,
/srv/gnss-archive/legacy/RECOVERED_SEAGATE_W2A0W9T2_DATA0/RAW/2012/JOSE/JOSE209aB.T02,.t02,537302,ok,
/srv/gnss-archive/legacy/RECOVERED_SEAGATE_W2A0W9T2_DATA0/RAW/2012/JOSE/JOSE210aB.T02,.t02,538991,ok,
/srv/gnss-archive/legacy/RECOVERED_SEAGATE_W2A0W9T2_DATA0/RAW/2012/JOSE/JOSE211aB.T02,.t02,544953,ok,
/srv/gnss-archive/legacy/RECOVERED_SEAGATE_W2A0W9T2_DATA0/RAW/2012/JOSE/JOSE212aB.T02,.t02,545601,ok,
/srv/gnss-archive/legacy/RECOVERED_SEAGATE_W2A0W9T2_DATA0/RAW/2012/JOSE/JOSE213aB.T02,.t02,540683,ok,
/srv/gnss-archive/legacy/RECOVERED_SEAGATE_W2A0W9T2_DATA0/RAW/2012/JOSE/JOSE214aB.T02,.t02,539040,ok,
/srv/gnss-archive/legacy/RECOVERED_SEAGATE_W2A0W9T2_DATA0/RAW/2012/JOSE/JOSE215aB.T02,.t02,535962,ok,
/srv/gnss-archive/legacy/RECOVERED_SEAGATE_W2A0W9T2_DATA0/RAW/2012/JOSE/JOSE216aB.T02,.t02,537839,ok,
/srv/gnss-archive/legacy/RECOVERED_SEAGATE_W2A0W9T2_DATA0/RAW/2012/JOSE/JOSE217aB.T02,.t02,537057,ok,
/srv/gnss-archive/legacy/RECOVERED_SEAGATE_W2A0W9T2_DATA0/RAW/2012/JOSE/JOSE218aB.T02,.t02,541023,ok,
/srv/gnss-archive/legacy/RECOVERED_SEAGATE_W2A0W9T2_DATA0/RAW/2012/JOSE/JOSE219aB.T02,.t02,536399,ok,
/srv/gnss-archive/legacy/RECOVERED_SEAGATE_W2A0W9T2_DATA0/RAW/2012/JOSE/JOSE220aB.T02,.t02,539748,ok,
/srv/gnss-archive/legacy/RECOVERED_SEAGATE_W2A0W9T2_DATA0/RAW/2012/JOSE/JOSE221aB.T02,.t02,535386,ok,
/srv/gnss-archive/legacy/RECOVERED_SEAGATE_W2A0W9T2_DATA0/RAW/2012/JOSE/JOSE222aB.T02,.t02,534604,ok,
/srv/gnss-archive/legacy/RECOVERED_SEAGATE_W2A0W9T2_DATA0/RAW/2012/JOSE/JOSE223aB.T02,.t02,538061,ok,
/srv/gnss-archive/legacy/RECOVERED_SEAGATE_W2A0W9T2_DATA0/RAW/2012/JOSE/JOSE224aB.T02,.t02,534985,ok,
/srv/gnss-archive/legacy/RECOVERED_SEAGATE_W2A0W9T2_DATA0/RAW/2012/JOSE/JOSE225aB.T02,.t02,534912,ok,
/srv/gnss-archive/legacy/RECOVERED_SEAGATE_W2A0W9T2_DATA0/RAW/2012/JOSE/JOSE226aB.T02,.t02,534468,ok,
/srv/gnss-archive/legacy/RECOVERED_SEAGATE_W2A0W9T2_DATA0/RAW/2012/JOSE/JOSE227aB.T02,.t02,534914,ok,
/srv/gnss-archive/legacy/RECOVERED_SEAGATE_W2A0W9T2_DATA0/RAW/2012/JOSE/JOSE228aB.T02,.t02,534308,ok,
/srv/gnss-archive/legacy/RECOVERED_SEAGATE_W2A0W9T2_DATA0/RAW/2012/JOSE/JOSE229aB.T02,.t02,530547,ok,
/srv/gnss-archive/legacy/RECOVERED_SEAGATE_W2A0W9T2_DATA0/RAW/2012/JOSE/JOSE230aB.T02,.t02,530352,ok,
/srv/gnss-archive/legacy/RECOVERED_SEAGATE_W2A0W9T2_DATA0/RAW/2012/JOSE/JOSE231aB.T02,.t02,532571,ok,
/srv/gnss-archive/legacy/RECOVERED_SEAGATE_W2A0W9T2_DATA0/RAW/2012/JOSE/JOSE232aB.T02,.t02,537458,ok,
/srv/gnss-archive/legacy/RECOVERED_SEAGATE_W2A0W9T2_DATA0/RAW/2012/JOSE/JOSE233aB.T02,.t02,532323,ok,
/srv/gnss-archive/legacy/RECOVERED_SEAGATE_W2A0W9T2_DATA0/RAW/2012/JOSE/JOSE234aB.T02,.t02,531656,ok,
/srv/gnss-archive/legacy/RECOVERED_SEAGATE_W2A0W9T2_DATA0/RAW/2012/JOSE/JOSE235aB.T02,.t02,532237,ok,
/srv/gnss-archive/legacy/RECOVERED_SEAGATE_W2A0W9T2_DATA0/RAW/2012/JOSE/JOSE236aB.T02,.t02,534675,ok,
/srv/gnss-archive/legacy/RECOVERED_SEAGATE_W2A0W9T2_DATA0/RAW/2012/JOSE/JOSE237aB.T02,.t02,532896,ok,
/srv/gnss-archive/legacy/RECOVERED_SEAGATE_W2A0W9T2_DATA0/RAW/2012/JOSE/JOSE238aB.T02,.t02,532389,ok,
/srv/gnss-archive/legacy/RECOVERED_SEAGATE_W2A0W9T2_DATA0/RAW/2012/JOSE/JOSE239aB.T02,.t02,538819,ok,
/srv/gnss-archive/legacy/RECOVERED_SEAGATE_W2A0W9T2_DATA0/RAW/2012/JOSE/JOSE240aB.T02,.t02,533071,ok,
/srv/gnss-archive/legacy/RECOVERED_SEAGATE_W2A0W9T2_DATA0/RAW/2012/JOSE/JOSE241aB.T02,.t02,535403,ok,
/srv/gnss-archive/legacy/RECOVERED_SEAGATE_W2A0W9T2_DATA0/RAW/2012/JOSE/JOSE242aB.T02,.t02,531309,ok,
/srv/gnss-archive/legacy/RECOVERED_SEAGATE_W2A0W9T2_DATA0/RAW/2012/JOSE/JOSE243aB.T02,.t02,536540,ok,
/srv/gnss-archive/legacy/RECOVERED_SEAGATE_W2A0W9T2_DATA0/RAW/2012/JOSE/JOSE244aB.T02,.t02,536877,ok,
/srv/gnss-archive/legacy/RECOVERED_SEAGATE_W2A0W9T2_DATA0/RAW/2012/JOSE/JOSE245aB.T02,.t02,536309,ok,
/srv/gnss-archive/legacy/RECOVERED_SEAGATE_W2A0W9T2_DATA0/RAW/2012/JOSE/JOSE246aB.T02,.t02,545595,ok,
/srv/gnss-archive/legacy/RECOVERED_SEAGATE_W2A0W9T2_DATA0/RAW/2012/JOSE/JOSE247aB.T02,.t02,534105,ok,
/srv/gnss-archive/legacy/RECOVERED_SEAGATE_W2A0W9T2_DATA0/RAW/2012/JOSE/JOSE248aB.T02,.t02,534272,ok,
/srv/gnss-archive/legacy/RECOVERED_SEAGATE_W2A0W9T2_DATA0/RAW/2012/JOSE/JOSE249aB.T02,.t02,531287,ok,
/srv/gnss-archive/legacy/RECOVERED_SEAGATE_W2A0W9T2_DATA0/RAW/2012/JOSE/JOSE250aB.T02,.t02,533015,ok,
/srv/gnss-archive/legacy/RECOVERED_SEAGATE_W2A0W9T2_DATA0/RAW/2012/JOSE/JOSE251aB.T02,.t02,534144,ok,
/srv/gnss-archive/legacy/RECOVERED_SEAGATE_W2A0W9T2_DATA0/RAW/2012/JOSE/JOSE252aB.T02,.t02,533914,ok,
/srv/gnss-archive/legacy/RECOVERED_SEAGATE_W2A0W9T2_DATA0/RAW/2012/JOSE/JOSE253aB.T02,.t02,534002,ok,
/srv/gnss-archive/legacy/RECOVERED_SEAGATE_W2A0W9T2_DATA0/RAW/2012/JOSE/JOSE254aB.T02,.t02,531974,ok,
/srv/gnss-archive/legacy/RECOVERED_SEAGATE_W2A0W9T2_DATA0/RAW/2012/JOSE/JOSE255aB.T02,.t02,515751,ok,
/srv/gnss-archive/legacy/RECOVERED_SEAGATE_W2A0W9T2_DATA0/RAW/2012/JOSE/JOSE256aB.T02,.t02,521151,ok,
/srv/gnss-archive/legacy/RECOVERED_SEAGATE_W2A0W9T2_DATA0/RAW/2012/JOSE/JOSE257aB.T02,.t02,523173,ok,
/srv/gnss-archive/legacy/RECOVERED_SEAGATE_W2A0W9T2_DATA0/RAW/2012/JOSE/JOSE258aB.T02,.t02,530656,ok,
/srv/gnss-archive/legacy/RECOVERED_SEAGATE_W2A0W9T2_DATA0/RAW/2012/JOSE/JOSE259aB.T02,.t02,534211,ok,
/srv/gnss-archive/legacy/RECOVERED_SEAGATE_W2A0W9T2_DATA0/RAW/2012/JOSE/JOSE260aB.T02,.t02,533994,ok,
/srv/gnss-archive/legacy/RECOVERED_SEAGATE_W2A0W9T2_DATA0/RAW/2012/JOSE/JOSE261aB.T02,.t02,539958,ok,
/srv/gnss-archive/legacy/RECOVERED_SEAGATE_W2A0W9T2_DATA0/RAW/2012/JOSE/JOSE262aB.T02,.t02,539507,ok,
/srv/gnss-archive/legacy/RECOVERED_SEAGATE_W2A0W9T2_DATA0/RAW/2012/JOSE/JOSE263aB.T02,.t02,536017,ok,
/srv/gnss-archive/legacy/RECOVERED_SEAGATE_W2A0W9T2_DATA0/RAW/2012/JOSE/JOSE264aB.T02,.t02,535111,ok,
/srv/gnss-archive/legacy/RECOVERED_SEAGATE_W2A0W9T2_DATA0/RAW/2012/JOSE/JOSE265aB.T02,.t02,537804,ok,
/srv/gnss-archive/legacy/RECOVERED_SEAGATE_W2A0W9T2_DATA0/RAW/2012/JOSE/JOSE266aB.T02,.t02,534881,ok,
/srv/gnss-archive/legacy/RECOVERED_SEAGATE_W2A0W9T2_DATA0/RAW/2012/JOSE/JOSE267aB.T02,.t02,541233,ok,
/srv/gnss-archive/legacy/RECOVERED_SEAGATE_W2A0W9T2_DATA0/RAW/2012/JOSE/JOSE268aB.T02,.t02,540233,ok,
/srv/gnss-archive/legacy/RECOVERED_SEAGATE_W2A0W9T2_DATA0/RAW/2012/JOSE/JOSE269aB.T02,.t02,550630,ok,
/srv/gnss-archive/legacy/RECOVERED_SEAGATE_W2A0W9T2_DATA0/RAW/2012/JOSE/JOSE270aB.T02,.t02,548258,ok,
/srv/gnss-archive/legacy/RECOVERED_SEAGATE_W2A0W9T2_DATA0/RAW/2012/JOSE/JOSE271aB.T02,.t02,541369,ok,
/srv/gnss-archive/legacy/RECOVERED_SEAGATE_W2A0W9T2_DATA0/RAW/2012/JOSE/JOSE272aB.T02,.t02,541592,ok,
/srv/gnss-archive/legacy/RECOVERED_SEAGATE_W2A0W9T2_DATA0/RAW/2012/JOSE/JOSE273aB.T02,.t02,543496,ok,
/srv/gnss-archive/legacy/RECOVERED_SEAGATE_W2A0W9T2_DATA0/RAW/2012/JOSE/JOSE274aB.T02,.t02,542283,ok,
/srv/gnss-archive/legacy/RECOVERED_SEAGATE_W2A0W9T2_DATA0/RAW/2012/JOSE/JOSE275aB.T02,.t02,533025,ok,
/srv/gnss-archive/legacy/RECOVERED_SEAGATE_W2A0W9T2_DATA0/RAW/2012/JOSE/JOSE276aB.T02,.t02,545544,ok,
/srv/gnss-archive/legacy/RECOVERED_SEAGATE_W2A0W9T2_DATA0/RAW/2012/JOSE/JOSE277aB.T02,.t02,539034,ok,
/srv/gnss-archive/legacy/RECOVERED_SEAGATE_W2A0W9T2_DATA0/RAW/2012/JOSE/JOSE278aB.T02,.t02,539900,ok,
/srv/gnss-archive/legacy/RECOVERED_SEAGATE_W2A0W9T2_DATA0/RAW/2012/JOSE/JOSE279aB.T02,.t02,537534,ok,
/srv/gnss-archive/legacy/RECOVERED_SEAGATE_W2A0W9T2_DATA0/RAW/2012/JOSE/JOSE280aB.T02,.t02,534462,ok,
/srv/gnss-archive/legacy/RECOVERED_SEAGATE_W2A0W9T2_DATA0/RAW/2012/JOSE/JOSE281aB.T02,.t02,521716,ok,
/srv/gnss-archive/legacy/RECOVERED_SEAGATE_W2A0W9T2_DATA0/RAW/2012/JOSE/JOSE282aB.T02,.t02,522513,ok,
/srv/gnss-archive/legacy/RECOVERED_SEAGATE_W2A0W9T2_DATA0/RAW/2012/JOSE/JOSE283aB.T02,.t02,520543,ok,
/srv/gnss-archive/legacy/RECOVERED_SEAGATE_W2A0W9T2_DATA0/RAW/2012/JOSE/JOSE284aB.T02,.t02,521602,ok,
/srv/gnss-archive/legacy/RECOVERED_SEAGATE_W2A0W9T2_DATA0/RAW/2012/JOSE/JOSE285aB.T02,.t02,525413,ok,
/srv/gnss-archive/legacy/RECOVERED_SEAGATE_W2A0W9T2_DATA0/RAW/2012/JOSE/JOSE286aB.T02,.t02,522932,ok,
/srv/gnss-archive/legacy/RECOVERED_SEAGATE_W2A0W9T2_DATA0/RAW/2012/JOSE/JOSE287aB.T02,.t02,520272,ok,
/srv/gnss-archive/legacy/RECOVERED_SEAGATE_W2A0W9T2_DATA0/RAW/2012/JOSE/JOSE288aB.T02,.t02,519450,ok,
/srv/gnss-archive/legacy/RECOVERED_SEAGATE_W2A0W9T2_DATA0/RAW/2012/JOSE/JOSE289aB.T02,.t02,519564,ok,
/srv/gnss-archive/legacy/RECOVERED_SEAGATE_W2A0W9T2_DATA0/RAW/2012/JOSE/JOSE290aB.T02,.t02,524586,ok,
/srv/gnss-archive/legacy/RECOVERED_SEAGATE_W2A0W9T2_DATA0/RAW/2012/JOSE/JOSE291aB.T02,.t02,519953,ok,
/srv/gnss-archive/legacy/RECOVERED_SEAGATE_W2A0W9T2_DATA0/RAW/2012/JOSE/JOSE292aB.T02,.t02,525961,ok,
/srv/gnss-archive/legacy/RECOVERED_SEAGATE_W2A0W9T2_DATA0/RAW/2012/JOSE/JOSE293aB.T02,.t02,524778,ok,
/srv/gnss-archive/legacy/RECOVERED_SEAGATE_W2A0W9T2_DATA0/RAW/2012/JOSE/JOSE294aB.T02,.t02,522765,ok,
/srv/gnss-archive/legacy/RECOVERED_SEAGATE_W2A0W9T2_DATA0/RAW/2012/JOSE/JOSE295aB.T02,.t02,519995,ok,
/srv/gnss-archive/legacy/RECOVERED_SEAGATE_W2A0W9T2_DATA0/RAW/2012/JOSE/JOSE296aB.T02,.t02,521545,ok,
/srv/gnss-archive/legacy/RECOVERED_SEAGATE_W2A0W9T2_DATA0/RAW/2012/JOSE/JOSE297aB.T02,.t02,521694,ok,
/srv/gnss-archive/legacy/RECOVERED_SEAGATE_W2A0W9T2_DATA0/RAW/2012/JOSE/JOSE298aB.T02,.t02,523640,ok,
/srv/gnss-archive/legacy/RECOVERED_SEAGATE_W2A0W9T2_DATA0/RAW/2012/JOSE/JOSE299aB.T02,.t02,526610,ok,
/srv/gnss-archive/legacy/RECOVERED_SEAGATE_W2A0W9T2_DATA0/RAW/2012/JOSE/JOSE300aB.T02,.t02,518952,ok,
/srv/gnss-archive/legacy/RECOVERED_SEAGATE_W2A0W9T2_DATA0/RAW/2012/JOSE/JOSE301aB.T02,.t02,519588,ok,
/srv/gnss-archive/legacy/RECOVERED_SEAGATE_W2A0W9T2_DATA0/RAW/2012/JOSE/JOSE302aB.T02,.t02,520900,ok,
/srv/gnss-archive/legacy/RECOVERED_SEAGATE_W2A0W9T2_DATA0/RAW/2012/JOSE/JOSE303aB.T02,.t02,519948,ok,
/srv/gnss-archive/legacy/RECOVERED_SEAGATE_W2A0W9T2_DATA0/RAW/2012/JOSE/JOSE304aB.T02,.t02,526038,ok,
/srv/gnss-archive/legacy/RECOVERED_SEAGATE_W2A0W9T2_DATA0/RAW/2012/JOSE/JOSE305aB.T02,.t02,525800,ok,
/srv/gnss-archive/legacy/RECOVERED_SEAGATE_W2A0W9T2_DATA0/RAW/2012/JOSE/JOSE306aB.T02,.t02,519470,ok,
/srv/gnss-archive/legacy/RECOVERED_SEAGATE_W2A0W9T2_DATA0/RAW/2012/JOSE/JOSE307aB.T02,.t02,520919,ok,
/srv/gnss-archive/legacy/RECOVERED_SEAGATE_W2A0W9T2_DATA0/RAW/2012/JOSE/JOSE308aB.T02,.t02,521110,ok,
/srv/gnss-archive/legacy/RECOVERED_SEAGATE_W2A0W9T2_DATA0/RAW/2012/JOSE/JOSE309aB.T02,.t02,520764,ok,
/srv/gnss-archive/legacy/RECOVERED_SEAGATE_W2A0W9T2_DATA0/RAW/2012/JOSE/JOSE310aB.T02,.t02,520543,ok,
/srv/gnss-archive/legacy/RECOVERED_SEAGATE_W2A0W9T2_DATA0/RAW/2012/JOSE/JOSE311aB.T02,.t02,521101,ok,
/srv/gnss-archive/legacy/RECOVERED_SEAGATE_W2A0W9T2_DATA0/RAW/2012/JOSE/JOSE312aB.T02,.t02,519031,ok,
/srv/gnss-archive/legacy/RECOVERED_SEAGATE_W2A0W9T2_DATA0/RAW/2012/JOSE/JOSE313aB.T02,.t02,520448,ok,
/srv/gnss-archive/legacy/RECOVERED_SEAGATE_W2A0W9T2_DATA0/RAW/2012/JOSE/JOSE314aB.T02,.t02,519062,ok,
/srv/gnss-archive/legacy/RECOVERED_SEAGATE_W2A0W9T2_DATA0/RAW/2012/JOSE/JOSE315aB.T02,.t02,520350,ok,
/srv/gnss-archive/legacy/RECOVERED_SEAGATE_W2A0W9T2_DATA0/RAW/2012/JOSE/JOSE316aB.T02,.t02,519544,ok,
/srv/gnss-archive/legacy/RECOVERED_SEAGATE_W2A0W9T2_DATA0/RAW/2012/JOSE/JOSE317aB.T02,.t02,520194,ok,
/srv/gnss-archive/legacy/RECOVERED_SEAGATE_W2A0W9T2_DATA0/RAW/2012/JOSE/JOSE318aB.T02,.t02,512949,ok,
/srv/gnss-archive/legacy/RECOVERED_SEAGATE_W2A0W9T2_DATA0/RAW/2012/JOSE/JOSE319aB.T02,.t02,532611,ok,
/srv/gnss-archive/legacy/RECOVERED_SEAGATE_W2A0W9T2_DATA0/RAW/2012/JOSE/JOSE320aB.T02,.t02,483830,ok,
/srv/gnss-archive/legacy/RECOVERED_SEAGATE_W2A0W9T2_DATA0/RAW/2012/JOSE/JOSE321aB.T02,.t02,532896,ok,
/srv/gnss-archive/legacy/RECOVERED_SEAGATE_W2A0W9T2_DATA0/RAW/2012/JOSE/JOSE322aB.T02,.t02,531816,ok,
/srv/gnss-archive/legacy/RECOVERED_SEAGATE_W2A0W9T2_DATA0/RAW/2012/JOSE/JOSE323aB.T02,.t02,532491,ok,
/srv/gnss-archive/legacy/RECOVERED_SEAGATE_W2A0W9T2_DATA0/RAW/2012/JOSE/JOSE324aB.T02,.t02,533829,ok,
/srv/gnss-archive/legacy/RECOVERED_SEAGATE_W2A0W9T2_DATA0/RAW/2012/JOSE/JOSE325aB.T02,.t02,533557,ok,
/srv/gnss-archive/legacy/RECOVERED_SEAGATE_W2A0W9T2_DATA0/RAW/2012/JOSE/JOSE326aB.T02,.t02,525730,ok,
/srv/gnss-archive/legacy/RECOVERED_SEAGATE_W2A0W9T2_DATA0/RAW/2012/JOSE/JOSE327aB.T02,.t02,535678,ok,
/srv/gnss-archive/legacy/RECOVERED_SEAGATE_W2A0W9T2_DATA0/RAW/2012/JOSE/JOSE328aB.T02,.t02,532966,ok,
/srv/gnss-archive/legacy/RECOVERED_SEAGATE_W2A0W9T2_DATA0/RAW/2012/JOSE/JOSE329aB.T02,.t02,532482,ok,
/srv/gnss-archive/legacy/RECOVERED_SEAGATE_W2A0W9T2_DATA0/RAW/2012/JOSE/JOSE330aB.T02,.t02,535098,ok,
/srv/gnss-archive/legacy/RECOVERED_SEAGATE_W2A0W9T2_DATA0/RAW/2012/JOSE/JOSE331aB.T02,.t02,533425,ok,
/srv/gnss-archive/legacy/RECOVERED_SEAGATE_W2A0W9T2_DATA0/RAW/2012/JOSE/JOSE332aB.T02,.t02,531851,ok,
/srv/gnss-archive/legacy/RECOVERED_SEAGATE_W2A0W9T2_DATA0/RAW/2012/JOSE/JOSE333aB.T02,.t02,530760,ok,
/srv/gnss-archive/legacy/RECOVERED_SEAGATE_W2A0W9T2_DATA0/RAW/2012/JOSE/JOSE334aB.T02,.t02,531472,ok,
/srv/gnss-archive/legacy/RECOVERED_SEAGATE_W2A0W9T2_DATA0/RAW/2012/JOSE/JOSE335aB.T02,.t02,532336,ok,
/srv/gnss-archive/legacy/RECOVERED_SEAGATE_W2A0W9T2_DATA0/RAW/2012/JOSE/JOSE336aB.T02,.t02,531952,ok,
/srv/gnss-archive/legacy/RECOVERED_SEAGATE_W2A0W9T2_DATA0/RAW/2012/JOSE/JOSE337aB.T02,.t02,533401,ok,
/srv/gnss-archive/legacy/RECOVERED_SEAGATE_W2A0W9T2_DATA0/RAW/2012/JOSE/JOSE338aB.T02,.t02,533975,ok,
/srv/gnss-archive/legacy/RECOVERED_SEAGATE_W2A0W9T2_DATA0/RAW/2012/JOSE/JOSE339aB.T02,.t02,531525,ok,
/srv/gnss-archive/legacy/RECOVERED_SEAGATE_W2A0W9T2_DATA0/RAW/2012/JOSE/JOSE340aB.T02,.t02,533116,ok,
/srv/gnss-archive/legacy/RECOVERED_SEAGATE_W2A0W9T2_DATA0/RAW/2012/JOSE/JOSE341aB.T02,.t02,527961,ok,
/srv/gnss-archive/legacy/RECOVERED_SEAGATE_W2A0W9T2_DATA0/RAW/2012/JOSE/JOSE342aB.T02,.t02,530567,ok,
/srv/gnss-archive/legacy/RECOVERED_SEAGATE_W2A0W9T2_DATA0/RAW/2012/JOSE/JOSE343aB.T02,.t02,531369,ok,
/srv/gnss-archive/legacy/RECOVERED_SEAGATE_W2A0W9T2_DATA0/RAW/2012/JOSE/JOSE344aB.T02,.t02,533074,ok,
/srv/gnss-archive/legacy/RECOVERED_SEAGATE_W2A0W9T2_DATA0/RAW/2012/JOSE/JOSE345aB.T02,.t02,534141,ok,
/srv/gnss-archive/legacy/RECOVERED_SEAGATE_W2A0W9T2_DATA0/RAW/2012/JOSE/JOSE346aB.T02,.t02,531125,ok,
/srv/gnss-archive/legacy/RECOVERED_SEAGATE_W2A0W9T2_DATA0/RAW/2012/JOSE/JOSE347aB.T02,.t02,524537,ok,
/srv/gnss-archive/legacy/RECOVERED_SEAGATE_W2A0W9T2_DATA0/RAW/2012/JOSE/JOSE348aB.T02,.t02,531711,ok,
/srv/gnss-archive/legacy/RECOVERED_SEAGATE_W2A0W9T2_DATA0/RAW/2012/JOSE/JOSE349aB.T02,.t02,533985,ok,
/srv/gnss-archive/legacy/RECOVERED_SEAGATE_W2A0W9T2_DATA0/RAW/2012/JOSE/JOSE350aB.T02,.t02,533214,ok,
/srv/gnss-archive/legacy/RECOVERED_SEAGATE_W2A0W9T2_DATA0/RAW/2012/JOSE/JOSE351aB.T02,.t02,532602,ok,
/srv/gnss-archive/legacy/RECOVERED_SEAGATE_W2A0W9T2_DATA0/RAW/2012/JOSE/JOSE352aB.T02,.t02,530969,ok,
/srv/gnss-archive/legacy/RECOVERED_SEAGATE_W2A0W9T2_DATA0/RAW/2012/JOSE/JOSE353aB.T02,.t02,533207,ok,
/srv/gnss-archive/legacy/RECOVERED_SEAGATE_W2A0W9T2_DATA0/RAW/2012/JOSE/JOSE354aB.T02,.t02,531717,ok,
/srv/gnss-archive/legacy/RECOVERED_SEAGATE_W2A0W9T2_DATA0/RAW/2012/JOSE/JOSE355aB.T02,.t02,524223,ok,
/srv/gnss-archive/legacy/RECOVERED_SEAGATE_W2A0W9T2_DATA0/RAW/2012/JOSE/JOSE356aB.T02,.t02,533662,ok,
/srv/gnss-archive/legacy/RECOVERED_SEAGATE_W2A0W9T2_DATA0/RAW/2012/JOSE/JOSE357aB.T02,.t02,530601,ok,
/srv/gnss-archive/legacy/RECOVERED_SEAGATE_W2A0W9T2_DATA0/RAW/2012/JOSE/JOSE358aB.T02,.t02,530686,ok,
/srv/gnss-archive/legacy/RECOVERED_SEAGATE_W2A0W9T2_DATA0/RAW/2012/JOSE/JOSE359aB.T02,.t02,532016,ok,
/srv/gnss-archive/legacy/RECOVERED_SEAGATE_W2A0W9T2_DATA0/RAW/2012/JOSE/JOSE360aB.T02,.t02,531523,ok,
/srv/gnss-archive/legacy/RECOVERED_SEAGATE_W2A0W9T2_DATA0/RAW/2012/JOSE/JOSE361aB.T02,.t02,530823,ok,
/srv/gnss-archive/legacy/RECOVERED_SEAGATE_W2A0W9T2_DATA0/RAW/2012/JOSE/JOSE362aB.T02,.t02,531526,ok,
/srv/gnss-archive/legacy/RECOVERED_SEAGATE_W2A0W9T2_DATA0/RAW/2012/JOSE/JOSE363aB.T02,.t02,528578,ok,
/srv/gnss-archive/legacy/RECOVERED_SEAGATE_W2A0W9T2_DATA0/RAW/2012/JOSE/JOSE364aB.T02,.t02,530736,ok,
/srv/gnss-archive/legacy/RECOVERED_SEAGATE_W2A0W9T2_DATA0/RAW/2012/JOSE/JOSE365aB.T02,.t02,530330,ok,
/srv/gnss-archive/legacy/RECOVERED_SEAGATE_W2A0W9T2_DATA0/RAW/2012/JOSE/JOSE366aB.T02,.t02,527042,ok,
/srv/gnss-archive/legacy/RECOVERED_SEAGATE_W2A0W9T2_DATA0/RAW/2012/LAG1/LAG10460.dat,.dat,3136261,ok,
/srv/gnss-archive/legacy/RECOVERED_SEAGATE_W2A0W9T2_DATA0/RAW/2012/LAG1/LAG10470.dat,.dat,3685950,ok,
/srv/gnss-archive/legacy/RECOVERED_SEAGATE_W2A0W9T2_DATA0/RAW/2012/LUZC/LUZC050a.m01,.m01,1090113,bad_epoch,got 2011 want 2012
/srv/gnss-archive/legacy/RECOVERED_SEAGATE_W2A0W9T2_DATA0/RAW/2012/MUNZ/MUNZ035a.m00,.m00,1201422,ok,
/srv/gnss-archive/legacy/RECOVERED_SEAGATE_W2A0W9T2_DATA0/RAW/2012/NV47/NV470510.dat,.dat,2861448,ok,
/srv/gnss-archive/legacy/RECOVERED_SEAGATE_W2A0W9T2_DATA0/RAW/2012/PTBN/PTBN036a.m00,.m00,1217113,ok,
/srv/gnss-archive/legacy/RECOVERED_SEAGATE_W2A0W9T2_DATA0/RAW/2012/SABL/SABL050aB.T02,.t02,446386,ok,
/srv/gnss-archive/legacy/RECOVERED_SEAGATE_W2A0W9T2_DATA0/RAW/2012/SABL/SABL001aB.T02,.t02,457336,ok,
/srv/gnss-archive/legacy/RECOVERED_SEAGATE_W2A0W9T2_DATA0/RAW/2012/SABL/SABL052aB.T02,.t02,446723,ok,
/srv/gnss-archive/legacy/RECOVERED_SEAGATE_W2A0W9T2_DATA0/RAW/2012/SABL/SABL002aB.T02,.t02,457983,ok,
/srv/gnss-archive/legacy/RECOVERED_SEAGATE_W2A0W9T2_DATA0/RAW/2012/SABL/SABL051aB.T02,.t02,446693,ok,
/srv/gnss-archive/legacy/RECOVERED_SEAGATE_W2A0W9T2_DATA0/RAW/2012/SABL/SABL003aB.T02,.t02,458100,ok,
/srv/gnss-archive/legacy/RECOVERED_SEAGATE_W2A0W9T2_DATA0/RAW/2012/SABL/SABL053aB.T02,.t02,436622,ok,
/srv/gnss-archive/legacy/RECOVERED_SEAGATE_W2A0W9T2_DATA0/RAW/2012/SABL/SABL004aB.T02,.t02,457962,ok,
/srv/gnss-archive/legacy/RECOVERED_SEAGATE_W2A0W9T2_DATA0/RAW/2012/SABL/SABL054aB.T02,.t02,448562,ok,
/srv/gnss-archive/legacy/RECOVERED_SEAGATE_W2A0W9T2_DATA0/RAW/2012/SABL/SABL005aB.T02,.t02,458202,ok,
/srv/gnss-archive/legacy/RECOVERED_SEAGATE_W2A0W9T2_DATA0/RAW/2012/SABL/SABL055aB.T02,.t02,455978,ok,
/srv/gnss-archive/legacy/RECOVERED_SEAGATE_W2A0W9T2_DATA0/RAW/2012/SABL/SABL006aB.T02,.t02,458355,ok,
/srv/gnss-archive/legacy/RECOVERED_SEAGATE_W2A0W9T2_DATA0/RAW/2012/SABL/SABL062aB.T02,.t02,460095,ok,
/srv/gnss-archive/legacy/RECOVERED_SEAGATE_W2A0W9T2_DATA0/RAW/2012/SABL/SABL007aB.T02,.t02,458081,ok,
/srv/gnss-archive/legacy/RECOVERED_SEAGATE_W2A0W9T2_DATA0/RAW/2012/SABL/SABL063aB.T02,.t02,458531,ok,
/srv/gnss-archive/legacy/RECOVERED_SEAGATE_W2A0W9T2_DATA0/RAW/2012/SABL/SABL008aB.T02,.t02,459194,ok,
/srv/gnss-archive/legacy/RECOVERED_SEAGATE_W2A0W9T2_DATA0/RAW/2012/SABL/SABL064aB.T02,.t02,458871,ok,
/srv/gnss-archive/legacy/RECOVERED_SEAGATE_W2A0W9T2_DATA0/RAW/2012/SABL/SABL009aB.T02,.t02,459034,ok,
/srv/gnss-archive/legacy/RECOVERED_SEAGATE_W2A0W9T2_DATA0/RAW/2012/SABL/SABL065aB.T02,.t02,460544,ok,
/srv/gnss-archive/legacy/RECOVERED_SEAGATE_W2A0W9T2_DATA0/RAW/2012/SABL/SABL010aB.T02,.t02,458108,ok,
/srv/gnss-archive/legacy/RECOVERED_SEAGATE_W2A0W9T2_DATA0/RAW/2012/SABL/SABL066aB.T02,.t02,459437,ok,
/srv/gnss-archive/legacy/RECOVERED_SEAGATE_W2A0W9T2_DATA0/RAW/2012/SABL/SABL011aB.T02,.t02,459453,ok,
/srv/gnss-archive/legacy/RECOVERED_SEAGATE_W2A0W9T2_DATA0/RAW/2012/SABL/SABL067aB.T02,.t02,458625,ok,
/srv/gnss-archive/legacy/RECOVERED_SEAGATE_W2A0W9T2_DATA0/RAW/2012/SABL/SABL012aB.T02,.t02,458641,ok,
/srv/gnss-archive/legacy/RECOVERED_SEAGATE_W2A0W9T2_DATA0/RAW/2012/SABL/SABL068aB.T02,.t02,464752,ok,
/srv/gnss-archive/legacy/RECOVERED_SEAGATE_W2A0W9T2_DATA0/RAW/2012/SABL/SABL013aB.T02,.t02,458129,ok,
/srv/gnss-archive/legacy/RECOVERED_SEAGATE_W2A0W9T2_DATA0/RAW/2012/SABL/SABL069aB.T02,.t02,460355,ok,
/srv/gnss-archive/legacy/RECOVERED_SEAGATE_W2A0W9T2_DATA0/RAW/2012/SABL/SABL014aB.T02,.t02,459102,ok,
/srv/gnss-archive/legacy/RECOVERED_SEAGATE_W2A0W9T2_DATA0/RAW/2012/SABL/SABL070aB.T02,.t02,458807,ok,
/srv/gnss-archive/legacy/RECOVERED_SEAGATE_W2A0W9T2_DATA0/RAW/2012/SABL/SABL015aB.T02,.t02,458760,ok,
/srv/gnss-archive/legacy/RECOVERED_SEAGATE_W2A0W9T2_DATA0/RAW/2012/SABL/SABL071aB.T02,.t02,460816,ok,
/srv/gnss-archive/legacy/RECOVERED_SEAGATE_W2A0W9T2_DATA0/RAW/2012/SABL/SABL016aB.T02,.t02,457790,ok,
/srv/gnss-archive/legacy/RECOVERED_SEAGATE_W2A0W9T2_DATA0/RAW/2012/SABL/SABL072aB.T02,.t02,462578,ok,
/srv/gnss-archive/legacy/RECOVERED_SEAGATE_W2A0W9T2_DATA0/RAW/2012/SABL/SABL017aB.T02,.t02,457176,ok,
/srv/gnss-archive/legacy/RECOVERED_SEAGATE_W2A0W9T2_DATA0/RAW/2012/SABL/SABL073aB.T02,.t02,458967,ok,
/srv/gnss-archive/legacy/RECOVERED_SEAGATE_W2A0W9T2_DATA0/RAW/2012/SABL/SABL018aB.T02,.t02,457599,ok,
/srv/gnss-archive/legacy/RECOVERED_SEAGATE_W2A0W9T2_DATA0/RAW/2012/SABL/SABL074aB.T02,.t02,461808,ok,
/srv/gnss-archive/legacy/RECOVERED_SEAGATE_W2A0W9T2_DATA0/RAW/2012/SABL/SABL019aB.T02,.t02,457314,ok,
/srv/gnss-archive/legacy/RECOVERED_SEAGATE_W2A0W9T2_DATA0/RAW/2012/SABL/SABL075aB.T02,.t02,459288,ok,
/srv/gnss-archive/legacy/RECOVERED_SEAGATE_W2A0W9T2_DATA0/RAW/2012/SABL/SABL020aB.T02,.t02,457943,ok,
/srv/gnss-archive/legacy/RECOVERED_SEAGATE_W2A0W9T2_DATA0/RAW/2012/SABL/SABL076aB.T02,.t02,459698,ok,
/srv/gnss-archive/legacy/RECOVERED_SEAGATE_W2A0W9T2_DATA0/RAW/2012/SABL/SABL021aB.T02,.t02,457935,ok,
/srv/gnss-archive/legacy/RECOVERED_SEAGATE_W2A0W9T2_DATA0/RAW/2012/SABL/SABL077aB.T02,.t02,459044,ok,
/srv/gnss-archive/legacy/RECOVERED_SEAGATE_W2A0W9T2_DATA0/RAW/2012/SABL/SABL022aB.T02,.t02,458795,ok,
/srv/gnss-archive/legacy/RECOVERED_SEAGATE_W2A0W9T2_DATA0/RAW/2012/SABL/SABL078aB.T02,.t02,459184,ok,
/srv/gnss-archive/legacy/RECOVERED_SEAGATE_W2A0W9T2_DATA0/RAW/2012/SABL/SABL023aB.T02,.t02,454722,ok,
/srv/gnss-archive/legacy/RECOVERED_SEAGATE_W2A0W9T2_DATA0/RAW/2012/SABL/SABL079aB.T02,.t02,463808,ok,
/srv/gnss-archive/legacy/RECOVERED_SEAGATE_W2A0W9T2_DATA0/RAW/2012/SABL/SABL024aB.T02,.t02,458153,ok,
/srv/gnss-archive/legacy/RECOVERED_SEAGATE_W2A0W9T2_DATA0/RAW/2012/SABL/SABL080aB.T02,.t02,458185,ok,
/srv/gnss-archive/legacy/RECOVERED_SEAGATE_W2A0W9T2_DATA0/RAW/2012/SABL/SABL025aB.T02,.t02,459844,ok,
/srv/gnss-archive/legacy/RECOVERED_SEAGATE_W2A0W9T2_DATA0/RAW/2012/SABL/SABL081aB.T02,.t02,458765,ok,
/srv/gnss-archive/legacy/RECOVERED_SEAGATE_W2A0W9T2_DATA0/RAW/2012/SABL/SABL026aB.T02,.t02,457790,ok,
/srv/gnss-archive/legacy/RECOVERED_SEAGATE_W2A0W9T2_DATA0/RAW/2012/SABL/SABL082aB.T02,.t02,458358,ok,
/srv/gnss-archive/legacy/RECOVERED_SEAGATE_W2A0W9T2_DATA0/RAW/2012/SABL/SABL027aB.T02,.t02,456794,ok,
/srv/gnss-archive/legacy/RECOVERED_SEAGATE_W2A0W9T2_DATA0/RAW/2012/SABL/SABL083aB.T02,.t02,464311,ok,
/srv/gnss-archive/legacy/RECOVERED_SEAGATE_W2A0W9T2_DATA0/RAW/2012/SABL/SABL028aB.T02,.t02,456977,ok,
/srv/gnss-archive/legacy/RECOVERED_SEAGATE_W2A0W9T2_DATA0/RAW/2012/SABL/SABL084aB.T02,.t02,465399,ok,
/srv/gnss-archive/legacy/RECOVERED_SEAGATE_W2A0W9T2_DATA0/RAW/2012/SABL/SABL029aB.T02,.t02,457636,ok,
/srv/gnss-archive/legacy/RECOVERED_SEAGATE_W2A0W9T2_DATA0/RAW/2012/SABL/SABL085aB.T02,.t02,462388,ok,
/srv/gnss-archive/legacy/RECOVERED_SEAGATE_W2A0W9T2_DATA0/RAW/2012/SABL/SABL030aB.T02,.t02,459139,ok,
/srv/gnss-archive/legacy/RECOVERED_SEAGATE_W2A0W9T2_DATA0/RAW/2012/SABL/SABL086aB.T02,.t02,464436,ok,
/srv/gnss-archive/legacy/RECOVERED_SEAGATE_W2A0W9T2_DATA0/RAW/2012/SABL/SABL031aB.T02,.t02,456436,ok,
/srv/gnss-archive/legacy/RECOVERED_SEAGATE_W2A0W9T2_DATA0/RAW/2012/SABL/SABL087aB.T02,.t02,463617,ok,
/srv/gnss-archive/legacy/RECOVERED_SEAGATE_W2A0W9T2_DATA0/RAW/2012/SABL/SABL032aB.T02,.t02,457609,ok,
/srv/gnss-archive/legacy/RECOVERED_SEAGATE_W2A0W9T2_DATA0/RAW/2012/SABL/SABL088aB.T02,.t02,460929,ok,
/srv/gnss-archive/legacy/RECOVERED_SEAGATE_W2A0W9T2_DATA0/RAW/2012/SABL/SABL033aB.T02,.t02,457929,ok,
/srv/gnss-archive/legacy/RECOVERED_SEAGATE_W2A0W9T2_DATA0/RAW/2012/SABL/SABL089aB.T02,.t02,466254,ok,
/srv/gnss-archive/legacy/RECOVERED_SEAGATE_W2A0W9T2_DATA0/RAW/2012/SABL/SABL034aB.T02,.t02,458422,ok,
/srv/gnss-archive/legacy/RECOVERED_SEAGATE_W2A0W9T2_DATA0/RAW/2012/SABL/SABL090aB.T02,.t02,466778,ok,
/srv/gnss-archive/legacy/RECOVERED_SEAGATE_W2A0W9T2_DATA0/RAW/2012/SABL/SABL035aB.T02,.t02,457296,ok,
/srv/gnss-archive/legacy/RECOVERED_SEAGATE_W2A0W9T2_DATA0/RAW/2012/SABL/SABL091aB.T02,.t02,465297,ok,
/srv/gnss-archive/legacy/RECOVERED_SEAGATE_W2A0W9T2_DATA0/RAW/2012/SABL/SABL036aB.T02,.t02,458456,ok,
/srv/gnss-archive/legacy/RECOVERED_SEAGATE_W2A0W9T2_DATA0/RAW/2012/SABL/SABL092aB.T02,.t02,460901,ok,
/srv/gnss-archive/legacy/RECOVERED_SEAGATE_W2A0W9T2_DATA0/RAW/2012/SABL/SABL037aB.T02,.t02,459218,ok,
/srv/gnss-archive/legacy/RECOVERED_SEAGATE_W2A0W9T2_DATA0/RAW/2012/SABL/SABL093aB.T02,.t02,461211,ok,
/srv/gnss-archive/legacy/RECOVERED_SEAGATE_W2A0W9T2_DATA0/RAW/2012/SABL/SABL038aB.T02,.t02,451832,ok,
/srv/gnss-archive/legacy/RECOVERED_SEAGATE_W2A0W9T2_DATA0/RAW/2012/SABL/SABL094aB.T02,.t02,460782,ok,
/srv/gnss-archive/legacy/RECOVERED_SEAGATE_W2A0W9T2_DATA0/RAW/2012/SABL/SABL039aB.T02,.t02,457623,ok,
/srv/gnss-archive/legacy/RECOVERED_SEAGATE_W2A0W9T2_DATA0/RAW/2012/SABL/SABL095aB.T02,.t02,466464,ok,
/srv/gnss-archive/legacy/RECOVERED_SEAGATE_W2A0W9T2_DATA0/RAW/2012/SABL/SABL040aB.T02,.t02,458525,ok,
/srv/gnss-archive/legacy/RECOVERED_SEAGATE_W2A0W9T2_DATA0/RAW/2012/SABL/SABL096aB.T02,.t02,459738,ok,
/srv/gnss-archive/legacy/RECOVERED_SEAGATE_W2A0W9T2_DATA0/RAW/2012/SABL/SABL041aB.T02,.t02,434107,ok,
/srv/gnss-archive/legacy/RECOVERED_SEAGATE_W2A0W9T2_DATA0/RAW/2012/SABL/SABL097aB.T02,.t02,466693,ok,
/srv/gnss-archive/legacy/RECOVERED_SEAGATE_W2A0W9T2_DATA0/RAW/2012/SABL/SABL042aB.T02,.t02,446654,ok,
/srv/gnss-archive/legacy/RECOVERED_SEAGATE_W2A0W9T2_DATA0/RAW/2012/SABL/SABL098aB.T02,.t02,469907,ok,
/srv/gnss-archive/legacy/RECOVERED_SEAGATE_W2A0W9T2_DATA0/RAW/2012/SABL/SABL043aB.T02,.t02,445510,ok,
/srv/gnss-archive/legacy/RECOVERED_SEAGATE_W2A0W9T2_DATA0/RAW/2012/SABL/SABL099aB.T02,.t02,460417,ok,
/srv/gnss-archive/legacy/RECOVERED_SEAGATE_W2A0W9T2_DATA0/RAW/2012/SABL/SABL044aB.T02,.t02,446482,ok,
/srv/gnss-archive/legacy/RECOVERED_SEAGATE_W2A0W9T2_DATA0/RAW/2012/SABL/SABL100aB.T02,.t02,465962,ok,
/srv/gnss-archive/legacy/RECOVERED_SEAGATE_W2A0W9T2_DATA0/RAW/2012/SABL/SABL045aB.T02,.t02,445624,ok,
/srv/gnss-archive/legacy/RECOVERED_SEAGATE_W2A0W9T2_DATA0/RAW/2012/SABL/SABL101aB.T02,.t02,463739,ok,
/srv/gnss-archive/legacy/RECOVERED_SEAGATE_W2A0W9T2_DATA0/RAW/2012/SABL/SABL046aB.T02,.t02,447926,ok,
/srv/gnss-archive/legacy/RECOVERED_SEAGATE_W2A0W9T2_DATA0/RAW/2012/SABL/SABL102aB.T02,.t02,464085,ok,
/srv/gnss-archive/legacy/RECOVERED_SEAGATE_W2A0W9T2_DATA0/RAW/2012/SABL/SABL047aB.T02,.t02,446399,ok,
/srv/gnss-archive/legacy/RECOVERED_SEAGATE_W2A0W9T2_DATA0/RAW/2012/SABL/SABL103aB.T02,.t02,463128,ok,
/srv/gnss-archive/legacy/RECOVERED_SEAGATE_W2A0W9T2_DATA0/RAW/2012/SABL/SABL048aB.T02,.t02,446473,ok,
/srv/gnss-archive/legacy/RECOVERED_SEAGATE_W2A0W9T2_DATA0/RAW/2012/SABL/SABL104aB.T02,.t02,460196,ok,
/srv/gnss-archive/legacy/RECOVERED_SEAGATE_W2A0W9T2_DATA0/RAW/2012/SABL/SABL049aB.T02,.t02,447242,ok,
/srv/gnss-archive/legacy/RECOVERED_SEAGATE_W2A0W9T2_DATA0/RAW/2012/SABL/SABL056aB.T02,.t02,458372,ok,
/srv/gnss-archive/legacy/RECOVERED_SEAGATE_W2A0W9T2_DATA0/RAW/2012/SABL/SABL105aB.T02,.t02,459828,ok,
/srv/gnss-archive/legacy/RECOVERED_SEAGATE_W2A0W9T2_DATA0/RAW/2012/SABL/SABL057aB.T02,.t02,458965,ok,
/srv/gnss-archive/legacy/RECOVERED_SEAGATE_W2A0W9T2_DATA0/RAW/2012/SABL/SABL106aB.T02,.t02,459772,ok,
/srv/gnss-archive/legacy/RECOVERED_SEAGATE_W2A0W9T2_DATA0/RAW/2012/SABL/SABL058aB.T02,.t02,459112,ok,
/srv/gnss-archive/legacy/RECOVERED_SEAGATE_W2A0W9T2_DATA0/RAW/2012/SABL/SABL107aB.T02,.t02,460036,ok,
/srv/gnss-archive/legacy/RECOVERED_SEAGATE_W2A0W9T2_DATA0/RAW/2012/SABL/SABL059aB.T02,.t02,448163,ok,
/srv/gnss-archive/legacy/RECOVERED_SEAGATE_W2A0W9T2_DATA0/RAW/2012/SABL/SABL108aB.T02,.t02,463463,ok,
/srv/gnss-archive/legacy/RECOVERED_SEAGATE_W2A0W9T2_DATA0/RAW/2012/SABL/SABL060aB.T02,.t02,457772,ok,
/srv/gnss-archive/legacy/RECOVERED_SEAGATE_W2A0W9T2_DATA0/RAW/2012/SABL/SABL109aB.T02,.t02,459564,ok,
/srv/gnss-archive/legacy/RECOVERED_SEAGATE_W2A0W9T2_DATA0/RAW/2012/SABL/SABL061aB.T02,.t02,450943,ok,
/srv/gnss-archive/legacy/RECOVERED_SEAGATE_W2A0W9T2_DATA0/RAW/2012/SABL/SABL110aB.T02,.t02,466361,ok,
/srv/gnss-archive/legacy/RECOVERED_SEAGATE_W2A0W9T2_DATA0/RAW/2012/SABL/SABL111aB.T02,.t02,465625,ok,
/srv/gnss-archive/legacy/RECOVERED_SEAGATE_W2A0W9T2_DATA0/RAW/2012/SABL/SABL112aB.T02,.t02,470051,ok,
/srv/gnss-archive/legacy/RECOVERED_SEAGATE_W2A0W9T2_DATA0/RAW/2012/SABL/SABL113aB.T02,.t02,460267,ok,
/srv/gnss-archive/legacy/RECOVERED_SEAGATE_W2A0W9T2_DATA0/RAW/2012/SABL/SABL114aB.T02,.t02,136448,ok,
/srv/gnss-archive/legacy/RECOVERED_SEAGATE_W2A0W9T2_DATA0/RAW/2012/SABL/SABL115aB.T02,.t02,459934,ok,
/srv/gnss-archive/legacy/RECOVERED_SEAGATE_W2A0W9T2_DATA0/RAW/2012/SABL/SABL116aB.T02,.t02,460106,ok,
/srv/gnss-archive/legacy/RECOVERED_SEAGATE_W2A0W9T2_DATA0/RAW/2012/SABL/SABL117aB.T02,.t02,462113,ok,
/srv/gnss-archive/legacy/RECOVERED_SEAGATE_W2A0W9T2_DATA0/RAW/2012/SABL/SABL118aB.T02,.t02,451832,ok,
/srv/gnss-archive/legacy/RECOVERED_SEAGATE_W2A0W9T2_DATA0/RAW/2012/SABL/SABL119aB.T02,.t02,462467,ok,
/srv/gnss-archive/legacy/RECOVERED_SEAGATE_W2A0W9T2_DATA0/RAW/2012/SABL/SABL120aB.T02,.t02,460600,ok,
/srv/gnss-archive/legacy/RECOVERED_SEAGATE_W2A0W9T2_DATA0/RAW/2012/SABL/SABL121aB.T02,.t02,460722,ok,
/srv/gnss-archive/legacy/RECOVERED_SEAGATE_W2A0W9T2_DATA0/RAW/2012/SABL/SABL122aB.T02,.t02,460847,ok,
/srv/gnss-archive/legacy/RECOVERED_SEAGATE_W2A0W9T2_DATA0/RAW/2012/SABL/SABL123aB.T02,.t02,465943,ok,
/srv/gnss-archive/legacy/RECOVERED_SEAGATE_W2A0W9T2_DATA0/RAW/2012/SABL/SABL124aB.T02,.t02,461465,ok,
/srv/gnss-archive/legacy/RECOVERED_SEAGATE_W2A0W9T2_DATA0/RAW/2012/SABL/SABL125aB.T02,.t02,459832,ok,
/srv/gnss-archive/legacy/RECOVERED_SEAGATE_W2A0W9T2_DATA0/RAW/2012/SABL/SABL126aB.T02,.t02,457998,ok,
/srv/gnss-archive/legacy/RECOVERED_SEAGATE_W2A0W9T2_DATA0/RAW/2012/SABL/SABL127aB.T02,.t02,459874,ok,
/srv/gnss-archive/legacy/RECOVERED_SEAGATE_W2A0W9T2_DATA0/RAW/2012/SABL/SABL128aB.T02,.t02,458611,ok,
/srv/gnss-archive/legacy/RECOVERED_SEAGATE_W2A0W9T2_DATA0/RAW/2012/SABL/SABL129aB.T02,.t02,459054,ok,
/srv/gnss-archive/legacy/RECOVERED_SEAGATE_W2A0W9T2_DATA0/RAW/2012/SABL/SABL130aB.T02,.t02,460939,ok,
/srv/gnss-archive/legacy/RECOVERED_SEAGATE_W2A0W9T2_DATA0/RAW/2012/SABL/SABL131aB.T02,.t02,460713,ok,
/srv/gnss-archive/legacy/RECOVERED_SEAGATE_W2A0W9T2_DATA0/RAW/2012/SABL/SABL132aB.T02,.t02,460749,ok,
/srv/gnss-archive/legacy/RECOVERED_SEAGATE_W2A0W9T2_DATA0/RAW/2012/SABL/SABL133aB.T02,.t02,459740,ok,
/srv/gnss-archive/legacy/RECOVERED_SEAGATE_W2A0W9T2_DATA0/RAW/2012/SABL/SABL134aB.T02,.t02,459035,ok,
/srv/gnss-archive/legacy/RECOVERED_SEAGATE_W2A0W9T2_DATA0/RAW/2012/SABL/SABL135aB.T02,.t02,460607,ok,
/srv/gnss-archive/legacy/RECOVERED_SEAGATE_W2A0W9T2_DATA0/RAW/2012/SABL/SABL136aB.T02,.t02,459256,ok,
/srv/gnss-archive/legacy/RECOVERED_SEAGATE_W2A0W9T2_DATA0/RAW/2012/SABL/SABL137aB.T02,.t02,459202,ok,
/srv/gnss-archive/legacy/RECOVERED_SEAGATE_W2A0W9T2_DATA0/RAW/2012/SABL/SABL138aB.T02,.t02,458236,ok,
/srv/gnss-archive/legacy/RECOVERED_SEAGATE_W2A0W9T2_DATA0/RAW/2012/SABL/SABL139aB.T02,.t02,458454,ok,
/srv/gnss-archive/legacy/RECOVERED_SEAGATE_W2A0W9T2_DATA0/RAW/2012/SABL/SABL140aB.T02,.t02,445270,ok,
/srv/gnss-archive/legacy/RECOVERED_SEAGATE_W2A0W9T2_DATA0/RAW/2012/SABL/SABL141aB.T02,.t02,443204,ok,
/srv/gnss-archive/legacy/RECOVERED_SEAGATE_W2A0W9T2_DATA0/RAW/2012/SABL/SABL142aB.T02,.t02,442657,ok,
/srv/gnss-archive/legacy/RECOVERED_SEAGATE_W2A0W9T2_DATA0/RAW/2012/SABL/SABL143aB.T02,.t02,443052,ok,
/srv/gnss-archive/legacy/RECOVERED_SEAGATE_W2A0W9T2_DATA0/RAW/2012/SABL/SABL144aB.T02,.t02,443301,ok,
/srv/gnss-archive/legacy/RECOVERED_SEAGATE_W2A0W9T2_DATA0/RAW/2012/SABL/SABL145aB.T02,.t02,444211,ok,
/srv/gnss-archive/legacy/RECOVERED_SEAGATE_W2A0W9T2_DATA0/RAW/2012/SABL/SABL146aB.T02,.t02,457469,ok,
/srv/gnss-archive/legacy/RECOVERED_SEAGATE_W2A0W9T2_DATA0/RAW/2012/SABL/SABL147aB.T02,.t02,458931,ok,
/srv/gnss-archive/legacy/RECOVERED_SEAGATE_W2A0W9T2_DATA0/RAW/2012/SABL/SABL148aB.T02,.t02,458232,ok,
/srv/gnss-archive/legacy/RECOVERED_SEAGATE_W2A0W9T2_DATA0/RAW/2012/SABL/SABL149aB.T02,.t02,458533,ok,
/srv/gnss-archive/legacy/RECOVERED_SEAGATE_W2A0W9T2_DATA0/RAW/2012/SABL/SABL150aB.T02,.t02,458059,ok,
/srv/gnss-archive/legacy/RECOVERED_SEAGATE_W2A0W9T2_DATA0/RAW/2012/SABL/SABL151aB.T02,.t02,457634,ok,
/srv/gnss-archive/legacy/RECOVERED_SEAGATE_W2A0W9T2_DATA0/RAW/2012/SABL/SABL152aB.T02,.t02,457828,ok,
/srv/gnss-archive/legacy/RECOVERED_SEAGATE_W2A0W9T2_DATA0/RAW/2012/SABL/SABL153aB.T02,.t02,458017,ok,
/srv/gnss-archive/legacy/RECOVERED_SEAGATE_W2A0W9T2_DATA0/RAW/2012/SABL/SABL154aB.T02,.t02,457089,ok,
/srv/gnss-archive/legacy/RECOVERED_SEAGATE_W2A0W9T2_DATA0/RAW/2012/SABL/SABL155aB.T02,.t02,458941,ok,
/srv/gnss-archive/legacy/RECOVERED_SEAGATE_W2A0W9T2_DATA0/RAW/2012/SABL/SABL156aB.T02,.t02,457305,ok,
/srv/gnss-archive/legacy/RECOVERED_SEAGATE_W2A0W9T2_DATA0/RAW/2012/SABL/SABL157aB.T02,.t02,458892,ok,
/srv/gnss-archive/legacy/RECOVERED_SEAGATE_W2A0W9T2_DATA0/RAW/2012/SABL/SABL158aB.T02,.t02,457971,ok,
/srv/gnss-archive/legacy/RECOVERED_SEAGATE_W2A0W9T2_DATA0/RAW/2012/SABL/SABL159aB.T02,.t02,458434,ok,
/srv/gnss-archive/legacy/RECOVERED_SEAGATE_W2A0W9T2_DATA0/RAW/2012/SABL/SABL160aB.T02,.t02,457362,ok,
/srv/gnss-archive/legacy/RECOVERED_SEAGATE_W2A0W9T2_DATA0/RAW/2012/SABL/SABL161aB.T02,.t02,458112,ok,
/srv/gnss-archive/legacy/RECOVERED_SEAGATE_W2A0W9T2_DATA0/RAW/2012/SABL/SABL162aB.T02,.t02,459192,ok,
/srv/gnss-archive/legacy/RECOVERED_SEAGATE_W2A0W9T2_DATA0/RAW/2012/SABL/SABL163aB.T02,.t02,458585,ok,
/srv/gnss-archive/legacy/RECOVERED_SEAGATE_W2A0W9T2_DATA0/RAW/2012/SABL/SABL164aB.T02,.t02,459418,ok,
/srv/gnss-archive/legacy/RECOVERED_SEAGATE_W2A0W9T2_DATA0/RAW/2012/SABL/SABL165aB.T02,.t02,458822,ok,
/srv/gnss-archive/legacy/RECOVERED_SEAGATE_W2A0W9T2_DATA0/RAW/2012/SABL/SABL166aB.T02,.t02,458032,ok,
/srv/gnss-archive/legacy/RECOVERED_SEAGATE_W2A0W9T2_DATA0/RAW/2012/SABL/SABL167aB.T02,.t02,458665,ok,
/srv/gnss-archive/legacy/RECOVERED_SEAGATE_W2A0W9T2_DATA0/RAW/2012/SABL/SABL168aB.T02,.t02,457237,ok,
/srv/gnss-archive/legacy/RECOVERED_SEAGATE_W2A0W9T2_DATA0/RAW/2012/SABL/SABL169aB.T02,.t02,461166,ok,
/srv/gnss-archive/legacy/RECOVERED_SEAGATE_W2A0W9T2_DATA0/RAW/2012/SABL/SABL170aB.T02,.t02,457945,ok,
/srv/gnss-archive/legacy/RECOVERED_SEAGATE_W2A0W9T2_DATA0/RAW/2012/SABL/SABL171aB.T02,.t02,455990,ok,
/srv/gnss-archive/legacy/RECOVERED_SEAGATE_W2A0W9T2_DATA0/RAW/2012/SABL/SABL172aB.T02,.t02,456348,ok,
/srv/gnss-archive/legacy/RECOVERED_SEAGATE_W2A0W9T2_DATA0/RAW/2012/SABL/SABL173aB.T02,.t02,457919,ok,
/srv/gnss-archive/legacy/RECOVERED_SEAGATE_W2A0W9T2_DATA0/RAW/2012/SABL/SABL174aB.T02,.t02,457646,ok,
/srv/gnss-archive/legacy/RECOVERED_SEAGATE_W2A0W9T2_DATA0/RAW/2012/SABL/SABL175aB.T02,.t02,456463,ok,
/srv/gnss-archive/legacy/RECOVERED_SEAGATE_W2A0W9T2_DATA0/RAW/2012/SABL/SABL176aB.T02,.t02,456484,ok,
/srv/gnss-archive/legacy/RECOVERED_SEAGATE_W2A0W9T2_DATA0/RAW/2012/SABL/SABL177aB.T02,.t02,456530,ok,
/srv/gnss-archive/legacy/RECOVERED_SEAGATE_W2A0W9T2_DATA0/RAW/2012/SABL/SABL178aB.T02,.t02,457221,ok,
/srv/gnss-archive/legacy/RECOVERED_SEAGATE_W2A0W9T2_DATA0/RAW/2012/SABL/SABL179aB.T02,.t02,457952,ok,
/srv/gnss-archive/legacy/RECOVERED_SEAGATE_W2A0W9T2_DATA0/RAW/2012/SABL/SABL180aB.T02,.t02,456561,ok,
/srv/gnss-archive/legacy/RECOVERED_SEAGATE_W2A0W9T2_DATA0/RAW/2012/SABL/SABL181aB.T02,.t02,456444,ok,
/srv/gnss-archive/legacy/RECOVERED_SEAGATE_W2A0W9T2_DATA0/RAW/2012/SABL/SABL182aB.T02,.t02,457356,ok,
/srv/gnss-archive/legacy/RECOVERED_SEAGATE_W2A0W9T2_DATA0/RAW/2012/SABL/SABL183aB.T02,.t02,456221,ok,
/srv/gnss-archive/legacy/RECOVERED_SEAGATE_W2A0W9T2_DATA0/RAW/2012/SABL/SABL184aB.T02,.t02,457147,ok,
/srv/gnss-archive/legacy/RECOVERED_SEAGATE_W2A0W9T2_DATA0/RAW/2012/SABL/SABL185aB.T02,.t02,456919,ok,
/srv/gnss-archive/legacy/RECOVERED_SEAGATE_W2A0W9T2_DATA0/RAW/2012/SABL/SABL186aB.T02,.t02,457276,ok,
/srv/gnss-archive/legacy/RECOVERED_SEAGATE_W2A0W9T2_DATA0/RAW/2012/SABL/SABL187aB.T02,.t02,458099,ok,
/srv/gnss-archive/legacy/RECOVERED_SEAGATE_W2A0W9T2_DATA0/RAW/2012/SABL/SABL188aB.T02,.t02,457882,ok,
/srv/gnss-archive/legacy/RECOVERED_SEAGATE_W2A0W9T2_DATA0/RAW/2012/SABL/SABL189aB.T02,.t02,456815,ok,
/srv/gnss-archive/legacy/RECOVERED_SEAGATE_W2A0W9T2_DATA0/RAW/2012/SABL/SABL190aB.T02,.t02,457341,ok,
/srv/gnss-archive/legacy/RECOVERED_SEAGATE_W2A0W9T2_DATA0/RAW/2012/SABL/SABL191aB.T02,.t02,458914,ok,
/srv/gnss-archive/legacy/RECOVERED_SEAGATE_W2A0W9T2_DATA0/RAW/2012/SABL/SABL192aB.T02,.t02,456858,ok,
/srv/gnss-archive/legacy/RECOVERED_SEAGATE_W2A0W9T2_DATA0/RAW/2012/SABL/SABL193aB.T02,.t02,457051,ok,
/srv/gnss-archive/legacy/RECOVERED_SEAGATE_W2A0W9T2_DATA0/RAW/2012/SABL/SABL194aB.T02,.t02,456913,ok,
/srv/gnss-archive/legacy/RECOVERED_SEAGATE_W2A0W9T2_DATA0/RAW/2012/SABL/SABL195aB.T02,.t02,458422,ok,
/srv/gnss-archive/legacy/RECOVERED_SEAGATE_W2A0W9T2_DATA0/RAW/2012/SABL/SABL196aB.T02,.t02,456886,ok,
/srv/gnss-archive/legacy/RECOVERED_SEAGATE_W2A0W9T2_DATA0/RAW/2012/SABL/SABL197aB.T02,.t02,455507,ok,
/srv/gnss-archive/legacy/RECOVERED_SEAGATE_W2A0W9T2_DATA0/RAW/2012/SABL/SABL198aB.T02,.t02,455925,ok,
/srv/gnss-archive/legacy/RECOVERED_SEAGATE_W2A0W9T2_DATA0/RAW/2012/SABL/SABL199aB.T02,.t02,455981,ok,
/srv/gnss-archive/legacy/RECOVERED_SEAGATE_W2A0W9T2_DATA0/RAW/2012/SABL/SABL200aB.T02,.t02,455276,ok,
/srv/gnss-archive/legacy/RECOVERED_SEAGATE_W2A0W9T2_DATA0/RAW/2012/SABL/SABL201aB.T02,.t02,456698,ok,
/srv/gnss-archive/legacy/RECOVERED_SEAGATE_W2A0W9T2_DATA0/RAW/2012/SABL/SABL202aB.T02,.t02,456114,ok,
/srv/gnss-archive/legacy/RECOVERED_SEAGATE_W2A0W9T2_DATA0/RAW/2012/SABL/SABL203aB.T02,.t02,454930,ok,
/srv/gnss-archive/legacy/RECOVERED_SEAGATE_W2A0W9T2_DATA0/RAW/2012/SABL/SABL204aB.T02,.t02,455436,ok,
/srv/gnss-archive/legacy/RECOVERED_SEAGATE_W2A0W9T2_DATA0/RAW/2012/SABL/SABL205aB.T02,.t02,456694,ok,
/srv/gnss-archive/legacy/RECOVERED_SEAGATE_W2A0W9T2_DATA0/RAW/2012/SABL/SABL206aB.T02,.t02,455537,ok,
/srv/gnss-archive/legacy/RECOVERED_SEAGATE_W2A0W9T2_DATA0/RAW/2012/SABL/SABL207aB.T02,.t02,456500,ok,
/srv/gnss-archive/legacy/RECOVERED_SEAGATE_W2A0W9T2_DATA0/RAW/2012/SABL/SABL208aB.T02,.t02,455921,ok,
/srv/gnss-archive/legacy/RECOVERED_SEAGATE_W2A0W9T2_DATA0/RAW/2012/SABL/SABL209aB.T02,.t02,456526,ok,
/srv/gnss-archive/legacy/RECOVERED_SEAGATE_W2A0W9T2_DATA0/RAW/2012/SABL/SABL210aB.T02,.t02,455348,ok,
/srv/gnss-archive/legacy/RECOVERED_SEAGATE_W2A0W9T2_DATA0/RAW/2012/SABL/SABL211aB.T02,.t02,457190,ok,
/srv/gnss-archive/legacy/RECOVERED_SEAGATE_W2A0W9T2_DATA0/RAW/2012/SABL/SABL212aB.T02,.t02,457263,ok,
/srv/gnss-archive/legacy/RECOVERED_SEAGATE_W2A0W9T2_DATA0/RAW/2012/SABL/SABL213aB.T02,.t02,458420,ok,
/srv/gnss-archive/legacy/RECOVERED_SEAGATE_W2A0W9T2_DATA0/RAW/2012/SABL/SABL214aB.T02,.t02,457955,ok,
/srv/gnss-archive/legacy/RECOVERED_SEAGATE_W2A0W9T2_DATA0/RAW/2012/SABL/SABL215aB.T02,.t02,456832,ok,
/srv/gnss-archive/legacy/RECOVERED_SEAGATE_W2A0W9T2_DATA0/RAW/2012/SABL/SABL216aB.T02,.t02,457367,ok,
/srv/gnss-archive/legacy/RECOVERED_SEAGATE_W2A0W9T2_DATA0/RAW/2012/SABL/SABL217aB.T02,.t02,457225,ok,
/srv/gnss-archive/legacy/RECOVERED_SEAGATE_W2A0W9T2_DATA0/RAW/2012/SABL/SABL218aB.T02,.t02,458525,ok,
/srv/gnss-archive/legacy/RECOVERED_SEAGATE_W2A0W9T2_DATA0/RAW/2012/SABL/SABL219aB.T02,.t02,459223,ok,
/srv/gnss-archive/legacy/RECOVERED_SEAGATE_W2A0W9T2_DATA0/RAW/2012/SABL/SABL220aB.T02,.t02,458230,ok,
/srv/gnss-archive/legacy/RECOVERED_SEAGATE_W2A0W9T2_DATA0/RAW/2012/SABL/SABL221aB.T02,.t02,454542,ok,
/srv/gnss-archive/legacy/RECOVERED_SEAGATE_W2A0W9T2_DATA0/RAW/2012/SABL/SABL222aB.T02,.t02,456441,ok,
/srv/gnss-archive/legacy/RECOVERED_SEAGATE_W2A0W9T2_DATA0/RAW/2012/SABL/SABL223aB.T02,.t02,458401,ok,
/srv/gnss-archive/legacy/RECOVERED_SEAGATE_W2A0W9T2_DATA0/RAW/2012/SABL/SABL224aB.T02,.t02,457672,ok,
/srv/gnss-archive/legacy/RECOVERED_SEAGATE_W2A0W9T2_DATA0/RAW/2012/SABL/SABL225aB.T02,.t02,456665,ok,
/srv/gnss-archive/legacy/RECOVERED_SEAGATE_W2A0W9T2_DATA0/RAW/2012/SABL/SABL226aB.T02,.t02,455953,ok,
/srv/gnss-archive/legacy/RECOVERED_SEAGATE_W2A0W9T2_DATA0/RAW/2012/SABL/SABL227aB.T02,.t02,456465,ok,
/srv/gnss-archive/legacy/RECOVERED_SEAGATE_W2A0W9T2_DATA0/RAW/2012/SABL/SABL228aB.T02,.t02,455875,ok,
/srv/gnss-archive/legacy/RECOVERED_SEAGATE_W2A0W9T2_DATA0/RAW/2012/SABL/SABL229aB.T02,.t02,456094,ok,
/srv/gnss-archive/legacy/RECOVERED_SEAGATE_W2A0W9T2_DATA0/RAW/2012/SABL/SABL230aB.T02,.t02,455523,ok,
/srv/gnss-archive/legacy/RECOVERED_SEAGATE_W2A0W9T2_DATA0/RAW/2012/SABL/SABL231aB.T02,.t02,455131,ok,
/srv/gnss-archive/legacy/RECOVERED_SEAGATE_W2A0W9T2_DATA0/RAW/2012/SABL/SABL232aB.T02,.t02,457811,ok,
/srv/gnss-archive/legacy/RECOVERED_SEAGATE_W2A0W9T2_DATA0/RAW/2012/SABL/SABL233aB.T02,.t02,455973,ok,
/srv/gnss-archive/legacy/RECOVERED_SEAGATE_W2A0W9T2_DATA0/RAW/2012/SABL/SABL234aB.T02,.t02,456032,ok,
/srv/gnss-archive/legacy/RECOVERED_SEAGATE_W2A0W9T2_DATA0/RAW/2012/SABL/SABL235aB.T02,.t02,456729,ok,
/srv/gnss-archive/legacy/RECOVERED_SEAGATE_W2A0W9T2_DATA0/RAW/2012/SABL/SABL236aB.T02,.t02,456356,ok,
/srv/gnss-archive/legacy/RECOVERED_SEAGATE_W2A0W9T2_DATA0/RAW/2012/SABL/SABL237aB.T02,.t02,456460,ok,
/srv/gnss-archive/legacy/RECOVERED_SEAGATE_W2A0W9T2_DATA0/RAW/2012/SABL/SABL238aB.T02,.t02,456831,ok,
/srv/gnss-archive/legacy/RECOVERED_SEAGATE_W2A0W9T2_DATA0/RAW/2012/SABL/SABL239aB.T02,.t02,460086,ok,
/srv/gnss-archive/legacy/RECOVERED_SEAGATE_W2A0W9T2_DATA0/RAW/2012/SABL/SABL240aB.T02,.t02,455916,ok,
/srv/gnss-archive/legacy/RECOVERED_SEAGATE_W2A0W9T2_DATA0/RAW/2012/SABL/SABL241aB.T02,.t02,458043,ok,
/srv/gnss-archive/legacy/RECOVERED_SEAGATE_W2A0W9T2_DATA0/RAW/2012/SABL/SABL242aB.T02,.t02,458243,ok,
/srv/gnss-archive/legacy/RECOVERED_SEAGATE_W2A0W9T2_DATA0/RAW/2012/SABL/SABL243aB.T02,.t02,458718,ok,
/srv/gnss-archive/legacy/RECOVERED_SEAGATE_W2A0W9T2_DATA0/RAW/2012/SABL/SABL244aB.T02,.t02,460586,ok,
/srv/gnss-archive/legacy/RECOVERED_SEAGATE_W2A0W9T2_DATA0/RAW/2012/SABL/SABL245aB.T02,.t02,459233,ok,
/srv/gnss-archive/legacy/RECOVERED_SEAGATE_W2A0W9T2_DATA0/RAW/2012/SABL/SABL246aB.T02,.t02,465656,ok,
/srv/gnss-archive/legacy/RECOVERED_SEAGATE_W2A0W9T2_DATA0/RAW/2012/SABL/SABL247aB.T02,.t02,457093,ok,
/srv/gnss-archive/legacy/RECOVERED_SEAGATE_W2A0W9T2_DATA0/RAW/2012/SABL/SABL248aB.T02,.t02,457079,ok,
/srv/gnss-archive/legacy/RECOVERED_SEAGATE_W2A0W9T2_DATA0/RAW/2012/SABL/SABL249aB.T02,.t02,456300,ok,
/srv/gnss-archive/legacy/RECOVERED_SEAGATE_W2A0W9T2_DATA0/RAW/2012/SABL/SABL250aB.T02,.t02,455526,ok,
/srv/gnss-archive/legacy/RECOVERED_SEAGATE_W2A0W9T2_DATA0/RAW/2012/SABL/SABL251aB.T02,.t02,456753,ok,
/srv/gnss-archive/legacy/RECOVERED_SEAGATE_W2A0W9T2_DATA0/RAW/2012/SABL/SABL252aB.T02,.t02,456372,ok,
/srv/gnss-archive/legacy/RECOVERED_SEAGATE_W2A0W9T2_DATA0/RAW/2012/SABL/SABL253aB.T02,.t02,457726,ok,
/srv/gnss-archive/legacy/RECOVERED_SEAGATE_W2A0W9T2_DATA0/RAW/2012/SABL/SABL254aB.T02,.t02,453979,ok,
/srv/gnss-archive/legacy/RECOVERED_SEAGATE_W2A0W9T2_DATA0/RAW/2012/SABL/SABL255aB.T02,.t02,441504,ok,
/srv/gnss-archive/legacy/RECOVERED_SEAGATE_W2A0W9T2_DATA0/RAW/2012/SABL/SABL256aB.T02,.t02,447304,ok,
/srv/gnss-archive/legacy/RECOVERED_SEAGATE_W2A0W9T2_DATA0/RAW/2012/SABL/SABL257aB.T02,.t02,444190,ok,
/srv/gnss-archive/legacy/RECOVERED_SEAGATE_W2A0W9T2_DATA0/RAW/2012/SABL/SABL258aB.T02,.t02,455119,ok,
/srv/gnss-archive/legacy/RECOVERED_SEAGATE_W2A0W9T2_DATA0/RAW/2012/SABL/SABL259aB.T02,.t02,457704,ok,
/srv/gnss-archive/legacy/RECOVERED_SEAGATE_W2A0W9T2_DATA0/RAW/2012/SABL/SABL260aB.T02,.t02,456315,ok,
/srv/gnss-archive/legacy/RECOVERED_SEAGATE_W2A0W9T2_DATA0/RAW/2012/SABL/SABL261aB.T02,.t02,462073,ok,
/srv/gnss-archive/legacy/RECOVERED_SEAGATE_W2A0W9T2_DATA0/RAW/2012/SABL/SABL262aB.T02,.t02,461247,ok,
/srv/gnss-archive/legacy/RECOVERED_SEAGATE_W2A0W9T2_DATA0/RAW/2012/SABL/SABL263aB.T02,.t02,457754,ok,
/srv/gnss-archive/legacy/RECOVERED_SEAGATE_W2A0W9T2_DATA0/RAW/2012/SABL/SABL264aB.T02,.t02,457701,ok,
/srv/gnss-archive/legacy/RECOVERED_SEAGATE_W2A0W9T2_DATA0/RAW/2012/SABL/SABL265aB.T02,.t02,464626,ok,
/srv/gnss-archive/legacy/RECOVERED_SEAGATE_W2A0W9T2_DATA0/RAW/2012/SABL/SABL266aB.T02,.t02,457081,ok,
/srv/gnss-archive/legacy/RECOVERED_SEAGATE_W2A0W9T2_DATA0/RAW/2012/SABL/SABL267aB.T02,.t02,465333,ok,
/srv/gnss-archive/legacy/RECOVERED_SEAGATE_W2A0W9T2_DATA0/RAW/2012/SABL/SABL268aB.T02,.t02,56448,ok,
/srv/gnss-archive/legacy/RECOVERED_SEAGATE_W2A0W9T2_DATA0/RAW/2012/SABL/SABL269aB.T02,.t02,468277,ok,
/srv/gnss-archive/legacy/RECOVERED_SEAGATE_W2A0W9T2_DATA0/RAW/2012/SABL/SABL270aB.T02,.t02,464550,ok,
/srv/gnss-archive/legacy/RECOVERED_SEAGATE_W2A0W9T2_DATA0/RAW/2012/SABL/SABL271aB.T02,.t02,457811,ok,
/srv/gnss-archive/legacy/RECOVERED_SEAGATE_W2A0W9T2_DATA0/RAW/2012/SABL/SABL272aB.T02,.t02,460074,ok,
/srv/gnss-archive/legacy/RECOVERED_SEAGATE_W2A0W9T2_DATA0/RAW/2012/SABL/SABL273aB.T02,.t02,465791,ok,
/srv/gnss-archive/legacy/RECOVERED_SEAGATE_W2A0W9T2_DATA0/RAW/2012/SABL/SABL274aB.T02,.t02,461796,ok,
/srv/gnss-archive/legacy/RECOVERED_SEAGATE_W2A0W9T2_DATA0/RAW/2012/SABL/SABL275aB.T02,.t02,456329,ok,
/srv/gnss-archive/legacy/RECOVERED_SEAGATE_W2A0W9T2_DATA0/RAW/2012/SABL/SABL276aB.T02,.t02,467307,ok,
/srv/gnss-archive/legacy/RECOVERED_SEAGATE_W2A0W9T2_DATA0/RAW/2012/SABL/SABL277aB.T02,.t02,460139,ok,
/srv/gnss-archive/legacy/RECOVERED_SEAGATE_W2A0W9T2_DATA0/RAW/2012/SABL/SABL278aB.T02,.t02,460255,ok,
/srv/gnss-archive/legacy/RECOVERED_SEAGATE_W2A0W9T2_DATA0/RAW/2012/SABL/SABL279aB.T02,.t02,457162,ok,
/srv/gnss-archive/legacy/RECOVERED_SEAGATE_W2A0W9T2_DATA0/RAW/2012/SABL/SABL280aB.T02,.t02,458394,ok,
/srv/gnss-archive/legacy/RECOVERED_SEAGATE_W2A0W9T2_DATA0/RAW/2012/SABL/SABL281aB.T02,.t02,447164,ok,
/srv/gnss-archive/legacy/RECOVERED_SEAGATE_W2A0W9T2_DATA0/RAW/2012/SABL/SABL282aB.T02,.t02,445516,ok,
/srv/gnss-archive/legacy/RECOVERED_SEAGATE_W2A0W9T2_DATA0/RAW/2012/SABL/SABL283aB.T02,.t02,444881,ok,
/srv/gnss-archive/legacy/RECOVERED_SEAGATE_W2A0W9T2_DATA0/RAW/2012/SABL/SABL284aB.T02,.t02,446098,ok,
/srv/gnss-archive/legacy/RECOVERED_SEAGATE_W2A0W9T2_DATA0/RAW/2012/SABL/SABL285aB.T02,.t02,447606,ok,
/srv/gnss-archive/legacy/RECOVERED_SEAGATE_W2A0W9T2_DATA0/RAW/2012/SABL/SABL286aB.T02,.t02,446863,ok,
/srv/gnss-archive/legacy/RECOVERED_SEAGATE_W2A0W9T2_DATA0/RAW/2012/SABL/SABL287aB.T02,.t02,444809,ok,
/srv/gnss-archive/legacy/RECOVERED_SEAGATE_W2A0W9T2_DATA0/RAW/2012/SABL/SABL288aB.T02,.t02,445573,ok,
/srv/gnss-archive/legacy/RECOVERED_SEAGATE_W2A0W9T2_DATA0/RAW/2012/SABL/SABL289aB.T02,.t02,444729,ok,
/srv/gnss-archive/legacy/RECOVERED_SEAGATE_W2A0W9T2_DATA0/RAW/2012/SABL/SABL290aB.T02,.t02,449983,ok,
/srv/gnss-archive/legacy/RECOVERED_SEAGATE_W2A0W9T2_DATA0/RAW/2012/SABL/SABL291aB.T02,.t02,446750,ok,
/srv/gnss-archive/legacy/RECOVERED_SEAGATE_W2A0W9T2_DATA0/RAW/2012/SABL/SABL292aB.T02,.t02,448907,ok,
/srv/gnss-archive/legacy/RECOVERED_SEAGATE_W2A0W9T2_DATA0/RAW/2012/SABL/SABL293aB.T02,.t02,449405,ok,
/srv/gnss-archive/legacy/RECOVERED_SEAGATE_W2A0W9T2_DATA0/RAW/2012/SABL/SABL294aB.T02,.t02,446105,ok,
/srv/gnss-archive/legacy/RECOVERED_SEAGATE_W2A0W9T2_DATA0/RAW/2012/SABL/SABL295aB.T02,.t02,446058,ok,
/srv/gnss-archive/legacy/RECOVERED_SEAGATE_W2A0W9T2_DATA0/RAW/2012/SABL/SABL296aB.T02,.t02,447775,ok,
/srv/gnss-archive/legacy/RECOVERED_SEAGATE_W2A0W9T2_DATA0/RAW/2012/SABL/SABL297aB.T02,.t02,446561,ok,
/srv/gnss-archive/legacy/RECOVERED_SEAGATE_W2A0W9T2_DATA0/RAW/2012/SABL/SABL298aB.T02,.t02,448553,ok,
/srv/gnss-archive/legacy/RECOVERED_SEAGATE_W2A0W9T2_DATA0/RAW/2012/SABL/SABL299aB.T02,.t02,448044,ok,
/srv/gnss-archive/legacy/RECOVERED_SEAGATE_W2A0W9T2_DATA0/RAW/2012/SABL/SABL300aB.T02,.t02,446791,ok,
/srv/gnss-archive/legacy/RECOVERED_SEAGATE_W2A0W9T2_DATA0/RAW/2012/SABL/SABL301aB.T02,.t02,444705,ok,
/srv/gnss-archive/legacy/RECOVERED_SEAGATE_W2A0W9T2_DATA0/RAW/2012/SABL/SABL302aB.T02,.t02,444872,ok,
/srv/gnss-archive/legacy/RECOVERED_SEAGATE_W2A0W9T2_DATA0/RAW/2012/SABL/SABL303aB.T02,.t02,445636,ok,
/srv/gnss-archive/legacy/RECOVERED_SEAGATE_W2A0W9T2_DATA0/RAW/2012/SABL/SABL304aB.T02,.t02,449426,ok,
/srv/gnss-archive/legacy/RECOVERED_SEAGATE_W2A0W9T2_DATA0/RAW/2012/SABL/SABL305aB.T02,.t02,449350,ok,
/srv/gnss-archive/legacy/RECOVERED_SEAGATE_W2A0W9T2_DATA0/RAW/2012/SABL/SABL306aB.T02,.t02,445100,ok,
/srv/gnss-archive/legacy/RECOVERED_SEAGATE_W2A0W9T2_DATA0/RAW/2012/SABL/SABL307aB.T02,.t02,445044,ok,
/srv/gnss-archive/legacy/RECOVERED_SEAGATE_W2A0W9T2_DATA0/RAW/2012/SABL/SABL308aB.T02,.t02,446753,ok,
/srv/gnss-archive/legacy/RECOVERED_SEAGATE_W2A0W9T2_DATA0/RAW/2012/SABL/SABL309aB.T02,.t02,443796,ok,
/srv/gnss-archive/legacy/RECOVERED_SEAGATE_W2A0W9T2_DATA0/RAW/2012/SABL/SABL310aB.T02,.t02,445196,ok,
/srv/gnss-archive/legacy/RECOVERED_SEAGATE_W2A0W9T2_DATA0/RAW/2012/SABL/SABL311aB.T02,.t02,445524,ok,
/srv/gnss-archive/legacy/RECOVERED_SEAGATE_W2A0W9T2_DATA0/RAW/2012/SABL/SABL312aB.T02,.t02,444076,ok,
/srv/gnss-archive/legacy/RECOVERED_SEAGATE_W2A0W9T2_DATA0/RAW/2012/SABL/SABL313aB.T02,.t02,445006,ok,
/srv/gnss-archive/legacy/RECOVERED_SEAGATE_W2A0W9T2_DATA0/RAW/2012/SABL/SABL314aB.T02,.t02,444878,ok,
/srv/gnss-archive/legacy/RECOVERED_SEAGATE_W2A0W9T2_DATA0/RAW/2012/SABL/SABL315aB.T02,.t02,444716,ok,
/srv/gnss-archive/legacy/RECOVERED_SEAGATE_W2A0W9T2_DATA0/RAW/2012/SABL/SABL316aB.T02,.t02,444553,ok,
/srv/gnss-archive/legacy/RECOVERED_SEAGATE_W2A0W9T2_DATA0/RAW/2012/SABL/SABL317aB.T02,.t02,443865,ok,
/srv/gnss-archive/legacy/RECOVERED_SEAGATE_W2A0W9T2_DATA0/RAW/2012/SABL/SABL318aB.T02,.t02,439631,ok,
/srv/gnss-archive/legacy/RECOVERED_SEAGATE_W2A0W9T2_DATA0/RAW/2012/SABL/SABL319aB.T02,.t02,456045,ok,
/srv/gnss-archive/legacy/RECOVERED_SEAGATE_W2A0W9T2_DATA0/RAW/2012/SABL/SABL320aB.T02,.t02,454846,ok,
/srv/gnss-archive/legacy/RECOVERED_SEAGATE_W2A0W9T2_DATA0/RAW/2012/SABL/SABL321aB.T02,.t02,455759,ok,
/srv/gnss-archive/legacy/RECOVERED_SEAGATE_W2A0W9T2_DATA0/RAW/2012/SABL/SABL322aB.T02,.t02,455111,ok,
/srv/gnss-archive/legacy/RECOVERED_SEAGATE_W2A0W9T2_DATA0/RAW/2012/SABL/SABL323aB.T02,.t02,455047,ok,
/srv/gnss-archive/legacy/RECOVERED_SEAGATE_W2A0W9T2_DATA0/RAW/2012/SABL/SABL324aB.T02,.t02,456559,ok,
/srv/gnss-archive/legacy/RECOVERED_SEAGATE_W2A0W9T2_DATA0/RAW/2012/SABL/SABL325aB.T02,.t02,456160,ok,
/srv/gnss-archive/legacy/RECOVERED_SEAGATE_W2A0W9T2_DATA0/RAW/2012/SABL/SABL326aB.T02,.t02,450954,ok,
/srv/gnss-archive/legacy/RECOVERED_SEAGATE_W2A0W9T2_DATA0/RAW/2012/SABL/SABL327aB.T02,.t02,456885,ok,
/srv/gnss-archive/legacy/RECOVERED_SEAGATE_W2A0W9T2_DATA0/RAW/2012/SABL/SABL328aB.T02,.t02,455698,ok,
/srv/gnss-archive/legacy/RECOVERED_SEAGATE_W2A0W9T2_DATA0/RAW/2012/SABL/SABL329aB.T02,.t02,456105,ok,
/srv/gnss-archive/legacy/RECOVERED_SEAGATE_W2A0W9T2_DATA0/RAW/2012/SABL/SABL330aB.T02,.t02,456276,ok,
/srv/gnss-archive/legacy/RECOVERED_SEAGATE_W2A0W9T2_DATA0/RAW/2012/SABL/SABL331aB.T02,.t02,456274,ok,
/srv/gnss-archive/legacy/RECOVERED_SEAGATE_W2A0W9T2_DATA0/RAW/2012/SABL/SABL332aB.T02,.t02,455110,ok,
/srv/gnss-archive/legacy/RECOVERED_SEAGATE_W2A0W9T2_DATA0/RAW/2012/SABL/SABL333aB.T02,.t02,455829,ok,
/srv/gnss-archive/legacy/RECOVERED_SEAGATE_W2A0W9T2_DATA0/RAW/2012/SABL/SABL334aB.T02,.t02,456446,ok,
/srv/gnss-archive/legacy/RECOVERED_SEAGATE_W2A0W9T2_DATA0/RAW/2012/SABL/SABL335aB.T02,.t02,456457,ok,
/srv/gnss-archive/legacy/RECOVERED_SEAGATE_W2A0W9T2_DATA0/RAW/2012/SABL/SABL336aB.T02,.t02,456603,ok,
/srv/gnss-archive/legacy/RECOVERED_SEAGATE_W2A0W9T2_DATA0/RAW/2012/SABL/SABL337aB.T02,.t02,454556,ok,
/srv/gnss-archive/legacy/RECOVERED_SEAGATE_W2A0W9T2_DATA0/RAW/2012/SABL/SABL338aB.T02,.t02,455486,ok,
/srv/gnss-archive/legacy/RECOVERED_SEAGATE_W2A0W9T2_DATA0/RAW/2012/SABL/SABL339aB.T02,.t02,454457,ok,
/srv/gnss-archive/legacy/RECOVERED_SEAGATE_W2A0W9T2_DATA0/RAW/2012/SABL/SABL340aB.T02,.t02,455076,ok,
/srv/gnss-archive/legacy/RECOVERED_SEAGATE_W2A0W9T2_DATA0/RAW/2012/SABL/SABL341aB.T02,.t02,453519,ok,
/srv/gnss-archive/legacy/RECOVERED_SEAGATE_W2A0W9T2_DATA0/RAW/2012/SABL/SABL342aB.T02,.t02,455108,ok,
/srv/gnss-archive/legacy/RECOVERED_SEAGATE_W2A0W9T2_DATA0/RAW/2012/SABL/SABL343aB.T02,.t02,455398,ok,
/srv/gnss-archive/legacy/RECOVERED_SEAGATE_W2A0W9T2_DATA0/RAW/2012/SABL/SABL344aB.T02,.t02,455917,ok,
/srv/gnss-archive/legacy/RECOVERED_SEAGATE_W2A0W9T2_DATA0/RAW/2012/SABL/SABL345aB.T02,.t02,456648,ok,
/srv/gnss-archive/legacy/RECOVERED_SEAGATE_W2A0W9T2_DATA0/RAW/2012/SABL/SABL346aB.T02,.t02,456270,ok,
/srv/gnss-archive/legacy/RECOVERED_SEAGATE_W2A0W9T2_DATA0/RAW/2012/SABL/SABL347aB.T02,.t02,449150,ok,
/srv/gnss-archive/legacy/RECOVERED_SEAGATE_W2A0W9T2_DATA0/RAW/2012/SABL/SABL348aB.T02,.t02,456227,ok,
/srv/gnss-archive/legacy/RECOVERED_SEAGATE_W2A0W9T2_DATA0/RAW/2012/SABL/SABL349aB.T02,.t02,456997,ok,
/srv/gnss-archive/legacy/RECOVERED_SEAGATE_W2A0W9T2_DATA0/RAW/2012/SABL/SABL350aB.T02,.t02,457140,ok,
/srv/gnss-archive/legacy/RECOVERED_SEAGATE_W2A0W9T2_DATA0/RAW/2012/SABL/SABL351aB.T02,.t02,456182,ok,
/srv/gnss-archive/legacy/RECOVERED_SEAGATE_W2A0W9T2_DATA0/RAW/2012/SABL/SABL352aB.T02,.t02,453486,ok,
/srv/gnss-archive/legacy/RECOVERED_SEAGATE_W2A0W9T2_DATA0/RAW/2012/SABL/SABL353aB.T02,.t02,455780,ok,
/srv/gnss-archive/legacy/RECOVERED_SEAGATE_W2A0W9T2_DATA0/RAW/2012/SABL/SABL354aB.T02,.t02,454982,ok,
/srv/gnss-archive/legacy/RECOVERED_SEAGATE_W2A0W9T2_DATA0/RAW/2012/SABL/SABL355aB.T02,.t02,447930,ok,
/srv/gnss-archive/legacy/RECOVERED_SEAGATE_W2A0W9T2_DATA0/RAW/2012/SABL/SABL356aB.T02,.t02,457185,ok,
/srv/gnss-archive/legacy/RECOVERED_SEAGATE_W2A0W9T2_DATA0/RAW/2012/SABL/SABL357aB.T02,.t02,455582,ok,
/srv/gnss-archive/legacy/RECOVERED_SEAGATE_W2A0W9T2_DATA0/RAW/2012/SABL/SABL358aB.T02,.t02,456125,ok,
/srv/gnss-archive/legacy/RECOVERED_SEAGATE_W2A0W9T2_DATA0/RAW/2012/SABL/SABL359aB.T02,.t02,455928,ok,
/srv/gnss-archive/legacy/RECOVERED_SEAGATE_W2A0W9T2_DATA0/RAW/2012/SABL/SABL360aB.T02,.t02,456624,ok,
/srv/gnss-archive/legacy/RECOVERED_SEAGATE_W2A0W9T2_DATA0/RAW/2012/SABL/SABL361aB.T02,.t02,455676,ok,
/srv/gnss-archive/legacy/RECOVERED_SEAGATE_W2A0W9T2_DATA0/RAW/2012/SABL/SABL362aB.T02,.t02,455779,ok,
/srv/gnss-archive/legacy/RECOVERED_SEAGATE_W2A0W9T2_DATA0/RAW/2012/SABL/SABL363aB.T02,.t02,456292,ok,
/srv/gnss-archive/legacy/RECOVERED_SEAGATE_W2A0W9T2_DATA0/RAW/2012/SABL/SABL364aB.T02,.t02,455443,ok,
/srv/gnss-archive/legacy/RECOVERED_SEAGATE_W2A0W9T2_DATA0/RAW/2012/SABL/SABL365aB.T02,.t02,456510,ok,
/srv/gnss-archive/legacy/RECOVERED_SEAGATE_W2A0W9T2_DATA0/RAW/2012/SABL/SABL366aB.T02,.t02,455776,ok,
